,Project ID,Year,Quantity,Record ID
237141,ACR0126,2016,189668.0,237142
237145,ACR0130,2016,5588.0,237146
237146,ACR0131,2016,8826.0,237147
237147,ACR0132,2016,18196.0,237148
237148,ACR0133,2016,8253.0,237149
237149,ACR0134,2016,2914.0,237150
237150,ACR0135,2016,6231.0,237151
237151,ACR0136,2016,11068.0,237152
237152,ACR0137,2016,18185.0,237153
237153,ACR0138,2016,10193.0,237154
237154,ACR0139,2016,3278.0,237155
237155,ACR0140,2016,9318.0,237156
237156,ACR0141,2016,9206.0,237157
237157,ACR0142,2016,3729.0,237158
237158,ACR0143,2016,1765.0,237159
237159,ACR0144,2016,3243.0,237160
237160,ACR0145,2016,4376.0,237161
237161,ACR0146,2016,2475.0,237162
237162,ACR0147,2016,4041.0,237163
237163,ACR0148,2016,7986.0,237164
237164,ACR0149,2016,5363.0,237165
237165,ACR0150,2016,1348.0,237166
237166,ACR0151,2016,23841.0,237167
237167,ACR0152,2016,6368.0,237168
237168,ACR0153,2016,5081.0,237169
237169,ACR0154,2016,18046.0,237170
237170,ACR0155,2016,3783.0,237171
237171,ACR0156,2016,11872.0,237172
237172,ACR0157,2016,60155.0,237173
237173,ACR0158,2016,3407.0,237174
237174,ACR0159,2016,2021.0,237175
237193,ACR0182,2016,16242.0,237194
237199,ACR0189,2016,11716.0,237200
237200,ACR0190,2016,24558.0,237201
237208,ACR0200,2016,53171.0,237209
237219,ACR0212,2016,178907.0,237220
237224,ACR0223,2016,165754.0,237225
237227,ACR0226,2016,224038.0,237228
237232,ACR0232,2016,43254.0,237233
237233,ACR0233,2016,60194.0,237234
237234,ACR0234,2016,12382.0,237235
237239,ACR0239,2016,8746.0,237240
237241,ACR0241,2016,14179.0,237242
237243,ACR0243,2016,266263.0,237244
237248,ACR0248,2016,2384535.0,237249
237249,ACR0249,2016,662617.0,237250
237251,ACR0251,2016,347614.0,237252
237252,ACR0252,2016,140736.0,237253
237253,ACR0253,2016,135017.0,237254
237254,ACR0254,2016,39036.0,237255
237256,ACR0256,2016,272988.0,237257
237261,ACR0261,2016,152040.0,237262
237262,ACR0262,2016,546264.0,237263
237263,ACR0263,2016,1657.0,237264
237264,ACR0264,2016,240.0,237265
237271,ACR0271,2016,124882.0,237272
237272,ACR0272,2016,262154.0,237273
237275,ACR0275,2016,116836.0,237276
237283,ACR0283,2016,28911.0,237284
237285,ACR0285,2016,45663.0,237286
237308,ACR0310,2016,8468.0,237309
237309,ACR0311,2016,107264.0,237310
237310,ACR0312,2016,140871.0,237311
237311,ACR0313,2016,21886.0,237312
237312,ACR0314,2016,111977.0,237313
237313,ACR0315,2016,86839.0,237314
237314,ACR0316,2016,104897.0,237315
237319,ACR0343,2016,93298.0,237320
237322,ACR0350,2016,116741.0,237323
237323,ACR0351,2016,28562.0,237324
237324,ACR0352,2016,68637.0,237325
237326,ACR0354,2016,103357.0,237327
238148,CAR101,2016,310888.0,238149
238149,CAR102,2016,256513.0,238150
238150,CAR393,2016,44675.0,238151
238156,CAR402,2016,20812.0,238157
238158,CAR406,2016,47517.0,238159
238159,CAR408,2016,141017.0,238160
238160,CAR409,2016,66642.0,238161
238161,CAR411,2016,11284.0,238162
238163,CAR416,2016,24523.0,238164
238164,CAR418,2016,53361.0,238165
238166,CAR422,2016,45566.0,238167
238167,CAR423,2016,14028.0,238168
238170,CAR429,2016,38047.0,238171
238172,CAR432,2016,20239.0,238173
238174,CAR435,2016,119218.0,238175
238175,CAR436,2016,35937.0,238176
238180,CAR443,2016,86909.0,238181
238182,CAR445,2016,46635.0,238183
238189,CAR455,2016,51597.0,238190
238191,CAR457,2016,21459.0,238192
238196,CAR465,2016,28411.0,238197
238197,CAR466,2016,43106.0,238198
238198,CAR467,2016,60238.0,238199
238205,CAR476,2016,134324.0,238206
238220,CAR495,2016,147949.0,238221
238222,CAR497,2016,98265.0,238223
238223,CAR498,2016,118625.0,238224
238225,CAR502,2016,59997.0,238226
238226,CAR503,2016,10933.0,238227
238231,CAR509,2016,18232.0,238232
238232,CAR512,2016,83795.0,238233
238240,CAR531,2016,66666.0,238241
238245,CAR545,2016,119138.0,238246
238250,CAR560,2016,33367.0,238251
238252,CAR574,2016,12997.0,238253
238253,CAR575,2016,1079.0,238254
238258,CAR588,2016,83057.0,238259
238262,CAR592,2016,38259.0,238263
238266,CAR599,2016,23308.0,238267
238270,CAR604,2016,75000.0,238271
238272,CAR607,2016,20818.0,238273
238275,CAR621,2016,128148.0,238276
238278,CAR629,2016,498654.0,238279
238281,CAR635,2016,87502.0,238282
238282,CAR639,2016,509031.0,238283
238287,CAR655,2016,29566.0,238288
238288,CAR657,2016,33848.0,238289
238290,CAR659,2016,17074.0,238291
238293,CAR672,2016,55767.0,238294
238294,CAR674,2016,95888.0,238295
238296,CAR681,2016,39469.0,238297
238297,CAR683,2016,8522.0,238298
238299,CAR688,2016,4613.0,238300
238301,CAR694,2016,1933.0,238302
238302,CAR696,2016,74319.0,238303
238303,CAR697,2016,146492.0,238304
238304,CAR730,2016,3166372.0,238305
238306,CAR761,2016,32999.0,238307
238307,CAR762,2016,2762.0,238308
238310,CAR768,2016,352909.0,238311
238312,CAR772,2016,22200.0,238313
238315,CAR776,2016,10709.0,238316
238316,CAR777,2016,19606.0,238317
238317,CAR780,2016,13727.0,238318
238323,CAR790,2016,84384.0,238324
238325,CAR794,2016,10426.0,238326
238330,CAR802,2016,4440.0,238331
238334,CAR807,2016,26302.0,238335
238335,CAR811,2016,55988.0,238336
238336,CAR812,2016,27779.0,238337
238340,CAR817,2016,33373.0,238341
238344,CAR825,2016,34034.0,238345
238346,CAR829,2016,23832.0,238347
238353,CAR838,2016,31662.0,238354
238356,CAR844,2016,10399.0,238357
238358,CAR866,2016,36256.0,238359
238365,CAR886,2016,17868.0,238366
238366,CAR887,2016,53415.0,238367
238367,CAR888,2016,53045.0,238368
238368,CAR891,2016,432609.0,238369
238369,CAR892,2016,41529.0,238370
238374,CAR911,2016,22006.0,238375
238375,CAR917,2016,41862.0,238376
238379,CAR935,2016,2527.0,238380
238393,CAR965,2016,21241.0,238394
238394,CAR969,2016,39414.0,238395
238396,CAR973,2016,282627.0,238397
238401,CAR980,2016,7282.0,238402
238403,CAR982,2016,10932.0,238404
238404,CAR988,2016,9059.0,238405
238405,CAR989,2016,19078.0,238406
238408,CAR993,2016,16436.0,238409
238409,CAR994,2016,30461.0,238410
238411,CAR996,2016,14727.0,238412
238412,CAR997,2016,50264.0,238413
238413,CAR998,2016,7930.0,238414
238420,CAR1007,2016,20464.0,238421
238421,CAR1008,2016,18798.0,238422
238426,CAR1013,2016,95539.0,238427
238428,CAR1015,2016,98751.0,238429
238433,CAR1022,2016,41572.0,238434
238437,CAR1027,2016,117814.0,238438
238441,CAR1033,2016,4727.0,238442
238442,CAR1035,2016,18328.0,238443
238443,CAR1036,2016,17237.0,238444
238451,CAR1050,2016,50298.0,238452
238453,CAR1055,2016,4377.0,238454
238454,CAR1056,2016,12450.0,238455
238455,CAR1057,2016,8823.0,238456
238456,CAR1058,2016,19635.0,238457
238463,CAR1067,2016,3509.0,238464
238469,CAR1074,2016,57134.0,238470
238471,CAR1076,2016,23595.0,238472
238473,CAR1078,2016,27058.0,238474
238474,CAR1080,2016,18652.0,238475
238477,CAR1083,2016,19648.0,238478
238480,CAR1086,2016,57872.0,238481
238482,CAR1088,2016,695618.0,238483
238487,CAR1093,2016,148331.0,238488
238488,CAR1094,2016,37875.0,238489
238489,CAR1095,2016,145410.0,238490
238490,CAR1096,2016,17911.0,238491
238491,CAR1097,2016,18620.0,238492
238495,CAR1101,2016,5146.0,238496
238497,CAR1103,2016,218922.0,238498
238499,CAR1105,2016,189455.0,238500
238500,CAR1106,2016,30890.0,238501
238501,CAR1108,2016,31704.0,238502
238502,CAR1109,2016,74798.0,238503
238513,CAR1120,2016,56790.0,238514
238514,CAR1121,2016,7421.0,238515
238515,CAR1122,2016,23762.0,238516
238516,CAR1123,2016,13102.0,238517
238517,CAR1124,2016,31392.0,238518
238518,CAR1125,2016,36268.0,238519
238519,CAR1126,2016,22396.0,238520
238520,CAR1127,2016,22318.0,238521
238521,CAR1128,2016,22901.0,238522
238523,CAR1130,2016,7873.0,238524
238524,CAR1132,2016,9251.0,238525
238525,CAR1133,2016,6340.0,238526
238529,CAR1137,2016,8379.0,238530
238537,CAR1145,2016,7334.0,238538
238538,CAR1146,2016,8393.0,238539
238543,CAR1154,2016,15841.0,238544
238563,CAR1175,2016,482770.0,238564
238567,CAR1179,2016,135577.0,238568
238570,CAR1182,2016,245946.0,238571
238603,CAR1217,2016,484167.0,238604
238604,CAR1219,2016,108622.0,238605
238606,CAR1222,2016,145594.0,238607
238609,CAR1234,2016,22548.0,238610
238610,CAR1235,2016,101950.0,238611
238611,CAR1236,2016,181190.0,238612
238614,CAR1239,2016,133239.0,238615
238615,CAR1240,2016,111348.0,238616
239450,GS395,2016,41013.0,239451
239456,GS407,2016,824977.0,239457
239460,GS413,2016,200000.0,239461
239461,GS414,2016,150000.0,239462
239465,GS423,2016,6912.0,239466
239466,GS424,2016,252625.0,239467
239472,GS441,2016,69259.0,239473
239474,GS447,2016,980920.0,239475
239479,GS458,2016,39519.0,239480
239481,GS460,2016,61598.0,239482
239483,GS467,2016,4447.0,239484
239485,GS472,2016,204737.0,239486
239489,GS482,2016,3543.0,239490
239491,GS493,2016,6526.0,239492
239492,GS500,2016,33126.0,239493
239494,GS504,2016,47659.0,239495
239499,GS518,2016,3791.0,239500
239511,GS567,2016,124785.0,239512
239523,GS601,2016,43593.0,239524
239529,GS612,2016,95830.0,239530
239532,GS615,2016,2700.0,239533
239534,GS617,2016,193450.0,239535
239547,GS642,2016,76466.0,239548
239556,GS662,2016,51054.0,239557
239558,GS666,2016,46388.0,239559
239559,GS670,2016,25294.0,239560
239561,GS672,2016,91196.0,239562
239565,GS685,2016,83076.0,239566
239573,GS707,2016,696707.0,239574
239574,GS708,2016,34195.0,239575
239578,GS716,2016,11040.0,239579
239583,GS730,2016,38795.0,239584
239590,GS746,2016,28959.0,239591
239591,GS748,2016,4414.0,239592
239594,GS751,2016,117437.0,239595
239597,GS756,2016,39672.0,239598
239599,GS765,2016,45707.0,239600
239601,GS769,2016,106580.0,239602
239623,GS814,2016,5906.0,239624
239624,GS816,2016,344453.0,239625
239625,GS817,2016,4571.0,239626
239635,GS835,2016,25763.0,239636
239644,GS849,2016,32749.0,239645
239648,GS858,2016,66831.0,239649
239664,GS879,2016,59274.0,239665
239675,GS906,2016,48648.0,239676
239679,GS913,2016,24777.0,239680
239693,GS939,2016,2791.0,239694
239696,GS949,2016,975704.0,239697
239708,GS971,2016,262436.0,239709
239711,GS976,2016,36931.0,239712
239712,GS977,2016,14780.0,239713
239720,GS989,2016,2889.0,239721
239723,GS992,2016,3466.0,239724
239724,GS993,2016,4731.0,239725
239728,GS1001,2016,149175.0,239729
239731,GS1006,2016,2942.0,239732
239749,GS1029,2016,6291.0,239750
239750,GS1030,2016,9363.0,239751
239751,GS1031,2016,13762.0,239752
239753,GS1033,2016,4688.0,239754
239761,GS1042,2016,7500.0,239762
239766,GS1049,2016,245608.0,239767
239772,GS1060,2016,23935.0,239773
239773,GS1061,2016,244503.0,239774
239781,GS1073,2016,43865.0,239782
239794,GS1094,2016,4983.0,239795
239795,GS1095,2016,4918.0,239796
239796,GS1096,2016,4906.0,239797
239797,GS1097,2016,4890.0,239798
239798,GS1098,2016,9170.0,239799
239799,GS1100,2016,7348.0,239800
239800,GS1101,2016,8131.0,239801
239802,GS1103,2016,8292.0,239803
239803,GS1104,2016,7438.0,239804
239825,GS1147,2016,1093.0,239826
239836,GS1174,2016,45597.0,239837
239838,GS1178,2016,27754.0,239839
239846,GS1191,2016,6860.0,239847
239859,GS1207,2016,42383.0,239860
239863,GS1221,2016,10909.0,239864
239869,GS1228,2016,54923.0,239870
239870,GS1229,2016,62.0,239871
239876,GS1237,2016,104168.0,239877
239886,GS1248,2016,8306.0,239887
239887,GS1249,2016,8593.0,239888
239892,GS1267,2016,7500.0,239893
239896,GS1288,2016,1931.0,239897
239901,GS1295,2016,2334.0,239902
239907,GS1303,2016,43581.0,239908
239909,GS1306,2016,38150.0,239910
239933,GS1334,2016,6929.0,239934
239950,GS1359,2016,9593.0,239951
239953,GS1364,2016,64773.0,239954
239954,GS1365,2016,65094.0,239955
239965,GS1378,2016,70719.0,239966
239973,GS1588,2016,74052.0,239974
239977,GS1692,2016,43341.0,239978
239978,GS1693,2016,8762.0,239979
239979,GS1694,2016,8762.0,239980
239980,GS1695,2016,8762.0,239981
239981,GS1696,2016,8762.0,239982
239982,GS1697,2016,8762.0,239983
239983,GS1698,2016,8762.0,239984
239984,GS1699,2016,8762.0,239985
239985,GS1700,2016,8762.0,239986
239986,GS1701,2016,8762.0,239987
239987,GS1702,2016,8443.0,239988
239988,GS1703,2016,8443.0,239989
239989,GS1704,2016,8443.0,239990
239990,GS1705,2016,8443.0,239991
239991,GS1706,2016,8443.0,239992
239992,GS1707,2016,8443.0,239993
239993,GS1708,2016,8443.0,239994
239994,GS1709,2016,8443.0,239995
239995,GS1710,2016,8443.0,239996
239996,GS1711,2016,8443.0,239997
239997,GS1712,2016,8443.0,239998
239998,GS1713,2016,8443.0,239999
239999,GS1714,2016,8443.0,240000
240000,GS1715,2016,8443.0,240001
240001,GS1716,2016,8443.0,240002
240002,GS1717,2016,8443.0,240003
240003,GS1718,2016,8443.0,240004
240004,GS1719,2016,8443.0,240005
240005,GS1720,2016,8443.0,240006
240006,GS1721,2016,8443.0,240007
240007,GS1722,2016,8443.0,240008
240008,GS1723,2016,8443.0,240009
240009,GS1724,2016,8443.0,240010
240010,GS1725,2016,8443.0,240011
240011,GS1726,2016,8762.0,240012
240012,GS1727,2016,8443.0,240013
240013,GS1728,2016,8443.0,240014
240015,GS1730,2016,8443.0,240016
240016,GS1731,2016,8443.0,240017
240017,GS1732,2016,8443.0,240018
240018,GS1733,2016,8443.0,240019
240019,GS1734,2016,8443.0,240020
240020,GS1735,2016,8443.0,240021
240021,GS1736,2016,8443.0,240022
240022,GS1737,2016,8443.0,240023
240023,GS1738,2016,8762.0,240024
240024,GS1739,2016,8762.0,240025
240025,GS1740,2016,8762.0,240026
240026,GS1741,2016,8762.0,240027
240027,GS1742,2016,8762.0,240028
240028,GS1743,2016,8762.0,240029
240029,GS1744,2016,7515.0,240030
240030,GS1745,2016,8573.0,240031
240041,GS2094,2016,42238.0,240042
240042,GS2095,2016,9249.0,240043
240052,GS2296,2016,5587.0,240053
240090,GS2439,2016,30313.0,240091
240091,GS2440,2016,6648.0,240092
240092,GS2441,2016,84579.0,240093
240101,GS2456,2016,2292.0,240102
240102,GS2457,2016,3681.0,240103
240114,GS2478,2016,92668.0,240115
240115,GS2479,2016,9342.0,240116
240116,GS2480,2016,9828.0,240117
240117,GS2481,2016,9855.0,240118
240123,GS2487,2016,30533.0,240124
240124,GS2488,2016,31060.0,240125
240130,GS2499,2016,87185.0,240131
240133,GS2502,2016,150770.0,240134
240145,GS2519,2016,93317.0,240146
240146,GS2520,2016,21810.0,240147
240148,GS2525,2016,138911.0,240149
240165,GS2553,2016,113223.0,240166
240168,GS2563,2016,5637.0,240169
240171,GS2566,2016,8103.0,240172
240172,GS2567,2016,7807.0,240173
240173,GS2568,2016,7807.0,240174
240174,GS2569,2016,7807.0,240175
240175,GS2570,2016,7807.0,240176
240176,GS2571,2016,7807.0,240177
240177,GS2572,2016,7807.0,240178
240178,GS2573,2016,7807.0,240179
240179,GS2574,2016,7807.0,240180
240180,GS2575,2016,7807.0,240181
240181,GS2576,2016,8103.0,240182
240182,GS2577,2016,8103.0,240183
240183,GS2578,2016,8103.0,240184
240184,GS2579,2016,7807.0,240185
240185,GS2580,2016,7924.0,240186
240186,GS2581,2016,7807.0,240187
240187,GS2582,2016,7943.0,240188
240188,GS2583,2016,7847.0,240189
240189,GS2584,2016,7943.0,240190
240190,GS2585,2016,5768.0,240191
240191,GS2587,2016,122283.0,240192
240192,GS2588,2016,142225.0,240193
240214,GS2678,2016,22617.0,240215
240215,GS2679,2016,26249.0,240216
240218,GS2682,2016,87706.0,240219
240240,GS2735,2016,26816.0,240241
240245,GS2751,2016,80118.0,240246
240246,GS2758,2016,225335.0,240247
240249,GS2765,2016,8709.0,240250
240250,GS2766,2016,43740.0,240251
240251,GS2767,2016,126785.0,240252
240254,GS2891,2016,8894.0,240255
240255,GS2892,2016,10314.0,240256
240256,GS2893,2016,10322.0,240257
240257,GS2894,2016,8895.0,240258
240260,GS2898,2016,150485.0,240261
240263,GS2913,2016,13308.0,240264
240264,GS2940,2016,19991.0,240265
240265,GS2951,2016,3875.0,240266
240271,GS3015,2016,92588.0,240272
240273,GS3018,2016,19501.0,240274
240274,GS3023,2016,8291.0,240275
240282,GS3039,2016,36146.0,240283
240284,GS3071,2016,2493.0,240285
240287,GS3078,2016,9570.0,240288
240288,GS3079,2016,4665.0,240289
240289,GS3080,2016,4937.0,240290
240312,GS3262,2016,7195.0,240313
240315,GS3305,2016,630.0,240316
240318,GS3326,2016,21077.0,240319
240328,GS3363,2016,65683.0,240329
240329,GS3364,2016,80794.0,240330
240330,GS3365,2016,70829.0,240331
240331,GS3366,2016,51756.0,240332
240332,GS3367,2016,39847.0,240333
240340,GS3379,2016,192035.0,240341
240343,GS3404,2016,30341.0,240344
240344,GS3405,2016,13833.0,240345
240345,GS3407,2016,97547.0,240346
240355,GS3430,2016,7430.0,240356
240356,GS3431,2016,5491.0,240357
240357,GS3432,2016,6062.0,240358
240358,GS3433,2016,4425.0,240359
240360,GS3443,2016,10000.0,240361
240361,GS3444,2016,7424.0,240362
240363,GS3446,2016,6408.0,240364
240364,GS3447,2016,6449.0,240365
240365,GS3448,2016,7429.0,240366
240366,GS3449,2016,4964.0,240367
240367,GS3450,2016,5029.0,240368
240368,GS3451,2016,4406.0,240369
240369,GS3482,2016,7982.0,240370
240384,GS3516,2016,1964.0,240385
240385,GS3517,2016,1805.0,240386
240386,GS3518,2016,1808.0,240387
240387,GS3519,2016,2213.0,240388
240388,GS3520,2016,1962.0,240389
240389,GS3521,2016,1748.0,240390
240390,GS3522,2016,1712.0,240391
240391,GS3523,2016,1381.0,240392
240392,GS3524,2016,2045.0,240393
240395,GS3544,2016,7982.0,240396
240396,GS3547,2016,179516.0,240397
240403,GS3563,2016,10000.0,240404
240426,GS3618,2016,7982.0,240427
240427,GS3619,2016,7982.0,240428
240428,GS3620,2016,7982.0,240429
240431,GS3664,2016,111819.0,240432
240447,GS3945,2016,6796.0,240448
240449,GS3947,2016,4856.0,240450
240455,GS3958,2016,107698.0,240456
240477,GS4202,2016,3206.0,240478
240478,GS4203,2016,3470.0,240479
240482,GS4210,2016,4685.0,240483
240490,GS4240,2016,32938.0,240491
240494,GS4260,2016,24893.0,240495
240504,GS4288,2016,14733.0,240505
240513,GS4372,2016,9781.0,240514
240514,GS4373,2016,9716.0,240515
240515,GS4374,2016,9778.0,240516
240516,GS4375,2016,9695.0,240517
240517,GS4376,2016,9775.0,240518
240518,GS4377,2016,9722.0,240519
240519,GS4378,2016,9737.0,240520
240520,GS4379,2016,9669.0,240521
240521,GS4380,2016,9669.0,240522
240522,GS4381,2016,9876.0,240523
240523,GS4382,2016,9719.0,240524
240525,GS4384,2016,9903.0,240526
240543,GS4422,2016,7023.0,240544
240544,GS4423,2016,8075.0,240545
240580,GS4611,2016,16464.0,240581
240581,GS4612,2016,13798.0,240582
240582,GS4613,2016,38255.0,240583
240583,GS4614,2016,36313.0,240584
240584,GS4615,2016,32775.0,240585
240720,GS5404,2016,123692.0,240721
243695,VCS5,2016,16762.0,243696
243703,VCS13,2016,1072724.0,243704
243721,VCS33,2016,50514.0,243722
243740,VCS52,2016,1505.0,243741
243752,VCS64,2016,58614.0,243753
243780,VCS93,2016,70479.0,243781
243823,VCS138,2016,69777.0,243824
243829,VCS144,2016,114381.0,243830
243843,VCS158,2016,117375.0,243844
243850,VCS166,2016,56346.0,243851
243858,VCS174,2016,30486.0,243859
243859,VCS175,2016,27054.0,243860
243879,VCS197,2016,98209.0,243880
243999,VCS318,2016,102962.0,244000
244004,VCS323,2016,1420.0,244005
244005,VCS324,2016,69733.0,244006
244061,VCS380,2016,14209.0,244062
244085,VCS404,2016,23676.0,244086
244111,VCS430,2016,72988.0,244112
244129,VCS448,2016,26833.0,244130
244131,VCS450,2016,18567.0,244132
244153,VCS472,2016,68947.0,244154
244170,VCS489,2016,79384.0,244171
244191,VCS510,2016,7276.0,244192
244240,VCS559,2016,107064.0,244241
244243,VCS562,2016,207446.0,244244
244267,VCS586,2016,3629.0,244268
244275,VCS594,2016,30628.0,244276
244276,VCS595,2016,23206.0,244277
244299,VCS618,2016,353344.0,244300
244369,VCS688,2016,44400.0,244370
244387,VCS706,2016,24745.0,244388
244454,VCS775,2016,19122.0,244455
244459,VCS780,2016,249424.0,244460
244462,VCS783,2016,10000.0,244463
244465,VCS786,2016,792516.0,244466
244512,VCS833,2016,101164.0,244513
244514,VCS835,2016,77197.0,244515
244523,VCS844,2016,823663.0,244524
244564,VCS885,2016,4256.0,244565
244571,VCS892,2016,451689.0,244572
244582,VCS903,2016,444256.0,244583
244588,VCS909,2016,33015.0,244589
244589,VCS910,2016,42074.0,244590
244590,VCS911,2016,247885.0,244591
244607,VCS928,2016,74471.0,244608
244608,VCS929,2016,53713.0,244609
244616,VCS937,2016,60359.0,244617
244622,VCS943,2016,25288.0,244623
244632,VCS953,2016,11706.0,244633
244637,VCS958,2016,146032.0,244638
244642,VCS963,2016,90921.0,244643
244662,VCS983,2016,7331.0,244663
244666,VCS987,2016,4640.0,244667
244698,VCS1020,2016,85543.0,244699
244701,VCS1023,2016,24102.0,244702
244704,VCS1026,2016,32149.0,244705
244738,VCS1060,2016,32401.0,244739
244745,VCS1067,2016,416745.0,244746
244755,VCS1077,2016,25000.0,244756
244760,VCS1082,2016,7920.0,244761
244762,VCS1084,2016,4338.0,244763
244769,VCS1091,2016,20783.0,244770
244772,VCS1094,2016,550307.0,244773
244776,VCS1098,2016,16377.0,244777
244819,VCS1141,2016,245652.0,244820
244820,VCS1142,2016,11379.0,244821
244830,VCS1152,2016,85147.0,244831
244852,VCS1175,2016,16724.0,244853
244862,VCS1185,2016,46014.0,244863
244872,VCS1195,2016,21074.0,244873
244878,VCS1201,2016,142798.0,244879
244879,VCS1202,2016,151673.0,244880
244880,VCS1203,2016,13361.0,244881
244892,VCS1215,2016,499555.0,244893
244896,VCS1219,2016,39519.0,244897
244934,VCS1257,2016,332165.0,244935
244976,VCS1300,2016,108255.0,244977
244991,VCS1315,2016,96490.0,244992
244995,VCS1319,2016,38980.0,244996
245001,VCS1325,2016,36171.0,245002
245002,VCS1326,2016,514637.0,245003
245004,VCS1328,2016,57835.0,245005
245014,VCS1338,2016,17199.0,245015
245024,VCS1348,2016,107925.0,245025
245028,VCS1352,2016,251185.0,245029
245029,VCS1353,2016,1426815.0,245030
245030,VCS1354,2016,27805.0,245031
245035,VCS1359,2016,639905.0,245036
245053,VCS1377,2016,9274.0,245054
245054,VCS1378,2016,24299.0,245055
245058,VCS1382,2016,1923866.0,245059
245062,VCS1386,2016,83028.0,245063
245063,VCS1387,2016,39888.0,245064
245069,VCS1393,2016,15229.0,245070
245079,VCS1403,2016,1826.0,245080
245080,VCS1404,2016,102835.0,245081
245083,VCS1407,2016,102991.0,245084
245094,VCS1418,2016,46320.0,245095
245095,VCS1419,2016,20795.0,245096
245111,VCS1436,2016,783.0,245112
245119,VCS1444,2016,68840.0,245120
245120,VCS1445,2016,73267.0,245121
245123,VCS1448,2016,93312.0,245124
245149,VCS1478,2016,52348.0,245150
245151,VCS1480,2016,63903.0,245152
245152,VCS1481,2016,177746.0,245153
245153,VCS1482,2016,270381.0,245154
245154,VCS1483,2016,33405.0,245155
245157,VCS1486,2016,33221.0,245158
245159,VCS1490,2016,2126828.0,245160
245162,VCS1493,2016,125391.0,245163
245164,VCS1495,2016,13802.0,245165
245165,VCS1496,2016,33894.0,245166
245172,VCS1503,2016,310664.0,245173
245191,VCS1523,2016,187744.0,245192
245193,VCS1525,2016,110347.0,245194
245195,VCS1527,2016,4270.0,245196
245196,VCS1528,2016,45730.0,245197
245202,VCS1535,2016,15077.0,245203
245204,VCS1537,2016,12884.0,245205
245206,VCS1539,2016,86412.0,245207
245222,VCS1558,2016,54782.0,245223
245228,VCS1564,2016,25200.0,245229
248986,ACR0114,2017,1054928.0,248987
248997,ACR0126,2017,470530.0,248998
249041,ACR0173,2017,45888.0,249042
249055,ACR0189,2017,12401.0,249056
249056,ACR0190,2017,23610.0,249057
249065,ACR0202,2017,38113.0,249066
249068,ACR0205,2017,202.0,249069
249074,ACR0211,2017,247605.0,249075
249083,ACR0226,2017,271395.0,249084
249087,ACR0230,2017,395.0,249088
249088,ACR0232,2017,50088.0,249089
249089,ACR0233,2017,54602.0,249090
249090,ACR0234,2017,14787.0,249091
249091,ACR0235,2017,14985.0,249092
249094,ACR0238,2017,32509.0,249095
249095,ACR0239,2017,8392.0,249096
249097,ACR0241,2017,14760.0,249098
249105,ACR0249,2017,3615158.0,249106
249111,ACR0255,2017,12163578.0,249112
249115,ACR0259,2017,11533.0,249116
249121,ACR0265,2017,199588.0,249122
249122,ACR0266,2017,440786.0,249123
249130,ACR0274,2017,62905.0,249131
249138,ACR0282,2017,436608.0,249139
249139,ACR0283,2017,36380.0,249140
249144,ACR0288,2017,18683.0,249145
249148,ACR0292,2017,94711.0,249149
249167,ACR0313,2017,15385.0,249168
249171,ACR0322,2017,10926.0,249172
249172,ACR0323,2017,20009.0,249173
249174,ACR0342,2017,2236.0,249175
249176,ACR0348,2017,13399.0,249177
249177,ACR0349,2017,19666.0,249178
249181,ACR0353,2017,7781.0,249182
249183,ACR0355,2017,8240.0,249184
249184,ACR0356,2017,110720.0,249185
249185,ACR0357,2017,84131.0,249186
249186,ACR0358,2017,60749.0,249187
249187,ACR0359,2017,97813.0,249188
249191,ACR0363,2017,91819.0,249192
249194,ACR0367,2017,230848.0,249195
249196,ACR0369,2017,113546.0,249197
249197,ACR0370,2017,121455.0,249198
249206,ACR0379,2017,120918.0,249207
249209,ACR0383,2017,138972.0,249210
249210,ACR0385,2017,138331.0,249211
250014,CAR406,2017,36593.0,250015
250016,CAR409,2017,54112.0,250017
250022,CAR422,2017,43396.0,250023
250028,CAR432,2017,16236.0,250029
250030,CAR435,2017,101334.0,250031
250031,CAR436,2017,28901.0,250032
250036,CAR443,2017,93117.0,250037
250045,CAR455,2017,51073.0,250046
250052,CAR465,2017,27711.0,250053
250060,CAR475,2017,175483.0,250061
250061,CAR476,2017,181537.0,250062
250076,CAR495,2017,128926.0,250077
250078,CAR497,2017,15777.0,250079
250081,CAR502,2017,61127.0,250082
250082,CAR503,2017,8136.0,250083
250088,CAR512,2017,94661.0,250089
250106,CAR560,2017,56392.0,250107
250108,CAR574,2017,10744.0,250109
250114,CAR588,2017,90646.0,250115
250119,CAR593,2017,67343.0,250120
250131,CAR621,2017,135296.0,250132
250137,CAR635,2017,85383.0,250138
250138,CAR639,2017,874588.0,250139
250146,CAR659,2017,11446.0,250147
250150,CAR674,2017,190117.0,250151
250153,CAR683,2017,9424.0,250154
250155,CAR688,2017,4645.0,250156
250157,CAR694,2017,1933.0,250158
250159,CAR697,2017,14804.0,250160
250171,CAR776,2017,7560.0,250172
250175,CAR782,2017,38000.0,250176
250179,CAR790,2017,81560.0,250180
250186,CAR802,2017,4465.0,250187
250191,CAR811,2017,118869.0,250192
250192,CAR812,2017,23615.0,250193
250196,CAR817,2017,20585.0,250197
250198,CAR822,2017,10031.0,250199
250209,CAR838,2017,39044.0,250210
250221,CAR886,2017,16840.0,250222
250222,CAR887,2017,57887.0,250223
250223,CAR888,2017,29158.0,250224
250225,CAR892,2017,35192.0,250226
250230,CAR911,2017,20107.0,250231
250231,CAR917,2017,41832.0,250232
250235,CAR935,2017,2527.0,250236
250249,CAR965,2017,20416.0,250250
250250,CAR969,2017,27406.0,250251
250252,CAR973,2017,364181.0,250253
250259,CAR982,2017,9352.0,250260
250260,CAR988,2017,11107.0,250261
250261,CAR989,2017,13433.0,250262
250264,CAR993,2017,90929.0,250265
250267,CAR996,2017,14089.0,250268
250268,CAR997,2017,33536.0,250269
250269,CAR998,2017,6395.0,250270
250272,CAR1002,2017,7101.0,250273
250277,CAR1008,2017,16249.0,250278
250282,CAR1013,2017,79600.0,250283
250289,CAR1022,2017,37836.0,250290
250293,CAR1027,2017,154012.0,250294
250298,CAR1035,2017,20421.0,250299
250299,CAR1036,2017,17178.0,250300
250301,CAR1041,2017,585412.0,250302
250307,CAR1050,2017,23124.0,250308
250309,CAR1055,2017,16596.0,250310
250310,CAR1056,2017,16008.0,250311
250311,CAR1057,2017,13140.0,250312
250312,CAR1058,2017,24418.0,250313
250316,CAR1064,2017,6298.0,250317
250317,CAR1065,2017,4978.0,250318
250318,CAR1066,2017,278813.0,250319
250327,CAR1076,2017,14915.0,250328
250328,CAR1077,2017,1523.0,250329
250329,CAR1078,2017,16401.0,250330
250330,CAR1080,2017,10280.0,250331
250338,CAR1088,2017,148483.0,250339
250342,CAR1092,2017,52124.0,250343
250345,CAR1095,2017,81728.0,250346
250346,CAR1096,2017,9610.0,250347
250347,CAR1097,2017,24473.0,250348
250348,CAR1098,2017,82509.0,250349
250349,CAR1099,2017,89607.0,250350
250350,CAR1100,2017,73667.0,250351
250354,CAR1104,2017,231958.0,250355
250355,CAR1105,2017,234621.0,250356
250357,CAR1108,2017,32279.0,250358
250358,CAR1109,2017,43045.0,250359
250363,CAR1114,2017,356040.0,250364
250369,CAR1120,2017,67868.0,250370
250371,CAR1122,2017,9075.0,250372
250375,CAR1126,2017,20998.0,250376
250376,CAR1127,2017,23396.0,250377
250377,CAR1128,2017,9488.0,250378
250380,CAR1132,2017,10526.0,250381
250381,CAR1133,2017,5934.0,250382
250385,CAR1137,2017,5921.0,250386
250387,CAR1139,2017,248509.0,250388
250388,CAR1140,2017,328088.0,250389
250390,CAR1142,2017,7922.0,250391
250391,CAR1143,2017,25570.0,250392
250393,CAR1145,2017,7838.0,250394
250394,CAR1146,2017,9525.0,250395
250396,CAR1151,2017,40236.0,250397
250397,CAR1152,2017,24217.0,250398
250398,CAR1153,2017,21782.0,250399
250399,CAR1154,2017,16023.0,250400
250400,CAR1155,2017,14935.0,250401
250401,CAR1156,2017,15123.0,250402
250414,CAR1169,2017,40632.0,250415
250419,CAR1175,2017,2839697.0,250420
250422,CAR1178,2017,18782.0,250423
250424,CAR1180,2017,763870.0,250425
250428,CAR1184,2017,8956.0,250429
250463,CAR1232,2017,9696.0,250464
250464,CAR1233,2017,20133.0,250465
250473,CAR1242,2017,42233.0,250474
250474,CAR1243,2017,54382.0,250475
250475,CAR1244,2017,110990.0,250476
250479,CAR1248,2017,96564.0,250480
250480,CAR1249,2017,141207.0,250481
250481,CAR1250,2017,226896.0,250482
250482,CAR1251,2017,55471.0,250483
250483,CAR1252,2017,140916.0,250484
250485,CAR1254,2017,140698.0,250486
250487,CAR1258,2017,72606.0,250488
250491,CAR1262,2017,17061.0,250492
250492,CAR1263,2017,122129.0,250493
250496,CAR1268,2017,55404.0,250497
250497,CAR1269,2017,33184.0,250498
250498,CAR1270,2017,223464.0,250499
251287,GS337,2017,9341.0,251288
251294,GS352,2017,130850.0,251295
251301,GS382,2017,21824.0,251302
251304,GS390,2017,78266.0,251305
251313,GS410,2017,51046.0,251314
251314,GS411,2017,20548.0,251315
251316,GS413,2017,207240.0,251317
251330,GS447,2017,650000.0,251331
251338,GS464,2017,163057.0,251339
251341,GS472,2017,107531.0,251342
251342,GS474,2017,622555.0,251343
251348,GS500,2017,41510.0,251349
251351,GS505,2017,3149.0,251352
251363,GS560,2017,191114.0,251364
251366,GS566,2017,69986.0,251367
251367,GS567,2017,94538.0,251368
251379,GS601,2017,47706.0,251380
251385,GS612,2017,59152.0,251386
251388,GS615,2017,2609.0,251389
251414,GS666,2017,23179.0,251415
251415,GS670,2017,66815.0,251416
251424,GS689,2017,2290.0,251425
251429,GS707,2017,499657.0,251430
251434,GS716,2017,11542.0,251435
251449,GS750,2017,168194.0,251450
251450,GS751,2017,117063.0,251451
251454,GS764,2017,28149.0,251455
251455,GS765,2017,43169.0,251456
251456,GS768,2017,63290.0,251457
251457,GS769,2017,136944.0,251458
251478,GS813,2017,7609.0,251479
251479,GS814,2017,10223.0,251480
251481,GS817,2017,4281.0,251482
251484,GS825,2017,4935.0,251485
251495,GS843,2017,48632.0,251496
251515,GS872,2017,46169.0,251516
251520,GS879,2017,87353.0,251521
251521,GS880,2017,3430.0,251522
251522,GS883,2017,27679.0,251523
251535,GS913,2017,27560.0,251536
251537,GS917,2017,95664.0,251538
251559,GS961,2017,55161.0,251560
251561,GS966,2017,622032.0,251562
251567,GS976,2017,18289.0,251568
251568,GS977,2017,1481.0,251569
251569,GS978,2017,14841.0,251570
251575,GS988,2017,3951.0,251576
251576,GS989,2017,2277.0,251577
251579,GS992,2017,1740.0,251580
251580,GS993,2017,3029.0,251581
251581,GS997,2017,10987.0,251582
251584,GS1001,2017,91066.0,251585
251587,GS1006,2017,3524.0,251588
251590,GS1013,2017,227559.0,251591
251596,GS1020,2017,146022.0,251597
251604,GS1028,2017,6892.0,251605
251610,GS1034,2017,73207.0,251611
251617,GS1042,2017,32669.0,251618
251628,GS1060,2017,43357.0,251629
251631,GS1064,2017,9287.0,251632
251638,GS1074,2017,26499.0,251639
251641,GS1078,2017,36353.0,251642
251670,GS1124,2017,19976.0,251671
251672,GS1128,2017,8628.0,251673
251684,GS1162,2017,15539.0,251685
251692,GS1174,2017,44848.0,251693
251694,GS1178,2017,33675.0,251695
251742,GS1248,2017,2762.0,251743
251743,GS1249,2017,3046.0,251744
251748,GS1267,2017,5002.0,251749
251755,GS1291,2017,19376.0,251756
251756,GS1294,2017,20000.0,251757
251758,GS1296,2017,20000.0,251759
251765,GS1306,2017,22314.0,251766
251779,GS1321,2017,289542.0,251780
251787,GS1332,2017,6484.0,251788
251789,GS1334,2017,6391.0,251790
251798,GS1347,2017,52316.0,251799
251802,GS1352,2017,15416.0,251803
251803,GS1353,2017,10561.0,251804
251809,GS1364,2017,72574.0,251810
251819,GS1374,2017,698.0,251820
251890,GS1890,2017,102028.0,251891
251897,GS2094,2017,150607.0,251898
251898,GS2095,2017,33102.0,251899
251923,GS2405,2017,33425.0,251924
251939,GS2429,2017,13926.0,251940
251944,GS2437,2017,9440.0,251945
251951,GS2445,2017,75000.0,251952
251957,GS2456,2017,6582.0,251958
251960,GS2460,2017,230019.0,251961
251962,GS2464,2017,17455.0,251963
251964,GS2468,2017,25349.0,251965
251971,GS2479,2017,10000.0,251972
251972,GS2480,2017,10000.0,251973
251973,GS2481,2017,10000.0,251974
251975,GS2483,2017,171679.0,251976
251984,GS2497,2017,75422.0,251985
251985,GS2498,2017,126360.0,251986
251986,GS2499,2017,71185.0,251987
251987,GS2500,2017,37415.0,251988
251988,GS2501,2017,77259.0,251989
251990,GS2503,2017,242897.0,251991
252001,GS2519,2017,44611.0,252002
252002,GS2520,2017,21542.0,252003
252004,GS2525,2017,124540.0,252005
252017,GS2544,2017,204550.0,252018
252018,GS2545,2017,176640.0,252019
252021,GS2553,2017,94128.0,252022
252024,GS2563,2017,11113.0,252025
252025,GS2564,2017,325.0,252026
252048,GS2588,2017,125414.0,252049
252083,GS2691,2017,238127.0,252084
252096,GS2735,2017,994.0,252097
252100,GS2750,2017,93583.0,252101
252102,GS2758,2017,274418.0,252103
252105,GS2765,2017,3087.0,252106
252108,GS2772,2017,5352.0,252109
252116,GS2898,2017,218553.0,252117
252120,GS2940,2017,166888.0,252121
252121,GS2951,2017,124742.0,252122
252123,GS3007,2017,47430.0,252124
252126,GS3014,2017,69860.0,252127
252130,GS3023,2017,4833.0,252131
252131,GS3024,2017,19067.0,252132
252138,GS3039,2017,50982.0,252139
252147,GS3105,2017,24342.0,252148
252148,GS3106,2017,8830.0,252149
252149,GS3107,2017,8909.0,252150
252150,GS3108,2017,24702.0,252151
252151,GS3109,2017,127514.0,252152
252154,GS3113,2017,78418.0,252155
252155,GS3114,2017,76570.0,252156
252157,GS3116,2017,76361.0,252158
252162,GS3253,2017,406801.0,252163
252168,GS3262,2017,10000.0,252169
252170,GS3267,2017,4288.0,252171
252172,GS3306,2017,14611.0,252173
252174,GS3326,2017,8899.0,252175
252180,GS3344,2017,94578.0,252181
252196,GS3379,2017,98853.0,252197
252199,GS3404,2017,15164.0,252200
252200,GS3405,2017,1340.0,252201
252207,GS3422,2017,9067.0,252208
252210,GS3429,2017,143500.0,252211
252211,GS3430,2017,10027.0,252212
252212,GS3431,2017,10027.0,252213
252213,GS3432,2017,10027.0,252214
252214,GS3433,2017,10027.0,252215
252216,GS3443,2017,10000.0,252217
252218,GS3445,2017,40596.0,252219
252222,GS3449,2017,3311.0,252223
252223,GS3450,2017,3353.0,252224
252224,GS3451,2017,2939.0,252225
252236,GS3512,2017,79628.0,252237
252240,GS3516,2017,5494.0,252241
252241,GS3517,2017,5012.0,252242
252242,GS3518,2017,5053.0,252243
252243,GS3519,2017,6000.0,252244
252244,GS3520,2017,5205.0,252245
252245,GS3521,2017,5106.0,252246
252246,GS3522,2017,3803.0,252247
252247,GS3523,2017,3961.0,252248
252248,GS3524,2017,5115.0,252249
252257,GS3560,2017,8993.0,252258
252258,GS3561,2017,8130.0,252259
252259,GS3563,2017,10000.0,252260
252260,GS3564,2017,10000.0,252261
252281,GS3607,2017,654.0,252282
252287,GS3664,2017,117825.0,252288
252289,GS3668,2017,601.0,252290
252303,GS3945,2017,4532.0,252304
252304,GS3946,2017,98286.0,252305
252305,GS3947,2017,3239.0,252306
252311,GS3958,2017,188369.0,252312
252314,GS3965,2017,38236.0,252315
252316,GS3969,2017,214170.0,252317
252320,GS3976,2017,400691.0,252321
252325,GS4036,2017,8708.0,252326
252327,GS4124,2017,45712.0,252328
252333,GS4202,2017,10027.0,252334
252334,GS4203,2017,10027.0,252335
252335,GS4205,2017,19969.0,252336
252338,GS4210,2017,20172.0,252339
252341,GS4221,2017,120152.0,252342
252342,GS4233,2017,40771.0,252343
252344,GS4238,2017,130376.0,252345
252349,GS4259,2017,14012.0,252350
252350,GS4260,2017,10000.0,252351
252356,GS4270,2017,11067.0,252357
252357,GS4271,2017,17179.0,252358
252359,GS4273,2017,155382.0,252360
252360,GS4288,2017,21539.0,252361
252399,GS4422,2017,2977.0,252400
252400,GS4423,2017,1925.0,252401
252402,GS4425,2017,109710.0,252403
252403,GS4426,2017,174527.0,252404
252412,GS4518,2017,10000.0,252413
252413,GS4519,2017,10000.0,252414
252425,GS4553,2017,10000.0,252426
252432,GS4596,2017,25279.0,252433
252435,GS4603,2017,154550.0,252436
252445,GS4688,2017,33228.0,252446
252451,GS4797,2017,10000.0,252452
252452,GS4798,2017,10000.0,252453
252483,GS5013,2017,140236.0,252484
252642,GS5844,2017,28832.0,252643
255551,VCS5,2017,15606.0,255552
255608,VCS64,2017,20631.0,255609
255620,VCS77,2017,502160.0,255621
255625,VCS82,2017,22042.0,255626
255626,VCS83,2017,40763.0,255627
255636,VCS93,2017,558459.0,255637
255672,VCS131,2017,10807.0,255673
255679,VCS138,2017,146103.0,255680
255684,VCS143,2017,27967.0,255685
255685,VCS144,2017,187552.0,255686
255706,VCS166,2017,44537.0,255707
255739,VCS201,2017,28911.0,255740
255819,VCS281,2017,42450.0,255820
255855,VCS318,2017,30130.0,255856
255861,VCS324,2017,278925.0,255862
255869,VCS332,2017,86386.0,255870
255917,VCS380,2017,24030.0,255918
255937,VCS400,2017,441637.0,255938
255941,VCS404,2017,39838.0,255942
255948,VCS411,2017,33313.0,255949
255949,VCS412,2017,165087.0,255950
255952,VCS415,2017,144420.0,255953
255953,VCS416,2017,73301.0,255954
255965,VCS428,2017,99339.0,255966
255967,VCS430,2017,17908.0,255968
255969,VCS432,2017,432597.0,255970
255985,VCS448,2017,27563.0,255986
255987,VCS450,2017,30505.0,255988
256005,VCS468,2017,135816.0,256006
256008,VCS471,2017,107206.0,256009
256009,VCS472,2017,34489.0,256010
256026,VCS489,2017,38362.0,256027
256047,VCS510,2017,4990.0,256048
256051,VCS514,2017,132718.0,256052
256099,VCS562,2017,218260.0,256100
256133,VCS596,2017,19534.0,256134
256136,VCS599,2017,44452.0,256137
256144,VCS607,2017,338237.0,256145
256155,VCS618,2017,328436.0,256156
256210,VCS673,2017,216765.0,256211
256211,VCS674,2017,4393291.0,256212
256234,VCS697,2017,12219.0,256235
256243,VCS706,2017,341987.0,256244
256246,VCS709,2017,9612.0,256247
256263,VCS727,2017,57357.0,256264
256315,VCS780,2017,275309.0,256316
256325,VCS790,2017,27627.0,256326
256326,VCS791,2017,39648.0,256327
256368,VCS833,2017,66340.0,256369
256369,VCS834,2017,9343.0,256370
256379,VCS844,2017,459479.0,256380
256380,VCS845,2017,34812.0,256381
256381,VCS846,2017,30701.0,256382
256414,VCS879,2017,17943.0,256415
256435,VCS900,2017,53186.0,256436
256437,VCS902,2017,8269187.0,256438
256438,VCS903,2017,112103.0,256439
256446,VCS911,2017,86186.0,256447
256464,VCS929,2017,208198.0,256465
256469,VCS934,2017,10773562.0,256470
256472,VCS937,2017,42549.0,256473
256475,VCS940,2017,4639.0,256476
256476,VCS941,2017,43165.0,256477
256479,VCS944,2017,1576998.0,256480
256494,VCS959,2017,352917.0,256495
256518,VCS983,2017,41613.0,256519
256530,VCS995,2017,96491.0,256531
256531,VCS996,2017,115398.0,256532
256540,VCS1006,2017,7092.0,256541
256584,VCS1050,2017,46060.0,256585
256594,VCS1060,2017,12887.0,256595
256613,VCS1079,2017,17377.0,256614
256616,VCS1082,2017,8082.0,256617
256628,VCS1094,2017,259271.0,256629
256630,VCS1096,2017,40347.0,256631
256649,VCS1115,2017,334557.0,256650
256654,VCS1120,2017,60249.0,256655
256674,VCS1140,2017,73034.0,256675
256676,VCS1142,2017,5208.0,256677
256695,VCS1162,2017,54843.0,256696
256718,VCS1185,2017,23513.0,256719
256719,VCS1186,2017,96119.0,256720
256720,VCS1187,2017,35438.0,256721
256721,VCS1188,2017,63369.0,256722
256722,VCS1189,2017,49013.0,256723
256725,VCS1192,2017,44224.0,256726
256735,VCS1202,2017,143862.0,256736
256736,VCS1203,2017,12112.0,256737
256749,VCS1216,2017,75991.0,256750
256758,VCS1225,2017,143905.0,256759
256771,VCS1238,2017,59644.0,256772
256774,VCS1241,2017,16610.0,256775
256790,VCS1257,2017,224170.0,256791
256791,VCS1258,2017,55915.0,256792
256794,VCS1261,2017,1460844.0,256795
256824,VCS1291,2017,616224.0,256825
256840,VCS1308,2017,245861.0,256841
256843,VCS1311,2017,3915496.0,256844
256850,VCS1318,2017,123906.0,256851
256851,VCS1319,2017,42728.0,256852
256864,VCS1332,2017,1568.0,256865
256881,VCS1349,2017,125466.0,256882
256886,VCS1354,2017,35756.0,256887
256887,VCS1355,2017,6064.0,256888
256891,VCS1359,2017,320334.0,256892
256910,VCS1378,2017,72897.0,256911
256914,VCS1382,2017,2006058.0,256915
256939,VCS1407,2017,56118.0,256940
256940,VCS1408,2017,176488.0,256941
256945,VCS1413,2017,42626.0,256946
256950,VCS1418,2017,10338.0,256951
256967,VCS1436,2017,686.0,256968
256975,VCS1444,2017,105953.0,256976
256976,VCS1445,2017,69420.0,256977
256977,VCS1446,2017,434379.0,256978
256979,VCS1448,2017,39227.0,256980
256995,VCS1465,2017,422256.0,256996
257004,VCS1477,2017,14165124.0,257005
257006,VCS1479,2017,141715.0,257007
257007,VCS1480,2017,141698.0,257008
257008,VCS1481,2017,111887.0,257009
257009,VCS1482,2017,75855.0,257010
257010,VCS1483,2017,20472.0,257011
257028,VCS1503,2017,454386.0,257029
257036,VCS1512,2017,446756.0,257037
257043,VCS1519,2017,89514.0,257044
257044,VCS1520,2017,26313.0,257045
257045,VCS1521,2017,556341.0,257046
257047,VCS1523,2017,127519.0,257048
257056,VCS1533,2017,1020.0,257057
257058,VCS1535,2017,42637.0,257059
257062,VCS1539,2017,49787.0,257063
257063,VCS1541,2017,216722.0,257064
257073,VCS1551,2017,44782.0,257074
257075,VCS1553,2017,27577.0,257076
257080,VCS1560,2017,383890.0,257081
257083,VCS1563,2017,15327.0,257084
257085,VCS1566,2017,10712889.0,257086
257089,VCS1570,2017,85412.0,257090
257092,VCS1574,2017,60592.0,257093
257094,VCS1578,2017,18207.0,257095
257096,VCS1580,2017,475380.0,257097
257107,VCS1650,2017,2168043.0,257108
257111,VCS1656,2017,130276.0,257112
257113,VCS1658,2017,39980.0,257114
257115,VCS1660,2017,58907.0,257116
257123,VCS1669,2017,131593.0,257124
257124,VCS1670,2017,145393.0,257125
257125,VCS1671,2017,127168.0,257126
257129,VCS1675,2017,5210.0,257130
257131,VCS1677,2017,26188.0,257132
257132,VCS1678,2017,18161.0,257133
257138,VCS1684,2017,31217.0,257139
257143,VCS1690,2017,12793.0,257144
257145,VCS1692,2017,30887.0,257146
257148,VCS1696,2017,32574.0,257149
257149,VCS1697,2017,6719.0,257150
257150,VCS1698,2017,9880.0,257151
257151,VCS1699,2017,8561.0,257152
257152,VCS1700,2017,3027.0,257153
257153,VCS1701,2017,4070.0,257154
257154,VCS1702,2017,3858.0,257155
257155,VCS1703,2017,722.0,257156
257163,VCS1716,2017,9008.0,257164
257172,VCS1731,2017,352292.0,257173
260830,VCSOPR2,2017,298891.0,260831
260842,ACR0114,2018,1273866.0,260843
260912,ACR0190,2018,46906.0,260913
260919,ACR0199,2018,341589.0,260920
260920,ACR0200,2018,18416.0,260921
260935,ACR0222,2018,37238.0,260936
260939,ACR0226,2018,269823.0,260940
260944,ACR0232,2018,55174.0,260945
260945,ACR0233,2018,55058.0,260946
260947,ACR0235,2018,7020.0,260948
260950,ACR0238,2018,14212.0,260951
260951,ACR0239,2018,8424.0,260952
260953,ACR0241,2018,13612.0,260954
260961,ACR0249,2018,233244.0,260962
260967,ACR0255,2018,172632.0,260968
260968,ACR0256,2018,25684.0,260969
260971,ACR0259,2018,6721.0,260972
260972,ACR0260,2018,1813212.0,260973
260978,ACR0266,2018,302260.0,260979
260979,ACR0267,2018,1251198.0,260980
260980,ACR0268,2018,729216.0,260981
260985,ACR0273,2018,136805.0,260986
260988,ACR0276,2018,1711529.0,260989
260993,ACR0281,2018,305122.0,260994
260994,ACR0282,2018,183464.0,260995
260995,ACR0283,2018,29410.0,260996
260996,ACR0284,2018,640002.0,260997
261013,ACR0303,2018,5159212.0,261014
261023,ACR0313,2018,14815.0,261024
261029,ACR0324,2018,9599861.0,261030
261033,ACR0349,2018,24220.0,261034
261039,ACR0355,2018,7495.0,261040
261044,ACR0360,2018,12502637.0,261045
261046,ACR0362,2018,106024.0,261047
261048,ACR0365,2018,5967.0,261049
261049,ACR0366,2018,28770.0,261050
261050,ACR0367,2018,189550.0,261051
261051,ACR0368,2018,30069.0,261052
261057,ACR0374,2018,101502.0,261058
261058,ACR0375,2018,47996.0,261059
261060,ACR0377,2018,302769.0,261061
261061,ACR0378,2018,290915.0,261062
261068,ACR0387,2018,129854.0,261069
261069,ACR0388,2018,205323.0,261070
261070,ACR0389,2018,357071.0,261071
261074,ACR0394,2018,12968.0,261075
261079,ACR0401,2018,137262.0,261080
261082,ACR0404,2018,118326.0,261083
261093,ACR0419,2018,132126.0,261094
261099,ACR0426,2018,140145.0,261100
261102,ACR0429,2018,141087.0,261103
261870,CAR406,2018,54708.0,261871
261875,CAR416,2018,7801.0,261876
261878,CAR422,2018,84658.0,261879
261884,CAR432,2018,18302.0,261885
261886,CAR435,2018,107705.0,261887
261887,CAR436,2018,34126.0,261888
261892,CAR443,2018,92482.0,261893
261893,CAR444,2018,80550.0,261894
261901,CAR455,2018,68840.0,261902
261908,CAR465,2018,20370.0,261909
261916,CAR475,2018,122699.0,261917
261934,CAR497,2018,10189.0,261935
261935,CAR498,2018,274023.0,261936
261937,CAR502,2018,50770.0,261938
261938,CAR503,2018,8168.0,261939
261944,CAR512,2018,100993.0,261945
261957,CAR545,2018,68635.0,261958
261962,CAR560,2018,61256.0,261963
261964,CAR574,2018,12096.0,261965
261970,CAR588,2018,38045.0,261971
261975,CAR593,2018,55622.0,261976
261987,CAR621,2018,164605.0,261988
261993,CAR635,2018,112198.0,261994
261994,CAR639,2018,941933.0,261995
261997,CAR646,2018,27180.0,261998
262002,CAR659,2018,11500.0,262003
262006,CAR674,2018,135325.0,262007
262007,CAR676,2018,6347.0,262008
262009,CAR683,2018,9039.0,262010
262011,CAR688,2018,4522.0,262012
262022,CAR768,2018,291170.0,262023
262024,CAR772,2018,8372.0,262025
262027,CAR776,2018,9076.0,262028
262031,CAR782,2018,63960.0,262032
262035,CAR790,2018,61562.0,262036
262042,CAR802,2018,7859.0,262043
262046,CAR807,2018,42042.0,262047
262047,CAR811,2018,133957.0,262048
262048,CAR812,2018,25203.0,262049
262052,CAR817,2018,21606.0,262053
262058,CAR829,2018,45245.0,262059
262065,CAR838,2018,71212.0,262066
262068,CAR844,2018,8330.0,262069
262070,CAR866,2018,61086.0,262071
262077,CAR886,2018,9633.0,262078
262078,CAR887,2018,50378.0,262079
262079,CAR888,2018,33333.0,262080
262082,CAR893,2018,4198.0,262083
262086,CAR911,2018,22991.0,262087
262087,CAR917,2018,41659.0,262088
262105,CAR965,2018,11991.0,262106
262106,CAR969,2018,26920.0,262107
262115,CAR982,2018,6845.0,262116
262116,CAR988,2018,7424.0,262117
262117,CAR989,2018,9146.0,262118
262123,CAR996,2018,13838.0,262124
262124,CAR997,2018,21603.0,262125
262125,CAR998,2018,7057.0,262126
262133,CAR1008,2018,11806.0,262134
262138,CAR1013,2018,58030.0,262139
262143,CAR1019,2018,12501.0,262144
262145,CAR1022,2018,39743.0,262146
262149,CAR1027,2018,283570.0,262150
262153,CAR1033,2018,10677.0,262154
262155,CAR1036,2018,16761.0,262156
262157,CAR1041,2018,67491.0,262158
262162,CAR1049,2018,67461.0,262163
262163,CAR1050,2018,45140.0,262164
262165,CAR1055,2018,9230.0,262166
262166,CAR1056,2018,15018.0,262167
262167,CAR1057,2018,3944.0,262168
262168,CAR1058,2018,24044.0,262169
262174,CAR1066,2018,33892.0,262175
262183,CAR1076,2018,13633.0,262184
262189,CAR1083,2018,15258.0,262190
262194,CAR1088,2018,25811.0,262195
262201,CAR1095,2018,60036.0,262202
262202,CAR1096,2018,11898.0,262203
262203,CAR1097,2018,16999.0,262204
262204,CAR1098,2018,126781.0,262205
262205,CAR1099,2018,68596.0,262206
262206,CAR1100,2018,57954.0,262207
262207,CAR1101,2018,4053.0,262208
262208,CAR1102,2018,176441.0,262209
262211,CAR1105,2018,320214.0,262212
262212,CAR1106,2018,36064.0,262213
262213,CAR1108,2018,5309.0,262214
262214,CAR1109,2018,42424.0,262215
262225,CAR1120,2018,34795.0,262226
262228,CAR1123,2018,48687.0,262229
262229,CAR1124,2018,33941.0,262230
262231,CAR1126,2018,17067.0,262232
262232,CAR1127,2018,13879.0,262233
262233,CAR1128,2018,9347.0,262234
262236,CAR1132,2018,11750.0,262237
262237,CAR1133,2018,6549.0,262238
262238,CAR1134,2018,22953.0,262239
262239,CAR1135,2018,4057.0,262240
262240,CAR1136,2018,74174.0,262241
262241,CAR1137,2018,3983.0,262242
262242,CAR1138,2018,51607.0,262243
262243,CAR1139,2018,235963.0,262244
262246,CAR1142,2018,3175.0,262247
262247,CAR1143,2018,16880.0,262248
262249,CAR1145,2018,13603.0,262250
262250,CAR1146,2018,8724.0,262251
262251,CAR1147,2018,61714.0,262252
262252,CAR1151,2018,18331.0,262253
262253,CAR1152,2018,26716.0,262254
262254,CAR1153,2018,13510.0,262255
262255,CAR1154,2018,13973.0,262256
262256,CAR1155,2018,26075.0,262257
262257,CAR1156,2018,7128.0,262258
262260,CAR1159,2018,41473.0,262261
262261,CAR1160,2018,25146.0,262262
262270,CAR1169,2018,54717.0,262271
262275,CAR1175,2018,107913.0,262276
262278,CAR1178,2018,22684.0,262279
262283,CAR1183,2018,3719171.0,262284
262284,CAR1184,2018,6575.0,262285
262302,CAR1204,2018,139152.0,262303
262304,CAR1206,2018,260490.0,262305
262307,CAR1209,2018,478930.0,262308
262311,CAR1213,2018,903035.0,262312
262324,CAR1237,2018,4803.0,262325
262325,CAR1238,2018,11955.0,262326
262332,CAR1245,2018,5572.0,262333
262333,CAR1246,2018,18113.0,262334
262340,CAR1253,2018,16113.0,262341
262346,CAR1261,2018,10399.0,262347
262350,CAR1265,2018,49518.0,262351
262351,CAR1267,2018,50793.0,262352
262355,CAR1271,2018,140452.0,262356
262356,CAR1272,2018,51298.0,262357
262360,CAR1277,2018,53956.0,262361
262361,CAR1278,2018,44681.0,262362
262362,CAR1279,2018,56727.0,262363
262363,CAR1280,2018,71572.0,262364
262369,CAR1286,2018,154972.0,262370
262370,CAR1287,2018,52930.0,262371
262373,CAR1290,2018,119844.0,262374
262378,CAR1295,2018,97831.0,262379
262379,CAR1296,2018,110290.0,262380
262386,CAR1303,2018,102700.0,262387
262387,CAR1305,2018,159218.0,262388
262388,CAR1306,2018,3909.0,262389
262389,CAR1308,2018,60855.0,262390
262392,CAR1311,2018,128012.0,262393
262393,CAR1312,2018,93703.0,262394
263150,GS352,2018,111459.0,263151
263157,GS382,2018,49948.0,263158
263160,GS390,2018,78266.0,263161
263168,GS407,2018,1150576.0,263169
263170,GS411,2018,24320.0,263171
263173,GS414,2018,11969.0,263174
263177,GS423,2018,3134.0,263178
263184,GS441,2018,56084.0,263185
263185,GS445,2018,94166.0,263186
263186,GS447,2018,862319.0,263187
263194,GS464,2018,513529.0,263195
263195,GS467,2018,2596.0,263196
263197,GS472,2018,213831.0,263198
263204,GS500,2018,48152.0,263205
263221,GS565,2018,159705.0,263222
263222,GS566,2018,29144.0,263223
263223,GS567,2018,75398.0,263224
263235,GS601,2018,41181.0,263236
263241,GS612,2018,39857.0,263242
263244,GS615,2018,6462.0,263245
263246,GS617,2018,221853.0,263247
263253,GS633,2018,68814.0,263254
263266,GS659,2018,9746.0,263267
263267,GS660,2018,1892.0,263268
263270,GS666,2018,23176.0,263271
263271,GS670,2018,44894.0,263272
263273,GS672,2018,142363.0,263274
263277,GS685,2018,88697.0,263278
263290,GS716,2018,11463.0,263291
263300,GS744,2018,236637.0,263301
263303,GS748,2018,6436.0,263304
263305,GS750,2018,84022.0,263306
263306,GS751,2018,104237.0,263307
263307,GS753,2018,362878.0,263308
263311,GS765,2018,47382.0,263312
263313,GS769,2018,169414.0,263314
263336,GS816,2018,403138.0,263337
263339,GS824,2018,108587.0,263340
263347,GS835,2018,25659.0,263348
263357,GS850,2018,39449.0,263358
263376,GS879,2018,109698.0,263377
263386,GS905,2018,566318.0,263387
263391,GS913,2018,28930.0,263392
263395,GS922,2018,9195.0,263396
263405,GS939,2018,5354.0,263406
263416,GS963,2018,31674.0,263417
263431,GS988,2018,6406.0,263432
263432,GS989,2018,1067.0,263433
263436,GS993,2018,4557.0,263437
263440,GS1001,2018,161280.0,263441
263441,GS1003,2018,21260.0,263442
263443,GS1006,2018,3801.0,263444
263448,GS1015,2018,14471.0,263449
263452,GS1020,2018,118584.0,263453
263453,GS1021,2018,36438.0,263454
263473,GS1042,2018,41000.0,263474
263478,GS1049,2018,200457.0,263479
263483,GS1059,2018,2846.0,263484
263484,GS1060,2018,47637.0,263485
263487,GS1064,2018,20000.0,263488
263494,GS1074,2018,37000.0,263495
263497,GS1078,2018,25897.0,263498
263499,GS1083,2018,1072197.0,263500
263510,GS1098,2018,6851.0,263511
263511,GS1100,2018,6509.0,263512
263512,GS1101,2018,6569.0,263513
263514,GS1103,2018,6568.0,263515
263515,GS1104,2018,5883.0,263516
263516,GS1105,2018,17066.0,263517
263537,GS1147,2018,2741.0,263538
263540,GS1162,2018,17140.0,263541
263547,GS1173,2018,78606.0,263548
263548,GS1174,2018,42590.0,263549
263550,GS1178,2018,59792.0,263551
263557,GS1190,2018,256596.0,263558
263572,GS1208,2018,61936.0,263573
263575,GS1221,2018,3060.0,263576
263581,GS1228,2018,70975.0,263582
263582,GS1229,2018,1335.0,263583
263583,GS1230,2018,31221.0,263584
263586,GS1235,2018,162305.0,263587
263588,GS1237,2018,112253.0,263589
263598,GS1248,2018,1963.0,263599
263599,GS1249,2018,2165.0,263600
263601,GS1253,2018,140770.0,263602
263607,GS1286,2018,192432.0,263608
263608,GS1288,2018,1939.0,263609
263612,GS1294,2018,9463.0,263613
263613,GS1295,2018,2522.0,263614
263614,GS1296,2018,10000.0,263615
263619,GS1303,2018,60485.0,263620
263621,GS1306,2018,42849.0,263622
263636,GS1322,2018,238039.0,263637
263643,GS1332,2018,10000.0,263644
263645,GS1334,2018,5854.0,263646
263656,GS1350,2018,122373.0,263657
263658,GS1352,2018,18297.0,263659
263659,GS1353,2018,11242.0,263660
263662,GS1359,2018,20000.0,263663
263665,GS1364,2018,67249.0,263666
263666,GS1365,2018,12829.0,263667
263668,GS1367,2018,25568.0,263669
263677,GS1378,2018,153332.0,263678
263685,GS1588,2018,156099.0,263686
263690,GS1693,2018,8925.0,263691
263691,GS1694,2018,8925.0,263692
263692,GS1695,2018,8925.0,263693
263693,GS1696,2018,8925.0,263694
263694,GS1697,2018,8925.0,263695
263695,GS1698,2018,8925.0,263696
263696,GS1699,2018,8925.0,263697
263697,GS1700,2018,8925.0,263698
263698,GS1701,2018,8925.0,263699
263699,GS1702,2018,8538.0,263700
263700,GS1703,2018,8538.0,263701
263701,GS1704,2018,8538.0,263702
263702,GS1705,2018,8538.0,263703
263703,GS1706,2018,8538.0,263704
263704,GS1707,2018,8538.0,263705
263705,GS1708,2018,8538.0,263706
263706,GS1709,2018,8538.0,263707
263707,GS1710,2018,8538.0,263708
263708,GS1711,2018,8538.0,263709
263709,GS1712,2018,8538.0,263710
263710,GS1713,2018,8538.0,263711
263711,GS1714,2018,8538.0,263712
263712,GS1715,2018,8538.0,263713
263713,GS1716,2018,8538.0,263714
263714,GS1717,2018,8538.0,263715
263715,GS1718,2018,8538.0,263716
263716,GS1719,2018,8538.0,263717
263717,GS1720,2018,8538.0,263718
263718,GS1721,2018,8538.0,263719
263719,GS1722,2018,8538.0,263720
263720,GS1723,2018,8538.0,263721
263721,GS1724,2018,8538.0,263722
263722,GS1725,2018,8538.0,263723
263723,GS1726,2018,8538.0,263724
263724,GS1727,2018,8925.0,263725
263725,GS1728,2018,8925.0,263726
263727,GS1730,2018,8925.0,263728
263728,GS1731,2018,8925.0,263729
263729,GS1732,2018,8925.0,263730
263730,GS1733,2018,8925.0,263731
263731,GS1734,2018,8538.0,263732
263732,GS1735,2018,8538.0,263733
263733,GS1736,2018,8538.0,263734
263734,GS1737,2018,8538.0,263735
263735,GS1738,2018,8538.0,263736
263736,GS1739,2018,8925.0,263737
263737,GS1740,2018,8925.0,263738
263738,GS1741,2018,8925.0,263739
263739,GS1742,2018,8925.0,263740
263740,GS1743,2018,8925.0,263741
263741,GS1744,2018,7300.0,263742
263742,GS1745,2018,8613.0,263743
263746,GS1890,2018,116737.0,263747
263753,GS2094,2018,161656.0,263754
263759,GS2290,2018,49243.0,263760
263761,GS2293,2018,180744.0,263762
263763,GS2295,2018,9754.0,263764
263764,GS2296,2018,106601.0,263765
263770,GS2394,2018,11117.0,263771
263771,GS2395,2018,14780.0,263772
263779,GS2405,2018,20516.0,263780
263789,GS2421,2018,1800.0,263790
263800,GS2437,2018,14531.0,263801
263806,GS2444,2018,221038.0,263807
263807,GS2445,2018,175634.0,263808
263809,GS2447,2018,157816.0,263810
263813,GS2456,2018,9894.0,263814
263814,GS2457,2018,13919.0,263815
263820,GS2468,2018,38717.0,263821
263827,GS2479,2018,10000.0,263828
263828,GS2480,2018,10000.0,263829
263829,GS2481,2018,10000.0,263830
263838,GS2490,2018,23558.0,263839
263845,GS2502,2018,248601.0,263846
263854,GS2514,2018,13559.0,263855
263857,GS2519,2018,44038.0,263858
263858,GS2520,2018,21351.0,263859
263862,GS2528,2018,5447.0,263863
263869,GS2540,2018,13360.0,263870
263875,GS2546,2018,156144.0,263876
263880,GS2563,2018,14530.0,263881
263881,GS2564,2018,17186.0,263882
263883,GS2566,2018,8925.0,263884
263884,GS2567,2018,8538.0,263885
263885,GS2568,2018,8538.0,263886
263886,GS2569,2018,8538.0,263887
263887,GS2570,2018,8538.0,263888
263888,GS2571,2018,8538.0,263889
263889,GS2572,2018,8538.0,263890
263890,GS2573,2018,8538.0,263891
263891,GS2574,2018,8538.0,263892
263892,GS2575,2018,8538.0,263893
263893,GS2576,2018,8538.0,263894
263894,GS2577,2018,8925.0,263895
263895,GS2578,2018,8925.0,263896
263896,GS2579,2018,8538.0,263897
263897,GS2580,2018,8585.0,263898
263898,GS2581,2018,8538.0,263899
263899,GS2582,2018,8538.0,263900
263900,GS2583,2018,8551.0,263901
263901,GS2584,2018,8925.0,263902
263902,GS2585,2018,6498.0,263903
263903,GS2587,2018,42491.0,263904
263927,GS2679,2018,13849.0,263928
263929,GS2681,2018,18899.0,263930
263930,GS2682,2018,231605.0,263931
263939,GS2691,2018,155712.0,263940
263951,GS2722,2018,24458.0,263952
263953,GS2736,2018,59334.0,263954
263958,GS2758,2018,295726.0,263959
263959,GS2763,2018,170437.0,263960
263961,GS2765,2018,2194.0,263962
263962,GS2766,2018,92319.0,263963
263963,GS2767,2018,44264.0,263964
263971,GS2896,2018,12681.0,263972
263972,GS2898,2018,260968.0,263973
263976,GS2940,2018,127211.0,263977
263978,GS2990,2018,13877.0,263979
263984,GS3016,2018,97484.0,263985
263985,GS3018,2018,7595.0,263986
263986,GS3023,2018,3424.0,263987
263987,GS3024,2018,10000.0,263988
264004,GS3106,2018,9973.0,264005
264005,GS3107,2018,9973.0,264006
264007,GS3109,2018,59679.0,264008
264010,GS3113,2018,62812.0,264011
264011,GS3114,2018,55716.0,264012
264013,GS3116,2018,56674.0,264014
264024,GS3262,2018,10000.0,264025
264026,GS3267,2018,7039.0,264027
264030,GS3326,2018,8460.0,264031
264040,GS3363,2018,1301.0,264041
264041,GS3364,2018,8666.0,264042
264042,GS3365,2018,14262.0,264043
264043,GS3366,2018,13770.0,264044
264044,GS3367,2018,15780.0,264045
264055,GS3404,2018,15162.0,264056
264056,GS3405,2018,6091.0,264057
264057,GS3407,2018,25145.0,264058
264058,GS3409,2018,128325.0,264059
264059,GS3410,2018,41183.0,264060
264062,GS3421,2018,77089.0,264063
264063,GS3422,2018,9968.0,264064
264066,GS3429,2018,202795.0,264067
264072,GS3443,2018,18677.0,264073
264096,GS3516,2018,9568.0,264097
264097,GS3517,2018,9204.0,264098
264098,GS3518,2018,9885.0,264099
264099,GS3519,2018,9870.0,264100
264100,GS3520,2018,9330.0,264101
264101,GS3521,2018,8807.0,264102
264102,GS3522,2018,6395.0,264103
264103,GS3523,2018,9282.0,264104
264104,GS3524,2018,9267.0,264105
264113,GS3560,2018,9973.0,264114
264114,GS3561,2018,9973.0,264115
264115,GS3563,2018,18712.0,264116
264116,GS3564,2018,17041.0,264117
264119,GS3567,2018,266814.0,264120
264121,GS3588,2018,8167.0,264122
264122,GS3589,2018,7813.0,264123
264123,GS3590,2018,7813.0,264124
264124,GS3591,2018,8167.0,264125
264125,GS3592,2018,8167.0,264126
264126,GS3593,2018,7813.0,264127
264127,GS3594,2018,7813.0,264128
264128,GS3595,2018,8167.0,264129
264129,GS3596,2018,6856.0,264130
264130,GS3597,2018,7833.0,264131
264131,GS3598,2018,8167.0,264132
264132,GS3599,2018,7896.0,264133
264133,GS3600,2018,7886.0,264134
264134,GS3601,2018,8167.0,264135
264136,GS3606,2018,12369.0,264137
264137,GS3607,2018,4613.0,264138
264151,GS3901,2018,3905.0,264152
264170,GS3965,2018,77735.0,264171
264172,GS3969,2018,373792.0,264173
264176,GS3976,2018,479774.0,264177
264181,GS4036,2018,10000.0,264182
264191,GS4205,2018,9999.0,264192
264197,GS4221,2018,205335.0,264198
264198,GS4233,2018,46546.0,264199
264199,GS4236,2018,38103.0,264200
264205,GS4259,2018,44531.0,264206
264206,GS4260,2018,10000.0,264207
264207,GS4261,2018,1112.0,264208
264212,GS4270,2018,8204.0,264213
264213,GS4271,2018,12538.0,264214
264216,GS4288,2018,22020.0,264217
264219,GS4291,2018,17208.0,264220
264255,GS4422,2018,10975.0,264256
264256,GS4423,2018,10975.0,264257
264268,GS4518,2018,10915.0,264269
264269,GS4519,2018,10571.0,264270
264281,GS4553,2018,17068.0,264282
264282,GS4557,2018,303953.0,264283
264288,GS4596,2018,21729.0,264289
264294,GS4613,2018,29229.0,264295
264295,GS4614,2018,29031.0,264296
264296,GS4615,2018,29318.0,264297
264304,GS4707,2018,117629.0,264305
264307,GS4797,2018,10869.0,264308
264308,GS4798,2018,10858.0,264309
264321,GS4897,2018,17596.0,264322
264322,GS4898,2018,17588.0,264323
264323,GS4899,2018,17854.0,264324
264324,GS4900,2018,17615.0,264325
264325,GS4901,2018,17535.0,264326
264344,GS5033,2018,11205.0,264345
264345,GS5034,2018,11205.0,264346
264346,GS5035,2018,11178.0,264347
264347,GS5036,2018,11260.0,264348
264349,GS5038,2018,8051.0,264350
264350,GS5039,2018,8238.0,264351
264351,GS5040,2018,8241.0,264352
264352,GS5041,2018,7710.0,264353
264353,GS5042,2018,7584.0,264354
264354,GS5043,2018,7785.0,264355
264355,GS5046,2018,14532.0,264356
264364,GS5106,2018,13041.0,264365
264365,GS5107,2018,80532.0,264366
264369,GS5186,2018,13068.0,264370
264370,GS5187,2018,14631.0,264371
264371,GS5188,2018,14630.0,264372
264372,GS5189,2018,10756.0,264373
264373,GS5190,2018,10795.0,264374
264374,GS5191,2018,10795.0,264375
264375,GS5192,2018,9074.0,264376
264376,GS5193,2018,8074.0,264377
264377,GS5194,2018,8181.0,264378
264378,GS5195,2018,1450.0,264379
264385,GS5229,2018,117153.0,264386
264387,GS5244,2018,20172.0,264388
264388,GS5245,2018,20109.0,264389
264392,GS5303,2018,2332.0,264393
264403,GS5322,2018,9155.0,264404
264404,GS5323,2018,9007.0,264405
264405,GS5324,2018,7305.0,264406
264406,GS5325,2018,9791.0,264407
264407,GS5326,2018,8931.0,264408
264408,GS5329,2018,20356.0,264409
264409,GS5330,2018,19726.0,264410
264410,GS5331,2018,19479.0,264411
264411,GS5332,2018,18959.0,264412
264412,GS5335,2018,18603.0,264413
264413,GS5336,2018,16849.0,264414
264414,GS5337,2018,17041.0,264415
264415,GS5338,2018,16247.0,264416
264416,GS5339,2018,18904.0,264417
264417,GS5340,2018,18877.0,264418
264418,GS5341,2018,14822.0,264419
264419,GS5342,2018,13315.0,264420
264420,GS5343,2018,12795.0,264421
264421,GS5344,2018,12658.0,264422
264423,GS5377,2018,26083.0,264424
264427,GS5392,2018,17763.0,264428
264428,GS5393,2018,17641.0,264429
264430,GS5395,2018,11150.0,264431
264431,GS5396,2018,10684.0,264432
264436,GS5434,2018,4772.0,264437
264437,GS5437,2018,15452.0,264438
264438,GS5438,2018,15041.0,264439
264439,GS5439,2018,13288.0,264440
264440,GS5440,2018,12712.0,264441
264441,GS5441,2018,12466.0,264442
264467,GS5643,2018,9042.0,264468
264471,GS5660,2018,3397.0,264472
264472,GS5661,2018,10092.0,264473
264473,GS5662,2018,7773.0,264474
264477,GS5699,2018,78149.0,264478
264480,GS5781,2018,7383.0,264481
264481,GS5782,2018,7216.0,264482
264482,GS5783,2018,6200.0,264483
264528,GS6037,2018,8688.0,264529
264529,GS6038,2018,8891.0,264530
264576,GS6275,2018,41038.0,264577
264601,GS6498,2018,26500.0,264602
264613,GS6586,2018,1000.0,264614
264660,GS7049,2018,100503.0,264661
267407,VCS5,2018,25071.0,267408
267432,VCS32,2018,13031.0,267433
267433,VCS33,2018,32562.0,267434
267452,VCS52,2018,8481.0,267453
267464,VCS64,2018,47067.0,267465
267530,VCS133,2018,23527.0,267531
267540,VCS143,2018,22092.0,267541
267541,VCS144,2018,85699.0,267542
267595,VCS201,2018,42094.0,267596
267644,VCS250,2018,177880.0,267645
267684,VCS290,2018,133630.0,267685
267711,VCS318,2018,54076.0,267712
267725,VCS332,2018,43879.0,267726
267730,VCS337,2018,59882.0,267731
267740,VCS347,2018,23615.0,267741
267774,VCS381,2018,27798.0,267775
267777,VCS384,2018,17944.0,267778
267796,VCS403,2018,360622.0,267797
267798,VCS405,2018,82886.0,267799
267804,VCS411,2018,14580.0,267805
267805,VCS412,2018,86060.0,267806
267810,VCS417,2018,155411.0,267811
267831,VCS438,2018,725423.0,267832
267841,VCS448,2018,27618.0,267842
267843,VCS450,2018,25116.0,267844
267861,VCS468,2018,114933.0,267862
267876,VCS483,2018,58860.0,267877
267890,VCS497,2018,32460.0,267891
267955,VCS562,2018,482236.0,267956
267990,VCS597,2018,20419.0,267991
268000,VCS607,2018,1008250.0,268001
268005,VCS612,2018,2530096.0,268006
268011,VCS618,2018,428469.0,268012
268075,VCS682,2018,17270.0,268076
268109,VCS717,2018,1242991.0,268110
268119,VCS727,2018,479049.0,268120
268129,VCS737,2018,480617.0,268130
268139,VCS748,2018,45647.0,268140
268171,VCS780,2018,206660.0,268172
268175,VCS784,2018,249667.0,268176
268177,VCS786,2018,1564269.0,268178
268211,VCS820,2018,16408.0,268212
268224,VCS833,2018,39882.0,268225
268235,VCS844,2018,835676.0,268236
268247,VCS856,2018,330710.0,268248
268273,VCS882,2018,6347.0,268274
268302,VCS911,2018,162079.0,268303
268326,VCS935,2018,96055.0,268327
268328,VCS937,2018,46816.0,268329
268331,VCS940,2018,4531.0,268332
268332,VCS941,2018,21277.0,268333
268335,VCS944,2018,1227770.0,268336
268350,VCS959,2018,43690.0,268351
268352,VCS961,2018,1103673.0,268353
268354,VCS963,2018,98882.0,268355
268365,VCS974,2018,64014.0,268366
268366,VCS975,2018,421666.0,268367
268376,VCS985,2018,4145528.0,268377
268384,VCS993,2018,464116.0,268385
268385,VCS994,2018,93207.0,268386
268393,VCS1002,2018,1197415.0,268394
268444,VCS1054,2018,17561.0,268445
268450,VCS1060,2018,32393.0,268451
268457,VCS1067,2018,418096.0,268458
268472,VCS1082,2018,9528.0,268473
268484,VCS1094,2018,156230.0,268485
268503,VCS1113,2018,180586.0,268504
268509,VCS1119,2018,5110.0,268510
268532,VCS1142,2018,8924.0,268533
268564,VCS1175,2018,169614.0,268565
268570,VCS1181,2018,85942.0,268571
268571,VCS1182,2018,80706.0,268572
268572,VCS1183,2018,61417.0,268573
268584,VCS1195,2018,121073.0,268585
268590,VCS1201,2018,832225.0,268591
268605,VCS1216,2018,45809.0,268606
268646,VCS1257,2018,192493.0,268647
268647,VCS1258,2018,251925.0,268648
268675,VCS1286,2018,48087.0,268676
268680,VCS1291,2018,169155.0,268681
268707,VCS1319,2018,36682.0,268708
268742,VCS1354,2018,32952.0,268743
268765,VCS1377,2018,11373.0,268766
268766,VCS1378,2018,145794.0,268767
268770,VCS1382,2018,2084635.0,268771
268774,VCS1386,2018,159614.0,268775
268795,VCS1407,2018,95689.0,268796
268801,VCS1413,2018,39927.0,268802
268806,VCS1418,2018,100794.0,268807
268823,VCS1436,2018,807.0,268824
268831,VCS1444,2018,49940.0,268832
268834,VCS1447,2018,481580.0,268835
268849,VCS1463,2018,119139.0,268850
268851,VCS1465,2018,90107.0,268852
268854,VCS1469,2018,59096.0,268855
268856,VCS1471,2018,66833.0,268857
268857,VCS1472,2018,48865.0,268858
268860,VCS1477,2018,4339233.0,268861
268862,VCS1479,2018,108410.0,268863
268863,VCS1480,2018,210622.0,268864
268864,VCS1481,2018,213525.0,268865
268865,VCS1482,2018,61702.0,268866
268866,VCS1483,2018,9039.0,268867
268876,VCS1495,2018,13909.0,268877
268883,VCS1502,2018,320900.0,268884
268884,VCS1503,2018,446476.0,268885
268899,VCS1519,2018,130967.0,268900
268900,VCS1520,2018,192463.0,268901
268901,VCS1521,2018,701051.0,268902
268903,VCS1523,2018,109799.0,268904
268909,VCS1529,2018,302608.0,268910
268911,VCS1532,2018,214694.0,268912
268914,VCS1535,2018,34632.0,268915
268917,VCS1538,2018,109816.0,268918
268918,VCS1539,2018,29776.0,268919
268920,VCS1542,2018,147135.0,268921
268927,VCS1549,2018,21216.0,268928
268931,VCS1553,2018,61922.0,268932
268936,VCS1560,2018,464176.0,268937
268945,VCS1570,2018,97861.0,268946
268946,VCS1571,2018,395220.0,268947
268949,VCS1577,2018,184926.0,268950
268951,VCS1579,2018,64806.0,268952
268952,VCS1580,2018,614147.0,268953
268953,VCS1582,2018,160061.0,268954
268958,VCS1622,2018,560886.0,268959
268963,VCS1650,2018,1804031.0,268964
268971,VCS1660,2018,43702.0,268972
268979,VCS1669,2018,144200.0,268980
268980,VCS1670,2018,81970.0,268981
268981,VCS1671,2018,124497.0,268982
268985,VCS1675,2018,4125.0,268986
268989,VCS1679,2018,62037.0,268990
269000,VCS1691,2018,73852.0,269001
269002,VCS1693,2018,23192.0,269003
269026,VCS1728,2018,1271028.0,269027
269030,VCS1733,2018,153401.0,269031
269032,VCS1735,2018,104351.0,269033
269034,VCS1737,2018,50000.0,269035
269035,VCS1739,2018,10197.0,269036
269038,VCS1742,2018,7985332.0,269039
269041,VCS1745,2018,55985.0,269042
269042,VCS1746,2018,146250.0,269043
269043,VCS1748,2018,7964756.0,269044
269044,VCS1750,2018,15811.0,269045
269045,VCS1751,2018,1030.0,269046
269046,VCS1752,2018,19647.0,269047
269052,VCS1762,2018,72537.0,269053
269053,VCS1764,2018,31744.0,269054
269057,VCS1768,2018,374893.0,269058
269059,VCS1770,2018,193548.0,269060
269062,VCS1774,2018,36925.0,269063
269072,VCS1788,2018,115302.0,269073
269074,VCS1790,2018,287279.0,269075
269085,VCS1803,2018,7510.0,269086
269113,VCS1835,2018,23636.0,269114
269114,VCS1836,2018,77183.0,269115
269127,VCS1850,2018,5000.0,269128
272753,ACR0173,2019,2926.0,272754
272777,ACR0202,2019,89768.0,272778
272785,ACR0210,2019,1099667.0,272786
272787,ACR0212,2019,545078.0,272788
272792,ACR0223,2019,147243.0,272793
272795,ACR0226,2019,225935.0,272796
272800,ACR0232,2019,53275.0,272801
272801,ACR0233,2019,57195.0,272802
272802,ACR0234,2019,29918.0,272803
272803,ACR0235,2019,6257.0,272804
272806,ACR0238,2019,16178.0,272807
272807,ACR0239,2019,7390.0,272808
272809,ACR0241,2019,13636.0,272810
272810,ACR0242,2019,22118.0,272811
272816,ACR0248,2019,353432.0,272817
272827,ACR0259,2019,5491.0,272828
272830,ACR0262,2019,170139.0,272831
272833,ACR0265,2019,29344.0,272834
272834,ACR0266,2019,210635.0,272835
272836,ACR0268,2019,813211.0,272837
272837,ACR0269,2019,548909.0,272838
272841,ACR0273,2019,285782.0,272842
272842,ACR0274,2019,97806.0,272843
272847,ACR0279,2019,447124.0,272848
272848,ACR0280,2019,823265.0,272849
272850,ACR0282,2019,70531.0,272851
272852,ACR0284,2019,15721.0,272853
272855,ACR0287,2019,391928.0,272856
272856,ACR0288,2019,7091.0,272857
272879,ACR0313,2019,15347.0,272880
272883,ACR0322,2019,9196.0,272884
272884,ACR0323,2019,15226.0,272885
272889,ACR0349,2019,24674.0,272890
272895,ACR0355,2019,9311.0,272896
272901,ACR0361,2019,1956370.0,272902
272906,ACR0367,2019,114279.0,272907
272907,ACR0368,2019,23815.0,272908
272910,ACR0371,2019,293972.0,272911
272912,ACR0373,2019,325415.0,272913
272914,ACR0375,2019,46175.0,272915
272915,ACR0376,2019,245235.0,272916
272919,ACR0380,2019,70.0,272920
272923,ACR0386,2019,48096.0,272924
272925,ACR0388,2019,195079.0,272926
272927,ACR0390,2019,17208.0,272928
272933,ACR0398,2019,153475.0,272934
272937,ACR0403,2019,59904.0,272938
272940,ACR0407,2019,36759.0,272941
272943,ACR0411,2019,36604.0,272944
272947,ACR0417,2019,695969.0,272948
272948,ACR0418,2019,23060.0,272949
272950,ACR0420,2019,-183198.0,272951
272951,ACR0422,2019,11139.0,272952
272953,ACR0424,2019,33831.0,272954
272960,ACR0431,2019,52322.0,272961
272961,ACR0432,2019,21967.0,272962
272962,ACR0433,2019,148592.0,272963
272963,ACR0435,2019,105029.0,272964
272964,ACR0436,2019,96146.0,272965
272969,ACR0441,2019,141710.0,272970
272970,ACR0442,2019,113564.0,272971
272971,ACR0443,2019,114871.0,272972
272972,ACR0444,2019,88307.0,272973
272973,ACR0445,2019,54157.0,272974
272983,ACR0457,2019,46868.0,272984
272986,ACR0461,2019,85284.0,272987
272987,ACR0462,2019,60655.0,272988
272988,ACR0463,2019,63778.0,272989
272989,ACR0464,2019,66273.0,272990
272990,ACR0465,2019,67092.0,272991
272991,ACR0466,2019,68943.0,272992
272992,ACR0467,2019,20949.0,272993
272993,ACR0468,2019,83032.0,272994
272994,ACR0469,2019,44551.0,272995
272996,ACR0471,2019,35887.0,272997
272997,ACR0472,2019,83594.0,272998
272998,ACR0473,2019,125403.0,272999
272999,ACR0474,2019,149835.0,273000
273000,ACR0475,2019,91017.0,273001
273006,ACR0482,2019,101230.0,273007
273011,ACR0488,2019,83226.0,273012
273013,ACR0492,2019,84831.0,273014
273015,ACR0495,2019,84842.0,273016
273016,ACR0496,2019,51610.0,273017
273020,ACR0500,2019,106355.0,273021
273029,ACR0510,2019,70400.0,273030
273033,ACR0517,2019,129697.0,273034
273726,CAR406,2019,48719.0,273727
273731,CAR416,2019,16655.0,273732
273738,CAR429,2019,163012.0,273739
273740,CAR432,2019,26791.0,273741
273743,CAR436,2019,32050.0,273744
273748,CAR443,2019,54046.0,273749
273749,CAR444,2019,158080.0,273750
273764,CAR465,2019,25864.0,273765
273770,CAR473,2019,99403.0,273771
273772,CAR475,2019,78213.0,273773
273787,CAR491,2019,54150.0,273788
273790,CAR497,2019,9470.0,273791
273791,CAR498,2019,255728.0,273792
273813,CAR545,2019,201645.0,273814
273830,CAR592,2019,49640.0,273831
273831,CAR593,2019,79701.0,273832
273843,CAR621,2019,107690.0,273844
273850,CAR639,2019,677025.0,273851
273853,CAR646,2019,6921.0,273854
273858,CAR659,2019,11540.0,273859
273865,CAR683,2019,9367.0,273866
273867,CAR688,2019,4655.0,273868
273880,CAR772,2019,13634.0,273881
273891,CAR790,2019,85883.0,273892
273898,CAR802,2019,4942.0,273899
273903,CAR811,2019,82516.0,273904
273908,CAR817,2019,32071.0,273909
273910,CAR822,2019,13307.0,273911
273914,CAR829,2019,22286.0,273915
273921,CAR838,2019,51650.0,273922
273924,CAR844,2019,24069.0,273925
273926,CAR866,2019,22672.0,273927
273930,CAR881,2019,33330.0,273931
273933,CAR886,2019,3231.0,273934
273934,CAR887,2019,48436.0,273935
273935,CAR888,2019,31976.0,273936
273937,CAR892,2019,104329.0,273938
273942,CAR911,2019,23413.0,273943
273943,CAR917,2019,33279.0,273944
273962,CAR969,2019,30811.0,273963
273971,CAR982,2019,10483.0,273972
273972,CAR988,2019,11869.0,273973
273979,CAR996,2019,19568.0,273980
273981,CAR998,2019,8407.0,273982
273984,CAR1002,2019,8112.0,273985
273989,CAR1008,2019,14823.0,273990
273994,CAR1013,2019,95801.0,273995
273999,CAR1019,2019,9600.0,274000
274001,CAR1022,2019,33297.0,274002
274005,CAR1027,2019,135195.0,274006
274010,CAR1035,2019,15697.0,274011
274011,CAR1036,2019,16411.0,274012
274018,CAR1049,2019,2648.0,274019
274021,CAR1055,2019,14687.0,274022
274022,CAR1056,2019,6045.0,274023
274023,CAR1057,2019,7879.0,274024
274024,CAR1058,2019,19801.0,274025
274034,CAR1070,2019,461526.0,274035
274039,CAR1076,2019,14732.0,274040
274041,CAR1078,2019,37193.0,274042
274043,CAR1081,2019,32105.0,274044
274045,CAR1083,2019,47714.0,274046
274048,CAR1086,2019,44382.0,274049
274050,CAR1088,2019,19973.0,274051
274057,CAR1095,2019,66289.0,274058
274058,CAR1096,2019,11052.0,274059
274059,CAR1097,2019,5277.0,274060
274060,CAR1098,2019,140308.0,274061
274061,CAR1099,2019,77637.0,274062
274062,CAR1100,2019,66028.0,274063
274067,CAR1105,2019,283656.0,274068
274070,CAR1109,2019,42846.0,274071
274081,CAR1120,2019,52589.0,274082
274083,CAR1122,2019,28168.0,274084
274085,CAR1124,2019,16113.0,274086
274089,CAR1128,2019,9600.0,274090
274091,CAR1130,2019,27406.0,274092
274092,CAR1132,2019,8358.0,274093
274093,CAR1133,2019,4928.0,274094
274095,CAR1135,2019,28129.0,274096
274096,CAR1136,2019,45371.0,274097
274098,CAR1138,2019,25363.0,274099
274099,CAR1139,2019,250962.0,274100
274101,CAR1141,2019,8426.0,274102
274103,CAR1143,2019,15998.0,274104
274107,CAR1147,2019,33378.0,274108
274109,CAR1152,2019,11450.0,274110
274110,CAR1153,2019,13189.0,274111
274111,CAR1154,2019,9087.0,274112
274116,CAR1159,2019,19194.0,274117
274117,CAR1160,2019,11791.0,274118
274118,CAR1161,2019,6271.0,274119
274126,CAR1169,2019,67489.0,274127
274129,CAR1173,2019,303715.0,274130
274130,CAR1174,2019,222177.0,274131
274133,CAR1177,2019,22375.0,274134
274134,CAR1178,2019,21275.0,274135
274136,CAR1180,2019,81149.0,274137
274140,CAR1184,2019,2289.0,274141
274146,CAR1190,2019,267975.0,274147
274147,CAR1191,2019,795647.0,274148
274152,CAR1197,2019,1228906.0,274153
274163,CAR1209,2019,16976.0,274164
274167,CAR1213,2019,21450.0,274168
274169,CAR1215,2019,2669549.0,274170
274171,CAR1217,2019,52057.0,274172
274175,CAR1232,2019,14155.0,274176
274189,CAR1246,2019,10162.0,274190
274190,CAR1247,2019,35565.0,274191
274196,CAR1253,2019,13090.0,274197
274198,CAR1257,2019,1586877.0,274199
274200,CAR1259,2019,8189.0,274201
274201,CAR1260,2019,2648.0,274202
274202,CAR1261,2019,9512.0,274203
274203,CAR1262,2019,11807.0,274204
274206,CAR1265,2019,40057.0,274207
274222,CAR1283,2019,6519.0,274223
274223,CAR1284,2019,5843.0,274224
274224,CAR1285,2019,7884.0,274225
274227,CAR1288,2019,27942.0,274228
274228,CAR1289,2019,8330.0,274229
274236,CAR1297,2019,252639.0,274237
274237,CAR1298,2019,6955.0,274238
274238,CAR1299,2019,842.0,274239
274239,CAR1300,2019,123703.0,274240
274240,CAR1301,2019,50473.0,274241
274241,CAR1302,2019,58745.0,274242
274246,CAR1309,2019,97696.0,274247
274247,CAR1310,2019,140146.0,274248
274252,CAR1315,2019,25185.0,274253
274253,CAR1316,2019,17312.0,274254
274254,CAR1317,2019,28166.0,274255
274255,CAR1318,2019,138241.0,274256
274261,CAR1326,2019,56139.0,274262
274262,CAR1327,2019,65097.0,274263
274268,CAR1333,2019,3972.0,274269
274275,CAR1341,2019,73462.0,274276
274298,CAR1367,2019,58918.0,274299
275006,GS352,2019,113945.0,275007
275013,GS382,2019,22958.0,275014
275016,GS390,2019,156534.0,275017
275018,GS395,2019,28754.0,275019
275019,GS397,2019,510733.0,275020
275025,GS410,2019,23200.0,275026
275028,GS413,2019,260652.0,275029
275029,GS414,2019,88882.0,275030
275035,GS436,2019,85548.0,275036
275040,GS441,2019,68627.0,275041
275042,GS447,2019,769535.0,275043
275053,GS472,2019,203532.0,275054
275060,GS500,2019,52102.0,275061
275091,GS601,2019,37992.0,275092
275097,GS612,2019,77571.0,275098
275126,GS666,2019,21719.0,275127
275132,GS683,2019,133967.0,275133
275133,GS685,2019,183548.0,275134
275140,GS702,2019,82627.0,275141
275142,GS708,2019,39022.0,275143
275152,GS733,2019,80436.0,275153
275162,GS751,2019,103000.0,275163
275167,GS765,2019,34025.0,275168
275191,GS814,2019,4634.0,275192
275192,GS816,2019,328253.0,275193
275193,GS817,2019,8607.0,275194
275199,GS828,2019,223819.0,275200
275201,GS832,2019,18001.0,275202
275203,GS835,2019,10282.0,275204
275233,GS880,2019,8349.0,275234
275243,GS906,2019,88963.0,275244
275247,GS913,2019,28654.0,275248
275261,GS939,2019,6611.0,275262
275276,GS971,2019,745690.0,275277
275279,GS976,2019,48380.0,275280
275293,GS997,2019,11748.0,275294
275308,GS1020,2019,166645.0,275309
275316,GS1028,2019,12163.0,275317
275322,GS1034,2019,149807.0,275323
275329,GS1042,2019,88645.0,275330
275334,GS1049,2019,489863.0,275335
275340,GS1060,2019,44945.0,275341
275350,GS1074,2019,4246.0,275351
275353,GS1078,2019,33059.0,275354
275362,GS1094,2019,9649.0,275363
275363,GS1095,2019,9023.0,275364
275364,GS1096,2019,9386.0,275365
275365,GS1097,2019,9129.0,275366
275379,GS1117,2019,14905.0,275380
275382,GS1124,2019,14516.0,275383
275384,GS1128,2019,51545.0,275385
275385,GS1134,2019,252700.0,275386
275392,GS1146,2019,4148.0,275393
275404,GS1174,2019,45994.0,275405
275431,GS1221,2019,3447.0,275432
275451,GS1244,2019,47185.0,275452
275460,GS1267,2019,18760.0,275461
275464,GS1288,2019,2127.0,275465
275468,GS1294,2019,10537.0,275469
275470,GS1296,2019,20000.0,275471
275491,GS1321,2019,302269.0,275492
275499,GS1332,2019,10000.0,275500
275512,GS1350,2019,71699.0,275513
275518,GS1359,2019,10000.0,275519
275521,GS1364,2019,70660.0,275522
275522,GS1365,2019,15017.0,275523
275525,GS1368,2019,56637.0,275526
275541,GS1588,2019,83982.0,275542
275546,GS1693,2019,9784.0,275547
275547,GS1694,2019,9786.0,275548
275548,GS1695,2019,9785.0,275549
275549,GS1696,2019,9785.0,275550
275550,GS1697,2019,9786.0,275551
275551,GS1698,2019,9785.0,275552
275552,GS1699,2019,9785.0,275553
275553,GS1700,2019,9786.0,275554
275554,GS1701,2019,9785.0,275555
275555,GS1702,2019,9386.0,275556
275556,GS1703,2019,9387.0,275557
275557,GS1704,2019,9386.0,275558
275558,GS1705,2019,9387.0,275559
275559,GS1706,2019,9386.0,275560
275560,GS1707,2019,9386.0,275561
275561,GS1708,2019,9387.0,275562
275562,GS1709,2019,9386.0,275563
275563,GS1710,2019,9387.0,275564
275564,GS1711,2019,9386.0,275565
275565,GS1712,2019,9387.0,275566
275566,GS1713,2019,9386.0,275567
275567,GS1714,2019,9387.0,275568
275568,GS1715,2019,9386.0,275569
275569,GS1716,2019,9386.0,275570
275570,GS1717,2019,9387.0,275571
275571,GS1718,2019,9386.0,275572
275572,GS1719,2019,9387.0,275573
275573,GS1720,2019,9386.0,275574
275574,GS1721,2019,9387.0,275575
275575,GS1722,2019,9386.0,275576
275576,GS1723,2019,9387.0,275577
275577,GS1724,2019,9386.0,275578
275578,GS1725,2019,9386.0,275579
275579,GS1726,2019,9786.0,275580
275580,GS1727,2019,9386.0,275581
275581,GS1728,2019,9387.0,275582
275583,GS1730,2019,9386.0,275584
275584,GS1731,2019,9386.0,275585
275585,GS1732,2019,9387.0,275586
275586,GS1733,2019,9386.0,275587
275587,GS1734,2019,9387.0,275588
275588,GS1735,2019,9386.0,275589
275589,GS1736,2019,9387.0,275590
275590,GS1737,2019,9386.0,275591
275591,GS1738,2019,9387.0,275592
275592,GS1739,2019,9785.0,275593
275593,GS1740,2019,9785.0,275594
275594,GS1741,2019,9785.0,275595
275595,GS1742,2019,9387.0,275596
275596,GS1743,2019,9386.0,275597
275597,GS1744,2019,8230.0,275598
275598,GS1745,2019,9550.0,275599
275602,GS1890,2019,143188.0,275603
275609,GS2094,2019,374722.0,275610
275610,GS2095,2019,81226.0,275611
275615,GS2290,2019,83710.0,275616
275620,GS2296,2019,77432.0,275621
275651,GS2429,2019,11687.0,275652
275660,GS2441,2019,88141.0,275661
275664,GS2446,2019,172539.0,275665
275669,GS2456,2019,9485.0,275670
275683,GS2479,2019,10000.0,275684
275684,GS2480,2019,10000.0,275685
275685,GS2481,2019,10000.0,275686
275702,GS2503,2019,151857.0,275703
275706,GS2510,2019,80307.0,275707
275713,GS2519,2019,43657.0,275714
275714,GS2520,2019,21114.0,275715
275716,GS2525,2019,199714.0,275717
275727,GS2542,2019,48088.0,275728
275736,GS2563,2019,11631.0,275737
275739,GS2566,2019,9387.0,275740
275740,GS2567,2019,9386.0,275741
275741,GS2568,2019,9387.0,275742
275742,GS2569,2019,9386.0,275743
275743,GS2570,2019,9387.0,275744
275744,GS2571,2019,9386.0,275745
275745,GS2572,2019,9387.0,275746
275746,GS2573,2019,9386.0,275747
275747,GS2574,2019,9386.0,275748
275748,GS2575,2019,9387.0,275749
275749,GS2576,2019,9386.0,275750
275750,GS2577,2019,9786.0,275751
275751,GS2578,2019,9785.0,275752
275752,GS2579,2019,9386.0,275753
275753,GS2580,2019,9373.0,275754
275754,GS2581,2019,9387.0,275755
275755,GS2582,2019,9386.0,275756
275756,GS2583,2019,9400.0,275757
275757,GS2584,2019,9570.0,275758
275758,GS2585,2019,6963.0,275759
275765,GS2640,2019,183706.0,275766
275766,GS2641,2019,183969.0,275767
275799,GS2707,2019,39934.0,275800
275813,GS2751,2019,37987.0,275814
275814,GS2758,2019,311998.0,275815
275822,GS2891,2019,21550.0,275823
275823,GS2892,2019,23315.0,275824
275824,GS2893,2019,23315.0,275825
275825,GS2894,2019,23315.0,275826
275827,GS2896,2019,14955.0,275828
275833,GS2951,2019,5074.0,275834
275843,GS3024,2019,20000.0,275844
275850,GS3039,2019,30784.0,275851
275859,GS3105,2019,11699.0,275860
275860,GS3106,2019,11699.0,275861
275861,GS3107,2019,11699.0,275862
275862,GS3108,2019,11699.0,275863
275863,GS3109,2019,112050.0,275864
275866,GS3113,2019,112138.0,275867
275867,GS3114,2019,111021.0,275868
275869,GS3116,2019,109419.0,275870
275884,GS3306,2019,19907.0,275885
275886,GS3326,2019,10000.0,275887
275896,GS3363,2019,3897.0,275897
275897,GS3364,2019,25997.0,275898
275898,GS3365,2019,42784.0,275899
275899,GS3366,2019,41310.0,275900
275900,GS3367,2019,47338.0,275901
275911,GS3404,2019,15157.0,275912
275912,GS3405,2019,339.0,275913
275919,GS3422,2019,19774.0,275920
275922,GS3429,2019,83703.0,275923
275923,GS3430,2019,19907.0,275924
275924,GS3431,2019,19940.0,275925
275925,GS3432,2019,18934.0,275926
275926,GS3433,2019,19907.0,275927
275929,GS3444,2019,23315.0,275930
275931,GS3446,2019,23315.0,275932
275932,GS3447,2019,23315.0,275933
275933,GS3448,2019,23315.0,275934
275934,GS3449,2019,20657.0,275935
275935,GS3450,2019,20654.0,275936
275936,GS3451,2019,20795.0,275937
275945,GS3509,2019,20666.0,275946
275952,GS3516,2019,9505.0,275953
275953,GS3517,2019,9195.0,275954
275954,GS3518,2019,9872.0,275955
275955,GS3519,2019,9433.0,275956
275956,GS3520,2019,9094.0,275957
275957,GS3521,2019,8636.0,275958
275958,GS3522,2019,8210.0,275959
275959,GS3523,2019,10000.0,275960
275960,GS3524,2019,10000.0,275961
275964,GS3547,2019,233053.0,275965
275969,GS3560,2019,11699.0,275970
275970,GS3561,2019,11699.0,275971
275974,GS3566,2019,85460.0,275975
275977,GS3588,2019,9785.0,275978
275978,GS3589,2019,9386.0,275979
275979,GS3590,2019,9786.0,275980
275980,GS3591,2019,9386.0,275981
275981,GS3592,2019,9387.0,275982
275982,GS3593,2019,9386.0,275983
275983,GS3594,2019,9387.0,275984
275984,GS3595,2019,9386.0,275985
275985,GS3596,2019,8464.0,275986
275986,GS3597,2019,9410.0,275987
275987,GS3598,2019,9714.0,275988
275988,GS3599,2019,9386.0,275989
275989,GS3600,2019,9469.0,275990
275990,GS3601,2019,9635.0,275991
275992,GS3606,2019,13526.0,275993
276004,GS3705,2019,387091.0,276005
276007,GS3901,2019,4671.0,276008
276015,GS3945,2019,20654.0,276016
276017,GS3947,2019,20597.0,276018
276029,GS3971,2019,15438.0,276030
276032,GS3976,2019,862358.0,276033
276033,GS3992,2019,83770.0,276034
276045,GS4202,2019,19933.0,276046
276046,GS4203,2019,19887.0,276047
276047,GS4205,2019,9994.0,276048
276050,GS4210,2019,17815.0,276051
276055,GS4236,2019,33550.0,276056
276061,GS4259,2019,45783.0,276062
276062,GS4260,2019,10000.0,276063
276063,GS4261,2019,21970.0,276064
276064,GS4264,2019,246024.0,276065
276067,GS4269,2019,7230.0,276068
276069,GS4271,2019,16197.0,276070
276071,GS4273,2019,141123.0,276072
276072,GS4288,2019,18607.0,276073
276074,GS4290,2019,28879.0,276075
276075,GS4291,2019,51621.0,276076
276076,GS4296,2019,54199.0,276077
276081,GS4372,2019,10187.0,276082
276082,GS4373,2019,9791.0,276083
276083,GS4374,2019,9457.0,276084
276084,GS4375,2019,8917.0,276085
276085,GS4376,2019,8583.0,276086
276086,GS4377,2019,8268.0,276087
276087,GS4378,2019,7900.0,276088
276088,GS4379,2019,7557.0,276089
276089,GS4380,2019,7332.0,276090
276090,GS4381,2019,6883.0,276091
276091,GS4382,2019,6646.0,276092
276093,GS4384,2019,6340.0,276094
276115,GS4426,2019,79950.0,276116
276128,GS4532,2019,24184.0,276129
276129,GS4533,2019,55166.0,276130
276132,GS4536,2019,2045.0,276133
276136,GS4546,2019,48436.0,276137
276144,GS4596,2019,18826.0,276145
276165,GS4799,2019,28992.0,276166
276166,GS4813,2019,135388.0,276167
276172,GS4824,2019,38976.0,276173
276173,GS4828,2019,11607.0,276174
276177,GS4897,2019,10000.0,276178
276178,GS4898,2019,10000.0,276179
276179,GS4899,2019,9437.0,276180
276180,GS4900,2019,9860.0,276181
276181,GS4901,2019,10000.0,276182
276183,GS4906,2019,12885.0,276184
276185,GS4962,2019,190687.0,276186
276200,GS5033,2019,10000.0,276201
276201,GS5034,2019,10000.0,276202
276202,GS5035,2019,10000.0,276203
276203,GS5036,2019,10000.0,276204
276211,GS5046,2019,43596.0,276212
276220,GS5106,2019,10000.0,276221
276225,GS5186,2019,10000.0,276226
276226,GS5187,2019,10000.0,276227
276227,GS5188,2019,10000.0,276228
276228,GS5189,2019,10000.0,276229
276229,GS5190,2019,10000.0,276230
276230,GS5191,2019,10000.0,276231
276231,GS5192,2019,10000.0,276232
276232,GS5193,2019,10000.0,276233
276233,GS5194,2019,10000.0,276234
276234,GS5195,2019,4994.0,276235
276235,GS5196,2019,8274.0,276236
276236,GS5197,2019,8951.0,276237
276237,GS5199,2019,36093.0,276238
276240,GS5228,2019,20768.0,276241
276241,GS5229,2019,122159.0,276242
276242,GS5230,2019,10525.0,276243
276248,GS5303,2019,5273.0,276249
276255,GS5314,2019,46798.0,276256
276256,GS5315,2019,8817.0,276257
276258,GS5317,2019,72.0,276259
276259,GS5322,2019,9777.0,276260
276260,GS5323,2019,9536.0,276261
276261,GS5324,2019,9763.0,276262
276264,GS5329,2019,10000.0,276265
276265,GS5330,2019,10000.0,276266
276266,GS5331,2019,10000.0,276267
276267,GS5332,2019,10000.0,276268
276268,GS5335,2019,10000.0,276269
276269,GS5336,2019,10000.0,276270
276270,GS5337,2019,10000.0,276271
276271,GS5338,2019,10000.0,276272
276272,GS5339,2019,10000.0,276273
276273,GS5340,2019,10000.0,276274
276274,GS5341,2019,10000.0,276275
276275,GS5342,2019,10000.0,276276
276276,GS5343,2019,10000.0,276277
276277,GS5344,2019,10000.0,276278
276282,GS5391,2019,3745.0,276283
276283,GS5392,2019,10000.0,276284
276284,GS5393,2019,10000.0,276285
276285,GS5394,2019,9830.0,276286
276286,GS5395,2019,10000.0,276287
276287,GS5396,2019,9917.0,276288
276291,GS5418,2019,22258.0,276292
276293,GS5437,2019,10000.0,276294
276294,GS5438,2019,10000.0,276295
276295,GS5439,2019,10000.0,276296
276296,GS5440,2019,10000.0,276297
276297,GS5441,2019,10000.0,276298
276300,GS5444,2019,11472.0,276301
276310,GS5614,2019,268482.0,276311
276317,GS5634,2019,12492.0,276318
276318,GS5635,2019,12516.0,276319
276319,GS5636,2019,12507.0,276320
276320,GS5637,2019,12522.0,276321
276322,GS5642,2019,231026.0,276323
276323,GS5643,2019,15162.0,276324
276328,GS5661,2019,3293.0,276329
276329,GS5662,2019,7563.0,276330
276332,GS5698,2019,107898.0,276333
276339,GS5796,2019,17158.0,276340
276340,GS5799,2019,118122.0,276341
276342,GS5801,2019,11353.0,276343
276355,GS5860,2019,52443.0,276356
276356,GS5866,2019,77002.0,276357
276367,GS5928,2019,198191.0,276368
276369,GS5951,2019,9812.0,276370
276370,GS5952,2019,9811.0,276371
276371,GS5953,2019,9766.0,276372
276372,GS5954,2019,10039.0,276373
276373,GS5955,2019,10123.0,276374
276377,GS6003,2019,12320.0,276378
276379,GS6008,2019,5060.0,276380
276384,GS6037,2019,9690.0,276385
276385,GS6038,2019,9563.0,276386
276392,GS6051,2019,7401.0,276393
276415,GS6129,2019,17087.0,276416
276423,GS6212,2019,41947.0,276424
276432,GS6275,2019,45010.0,276433
276435,GS6289,2019,9596.0,276436
276437,GS6301,2019,76895.0,276438
276439,GS6338,2019,8725.0,276440
276441,GS6349,2019,7320.0,276442
276442,GS6350,2019,4695.0,276443
276443,GS6351,2019,4989.0,276444
276445,GS6393,2019,78596.0,276446
276446,GS6394,2019,82118.0,276447
276461,GS6513,2019,18535.0,276462
276462,GS6518,2019,9644.0,276463
276463,GS6519,2019,9945.0,276464
276464,GS6520,2019,9973.0,276465
276465,GS6521,2019,9425.0,276466
276466,GS6522,2019,10000.0,276467
276467,GS6523,2019,9644.0,276468
276469,GS6586,2019,15806.0,276470
276471,GS6597,2019,21051.0,276472
276473,GS6599,2019,8626.0,276474
276474,GS6600,2019,9802.0,276475
276484,GS6753,2019,618153.0,276485
276489,GS6786,2019,18692.0,276490
276490,GS6787,2019,18828.0,276491
276491,GS6788,2019,19194.0,276492
276492,GS6789,2019,19030.0,276493
276493,GS6790,2019,19967.0,276494
276499,GS6837,2019,9997.0,276500
276500,GS6838,2019,10000.0,276501
276555,GS7303,2019,8000.0,276556
276571,GS7361,2019,50801.0,276572
276662,GS7510,2019,47992.0,276663
276922,GS10309,2019,34439.0,276923
276924,GS10355,2019,39680.0,276925
276925,GS10410,2019,75000.0,276926
276926,GS10411,2019,20000.0,276927
279338,VCS83,2019,20030.0,279339
279348,VCS93,2019,166408.0,279349
279374,VCS120,2019,33408.0,279375
279386,VCS133,2019,114518.0,279387
279391,VCS138,2019,190331.0,279392
279397,VCS144,2019,54085.0,279398
279411,VCS158,2019,28065.0,279412
279447,VCS197,2019,80624.0,279448
279451,VCS201,2019,14114.0,279452
279499,VCS249,2019,3262867.0,279500
279500,VCS250,2019,345105.0,279501
279501,VCS251,2019,129422.0,279502
279531,VCS281,2019,23952.0,279532
279567,VCS318,2019,66293.0,279568
279593,VCS344,2019,404826.0,279594
279594,VCS345,2019,149571.0,279595
279596,VCS347,2019,46885.0,279597
279602,VCS353,2019,14764.0,279603
279619,VCS370,2019,21085.0,279620
279635,VCS386,2019,515.0,279636
279653,VCS404,2019,40236.0,279654
279654,VCS405,2019,35756.0,279655
279660,VCS411,2019,45304.0,279661
279664,VCS415,2019,104122.0,279665
279665,VCS416,2019,46097.0,279666
279666,VCS417,2019,136895.0,279667
279676,VCS427,2019,228542.0,279677
279677,VCS428,2019,82955.0,279678
279678,VCS429,2019,122862.0,279679
279679,VCS430,2019,103809.0,279680
279687,VCS438,2019,453362.0,279688
279690,VCS441,2019,302551.0,279691
279697,VCS448,2019,25391.0,279698
279699,VCS450,2019,21634.0,279700
279717,VCS468,2019,265326.0,279718
279735,VCS486,2019,543506.0,279736
279736,VCS487,2019,1155657.0,279737
279738,VCS489,2019,42958.0,279739
279771,VCS522,2019,25000.0,279772
279786,VCS537,2019,257702.0,279787
279807,VCS558,2019,28254.0,279808
279811,VCS562,2019,191400.0,279812
279856,VCS607,2019,284577.0,279857
279861,VCS612,2019,1517415.0,279862
279867,VCS618,2019,113846.0,279868
279887,VCS638,2019,115625.0,279888
279923,VCS674,2019,11659407.0,279924
279931,VCS682,2019,143880.0,279932
279949,VCS700,2019,183122.0,279950
279950,VCS701,2019,142781.0,279951
279955,VCS706,2019,82956.0,279956
280003,VCS756,2019,468824.0,280004
280027,VCS780,2019,231795.0,280028
280033,VCS786,2019,1384786.0,280034
280080,VCS833,2019,32351.0,280081
280091,VCS844,2019,2049431.0,280092
280119,VCS872,2019,324332.0,280120
280157,VCS910,2019,179207.0,280158
280161,VCS914,2019,13863.0,280162
280176,VCS929,2019,580252.0,280177
280184,VCS937,2019,36829.0,280185
280191,VCS944,2019,1028498.0,280192
280194,VCS947,2019,462007.0,280195
280206,VCS959,2019,1072425.0,280207
280210,VCS963,2019,105177.0,280211
280224,VCS977,2019,2862792.0,280225
280232,VCS985,2019,15322772.0,280233
280233,VCS986,2019,234277.0,280234
280234,VCS987,2019,347515.0,280235
280248,VCS1001,2019,224584.0,280249
280249,VCS1002,2019,1403568.0,280250
280266,VCS1020,2019,69647.0,280267
280272,VCS1026,2019,24078.0,280273
280282,VCS1036,2019,279976.0,280283
280298,VCS1052,2019,56209.0,280299
280306,VCS1060,2019,33668.0,280307
280313,VCS1067,2019,1700599.0,280314
280327,VCS1081,2019,17560.0,280328
280330,VCS1084,2019,4396.0,280331
280358,VCS1112,2019,162177.0,280359
280375,VCS1129,2019,10859.0,280376
280379,VCS1133,2019,44018.0,280380
280380,VCS1134,2019,284783.0,280381
280381,VCS1135,2019,151611.0,280382
280382,VCS1136,2019,209298.0,280383
280383,VCS1137,2019,129912.0,280384
280384,VCS1138,2019,60564.0,280385
280385,VCS1139,2019,87833.0,280386
280388,VCS1142,2019,7155.0,280389
280408,VCS1163,2019,494296.0,280409
280420,VCS1175,2019,45852.0,280421
280426,VCS1181,2019,61196.0,280427
280427,VCS1182,2019,41784.0,280428
280431,VCS1186,2019,506776.0,280432
280435,VCS1190,2019,277867.0,280436
280436,VCS1191,2019,363940.0,280437
280439,VCS1194,2019,513733.0,280440
280440,VCS1195,2019,200754.0,280441
280442,VCS1197,2019,291241.0,280443
280445,VCS1200,2019,524929.0,280446
280447,VCS1202,2019,330842.0,280448
280451,VCS1206,2019,173060.0,280452
280452,VCS1207,2019,85844.0,280453
280454,VCS1209,2019,25162.0,280455
280455,VCS1210,2019,281631.0,280456
280456,VCS1211,2019,351568.0,280457
280459,VCS1214,2019,411584.0,280460
280470,VCS1225,2019,160355.0,280471
280483,VCS1238,2019,27415.0,280484
280502,VCS1257,2019,329800.0,280503
280503,VCS1258,2019,270700.0,280504
280561,VCS1317,2019,1358.0,280562
280584,VCS1340,2019,1233546.0,280585
280596,VCS1352,2019,8619.0,280597
280599,VCS1355,2019,6800.0,280600
280600,VCS1356,2019,1334392.0,280601
280604,VCS1360,2019,1991064.0,280605
280621,VCS1377,2019,15027.0,280622
280630,VCS1386,2019,51348.0,280631
280634,VCS1390,2019,515952.0,280635
280635,VCS1391,2019,773699.0,280636
280636,VCS1392,2019,366751.0,280637
280639,VCS1395,2019,1256040.0,280640
280640,VCS1396,2019,395872.0,280641
280643,VCS1399,2019,338964.0,280644
280644,VCS1400,2019,412014.0,280645
280652,VCS1408,2019,1237111.0,280653
280667,VCS1423,2019,535102.0,280668
280668,VCS1424,2019,1151621.0,280669
280669,VCS1425,2019,599981.0,280670
280684,VCS1441,2019,26363.0,280685
280687,VCS1444,2019,82087.0,280688
280707,VCS1465,2019,107230.0,280708
280711,VCS1470,2019,72644.0,280712
280716,VCS1477,2019,9963630.0,280717
280718,VCS1479,2019,116266.0,280719
280719,VCS1480,2019,177658.0,280720
280721,VCS1482,2019,102563.0,280722
280722,VCS1483,2019,55046.0,280723
280734,VCS1497,2019,565556.0,280735
280739,VCS1502,2019,309069.0,280740
280755,VCS1519,2019,62548.0,280756
280756,VCS1520,2019,94546.0,280757
280757,VCS1521,2019,487697.0,280758
280767,VCS1532,2019,540337.0,280768
280773,VCS1538,2019,47246.0,280774
280774,VCS1539,2019,25162.0,280775
280775,VCS1541,2019,153260.0,280776
280792,VCS1560,2019,253346.0,280793
280797,VCS1566,2019,6404775.0,280798
280800,VCS1569,2019,96378.0,280801
280802,VCS1571,2019,95934.0,280803
280808,VCS1580,2019,557764.0,280809
280814,VCS1622,2019,3471594.0,280815
280819,VCS1650,2019,3854572.0,280820
280822,VCS1654,2019,937832.0,280823
280827,VCS1660,2019,65742.0,280828
280828,VCS1661,2019,106947.0,280829
280830,VCS1663,2019,29239.0,280831
280832,VCS1665,2019,9100.0,280833
280835,VCS1669,2019,235074.0,280836
280836,VCS1670,2019,75015.0,280837
280837,VCS1671,2019,148958.0,280838
280845,VCS1679,2019,14343.0,280846
280852,VCS1686,2019,75523.0,280853
280871,VCS1709,2019,368248.0,280872
280875,VCS1716,2019,9152.0,280876
280876,VCS1718,2019,227909.0,280877
280877,VCS1719,2019,6761.0,280878
280885,VCS1732,2019,90803.0,280886
280886,VCS1733,2019,69706.0,280887
280887,VCS1734,2019,51371.0,280888
280889,VCS1736,2019,57991.0,280890
280892,VCS1740,2019,66108.0,280893
280897,VCS1745,2019,74039.0,280898
280898,VCS1746,2019,202894.0,280899
280899,VCS1748,2019,3982378.0,280900
280902,VCS1752,2019,135784.0,280903
280903,VCS1753,2019,484608.0,280904
280908,VCS1762,2019,65925.0,280909
280909,VCS1764,2019,26615.0,280910
280912,VCS1767,2019,463699.0,280913
280913,VCS1768,2019,456478.0,280914
280915,VCS1770,2019,116685.0,280916
280916,VCS1771,2019,189532.0,280917
280919,VCS1775,2019,3634940.0,280920
280922,VCS1781,2019,129672.0,280923
280925,VCS1784,2019,557667.0,280926
280927,VCS1787,2019,179889.0,280928
280928,VCS1788,2019,123471.0,280929
280929,VCS1789,2019,122446.0,280930
280931,VCS1791,2019,59827.0,280932
280932,VCS1792,2019,1187969.0,280933
280933,VCS1793,2019,350484.0,280934
280934,VCS1794,2019,76438.0,280935
280943,VCS1805,2019,1331623.0,280944
280948,VCS1811,2019,900752.0,280949
280949,VCS1812,2019,535658.0,280950
280951,VCS1815,2019,1004735.0,280952
280954,VCS1819,2019,46473.0,280955
280958,VCS1823,2019,203799.0,280959
280959,VCS1824,2019,689876.0,280960
280965,VCS1830,2019,17216.0,280966
280966,VCS1831,2019,168542.0,280967
280972,VCS1839,2019,379905.0,280973
280984,VCS1851,2019,1984034.0,280985
280986,VCS1853,2019,23374.0,280987
280989,VCS1856,2019,221026.0,280990
280990,VCS1857,2019,2943.0,280991
280992,VCS1860,2019,155641.0,280993
280995,VCS1863,2019,2633.0,280996
280999,VCS1867,2019,1535572.0,281000
281003,VCS1872,2019,151457.0,281004
281005,VCS1874,2019,216595.0,281006
281009,VCS1879,2019,20000.0,281010
281012,VCS1883,2019,38259.0,281013
281014,VCS1885,2019,14068.0,281015
281015,VCS1886,2019,129914.0,281016
281016,VCS1887,2019,137267.0,281017
281018,VCS1890,2019,317780.0,281019
281021,VCS1893,2019,108170.0,281022
281026,VCS1899,2019,492325.0,281027
281029,VCS1902,2019,1030964.0,281030
281036,VCS1909,2019,44.0,281037
281037,VCS1910,2019,466.0,281038
281044,VCS1917,2019,27300.0,281045
281045,VCS1918,2019,143833.0,281046
281056,VCS1931,2019,687095.0,281057
281062,VCS1939,2019,337344.0,281063
281066,VCS1943,2019,270403.0,281067
281084,VCS1962,2019,52267.0,281085
281105,VCS1983,2019,28813.0,281106
281197,VCS2076,2019,30000.0,281198
284554,ACR0114,2020,1670155.0,284555
284623,ACR0189,2020,10837.0,284624
284624,ACR0190,2020,50217.0,284625
284626,ACR0192,2020,39656.0,284627
284632,ACR0200,2020,29904.0,284633
284633,ACR0202,2020,26394.0,284634
284642,ACR0211,2020,148272.0,284643
284643,ACR0212,2020,663903.0,284644
284648,ACR0223,2020,25534.0,284649
284651,ACR0226,2020,127576.0,284652
284656,ACR0232,2020,59299.0,284657
284657,ACR0233,2020,67734.0,284658
284658,ACR0234,2020,10809.0,284659
284659,ACR0235,2020,6216.0,284660
284662,ACR0238,2020,15442.0,284663
284663,ACR0239,2020,5349.0,284664
284665,ACR0241,2020,11149.0,284666
284666,ACR0242,2020,43213.0,284667
284671,ACR0247,2020,630062.0,284672
284673,ACR0249,2020,331306.0,284674
284680,ACR0256,2020,24082.0,284681
284681,ACR0257,2020,180282.0,284682
284683,ACR0259,2020,8029.0,284684
284684,ACR0260,2020,439432.0,284685
284689,ACR0265,2020,17192.0,284690
284690,ACR0266,2020,22175.0,284691
284691,ACR0267,2020,189132.0,284692
284692,ACR0268,2020,797716.0,284693
284693,ACR0269,2020,343165.0,284694
284696,ACR0272,2020,113496.0,284697
284697,ACR0273,2020,223360.0,284698
284698,ACR0274,2020,99929.0,284699
284700,ACR0276,2020,78690.0,284701
284703,ACR0279,2020,82610.0,284704
284704,ACR0280,2020,110450.0,284705
284706,ACR0282,2020,200463.0,284707
284708,ACR0284,2020,33788.0,284709
284711,ACR0287,2020,35335.0,284712
284716,ACR0292,2020,29456.0,284717
284717,ACR0293,2020,373932.0,284718
284735,ACR0313,2020,15533.0,284736
284741,ACR0324,2020,329350.0,284742
284745,ACR0349,2020,22981.0,284746
284756,ACR0360,2020,541553.0,284757
284762,ACR0367,2020,94217.0,284763
284763,ACR0368,2020,24185.0,284764
284766,ACR0371,2020,20834.0,284767
284768,ACR0373,2020,65878.0,284769
284769,ACR0374,2020,125899.0,284770
284770,ACR0375,2020,46175.0,284771
284776,ACR0382,2020,67470.0,284777
284779,ACR0386,2020,52600.0,284780
284781,ACR0388,2020,181946.0,284782
284782,ACR0389,2020,353785.0,284783
284783,ACR0390,2020,13996.0,284784
284785,ACR0393,2020,142237.0,284786
284786,ACR0394,2020,15468.0,284787
284787,ACR0395,2020,826273.0,284788
284789,ACR0398,2020,154770.0,284790
284793,ACR0403,2020,11021.0,284794
284796,ACR0407,2020,157720.0,284797
284797,ACR0408,2020,11295.0,284798
284798,ACR0410,2020,52405.0,284799
284799,ACR0411,2020,50086.0,284800
284802,ACR0416,2020,2683458.0,284803
284804,ACR0418,2020,10442.0,284805
284806,ACR0420,2020,2336583.0,284807
284808,ACR0423,2020,23112.0,284809
284809,ACR0424,2020,33410.0,284810
284810,ACR0425,2020,368959.0,284811
284812,ACR0427,2020,1020684.0,284813
284813,ACR0428,2020,938531.0,284814
284821,ACR0437,2020,5147001.0,284822
284824,ACR0440,2020,127682.0,284825
284825,ACR0441,2020,76574.0,284826
284830,ACR0446,2020,63104.0,284831
284831,ACR0447,2020,93458.0,284832
284832,ACR0448,2020,85790.0,284833
284833,ACR0449,2020,110988.0,284834
284834,ACR0450,2020,110310.0,284835
284835,ACR0451,2020,105696.0,284836
284836,ACR0454,2020,291983.0,284837
284837,ACR0455,2020,520153.0,284838
284840,ACR0458,2020,304810.0,284841
284841,ACR0459,2020,84546.0,284842
284848,ACR0467,2020,16367.0,284849
284851,ACR0470,2020,9329.0,284852
284863,ACR0483,2020,34662.0,284864
284864,ACR0485,2020,125302.0,284865
284865,ACR0486,2020,119102.0,284866
284866,ACR0487,2020,66579.0,284867
284868,ACR0491,2020,25094.0,284869
284870,ACR0493,2020,36033.0,284871
284873,ACR0497,2020,42038.0,284874
284875,ACR0499,2020,150215.0,284876
284877,ACR0501,2020,22304.0,284878
284878,ACR0502,2020,26208.0,284879
284879,ACR0503,2020,136444.0,284880
284882,ACR0507,2020,55933.0,284883
284886,ACR0514,2020,55566.0,284887
284887,ACR0515,2020,121764.0,284888
284888,ACR0516,2020,130336.0,284889
284890,ACR0518,2020,49800.0,284891
284892,ACR0520,2020,79438.0,284893
284893,ACR0521,2020,62007.0,284894
284894,ACR0522,2020,94565.0,284895
284895,ACR0523,2020,118763.0,284896
284902,ACR0532,2020,108679.0,284903
284903,ACR0533,2020,81042.0,284904
284905,ACR0535,2020,89632.0,284906
284906,ACR0536,2020,89898.0,284907
284907,ACR0537,2020,48826.0,284908
284908,ACR0538,2020,58481.0,284909
284912,ACR0543,2020,71885.0,284913
284915,ACR0546,2020,10640.0,284916
284916,ACR0547,2020,56697.0,284917
284919,ACR0550,2020,59364.0,284920
284921,ACR0552,2020,105885.0,284922
284925,ACR0556,2020,529192.0,284926
284926,ACR0557,2020,189916.0,284927
284929,ACR0561,2020,101273.0,284930
284938,ACR0573,2020,83702.0,284939
284941,ACR0577,2020,80326.0,284942
284946,ACR0582,2020,56334.0,284947
284947,ACR0583,2020,23045.0,284948
285579,CAR400,2020,395850.0,285580
285582,CAR406,2020,47365.0,285583
285587,CAR416,2020,13882.0,285588
285598,CAR435,2020,91420.0,285599
285599,CAR436,2020,66395.0,285600
285605,CAR444,2020,85846.0,285606
285620,CAR465,2020,21599.0,285621
285626,CAR473,2020,93422.0,285627
285628,CAR475,2020,126266.0,285629
285643,CAR491,2020,23710.0,285644
285644,CAR495,2020,46531.0,285645
285646,CAR497,2020,7074.0,285647
285661,CAR517,2020,34980.0,285662
285662,CAR521,2020,132276.0,285663
285664,CAR531,2020,20837.0,285665
285669,CAR545,2020,209787.0,285670
285677,CAR575,2020,4071.0,285678
285686,CAR592,2020,26095.0,285687
285699,CAR621,2020,146875.0,285700
285700,CAR627,2020,31094.0,285701
285705,CAR635,2020,229880.0,285706
285706,CAR639,2020,467202.0,285707
285709,CAR646,2020,6921.0,285710
285714,CAR659,2020,11591.0,285715
285717,CAR672,2020,18441.0,285718
285718,CAR674,2020,307731.0,285719
285723,CAR688,2020,4664.0,285724
285725,CAR694,2020,3496.0,285726
285734,CAR768,2020,302098.0,285735
285736,CAR772,2020,8356.0,285737
285745,CAR785,2020,132506.0,285746
285747,CAR790,2020,83545.0,285748
285754,CAR802,2020,4563.0,285755
285758,CAR807,2020,21075.0,285759
285759,CAR811,2020,97208.0,285760
285764,CAR817,2020,28407.0,285765
285766,CAR822,2020,11822.0,285767
285777,CAR838,2020,83348.0,285778
285780,CAR844,2020,12660.0,285781
285785,CAR880,2020,60093.0,285786
285786,CAR881,2020,28839.0,285787
285790,CAR887,2020,43122.0,285791
285791,CAR888,2020,32385.0,285792
285798,CAR911,2020,27850.0,285799
285799,CAR917,2020,60511.0,285800
285803,CAR935,2020,8119.0,285804
285828,CAR988,2020,13713.0,285829
285835,CAR996,2020,19032.0,285836
285845,CAR1008,2020,18159.0,285846
285850,CAR1013,2020,101395.0,285851
285852,CAR1015,2020,44443.0,285853
285855,CAR1019,2020,12166.0,285856
285861,CAR1027,2020,141930.0,285862
285865,CAR1033,2020,5186.0,285866
285866,CAR1035,2020,18657.0,285867
285875,CAR1050,2020,53860.0,285876
285877,CAR1055,2020,10392.0,285878
285879,CAR1057,2020,7463.0,285880
285880,CAR1058,2020,13253.0,285881
285883,CAR1063,2020,94078.0,285884
285890,CAR1070,2020,136406.0,285891
285901,CAR1083,2020,16679.0,285902
285913,CAR1095,2020,73862.0,285914
285914,CAR1096,2020,9035.0,285915
285916,CAR1098,2020,110461.0,285917
285917,CAR1099,2020,57295.0,285918
285918,CAR1100,2020,58837.0,285919
285922,CAR1104,2020,22880.0,285923
285923,CAR1105,2020,193290.0,285924
285924,CAR1106,2020,17016.0,285925
285925,CAR1108,2020,19362.0,285926
285926,CAR1109,2020,7616.0,285927
285945,CAR1128,2020,6501.0,285946
285951,CAR1135,2020,16872.0,285952
285952,CAR1136,2020,50107.0,285953
285954,CAR1138,2020,29482.0,285955
285955,CAR1139,2020,418384.0,285956
285959,CAR1143,2020,15789.0,285960
285963,CAR1147,2020,71719.0,285964
285964,CAR1151,2020,11888.0,285965
285966,CAR1153,2020,11739.0,285967
285967,CAR1154,2020,14790.0,285968
285968,CAR1155,2020,23428.0,285969
285969,CAR1156,2020,685.0,285970
285972,CAR1159,2020,41788.0,285973
285973,CAR1160,2020,22607.0,285974
285975,CAR1162,2020,627.0,285976
285982,CAR1169,2020,75488.0,285983
285987,CAR1175,2020,259612.0,285988
285992,CAR1180,2020,67556.0,285993
285996,CAR1184,2020,11332.0,285997
286008,CAR1197,2020,78691.0,286009
286015,CAR1205,2020,2523876.0,286016
286018,CAR1208,2020,521086.0,286019
286023,CAR1213,2020,19795.0,286024
286025,CAR1215,2020,121165.0,286026
286027,CAR1217,2020,6589.0,286028
286036,CAR1237,2020,3774.0,286037
286037,CAR1238,2020,12511.0,286038
286044,CAR1245,2020,2842.0,286045
286046,CAR1247,2020,11888.0,286047
286052,CAR1253,2020,13376.0,286053
286054,CAR1257,2020,91631.0,286055
286058,CAR1261,2020,9512.0,286059
286061,CAR1264,2020,6386504.0,286062
286062,CAR1265,2020,41346.0,286063
286069,CAR1274,2020,13637.0,286070
286077,CAR1282,2020,6332.0,286078
286078,CAR1283,2020,6845.0,286079
286080,CAR1285,2020,6255.0,286081
286083,CAR1288,2020,21734.0,286084
286086,CAR1291,2020,33561.0,286087
286089,CAR1294,2020,14632.0,286090
286093,CAR1298,2020,23301.0,286094
286094,CAR1299,2020,4869.0,286095
286106,CAR1313,2020,370976.0,286107
286107,CAR1314,2020,1409512.0,286108
286108,CAR1315,2020,24654.0,286109
286109,CAR1316,2020,16994.0,286110
286110,CAR1317,2020,19752.0,286111
286113,CAR1321,2020,2040.0,286114
286119,CAR1328,2020,611.0,286120
286120,CAR1329,2020,445192.0,286121
286126,CAR1335,2020,355684.0,286127
286128,CAR1337,2020,10562.0,286129
286129,CAR1339,2020,2430904.0,286130
286130,CAR1340,2020,20517.0,286131
286155,CAR1368,2020,397099.0,286156
286156,CAR1372,2020,98685.0,286157
286160,CAR1376,2020,96280.0,286161
286161,CAR1377,2020,1887.0,286162
286170,CAR1387,2020,10534.0,286171
286171,CAR1388,2020,13288.0,286172
286174,CAR1392,2020,9127.0,286175
286176,CAR1396,2020,3476.0,286177
286179,CAR1401,2020,119156.0,286180
286189,CAR1412,2020,24304.0,286190
286190,CAR1413,2020,87667.0,286191
286194,CAR1425,2020,1363.0,286195
286205,CAR1441,2020,78211.0,286206
286862,GS352,2020,117609.0,286863
286874,GS395,2020,34208.0,286875
286876,GS398,2020,1323423.0,286877
286880,GS407,2020,848659.0,286881
286882,GS411,2020,11848.0,286883
286889,GS423,2020,4086.0,286890
286896,GS441,2020,61894.0,286897
286898,GS447,2020,761760.0,286899
286906,GS464,2020,312511.0,286907
286909,GS472,2020,193044.0,286910
286918,GS504,2020,435983.0,286919
286931,GS560,2020,130629.0,286932
286934,GS566,2020,97762.0,286935
286935,GS567,2020,110843.0,286936
286947,GS601,2020,40631.0,286948
286950,GS608,2020,419842.0,286951
286953,GS612,2020,75243.0,286954
286958,GS617,2020,328879.0,286959
286966,GS634,2020,54457.0,286967
286982,GS666,2020,19983.0,286983
286983,GS670,2020,49141.0,286984
286988,GS683,2020,119490.0,286989
286997,GS707,2020,2490963.0,286998
287002,GS716,2020,14291.0,287003
287015,GS748,2020,3362.0,287016
287017,GS750,2020,98181.0,287018
287018,GS751,2020,62440.0,287019
287023,GS765,2020,29868.0,287024
287024,GS768,2020,49560.0,287025
287025,GS769,2020,379678.0,287026
287059,GS835,2020,14216.0,287060
287071,GS854,2020,110982.0,287072
287072,GS858,2020,70671.0,287073
287088,GS879,2020,276173.0,287089
287103,GS913,2020,26239.0,287104
287107,GS922,2020,28992.0,287108
287115,GS935,2020,288074.0,287116
287119,GS947,2020,120867.0,287120
287121,GS950,2020,192477.0,287122
287152,GS1001,2020,311095.0,287153
287160,GS1015,2020,72254.0,287161
287163,GS1018,2020,67878.0,287164
287164,GS1020,2020,90993.0,287165
287165,GS1021,2020,68820.0,287166
287172,GS1028,2020,5921.0,287173
287177,GS1033,2020,13622.0,287178
287196,GS1060,2020,44770.0,287197
287201,GS1067,2020,325412.0,287202
287209,GS1078,2020,43422.0,287210
287211,GS1083,2020,709192.0,287212
287215,GS1091,2020,154226.0,287216
287222,GS1098,2020,8730.0,287223
287223,GS1100,2020,7527.0,287224
287224,GS1101,2020,9223.0,287225
287226,GS1103,2020,9108.0,287227
287227,GS1104,2020,8268.0,287228
287235,GS1117,2020,61235.0,287236
287240,GS1128,2020,39160.0,287241
287249,GS1147,2020,3958.0,287250
287252,GS1162,2020,13012.0,287253
287259,GS1173,2020,41352.0,287260
287260,GS1174,2020,50416.0,287261
287269,GS1190,2020,240645.0,287270
287270,GS1191,2020,6696.0,287271
287275,GS1199,2020,20109.0,287276
287284,GS1208,2020,67487.0,287285
287287,GS1221,2020,3885.0,287288
287293,GS1228,2020,94254.0,287294
287295,GS1230,2020,38734.0,287296
287300,GS1237,2020,148414.0,287301
287310,GS1248,2020,10200.0,287311
287311,GS1249,2020,872.0,287312
287313,GS1253,2020,78414.0,287314
287316,GS1267,2020,18692.0,287317
287320,GS1288,2020,4213.0,287321
287324,GS1294,2020,10000.0,287325
287325,GS1295,2020,2381.0,287326
287326,GS1296,2020,4958.0,287327
287331,GS1303,2020,87138.0,287332
287332,GS1304,2020,1040.0,287333
287347,GS1321,2020,196494.0,287348
287355,GS1332,2020,10000.0,287356
287357,GS1334,2020,4808.0,287358
287366,GS1347,2020,76446.0,287367
287368,GS1350,2020,80558.0,287369
287370,GS1352,2020,14427.0,287371
287371,GS1353,2020,11783.0,287372
287377,GS1364,2020,70326.0,287378
287381,GS1368,2020,201607.0,287382
287389,GS1378,2020,102140.0,287390
287391,GS1382,2020,119491.0,287392
287392,GS1383,2020,115715.0,287393
287397,GS1588,2020,103140.0,287398
287402,GS1693,2020,19344.0,287403
287403,GS1694,2020,19344.0,287404
287404,GS1695,2020,19344.0,287405
287405,GS1696,2020,19344.0,287406
287406,GS1697,2020,19344.0,287407
287407,GS1698,2020,19344.0,287408
287408,GS1699,2020,19344.0,287409
287409,GS1700,2020,19344.0,287410
287410,GS1701,2020,19344.0,287411
287411,GS1702,2020,18573.0,287412
287412,GS1703,2020,18573.0,287413
287413,GS1704,2020,18573.0,287414
287414,GS1705,2020,18573.0,287415
287415,GS1706,2020,18573.0,287416
287416,GS1707,2020,18573.0,287417
287417,GS1708,2020,18573.0,287418
287418,GS1709,2020,18573.0,287419
287419,GS1710,2020,18573.0,287420
287420,GS1711,2020,18573.0,287421
287421,GS1712,2020,18573.0,287422
287422,GS1713,2020,18573.0,287423
287423,GS1714,2020,18573.0,287424
287424,GS1715,2020,18573.0,287425
287425,GS1716,2020,18573.0,287426
287426,GS1717,2020,18573.0,287427
287427,GS1718,2020,18573.0,287428
287428,GS1719,2020,18573.0,287429
287429,GS1720,2020,18573.0,287430
287430,GS1721,2020,18573.0,287431
287431,GS1722,2020,18573.0,287432
287432,GS1723,2020,18573.0,287433
287433,GS1724,2020,18573.0,287434
287434,GS1725,2020,18573.0,287435
287435,GS1726,2020,18949.0,287436
287436,GS1727,2020,18573.0,287437
287437,GS1728,2020,18573.0,287438
287439,GS1730,2020,18573.0,287440
287440,GS1731,2020,18573.0,287441
287441,GS1732,2020,18573.0,287442
287442,GS1733,2020,18573.0,287443
287443,GS1734,2020,18573.0,287444
287444,GS1735,2020,18573.0,287445
287445,GS1736,2020,18573.0,287446
287446,GS1737,2020,18573.0,287447
287447,GS1738,2020,18573.0,287448
287448,GS1739,2020,19344.0,287449
287449,GS1740,2020,19344.0,287450
287450,GS1741,2020,19344.0,287451
287451,GS1742,2020,18573.0,287452
287452,GS1743,2020,18573.0,287453
287453,GS1744,2020,16221.0,287454
287454,GS1745,2020,18804.0,287455
287465,GS2094,2020,174889.0,287466
287466,GS2095,2020,58222.0,287467
287480,GS2300,2020,20455.0,287481
287512,GS2437,2020,11455.0,287513
287530,GS2464,2020,60443.0,287531
287535,GS2475,2020,71983.0,287536
287539,GS2479,2020,2842.0,287540
287540,GS2480,2020,2436.0,287541
287541,GS2481,2020,4061.0,287542
287543,GS2483,2020,62222.0,287544
287554,GS2499,2020,308735.0,287555
287556,GS2501,2020,129785.0,287557
287569,GS2519,2020,44313.0,287570
287570,GS2520,2020,19649.0,287571
287574,GS2528,2020,20000.0,287575
287580,GS2539,2020,46003.0,287581
287581,GS2540,2020,17926.0,287582
287584,GS2543,2020,99043.0,287585
287586,GS2545,2020,241851.0,287587
287587,GS2546,2020,205014.0,287588
287593,GS2564,2020,9154.0,287594
287595,GS2566,2020,18573.0,287596
287596,GS2567,2020,18573.0,287597
287597,GS2568,2020,18573.0,287598
287598,GS2569,2020,18573.0,287599
287599,GS2570,2020,18573.0,287600
287600,GS2571,2020,18573.0,287601
287601,GS2572,2020,18573.0,287602
287602,GS2573,2020,18573.0,287603
287603,GS2574,2020,18573.0,287604
287604,GS2575,2020,18573.0,287605
287605,GS2576,2020,18573.0,287606
287606,GS2577,2020,19344.0,287607
287607,GS2578,2020,19344.0,287608
287608,GS2579,2020,18573.0,287609
287609,GS2580,2020,18438.0,287610
287610,GS2581,2020,18573.0,287611
287611,GS2582,2020,18573.0,287612
287612,GS2583,2020,18601.0,287613
287613,GS2584,2020,18928.0,287614
287614,GS2585,2020,13772.0,287615
287621,GS2640,2020,98187.0,287622
287625,GS2644,2020,178608.0,287626
287632,GS2664,2020,196578.0,287633
287633,GS2665,2020,202746.0,287634
287655,GS2707,2020,73012.0,287656
287657,GS2711,2020,55112.0,287658
287658,GS2712,2020,49388.0,287659
287659,GS2713,2020,36281.0,287660
287660,GS2714,2020,42530.0,287661
287661,GS2715,2020,142913.0,287662
287666,GS2744,2020,16467.0,287667
287670,GS2758,2020,275890.0,287671
287673,GS2765,2020,884.0,287674
287678,GS2891,2020,16199.0,287679
287679,GS2892,2020,16330.0,287680
287680,GS2893,2020,15454.0,287681
287681,GS2894,2020,16044.0,287682
287683,GS2896,2020,10876.0,287684
287684,GS2898,2020,484033.0,287685
287688,GS2940,2020,607650.0,287689
287690,GS2990,2020,20502.0,287691
287698,GS3023,2020,1379.0,287699
287699,GS3024,2020,10000.0,287700
287709,GS3072,2020,141827.0,287710
287710,GS3077,2020,84008.0,287711
287715,GS3105,2020,10000.0,287716
287716,GS3106,2020,10000.0,287717
287717,GS3107,2020,10000.0,287718
287718,GS3108,2020,10000.0,287719
287719,GS3109,2020,78727.0,287720
287722,GS3113,2020,91458.0,287723
287723,GS3114,2020,83252.0,287724
287725,GS3116,2020,89017.0,287726
287730,GS3253,2020,364902.0,287731
287736,GS3262,2020,12923.0,287737
287738,GS3267,2020,5188.0,287739
287740,GS3306,2020,2744.0,287741
287760,GS3372,2020,53837.0,287761
287764,GS3379,2020,205982.0,287765
287775,GS3422,2020,7180.0,287776
287779,GS3430,2020,2744.0,287780
287780,GS3431,2020,2744.0,287781
287781,GS3432,2020,2744.0,287782
287782,GS3433,2020,2632.0,287783
287783,GS3434,2020,344042.0,287784
287784,GS3443,2020,11671.0,287785
287785,GS3444,2020,16144.0,287786
287786,GS3445,2020,11675.0,287787
287787,GS3446,2020,16044.0,287788
287788,GS3447,2020,16275.0,287789
287789,GS3448,2020,16350.0,287790
287790,GS3449,2020,15750.0,287791
287791,GS3450,2020,16285.0,287792
287792,GS3451,2020,16078.0,287793
287799,GS3493,2020,232140.0,287800
287801,GS3509,2020,20000.0,287802
287803,GS3511,2020,148008.0,287804
287820,GS3547,2020,194518.0,287821
287821,GS3551,2020,216328.0,287822
287825,GS3560,2020,9135.0,287826
287826,GS3561,2020,10000.0,287827
287827,GS3563,2020,11671.0,287828
287828,GS3564,2020,11671.0,287829
287830,GS3566,2020,96838.0,287831
287833,GS3588,2020,19344.0,287834
287834,GS3589,2020,18573.0,287835
287835,GS3590,2020,18949.0,287836
287836,GS3591,2020,18573.0,287837
287837,GS3592,2020,18573.0,287838
287838,GS3593,2020,18573.0,287839
287839,GS3594,2020,18573.0,287840
287840,GS3595,2020,18573.0,287841
287841,GS3596,2020,16634.0,287842
287842,GS3597,2020,18615.0,287843
287843,GS3598,2020,19207.0,287844
287844,GS3599,2020,18573.0,287845
287845,GS3600,2020,18733.0,287846
287846,GS3601,2020,19054.0,287847
287853,GS3626,2020,3257.0,287854
287860,GS3705,2020,73133.0,287861
287866,GS3906,2020,14496.0,287867
287871,GS3945,2020,16307.0,287872
287873,GS3947,2020,16099.0,287874
287882,GS3965,2020,47793.0,287883
287884,GS3969,2020,320672.0,287885
287888,GS3976,2020,258764.0,287889
287893,GS4036,2020,13016.0,287894
287899,GS4195,2020,58512.0,287900
287901,GS4202,2020,3426.0,287902
287902,GS4203,2020,3292.0,287903
287903,GS4205,2020,9222.0,287904
287908,GS4220,2020,12501.0,287909
287909,GS4221,2020,510331.0,287910
287912,GS4238,2020,176841.0,287913
287917,GS4259,2020,45605.0,287918
287918,GS4260,2020,2436.0,287919
287919,GS4261,2020,42259.0,287920
287920,GS4264,2020,219593.0,287921
287923,GS4269,2020,14555.0,287924
287924,GS4270,2020,12152.0,287925
287928,GS4288,2020,18486.0,287929
287934,GS4364,2020,8457.0,287935
287948,GS4383,2020,16016.0,287949
287950,GS4385,2020,15892.0,287951
287967,GS4422,2020,10000.0,287968
287968,GS4423,2020,10000.0,287969
287970,GS4425,2020,79709.0,287971
287980,GS4518,2020,10000.0,287981
287981,GS4519,2020,10000.0,287982
287982,GS4530,2020,17042.0,287983
287993,GS4553,2020,11671.0,287994
287994,GS4557,2020,353498.0,287995
287999,GS4593,2020,6185.0,288000
288000,GS4596,2020,18700.0,288001
288003,GS4603,2020,100000.0,288004
288015,GS4702,2020,19404.0,288016
288019,GS4797,2020,10000.0,288020
288020,GS4798,2020,10000.0,288021
288021,GS4799,2020,42215.0,288022
288033,GS4897,2020,10000.0,288034
288034,GS4898,2020,10000.0,288035
288035,GS4899,2020,9807.0,288036
288036,GS4900,2020,9860.0,288037
288037,GS4901,2020,10000.0,288038
288039,GS4906,2020,8882.0,288040
288046,GS5003,2020,165127.0,288047
288050,GS5012,2020,18655.0,288051
288056,GS5033,2020,10000.0,288057
288057,GS5034,2020,10000.0,288058
288058,GS5035,2020,10000.0,288059
288059,GS5036,2020,10000.0,288060
288061,GS5038,2020,16450.0,288062
288062,GS5039,2020,16554.0,288063
288063,GS5040,2020,16190.0,288064
288064,GS5041,2020,16681.0,288065
288065,GS5042,2020,16827.0,288066
288066,GS5043,2020,16798.0,288067
288071,GS5064,2020,58004.0,288072
288075,GS5099,2020,62903.0,288076
288076,GS5106,2020,3360.0,288077
288081,GS5186,2020,3322.0,288082
288082,GS5187,2020,3013.0,288083
288083,GS5188,2020,3046.0,288084
288084,GS5189,2020,2296.0,288085
288085,GS5190,2020,1869.0,288086
288086,GS5191,2020,3062.0,288087
288087,GS5192,2020,4001.0,288088
288088,GS5193,2020,3168.0,288089
288089,GS5194,2020,2652.0,288090
288090,GS5195,2020,1530.0,288091
288091,GS5196,2020,2645.0,288092
288092,GS5197,2020,3034.0,288093
288096,GS5228,2020,42250.0,288097
288097,GS5229,2020,127325.0,288098
288098,GS5230,2020,10000.0,288099
288099,GS5244,2020,10000.0,288100
288100,GS5245,2020,10000.0,288101
288102,GS5257,2020,116171.0,288103
288104,GS5303,2020,7248.0,288105
288115,GS5322,2020,1565.0,288116
288116,GS5323,2020,1552.0,288117
288117,GS5324,2020,1565.0,288118
288118,GS5325,2020,18238.0,288119
288119,GS5326,2020,18238.0,288120
288120,GS5329,2020,10000.0,288121
288121,GS5330,2020,10000.0,288122
288122,GS5331,2020,10000.0,288123
288123,GS5332,2020,10000.0,288124
288124,GS5335,2020,10000.0,288125
288125,GS5336,2020,10000.0,288126
288126,GS5337,2020,10000.0,288127
288127,GS5338,2020,10000.0,288128
288128,GS5339,2020,10000.0,288129
288129,GS5340,2020,10000.0,288130
288130,GS5341,2020,10000.0,288131
288131,GS5342,2020,10000.0,288132
288132,GS5343,2020,10000.0,288133
288133,GS5344,2020,10000.0,288134
288138,GS5391,2020,26313.0,288139
288139,GS5392,2020,10000.0,288140
288140,GS5393,2020,10000.0,288141
288141,GS5394,2020,9830.0,288142
288142,GS5395,2020,10000.0,288143
288143,GS5396,2020,9917.0,288144
288146,GS5417,2020,95775.0,288147
288147,GS5418,2020,58033.0,288148
288148,GS5434,2020,12181.0,288149
288149,GS5437,2020,10000.0,288150
288150,GS5438,2020,10000.0,288151
288151,GS5439,2020,10000.0,288152
288152,GS5440,2020,10000.0,288153
288153,GS5441,2020,10000.0,288154
288156,GS5444,2020,10000.0,288157
288158,GS5463,2020,25302.0,288159
288159,GS5519,2020,231395.0,288160
288160,GS5523,2020,266846.0,288161
288169,GS5618,2020,224018.0,288170
288173,GS5634,2020,8933.0,288174
288174,GS5635,2020,8947.0,288175
288175,GS5636,2020,8831.0,288176
288176,GS5637,2020,8898.0,288177
288178,GS5642,2020,428427.0,288179
288179,GS5643,2020,16251.0,288180
288185,GS5662,2020,3249.0,288186
288191,GS5780,2020,1021.0,288192
288192,GS5781,2020,13541.0,288193
288193,GS5782,2020,13541.0,288194
288194,GS5783,2020,14593.0,288195
288201,GS5825,2020,20198.0,288202
288202,GS5826,2020,19980.0,288203
288203,GS5827,2020,20656.0,288204
288212,GS5866,2020,132305.0,288213
288216,GS5889,2020,702.0,288217
288217,GS5890,2020,6635.0,288218
288218,GS5891,2020,1926.0,288219
288219,GS5892,2020,8482.0,288220
288223,GS5928,2020,314078.0,288224
288225,GS5951,2020,9675.0,288226
288226,GS5952,2020,9842.0,288227
288227,GS5953,2020,9561.0,288228
288228,GS5954,2020,9833.0,288229
288229,GS5955,2020,9755.0,288230
288240,GS6037,2020,1565.0,288241
288241,GS6038,2020,1565.0,288242
288247,GS6050,2020,6083.0,288248
288262,GS6101,2020,17545.0,288263
288271,GS6129,2020,8099.0,288272
288275,GS6152,2020,6770.0,288276
288276,GS6155,2020,23834.0,288277
288277,GS6189,2020,8301.0,288278
288279,GS6212,2020,39340.0,288280
288280,GS6235,2020,11387.0,288281
288281,GS6236,2020,11329.0,288282
288282,GS6237,2020,11379.0,288283
288284,GS6256,2020,15448.0,288285
288285,GS6264,2020,27986.0,288286
288288,GS6275,2020,45039.0,288289
288292,GS6290,2020,351616.0,288293
288293,GS6301,2020,56229.0,288294
288295,GS6338,2020,7217.0,288296
288296,GS6344,2020,6683.0,288297
288297,GS6349,2020,3057.0,288298
288298,GS6350,2020,3020.0,288299
288299,GS6351,2020,2941.0,288300
288301,GS6393,2020,76302.0,288302
288302,GS6394,2020,78186.0,288303
288305,GS6411,2020,81178.0,288306
288310,GS6444,2020,18614.0,288311
288311,GS6445,2020,17922.0,288312
288312,GS6460,2020,174.0,288313
288313,GS6498,2020,117494.0,288314
288324,GS6566,2020,12463.0,288325
288327,GS6597,2020,20177.0,288328
288328,GS6598,2020,7194.0,288329
288329,GS6599,2020,7905.0,288330
288330,GS6600,2020,8924.0,288331
288331,GS6604,2020,26423.0,288332
288332,GS6607,2020,113490.0,288333
288334,GS6747,2020,155950.0,288335
288335,GS6748,2020,195018.0,288336
288339,GS6752,2020,10000.0,288340
288343,GS6783,2020,15020.0,288344
288344,GS6784,2020,15803.0,288345
288345,GS6786,2020,3228.0,288346
288346,GS6787,2020,2194.0,288347
288347,GS6788,2020,2744.0,288348
288348,GS6789,2020,2744.0,288349
288349,GS6790,2020,2656.0,288350
288351,GS6830,2020,2178.0,288352
288354,GS6836,2020,16520.0,288355
288355,GS6837,2020,10000.0,288356
288356,GS6838,2020,10000.0,288357
288361,GS6856,2020,22621.0,288362
288362,GS6857,2020,26513.0,288363
288363,GS6858,2020,69471.0,288364
288364,GS6861,2020,9862.0,288365
288369,GS6998,2020,2948.0,288370
288370,GS6999,2020,76503.0,288371
288372,GS7049,2020,1000.0,288373
288373,GS7071,2020,608592.0,288374
288377,GS7090,2020,14165.0,288378
288381,GS7128,2020,10535.0,288382
288382,GS7129,2020,11055.0,288383
288383,GS7130,2020,10623.0,288384
288384,GS7131,2020,10395.0,288385
288395,GS7147,2020,8301.0,288396
288396,GS7148,2020,8301.0,288397
288397,GS7149,2020,8301.0,288398
288398,GS7150,2020,8301.0,288399
288400,GS7152,2020,524227.0,288401
288404,GS7287,2020,1347.0,288405
288405,GS7288,2020,1475.0,288406
288406,GS7289,2020,1521.0,288407
288407,GS7290,2020,1759.0,288408
288408,GS7291,2020,1491.0,288409
288409,GS7292,2020,1616.0,288410
288410,GS7293,2020,11679.0,288411
288412,GS7311,2020,9781.0,288413
288413,GS7312,2020,708258.0,288414
288416,GS7330,2020,16000.0,288417
288417,GS7331,2020,16000.0,288418
288418,GS7332,2020,16000.0,288419
288419,GS7333,2020,16000.0,288420
288420,GS7334,2020,16000.0,288421
288421,GS7335,2020,16000.0,288422
288422,GS7336,2020,16000.0,288423
288423,GS7343,2020,7597.0,288424
288428,GS7362,2020,2576.0,288429
288429,GS7363,2020,2569.0,288430
288430,GS7364,2020,2595.0,288431
288431,GS7365,2020,1767.0,288432
288432,GS7366,2020,1929.0,288433
288433,GS7367,2020,9534.0,288434
288434,GS7368,2020,9616.0,288435
288435,GS7369,2020,7699.0,288436
288436,GS7370,2020,7671.0,288437
288437,GS7371,2020,7589.0,288438
288438,GS7372,2020,7616.0,288439
288439,GS7391,2020,7769.0,288440
288442,GS7394,2020,9426.0,288443
288443,GS7395,2020,1299.0,288444
288444,GS7396,2020,1299.0,288445
288445,GS7397,2020,1299.0,288446
288446,GS7398,2020,1299.0,288447
288447,GS7399,2020,1299.0,288448
288448,GS7400,2020,1299.0,288449
288449,GS7401,2020,1280.0,288450
288454,GS7437,2020,4288.0,288455
288459,GS7448,2020,5358.0,288460
288460,GS7449,2020,3016.0,288461
288461,GS7450,2020,8630.0,288462
288462,GS7451,2020,3073.0,288463
288463,GS7452,2020,2168.0,288464
288475,GS7465,2020,8699.0,288476
288476,GS7466,2020,25556.0,288477
288477,GS7467,2020,24101.0,288478
288478,GS7468,2020,487922.0,288479
288503,GS7493,2020,20295.0,288504
288507,GS7498,2020,21662.0,288508
288512,GS7504,2020,16051.0,288513
288513,GS7505,2020,56536.0,288514
288514,GS7506,2020,11762.0,288515
288515,GS7507,2020,2025.0,288516
288516,GS7508,2020,133512.0,288517
288517,GS7509,2020,40943.0,288518
288518,GS7510,2020,51078.0,288519
288519,GS7512,2020,7234.0,288520
288531,GS7524,2020,6210.0,288532
288545,GS7539,2020,8457.0,288546
288581,GS7576,2020,52704.0,288582
288609,GS7604,2020,124661.0,288610
288610,GS7605,2020,121337.0,288611
288611,GS7606,2020,125723.0,288612
288777,GS10220,2020,104067.0,288778
288785,GS10459,2020,500.0,288786
288791,GS10656,2020,104978.0,288792
288795,GS10661,2020,104822.0,288796
288796,GS10662,2020,140236.0,288797
288890,GS10830,2020,7500.0,288891
291119,VCS5,2020,46254.0,291120
291165,VCS53,2020,69892.0,291166
291166,VCS54,2020,36801.0,291167
291203,VCS92,2020,3786364.0,291204
291204,VCS93,2020,500052.0,291205
291222,VCS111,2020,77232.0,291223
291247,VCS138,2020,66545.0,291248
291253,VCS144,2020,174095.0,291254
291370,VCS264,2020,179094.0,291371
291374,VCS268,2020,23145.0,291375
291387,VCS281,2020,28310.0,291388
291394,VCS288,2020,258920.0,291395
291396,VCS290,2020,35245.0,291397
291398,VCS292,2020,855219.0,291399
291437,VCS332,2020,15521.0,291438
291440,VCS335,2020,253014.0,291441
291458,VCS353,2020,14114.0,291459
291459,VCS354,2020,20838.0,291460
291475,VCS370,2020,53079.0,291476
291485,VCS380,2020,67290.0,291486
291486,VCS381,2020,8787.0,291487
291496,VCS391,2020,913269.0,291497
291508,VCS403,2020,295452.0,291509
291516,VCS411,2020,27243.0,291517
291517,VCS412,2020,218084.0,291518
291521,VCS416,2020,122799.0,291522
291522,VCS417,2020,84774.0,291523
291531,VCS426,2020,104426.0,291532
291532,VCS427,2020,59091.0,291533
291533,VCS428,2020,56968.0,291534
291535,VCS430,2020,46757.0,291536
291543,VCS438,2020,706796.0,291544
291546,VCS441,2020,56152.0,291547
291553,VCS448,2020,41115.0,291554
291555,VCS450,2020,14333.0,291556
291560,VCS455,2020,3862.0,291561
291573,VCS468,2020,212830.0,291574
291592,VCS487,2020,477279.0,291593
291593,VCS488,2020,87556.0,291594
291594,VCS489,2020,113667.0,291595
291618,VCS513,2020,1980116.0,291619
291640,VCS535,2020,256043.0,291641
291642,VCS537,2020,277832.0,291643
291663,VCS558,2020,24636.0,291664
291667,VCS562,2020,428212.0,291668
291703,VCS598,2020,65908.0,291704
291712,VCS607,2020,559259.0,291713
291717,VCS612,2020,2821304.0,291718
291723,VCS618,2020,131848.0,291724
291745,VCS640,2020,82989.0,291746
291770,VCS665,2020,258975.0,291771
291771,VCS666,2020,89572.0,291772
291779,VCS674,2020,3403066.0,291780
291787,VCS682,2020,139623.0,291788
291798,VCS693,2020,59421.0,291799
291802,VCS697,2020,149617.0,291803
291805,VCS700,2020,30308.0,291806
291806,VCS701,2020,25949.0,291807
291811,VCS706,2020,66481.0,291812
291821,VCS717,2020,413955.0,291822
291826,VCS722,2020,261496.0,291827
291831,VCS727,2020,513731.0,291832
291832,VCS728,2020,641798.0,291833
291840,VCS736,2020,166378.0,291841
291844,VCS740,2020,438210.0,291845
291859,VCS756,2020,444562.0,291860
291883,VCS780,2020,222228.0,291884
291887,VCS784,2020,67158.0,291888
291889,VCS786,2020,1599803.0,291890
291893,VCS790,2020,47855.0,291894
291894,VCS791,2020,32811.0,291895
291899,VCS796,2020,218138.0,291900
291902,VCS799,2020,226201.0,291903
291911,VCS808,2020,643046.0,291912
291917,VCS814,2020,635607.0,291918
291927,VCS824,2020,138235.0,291928
291928,VCS825,2020,69023.0,291929
291937,VCS834,2020,70540.0,291938
291938,VCS835,2020,75958.0,291939
291947,VCS844,2020,833007.0,291948
291953,VCS850,2020,122925.0,291954
291971,VCS868,2020,5316198.0,291972
291979,VCS876,2020,32164.0,291980
291982,VCS879,2020,61674.0,291983
291995,VCS892,2020,1566806.0,291996
292005,VCS902,2020,9059054.0,292006
292006,VCS903,2020,2021522.0,292007
292013,VCS910,2020,192532.0,292014
292023,VCS920,2020,267736.0,292024
292032,VCS929,2020,1009874.0,292033
292050,VCS947,2020,141913.0,292051
292059,VCS956,2020,6390.0,292060
292062,VCS959,2020,187889.0,292063
292063,VCS960,2020,2624256.0,292064
292078,VCS975,2020,102459.0,292079
292080,VCS977,2020,2857639.0,292081
292084,VCS981,2020,3171649.0,292085
292085,VCS982,2020,1407860.0,292086
292096,VCS993,2020,111073.0,292097
292104,VCS1001,2020,163963.0,292105
292134,VCS1032,2020,214696.0,292135
292183,VCS1081,2020,52311.0,292184
292191,VCS1089,2020,20801.0,292192
292192,VCS1090,2020,180835.0,292193
292196,VCS1094,2020,177983.0,292197
292214,VCS1112,2020,538080.0,292215
292215,VCS1113,2020,371012.0,292216
292228,VCS1126,2020,806163.0,292229
292242,VCS1140,2020,80804.0,292243
292244,VCS1142,2020,6446.0,292245
292246,VCS1144,2020,10504.0,292247
292249,VCS1147,2020,182347.0,292250
292263,VCS1162,2020,54843.0,292264
292264,VCS1163,2020,82810.0,292265
292269,VCS1168,2020,1000001.0,292270
292286,VCS1185,2020,33673.0,292287
292301,VCS1200,2020,282346.0,292302
292303,VCS1202,2020,209106.0,292304
292305,VCS1204,2020,811737.0,292306
292310,VCS1209,2020,69440.0,292311
292311,VCS1210,2020,56223.0,292312
292312,VCS1211,2020,73490.0,292313
292317,VCS1216,2020,154217.0,292318
292321,VCS1220,2020,157077.0,292322
292334,VCS1233,2020,211765.0,292335
292339,VCS1238,2020,95539.0,292340
292358,VCS1257,2020,438620.0,292359
292359,VCS1258,2020,355824.0,292360
292365,VCS1264,2020,124918.0,292366
292387,VCS1286,2020,23537.0,292388
292390,VCS1289,2020,126103.0,292391
292401,VCS1301,2020,557798.0,292402
292410,VCS1310,2020,700322.0,292411
292415,VCS1315,2020,121083.0,292416
292419,VCS1319,2020,16219.0,292420
292429,VCS1329,2020,70257.0,292430
292437,VCS1337,2020,92164.0,292438
292440,VCS1340,2020,3468965.0,292441
292452,VCS1352,2020,354537.0,292453
292453,VCS1353,2020,2204842.0,292454
292454,VCS1354,2020,56096.0,292455
292455,VCS1355,2020,30232.0,292456
292456,VCS1356,2020,352446.0,292457
292460,VCS1360,2020,321623.0,292461
292462,VCS1362,2020,201882.0,292463
292464,VCS1364,2020,87372.0,292465
292467,VCS1367,2020,51467.0,292468
292477,VCS1377,2020,16109.0,292478
292482,VCS1382,2020,5021562.0,292483
292486,VCS1386,2020,52447.0,292487
292489,VCS1389,2020,463088.0,292490
292492,VCS1392,2020,110681.0,292493
292500,VCS1400,2020,132264.0,292501
292506,VCS1406,2020,549946.0,292507
292508,VCS1408,2020,619404.0,292509
292513,VCS1413,2020,151106.0,292514
292518,VCS1418,2020,74871.0,292519
292523,VCS1423,2020,270615.0,292524
292524,VCS1424,2020,153468.0,292525
292540,VCS1441,2020,79760.0,292541
292543,VCS1444,2020,179858.0,292544
292552,VCS1453,2020,306024.0,292553
292562,VCS1464,2020,1172984.0,292563
292563,VCS1465,2020,100491.0,292564
292574,VCS1479,2020,199680.0,292575
292575,VCS1480,2020,108882.0,292576
292576,VCS1481,2020,282956.0,292577
292577,VCS1482,2020,84476.0,292578
292586,VCS1493,2020,271680.0,292587
292588,VCS1495,2020,37760.0,292589
292589,VCS1496,2020,123768.0,292590
292590,VCS1497,2020,340942.0,292591
292603,VCS1510,2020,136863.0,292604
292604,VCS1512,2020,8266.0,292605
292611,VCS1519,2020,78256.0,292612
292612,VCS1520,2020,130174.0,292613
292615,VCS1523,2020,298225.0,292616
292626,VCS1535,2020,52229.0,292627
292629,VCS1538,2020,45777.0,292630
292632,VCS1542,2020,81534.0,292633
292636,VCS1546,2020,64422.0,292637
292639,VCS1549,2020,19479.0,292640
292644,VCS1554,2020,60613.0,292645
292648,VCS1560,2020,741924.0,292649
292654,VCS1567,2020,230788.0,292655
292663,VCS1579,2020,57480.0,292664
292664,VCS1580,2020,626415.0,292665
292665,VCS1582,2020,684278.0,292666
292670,VCS1622,2020,704418.0,292671
292674,VCS1644,2020,50655.0,292675
292676,VCS1651,2020,109706.0,292677
292683,VCS1660,2020,82122.0,292684
292686,VCS1663,2020,138053.0,292687
292687,VCS1664,2020,336631.0,292688
292691,VCS1669,2020,148361.0,292692
292692,VCS1670,2020,142753.0,292693
292693,VCS1671,2020,123864.0,292694
292701,VCS1679,2020,248171.0,292702
292706,VCS1684,2020,51882.0,292707
292708,VCS1686,2020,1721746.0,292709
292725,VCS1706,2020,3754.0,292726
292727,VCS1709,2020,303044.0,292728
292729,VCS1712,2020,23922.0,292730
292730,VCS1715,2020,394376.0,292731
292731,VCS1716,2020,15941.0,292732
292732,VCS1718,2020,165595.0,292733
292734,VCS1720,2020,19834.0,292735
292735,VCS1721,2020,37508.0,292736
292738,VCS1728,2020,65993.0,292739
292741,VCS1732,2020,17090.0,292742
292742,VCS1733,2020,79367.0,292743
292743,VCS1734,2020,54897.0,292744
292744,VCS1735,2020,155337.0,292745
292748,VCS1740,2020,50519.0,292749
292749,VCS1741,2020,54973.0,292750
292750,VCS1742,2020,7254300.0,292751
292752,VCS1744,2020,72971.0,292753
292753,VCS1745,2020,144907.0,292754
292754,VCS1746,2020,414877.0,292755
292759,VCS1753,2020,3278486.0,292760
292762,VCS1759,2020,151140.0,292763
292765,VCS1764,2020,53369.0,292766
292767,VCS1766,2020,5649.0,292768
292768,VCS1767,2020,611586.0,292769
292769,VCS1768,2020,298587.0,292770
292771,VCS1770,2020,290710.0,292772
292772,VCS1771,2020,281872.0,292773
292774,VCS1774,2020,27770.0,292775
292775,VCS1775,2020,1355238.0,292776
292776,VCS1776,2020,121496.0,292777
292779,VCS1782,2020,551111.0,292780
292780,VCS1783,2020,392362.0,292781
292782,VCS1786,2020,248528.0,292783
292783,VCS1787,2020,222047.0,292784
292784,VCS1788,2020,252640.0,292785
292785,VCS1789,2020,111732.0,292786
292786,VCS1790,2020,257579.0,292787
292787,VCS1791,2020,140717.0,292788
292788,VCS1792,2020,1431477.0,292789
292789,VCS1793,2020,333937.0,292790
292797,VCS1803,2020,26127.0,292798
292799,VCS1805,2020,673926.0,292800
292801,VCS1807,2020,31731.0,292802
292805,VCS1812,2020,340502.0,292806
292807,VCS1815,2020,2394094.0,292808
292809,VCS1817,2020,120832.0,292810
292813,VCS1822,2020,51552.0,292814
292814,VCS1823,2020,54419.0,292815
292815,VCS1824,2020,379940.0,292816
292816,VCS1825,2020,83792.0,292817
292817,VCS1826,2020,83348.0,292818
292821,VCS1830,2020,98072.0,292822
292822,VCS1831,2020,52805.0,292823
292823,VCS1832,2020,87535.0,292824
292831,VCS1842,2020,298718.0,292832
292833,VCS1844,2020,267434.0,292834
292836,VCS1847,2020,630037.0,292837
292842,VCS1853,2020,24752.0,292843
292843,VCS1854,2020,14909.0,292844
292844,VCS1855,2020,326643.0,292845
292846,VCS1857,2020,3647.0,292847
292847,VCS1859,2020,256592.0,292848
292848,VCS1860,2020,103640.0,292849
292851,VCS1863,2020,34922.0,292852
292852,VCS1864,2020,170715.0,292853
292853,VCS1865,2020,551461.0,292854
292854,VCS1866,2020,348219.0,292855
292855,VCS1867,2020,780389.0,292856
292862,VCS1875,2020,37645.0,292863
292867,VCS1882,2020,223991.0,292868
292869,VCS1884,2020,240.0,292870
292870,VCS1885,2020,26503.0,292871
292873,VCS1888,2020,84910.0,292874
292874,VCS1890,2020,524426.0,292875
292880,VCS1897,2020,781218.0,292881
292881,VCS1898,2020,307725.0,292882
292882,VCS1899,2020,1263412.0,292883
292883,VCS1900,2020,150425.0,292884
292886,VCS1903,2020,482465.0,292887
292887,VCS1904,2020,706167.0,292888
292894,VCS1911,2020,26317.0,292895
292896,VCS1913,2020,12063.0,292897
292897,VCS1914,2020,405517.0,292898
292898,VCS1915,2020,38729.0,292899
292912,VCS1931,2020,493604.0,292913
292914,VCS1934,2020,257116.0,292915
292915,VCS1935,2020,414173.0,292916
292917,VCS1937,2020,90700.0,292918
292919,VCS1940,2020,343390.0,292920
292920,VCS1941,2020,94634.0,292921
292922,VCS1943,2020,23171.0,292923
292925,VCS1946,2020,102753.0,292926
292926,VCS1947,2020,532558.0,292927
292932,VCS1953,2020,941618.0,292933
292937,VCS1959,2020,38616.0,292938
292949,VCS1971,2020,30642.0,292950
292954,VCS1976,2020,354005.0,292955
292963,VCS1985,2020,110988.0,292964
292968,VCS1990,2020,127119.0,292969
292971,VCS1993,2020,461033.0,292972
292975,VCS1997,2020,168398.0,292976
292977,VCS1999,2020,120730.0,292978
292978,VCS2000,2020,164613.0,292979
292979,VCS2001,2020,89603.0,292980
292980,VCS2002,2020,136087.0,292981
292998,VCS2020,2020,289425.0,292999
293011,VCS2033,2020,16876.0,293012
293021,VCS2043,2020,116037.0,293022
293030,VCS2052,2020,319405.0,293031
293031,VCS2053,2020,37431.0,293032
293037,VCS2059,2020,226244.0,293038
293038,VCS2060,2020,6809.0,293039
293043,VCS2065,2020,352015.0,293044
293050,VCS2072,2020,309.0,293051
293055,VCS2079,2020,112185.0,293056
293057,VCS2082,2020,376362.0,293058
293058,VCS2083,2020,325884.0,293059
293060,VCS2085,2020,5367.0,293061
293063,VCS2089,2020,50000.0,293064
293064,VCS2090,2020,75000.0,293065
293073,VCS2099,2020,101461.0,293074
293095,VCS2260,2020,206491.0,293096
293098,VCS2263,2020,23403.0,293099
293103,VCS2293,2020,1327442.0,293104
293115,VCS2306,2020,93646.0,293116
293118,VCS2309,2020,26117.0,293119
293138,VCS2332,2020,375.0,293139
293139,VCS2333,2020,16983.0,293140
293140,VCS2334,2020,1832.0,293141
293184,VCS2381,2020,5684.0,293185
293191,VCS2388,2020,544056.0,293192
293192,VCS2389,2020,3508.0,293193
293196,VCS2393,2020,66437.0,293197
293197,VCS2394,2020,259923.0,293198
293203,VCS2400,2020,650000.0,293204
293207,VCS2404,2020,1223324.0,293208
296399,VCSOPR10,2020,78497.0,296400
296410,ACR0114,2021,1179164.0,296411
296473,ACR0182,2021,27668.0,296474
296479,ACR0189,2021,12228.0,296480
296480,ACR0190,2021,29681.0,296481
296481,ACR0191,2021,587064.0,296482
296503,ACR0222,2021,84280.0,296504
296505,ACR0224,2021,344550.0,296506
296507,ACR0226,2021,105538.0,296508
296512,ACR0232,2021,37114.0,296513
296516,ACR0236,2021,5816.0,296517
296518,ACR0238,2021,14662.0,296519
296521,ACR0241,2021,10957.0,296522
296522,ACR0242,2021,40242.0,296523
296529,ACR0249,2021,59275.0,296530
296536,ACR0256,2021,13539.0,296537
296539,ACR0259,2021,9205.0,296540
296545,ACR0265,2021,18351.0,296546
296546,ACR0266,2021,19910.0,296547
296547,ACR0267,2021,86201.0,296548
296548,ACR0268,2021,701479.0,296549
296549,ACR0269,2021,343195.0,296550
296553,ACR0273,2021,291837.0,296554
296554,ACR0274,2021,134036.0,296555
296559,ACR0279,2021,40938.0,296560
296560,ACR0280,2021,17991.0,296561
296567,ACR0287,2021,14669.0,296568
296591,ACR0313,2021,15646.0,296592
296597,ACR0324,2021,357365.0,296598
296601,ACR0349,2021,11508.0,296602
296607,ACR0355,2021,7320.0,296608
296612,ACR0360,2021,287456.0,296613
296613,ACR0361,2021,84821.0,296614
296618,ACR0367,2021,75723.0,296619
296619,ACR0368,2021,24217.0,296620
296622,ACR0371,2021,7628.0,296623
296624,ACR0373,2021,19948.0,296625
296626,ACR0375,2021,50457.0,296627
296627,ACR0376,2021,293012.0,296628
296628,ACR0377,2021,24971.0,296629
296629,ACR0378,2021,9533.0,296630
296635,ACR0386,2021,52401.0,296636
296637,ACR0388,2021,133327.0,296638
296639,ACR0390,2021,16643.0,296640
296643,ACR0395,2021,10606.0,296644
296645,ACR0398,2021,155038.0,296646
296649,ACR0403,2021,13071.0,296650
296652,ACR0407,2021,221888.0,296653
296657,ACR0413,2021,1074205.0,296658
296658,ACR0416,2021,578954.0,296659
296659,ACR0417,2021,215603.0,296660
296660,ACR0418,2021,4402.0,296661
296663,ACR0422,2021,55057.0,296664
296665,ACR0424,2021,39228.0,296666
296666,ACR0425,2021,25235.0,296667
296668,ACR0427,2021,269939.0,296669
296679,ACR0439,2021,564282.0,296680
296681,ACR0441,2021,80086.0,296682
296696,ACR0458,2021,19547.0,296697
296697,ACR0459,2021,170927.0,296698
296715,ACR0479,2021,199624.0,296716
296716,ACR0480,2021,324357.0,296717
296717,ACR0481,2021,371461.0,296718
296719,ACR0483,2021,69808.0,296720
296726,ACR0493,2021,65942.0,296727
296731,ACR0499,2021,173810.0,296732
296737,ACR0506,2021,380315.0,296738
296738,ACR0507,2021,56155.0,296739
296746,ACR0518,2021,49926.0,296747
296747,ACR0519,2021,53556.0,296748
296752,ACR0526,2021,21141.0,296753
296753,ACR0527,2021,17453.0,296754
296754,ACR0528,2021,41381.0,296755
296755,ACR0529,2021,32468.0,296756
296756,ACR0530,2021,52251.0,296757
296757,ACR0531,2021,37043.0,296758
296760,ACR0534,2021,98604.0,296761
296763,ACR0537,2021,18225.0,296764
296765,ACR0539,2021,274101.0,296766
296766,ACR0540,2021,15657.0,296767
296767,ACR0542,2021,23277.0,296768
296769,ACR0544,2021,51681.0,296770
296771,ACR0546,2021,8285.0,296772
296774,ACR0549,2021,530326.0,296775
296776,ACR0551,2021,87801.0,296777
296784,ACR0560,2021,70251.0,296785
296786,ACR0562,2021,271071.0,296787
296787,ACR0564,2021,7313.0,296788
296789,ACR0568,2021,208325.0,296790
296793,ACR0572,2021,13824.0,296794
296795,ACR0574,2021,18944.0,296796
296798,ACR0578,2021,94880.0,296799
296800,ACR0580,2021,7471.0,296801
296804,ACR0584,2021,16515.0,296805
296805,ACR0585,2021,94592.0,296806
296809,ACR0589,2021,133145.0,296810
296811,ACR0591,2021,57243.0,296812
296813,ACR0593,2021,5715.0,296814
296814,ACR0594,2021,9405.0,296815
296817,ACR0597,2021,3384.0,296818
296818,ACR0598,2021,401452.0,296819
296819,ACR0599,2021,44571.0,296820
296820,ACR0600,2021,34725.0,296821
296825,ACR0606,2021,49520.0,296826
296826,ACR0607,2021,17318.0,296827
296827,ACR0608,2021,100810.0,296828
296828,ACR0609,2021,49358.0,296829
296829,ACR0610,2021,18450.0,296830
296837,ACR0619,2021,163910.0,296838
296838,ACR0620,2021,87326.0,296839
296840,ACR0622,2021,614148.0,296841
296841,ACR0623,2021,102145.0,296842
296842,ACR0624,2021,71920.0,296843
296843,ACR0625,2021,136658.0,296844
296844,ACR0627,2021,4520.0,296845
296846,ACR0629,2021,593326.0,296847
296852,ACR0636,2021,93755.0,296853
296861,ACR0645,2021,72142.0,296862
296862,ACR0646,2021,568863.0,296863
296881,ACR0666,2021,93937.0,296882
296884,ACR0670,2021,9480.0,296885
297435,CAR400,2021,198757.0,297436
297438,CAR406,2021,40967.0,297439
297443,CAR416,2021,9095.0,297444
297446,CAR422,2021,123355.0,297447
297455,CAR436,2021,39232.0,297456
297461,CAR444,2021,59296.0,297462
297476,CAR465,2021,37943.0,297477
297482,CAR473,2021,118197.0,297483
297484,CAR475,2021,110704.0,297485
297499,CAR491,2021,52750.0,297500
297500,CAR495,2021,67395.0,297501
297517,CAR517,2021,79248.0,297518
297518,CAR521,2021,72535.0,297519
297520,CAR531,2021,65623.0,297521
297529,CAR558,2021,23552.0,297530
297530,CAR560,2021,128104.0,297531
297542,CAR592,2021,17023.0,297543
297543,CAR593,2021,49956.0,297544
297555,CAR621,2021,196074.0,297556
297556,CAR627,2021,25816.0,297557
297561,CAR635,2021,98229.0,297562
297562,CAR639,2021,418255.0,297563
297570,CAR659,2021,11642.0,297571
297574,CAR674,2021,42679.0,297575
297577,CAR683,2021,142219.0,297578
297579,CAR688,2021,4674.0,297580
297601,CAR785,2021,57955.0,297602
297610,CAR802,2021,4591.0,297611
297614,CAR807,2021,16922.0,297615
297615,CAR811,2021,83028.0,297616
297620,CAR817,2021,18726.0,297621
297626,CAR829,2021,27010.0,297627
297633,CAR838,2021,105419.0,297634
297641,CAR880,2021,29938.0,297642
297642,CAR881,2021,30946.0,297643
297645,CAR886,2021,15226.0,297646
297646,CAR887,2021,33057.0,297647
297647,CAR888,2021,37233.0,297648
297654,CAR911,2021,25977.0,297655
297674,CAR969,2021,53459.0,297675
297683,CAR982,2021,8973.0,297684
297692,CAR997,2021,3152.0,297693
297693,CAR998,2021,6889.0,297694
297696,CAR1002,2021,10847.0,297697
297701,CAR1008,2021,19959.0,297702
297706,CAR1013,2021,106375.0,297707
297720,CAR1032,2021,125410.0,297721
297722,CAR1035,2021,38570.0,297723
297723,CAR1036,2021,34742.0,297724
297735,CAR1057,2021,10513.0,297736
297751,CAR1076,2021,22242.0,297752
297753,CAR1078,2021,24565.0,297754
297754,CAR1080,2021,16917.0,297755
297760,CAR1086,2021,32532.0,297761
297762,CAR1088,2021,29259.0,297763
297769,CAR1095,2021,76663.0,297770
297770,CAR1096,2021,9534.0,297771
297773,CAR1099,2021,35099.0,297774
297774,CAR1100,2021,68526.0,297775
297776,CAR1102,2021,13961.0,297777
297777,CAR1103,2021,16176.0,297778
297779,CAR1105,2021,182382.0,297780
297780,CAR1106,2021,22562.0,297781
297782,CAR1109,2021,8203.0,297783
297797,CAR1124,2021,32470.0,297798
297804,CAR1132,2021,3369.0,297805
297805,CAR1133,2021,909.0,297806
297808,CAR1136,2021,51095.0,297809
297810,CAR1138,2021,31207.0,297811
297811,CAR1139,2021,252917.0,297812
297815,CAR1143,2021,18424.0,297816
297817,CAR1145,2021,8816.0,297818
297819,CAR1147,2021,35008.0,297820
297821,CAR1152,2021,11975.0,297822
297822,CAR1153,2021,7054.0,297823
297823,CAR1154,2021,13104.0,297824
297828,CAR1159,2021,15271.0,297829
297829,CAR1160,2021,9211.0,297830
297842,CAR1174,2021,4783.0,297843
297843,CAR1175,2021,123365.0,297844
297851,CAR1183,2021,82292.0,297852
297852,CAR1184,2021,8393.0,297853
297864,CAR1197,2021,72575.0,297865
297871,CAR1205,2021,126875.0,297872
297874,CAR1208,2021,57896.0,297875
297879,CAR1213,2021,30231.0,297880
297881,CAR1215,2021,105660.0,297882
297887,CAR1232,2021,7681.0,297888
297901,CAR1246,2021,12134.0,297902
297902,CAR1247,2021,10718.0,297903
297910,CAR1257,2021,94840.0,297911
297914,CAR1261,2021,9432.0,297915
297915,CAR1262,2021,17074.0,297916
297918,CAR1265,2021,43554.0,297919
297925,CAR1274,2021,275.0,297926
297926,CAR1275,2021,6285.0,297927
297932,CAR1281,2021,17767.0,297933
297933,CAR1282,2021,12247.0,297934
297936,CAR1285,2021,17850.0,297937
297949,CAR1298,2021,20205.0,297950
297964,CAR1315,2021,21907.0,297965
297965,CAR1316,2021,23755.0,297966
297966,CAR1317,2021,23325.0,297967
297972,CAR1325,2021,3352.0,297973
297977,CAR1330,2021,202313.0,297978
297979,CAR1332,2021,651698.0,297980
297982,CAR1335,2021,391286.0,297983
297983,CAR1336,2021,702185.0,297984
297986,CAR1340,2021,15122.0,297987
297990,CAR1345,2021,1959.0,297991
297991,CAR1347,2021,5280.0,297992
297992,CAR1348,2021,1638.0,297993
297993,CAR1350,2021,1442.0,297994
297994,CAR1351,2021,781.0,297995
297995,CAR1352,2021,4090.0,297996
297996,CAR1353,2021,1109.0,297997
297997,CAR1354,2021,3738.0,297998
297998,CAR1355,2021,1254.0,297999
297999,CAR1356,2021,1214.0,298000
298000,CAR1357,2021,1807.0,298001
298001,CAR1358,2021,852.0,298002
298002,CAR1359,2021,971.0,298003
298003,CAR1360,2021,1289.0,298004
298004,CAR1361,2021,2291.0,298005
298005,CAR1362,2021,3293.0,298006
298006,CAR1363,2021,2537.0,298007
298007,CAR1364,2021,768.0,298008
298009,CAR1366,2021,777.0,298010
298012,CAR1372,2021,69928.0,298013
298013,CAR1373,2021,498025.0,298014
298014,CAR1374,2021,421762.0,298015
298015,CAR1375,2021,4130.0,298016
298028,CAR1389,2021,3.0,298029
298029,CAR1391,2021,840423.0,298030
298034,CAR1399,2021,10740.0,298035
298044,CAR1411,2021,13784.0,298045
298047,CAR1415,2021,11435.0,298048
298048,CAR1418,2021,49687.0,298049
298053,CAR1432,2021,1290.0,298054
298054,CAR1433,2021,2328.0,298055
298055,CAR1434,2021,904.0,298056
298056,CAR1435,2021,1512.0,298057
298057,CAR1436,2021,1282518.0,298058
298058,CAR1437,2021,462.0,298059
298059,CAR1438,2021,1199.0,298060
298063,CAR1443,2021,19992.0,298064
298064,CAR1445,2021,881.0,298065
298066,CAR1447,2021,1403.0,298067
298067,CAR1448,2021,7572.0,298068
298068,CAR1449,2021,6984.0,298069
298069,CAR1450,2021,6125.0,298070
298070,CAR1451,2021,3018.0,298071
298071,CAR1452,2021,605.0,298072
298072,CAR1453,2021,2977.0,298073
298073,CAR1454,2021,4886.0,298074
298074,CAR1455,2021,32986.0,298075
298075,CAR1456,2021,127338.0,298076
298076,CAR1458,2021,84267.0,298077
298079,CAR1461,2021,32609.0,298080
298090,CAR1480,2021,1268775.0,298091
298091,CAR1481,2021,56964.0,298092
298101,CAR1493,2021,70708.0,298102
298718,GS352,2021,115683.0,298719
298728,GS390,2021,214341.0,298729
298730,GS395,2021,20000.0,298731
298731,GS397,2021,317242.0,298732
298732,GS398,2021,622853.0,298733
298736,GS407,2021,495545.0,298737
298737,GS410,2021,16202.0,298738
298738,GS411,2021,13147.0,298739
298752,GS441,2021,53876.0,298753
298754,GS447,2021,623901.0,298755
298762,GS464,2021,357766.0,298763
298765,GS472,2021,132400.0,298766
298766,GS474,2021,602267.0,298767
298772,GS500,2021,98380.0,298773
298774,GS504,2021,84955.0,298775
298803,GS601,2021,41533.0,298804
298804,GS605,2021,402200.0,298805
298806,GS608,2021,532616.0,298807
298809,GS612,2021,55134.0,298810
298839,GS670,2021,101243.0,298840
298841,GS672,2021,151194.0,298842
298853,GS707,2021,4233439.0,298854
298864,GS733,2021,122000.0,298865
298868,GS744,2021,287270.0,298869
298869,GS745,2021,155600.0,298870
298874,GS751,2021,62820.0,298875
298875,GS753,2021,268524.0,298876
298879,GS765,2021,38484.0,298880
298880,GS768,2021,10000.0,298881
298881,GS769,2021,219578.0,298882
298905,GS817,2021,6384.0,298906
298911,GS828,2021,78348.0,298912
298915,GS835,2021,16636.0,298916
298924,GS849,2021,52229.0,298925
298963,GS922,2021,12972.0,298964
298970,GS931,2021,174463.0,298971
299008,GS1001,2021,108960.0,299009
299014,GS1013,2021,249919.0,299015
299016,GS1015,2021,49306.0,299017
299018,GS1017,2021,79250.0,299019
299020,GS1020,2021,93878.0,299021
299021,GS1021,2021,47672.0,299022
299049,GS1055,2021,114556.0,299050
299051,GS1059,2021,4268.0,299052
299052,GS1060,2021,39164.0,299053
299062,GS1074,2021,41242.0,299063
299065,GS1078,2021,44621.0,299066
299074,GS1094,2021,9429.0,299075
299075,GS1095,2021,9118.0,299076
299076,GS1096,2021,9217.0,299077
299077,GS1097,2021,8999.0,299078
299091,GS1117,2021,32124.0,299092
299094,GS1124,2021,6669.0,299095
299096,GS1128,2021,87962.0,299097
299104,GS1146,2021,7082.0,299105
299105,GS1147,2021,559.0,299106
299108,GS1162,2021,6965.0,299109
299118,GS1178,2021,48811.0,299119
299143,GS1221,2021,2065.0,299144
299150,GS1229,2021,3888.0,299151
299166,GS1248,2021,7697.0,299167
299169,GS1253,2021,18421.0,299170
299172,GS1267,2021,3082.0,299173
299175,GS1286,2021,128693.0,299176
299176,GS1288,2021,1703.0,299177
299180,GS1294,2021,6973.0,299181
299182,GS1296,2021,13996.0,299183
299204,GS1322,2021,319116.0,299205
299223,GS1348,2021,129415.0,299224
299224,GS1350,2021,56027.0,299225
299226,GS1352,2021,7962.0,299227
299227,GS1353,2021,6381.0,299228
299230,GS1359,2021,6085.0,299231
299232,GS1363,2021,47375.0,299233
299233,GS1364,2021,69705.0,299234
299245,GS1378,2021,47214.0,299246
299253,GS1588,2021,49358.0,299254
299258,GS1693,2021,7839.0,299259
299259,GS1694,2021,7839.0,299260
299260,GS1695,2021,7839.0,299261
299261,GS1696,2021,7839.0,299262
299262,GS1697,2021,7839.0,299263
299263,GS1698,2021,7839.0,299264
299264,GS1699,2021,7839.0,299265
299265,GS1700,2021,7839.0,299266
299266,GS1701,2021,7839.0,299267
299267,GS1702,2021,7839.0,299268
299268,GS1703,2021,7839.0,299269
299269,GS1704,2021,7839.0,299270
299270,GS1705,2021,7839.0,299271
299271,GS1706,2021,7839.0,299272
299272,GS1707,2021,7839.0,299273
299273,GS1708,2021,7839.0,299274
299274,GS1709,2021,7839.0,299275
299275,GS1710,2021,7839.0,299276
299276,GS1711,2021,7839.0,299277
299277,GS1712,2021,7839.0,299278
299278,GS1713,2021,7839.0,299279
299279,GS1714,2021,7839.0,299280
299280,GS1715,2021,7839.0,299281
299281,GS1716,2021,7839.0,299282
299282,GS1717,2021,7839.0,299283
299283,GS1718,2021,7839.0,299284
299284,GS1719,2021,7839.0,299285
299285,GS1720,2021,7839.0,299286
299286,GS1721,2021,7839.0,299287
299287,GS1722,2021,7839.0,299288
299288,GS1723,2021,7839.0,299289
299289,GS1724,2021,7839.0,299290
299290,GS1725,2021,7839.0,299291
299291,GS1726,2021,7839.0,299292
299292,GS1727,2021,7839.0,299293
299293,GS1728,2021,7839.0,299294
299295,GS1730,2021,7839.0,299296
299296,GS1731,2021,7839.0,299297
299297,GS1732,2021,7839.0,299298
299298,GS1733,2021,7839.0,299299
299299,GS1734,2021,7839.0,299300
299300,GS1735,2021,7839.0,299301
299301,GS1736,2021,7839.0,299302
299302,GS1737,2021,7839.0,299303
299303,GS1738,2021,7839.0,299304
299304,GS1739,2021,8086.0,299305
299305,GS1740,2021,8086.0,299306
299306,GS1741,2021,8086.0,299307
299307,GS1742,2021,7839.0,299308
299308,GS1743,2021,7839.0,299309
299309,GS1744,2021,7048.0,299310
299310,GS1745,2021,7887.0,299311
299321,GS2094,2021,344184.0,299322
299332,GS2296,2021,190576.0,299333
299357,GS2421,2021,1458.0,299358
299368,GS2437,2021,6329.0,299369
299381,GS2456,2021,8138.0,299382
299384,GS2460,2021,392963.0,299385
299386,GS2464,2021,59634.0,299387
299395,GS2479,2021,7603.0,299396
299396,GS2480,2021,3589.0,299397
299397,GS2481,2021,6173.0,299398
299413,GS2502,2021,201793.0,299414
299418,GS2510,2021,122725.0,299419
299425,GS2519,2021,41823.0,299426
299426,GS2520,2021,20150.0,299427
299428,GS2525,2021,542294.0,299429
299441,GS2544,2021,261216.0,299442
299451,GS2566,2021,7839.0,299452
299452,GS2567,2021,7839.0,299453
299453,GS2568,2021,7839.0,299454
299454,GS2569,2021,7839.0,299455
299455,GS2570,2021,7839.0,299456
299456,GS2571,2021,7839.0,299457
299457,GS2572,2021,7839.0,299458
299458,GS2573,2021,7839.0,299459
299459,GS2574,2021,7839.0,299460
299460,GS2575,2021,7839.0,299461
299461,GS2576,2021,7839.0,299462
299462,GS2577,2021,8086.0,299463
299463,GS2578,2021,7839.0,299464
299464,GS2579,2021,7839.0,299465
299465,GS2580,2021,7762.0,299466
299466,GS2581,2021,7839.0,299467
299467,GS2582,2021,7839.0,299468
299468,GS2583,2021,7839.0,299469
299469,GS2584,2021,7839.0,299470
299470,GS2585,2021,5787.0,299471
299488,GS2664,2021,133046.0,299489
299489,GS2665,2021,157328.0,299490
299497,GS2681,2021,68026.0,299498
299498,GS2682,2021,274846.0,299499
299525,GS2751,2021,24025.0,299526
299526,GS2758,2021,269041.0,299527
299527,GS2763,2021,252742.0,299528
299530,GS2766,2021,182118.0,299531
299534,GS2891,2021,2459.0,299535
299535,GS2892,2021,2478.0,299536
299536,GS2893,2021,2345.0,299537
299537,GS2894,2021,2435.0,299538
299543,GS2913,2021,35493.0,299544
299544,GS2940,2021,1477302.0,299545
299551,GS3015,2021,308943.0,299552
299555,GS3024,2021,10000.0,299556
299561,GS3031,2021,11587.0,299562
299571,GS3105,2021,3849.0,299572
299572,GS3106,2021,4314.0,299573
299573,GS3107,2021,6647.0,299574
299574,GS3108,2021,6299.0,299575
299575,GS3109,2021,58976.0,299576
299578,GS3113,2021,56070.0,299579
299579,GS3114,2021,53664.0,299580
299581,GS3116,2021,53914.0,299582
299590,GS3260,2021,7624.0,299591
299592,GS3262,2021,15892.0,299593
299594,GS3267,2021,1621.0,299595
299596,GS3306,2021,2337.0,299597
299598,GS3326,2021,8954.0,299599
299609,GS3364,2021,1222.0,299610
299610,GS3365,2021,18400.0,299611
299611,GS3366,2021,37150.0,299612
299612,GS3367,2021,55187.0,299613
299620,GS3379,2021,34493.0,299621
299623,GS3404,2021,9679.0,299624
299627,GS3410,2021,59514.0,299628
299634,GS3429,2021,102725.0,299635
299635,GS3430,2021,2344.0,299636
299636,GS3431,2021,2344.0,299637
299637,GS3432,2021,2344.0,299638
299638,GS3433,2021,2344.0,299639
299639,GS3434,2021,296166.0,299640
299640,GS3443,2021,3301.0,299641
299641,GS3444,2021,2450.0,299642
299642,GS3445,2021,15383.0,299643
299643,GS3446,2021,2435.0,299644
299644,GS3447,2021,2470.0,299645
299645,GS3448,2021,2481.0,299646
299646,GS3449,2021,2391.0,299647
299647,GS3450,2021,2472.0,299648
299648,GS3451,2021,2440.0,299649
299657,GS3509,2021,8122.0,299658
299659,GS3511,2021,165219.0,299660
299660,GS3512,2021,262534.0,299661
299664,GS3516,2021,8147.0,299665
299665,GS3517,2021,7912.0,299666
299666,GS3518,2021,8558.0,299667
299667,GS3519,2021,8133.0,299668
299668,GS3520,2021,7925.0,299669
299669,GS3521,2021,7387.0,299670
299670,GS3522,2021,8202.0,299671
299671,GS3523,2021,9149.0,299672
299672,GS3524,2021,9063.0,299673
299681,GS3560,2021,3477.0,299682
299682,GS3561,2021,4980.0,299683
299683,GS3563,2021,3435.0,299684
299684,GS3564,2021,3394.0,299685
299686,GS3566,2021,54801.0,299687
299689,GS3588,2021,7839.0,299690
299690,GS3589,2021,7839.0,299691
299691,GS3590,2021,7839.0,299692
299692,GS3591,2021,7839.0,299693
299693,GS3592,2021,7839.0,299694
299694,GS3593,2021,7839.0,299695
299695,GS3594,2021,7839.0,299696
299696,GS3595,2021,7839.0,299697
299697,GS3596,2021,7171.0,299698
299698,GS3597,2021,7853.0,299699
299699,GS3598,2021,8042.0,299700
299700,GS3599,2021,7839.0,299701
299701,GS3600,2021,7839.0,299702
299702,GS3601,2021,7861.0,299703
299709,GS3626,2021,4084.0,299710
299722,GS3906,2021,26159.0,299723
299727,GS3945,2021,2474.0,299728
299728,GS3946,2021,25373.0,299729
299729,GS3947,2021,2443.0,299730
299735,GS3958,2021,147364.0,299736
299737,GS3964,2021,6225.0,299738
299738,GS3965,2021,70319.0,299739
299740,GS3969,2021,198778.0,299741
299741,GS3971,2021,48575.0,299742
299744,GS3976,2021,185939.0,299745
299747,GS4014,2021,16586.0,299748
299749,GS4036,2021,16016.0,299750
299755,GS4195,2021,51478.0,299756
299757,GS4202,2021,3242.0,299758
299758,GS4203,2021,2812.0,299759
299762,GS4210,2021,32094.0,299763
299764,GS4220,2021,25000.0,299765
299766,GS4233,2021,81364.0,299767
299767,GS4236,2021,45931.0,299768
299768,GS4238,2021,142894.0,299769
299770,GS4240,2021,58154.0,299771
299773,GS4259,2021,39935.0,299774
299774,GS4260,2021,3237.0,299775
299775,GS4261,2021,34154.0,299776
299777,GS4265,2021,201739.0,299778
299781,GS4271,2021,13803.0,299782
299783,GS4273,2021,63346.0,299784
299784,GS4288,2021,18078.0,299785
299786,GS4290,2021,44942.0,299787
299787,GS4291,2021,100975.0,299788
299790,GS4364,2021,3950.0,299791
299807,GS4386,2021,15709.0,299808
299808,GS4387,2021,15485.0,299809
299809,GS4388,2021,15185.0,299810
299810,GS4389,2021,14670.0,299811
299811,GS4390,2021,14611.0,299812
299812,GS4391,2021,14271.0,299813
299813,GS4392,2021,14010.0,299814
299814,GS4393,2021,13972.0,299815
299815,GS4394,2021,13377.0,299816
299816,GS4395,2021,13016.0,299817
299817,GS4396,2021,12781.0,299818
299818,GS4397,2021,12404.0,299819
299819,GS4398,2021,11948.0,299820
299820,GS4399,2021,11930.0,299821
299821,GS4400,2021,11522.0,299822
299822,GS4401,2021,11125.0,299823
299823,GS4422,2021,2961.0,299824
299824,GS4423,2021,5430.0,299825
299826,GS4425,2021,654574.0,299827
299827,GS4426,2021,506120.0,299828
299831,GS4442,2021,99548.0,299832
299833,GS4446,2021,33804.0,299834
299836,GS4518,2021,2671.0,299837
299837,GS4519,2021,2879.0,299838
299841,GS4533,2021,41496.0,299842
299849,GS4553,2021,3172.0,299850
299850,GS4557,2021,124269.0,299851
299856,GS4596,2021,18270.0,299857
299857,GS4597,2021,92805.0,299858
299866,GS4634,2021,3804.0,299867
299875,GS4797,2021,2768.0,299876
299876,GS4798,2021,2617.0,299877
299877,GS4799,2021,33878.0,299878
299878,GS4813,2021,252115.0,299879
299884,GS4824,2021,7935.0,299885
299889,GS4897,2021,2594.0,299890
299890,GS4898,2021,2594.0,299891
299891,GS4899,2021,2569.0,299892
299892,GS4900,2021,2594.0,299893
299893,GS4901,2021,2075.0,299894
299895,GS4906,2021,7353.0,299896
299896,GS4922,2021,136809.0,299897
299897,GS4962,2021,311234.0,299898
299903,GS5007,2021,301282.0,299904
299907,GS5013,2021,229250.0,299908
299912,GS5033,2021,2075.0,299913
299913,GS5034,2021,2075.0,299914
299914,GS5035,2021,2160.0,299915
299915,GS5036,2021,2594.0,299916
299917,GS5038,2021,2574.0,299918
299918,GS5039,2021,2574.0,299919
299919,GS5040,2021,2565.0,299920
299920,GS5041,2021,2428.0,299921
299921,GS5042,2021,2385.0,299922
299922,GS5043,2021,2574.0,299923
299923,GS5046,2021,110518.0,299924
299932,GS5106,2021,8499.0,299933
299936,GS5125,2021,270888.0,299937
299937,GS5186,2021,8545.0,299938
299938,GS5187,2021,6955.0,299939
299939,GS5188,2021,6990.0,299940
299940,GS5189,2021,5038.0,299941
299941,GS5190,2021,4777.0,299942
299942,GS5191,2021,7681.0,299943
299943,GS5192,2021,9592.0,299944
299944,GS5193,2021,8668.0,299945
299945,GS5194,2021,5260.0,299946
299946,GS5195,2021,1367.0,299947
299947,GS5196,2021,6718.0,299948
299948,GS5197,2021,7730.0,299949
299952,GS5228,2021,33557.0,299953
299953,GS5229,2021,127250.0,299954
299954,GS5230,2021,5878.0,299955
299955,GS5244,2021,2757.0,299956
299956,GS5245,2021,2833.0,299957
299960,GS5303,2021,10975.0,299961
299971,GS5322,2021,5986.0,299972
299972,GS5323,2021,5934.0,299973
299973,GS5324,2021,5986.0,299974
299974,GS5325,2021,9499.0,299975
299975,GS5326,2021,9774.0,299976
299976,GS5329,2021,3551.0,299977
299977,GS5330,2021,3281.0,299978
299978,GS5331,2021,3873.0,299979
299979,GS5332,2021,3276.0,299980
299980,GS5335,2021,3936.0,299981
299981,GS5336,2021,3268.0,299982
299982,GS5337,2021,4070.0,299983
299983,GS5338,2021,4206.0,299984
299984,GS5339,2021,4255.0,299985
299985,GS5340,2021,4191.0,299986
299986,GS5341,2021,4578.0,299987
299987,GS5342,2021,3949.0,299988
299988,GS5343,2021,4218.0,299989
299989,GS5344,2021,4046.0,299990
299993,GS5383,2021,37894.0,299994
299995,GS5392,2021,2594.0,299996
299996,GS5393,2021,2594.0,299997
299997,GS5394,2021,2593.0,299998
299998,GS5395,2021,2594.0,299999
299999,GS5396,2021,2075.0,300000
300002,GS5417,2021,44228.0,300003
300003,GS5418,2021,48549.0,300004
300005,GS5437,2021,2930.0,300006
300006,GS5438,2021,2902.0,300007
300007,GS5439,2021,3450.0,300008
300008,GS5440,2021,3066.0,300009
300009,GS5441,2021,2875.0,300010
300012,GS5444,2021,10000.0,300013
300013,GS5447,2021,36766.0,300014
300014,GS5463,2021,19438.0,300015
300015,GS5519,2021,241065.0,300016
300016,GS5523,2021,466556.0,300017
300021,GS5575,2021,44714.0,300022
300022,GS5614,2021,544454.0,300023
300024,GS5617,2021,46345.0,300025
300026,GS5624,2021,43529.0,300027
300028,GS5633,2021,23742.0,300029
300029,GS5634,2021,7395.0,300030
300030,GS5635,2021,7408.0,300031
300031,GS5636,2021,7311.0,300032
300032,GS5637,2021,7366.0,300033
300034,GS5642,2021,462795.0,300035
300035,GS5643,2021,15838.0,300036
300044,GS5698,2021,298343.0,300045
300045,GS5699,2021,116591.0,300046
300047,GS5780,2021,2637.0,300048
300051,GS5796,2021,8970.0,300052
300052,GS5799,2021,306466.0,300053
300054,GS5801,2021,13926.0,300055
300055,GS5802,2021,7519.0,300056
300057,GS5825,2021,3531.0,300058
300058,GS5826,2021,3090.0,300059
300059,GS5827,2021,3090.0,300060
300067,GS5860,2021,67310.0,300068
300078,GS5923,2021,5538.0,300079
300079,GS5928,2021,229232.0,300080
300081,GS5951,2021,4641.0,300082
300082,GS5952,2021,3597.0,300083
300083,GS5953,2021,3581.0,300084
300084,GS5954,2021,3329.0,300085
300085,GS5955,2021,3086.0,300086
300089,GS6003,2021,19301.0,300090
300090,GS6004,2021,105776.0,300091
300091,GS6008,2021,18340.0,300092
300096,GS6037,2021,5986.0,300097
300097,GS6038,2021,2913.0,300098
300098,GS6041,2021,4959.0,300099
300099,GS6042,2021,4337.0,300100
300104,GS6051,2021,7401.0,300105
300118,GS6101,2021,7887.0,300119
300131,GS6152,2021,9590.0,300132
300133,GS6189,2021,4678.0,300134
300135,GS6212,2021,42534.0,300136
300136,GS6235,2021,4928.0,300137
300137,GS6236,2021,4882.0,300138
300138,GS6237,2021,3943.0,300139
300141,GS6264,2021,34861.0,300142
300142,GS6271,2021,45208.0,300143
300144,GS6275,2021,41545.0,300145
300145,GS6279,2021,58096.0,300146
300148,GS6290,2021,650601.0,300149
300149,GS6301,2021,53018.0,300150
300152,GS6344,2021,7978.0,300153
300153,GS6349,2021,6334.0,300154
300154,GS6350,2021,6957.0,300155
300155,GS6351,2021,6107.0,300156
300157,GS6393,2021,76313.0,300158
300158,GS6394,2021,86855.0,300159
300159,GS6395,2021,7297.0,300160
300162,GS6414,2021,19254.0,300163
300163,GS6419,2021,7870.0,300164
300165,GS6443,2021,7948.0,300166
300166,GS6444,2021,8528.0,300167
300167,GS6445,2021,8700.0,300168
300173,GS6513,2021,9709.0,300174
300174,GS6518,2021,2739.0,300175
300175,GS6519,2021,2757.0,300176
300176,GS6520,2021,2743.0,300177
300177,GS6521,2021,2618.0,300178
300178,GS6522,2021,2694.0,300179
300179,GS6523,2021,2473.0,300180
300183,GS6597,2021,34345.0,300184
300185,GS6599,2021,4858.0,300186
300187,GS6604,2021,48894.0,300188
300188,GS6607,2021,49621.0,300189
300190,GS6747,2021,107332.0,300191
300191,GS6748,2021,156494.0,300192
300192,GS6749,2021,11397.0,300193
300195,GS6752,2021,2366.0,300196
300196,GS6753,2021,1104836.0,300197
300197,GS6756,2021,121082.0,300198
300198,GS6760,2021,399827.0,300199
300199,GS6783,2021,4868.0,300200
300200,GS6784,2021,4581.0,300201
300201,GS6786,2021,2812.0,300202
300202,GS6787,2021,1874.0,300203
300203,GS6788,2021,2319.0,300204
300204,GS6789,2021,2344.0,300205
300205,GS6790,2021,2344.0,300206
300210,GS6836,2021,4493.0,300211
300211,GS6837,2021,3113.0,300212
300212,GS6838,2021,2075.0,300213
300214,GS6853,2021,584793.0,300215
300215,GS6854,2021,118389.0,300216
300216,GS6855,2021,200437.0,300217
300218,GS6857,2021,49947.0,300219
300219,GS6858,2021,56235.0,300220
300220,GS6861,2021,9634.0,300221
300225,GS6998,2021,4200.0,300226
300227,GS7002,2021,546.0,300228
300228,GS7049,2021,285910.0,300229
300229,GS7071,2021,989457.0,300230
300233,GS7090,2021,8365.0,300234
300241,GS7132,2021,2920.0,300242
300242,GS7133,2021,2632.0,300243
300243,GS7134,2021,3740.0,300244
300244,GS7135,2021,4032.0,300245
300245,GS7136,2021,2443.0,300246
300251,GS7147,2021,4683.0,300252
300252,GS7148,2021,4683.0,300253
300253,GS7149,2021,4683.0,300254
300254,GS7150,2021,4683.0,300255
300256,GS7152,2021,694591.0,300257
300257,GS7153,2021,26725.0,300258
300259,GS7164,2021,359070.0,300260
300260,GS7287,2021,1876.0,300261
300261,GS7288,2021,1882.0,300262
300262,GS7289,2021,1882.0,300263
300263,GS7290,2021,1882.0,300264
300264,GS7291,2021,1882.0,300265
300265,GS7292,2021,2882.0,300266
300266,GS7293,2021,9973.0,300267
300268,GS7311,2021,1838.0,300269
300269,GS7312,2021,1781528.0,300270
300270,GS7317,2021,10181.0,300271
300271,GS7318,2021,23310.0,300272
300272,GS7330,2021,2980.0,300273
300273,GS7331,2021,2576.0,300274
300274,GS7332,2021,3091.0,300275
300275,GS7333,2021,3090.0,300276
300276,GS7334,2021,2576.0,300277
300277,GS7335,2021,2574.0,300278
300278,GS7336,2021,2405.0,300279
300280,GS7345,2021,5190.0,300281
300284,GS7362,2021,7708.0,300285
300285,GS7363,2021,7704.0,300286
300286,GS7364,2021,9169.0,300287
300287,GS7365,2021,7143.0,300288
300288,GS7366,2021,7795.0,300289
300295,GS7391,2021,9973.0,300296
300298,GS7394,2021,8904.0,300299
300299,GS7395,2021,6454.0,300300
300300,GS7396,2021,6454.0,300301
300301,GS7397,2021,6454.0,300302
300302,GS7398,2021,6454.0,300303
300303,GS7399,2021,6454.0,300304
300304,GS7400,2021,6454.0,300305
300305,GS7401,2021,6430.0,300306
300306,GS7433,2021,145111.0,300307
300307,GS7434,2021,144246.0,300308
300309,GS7436,2021,11978.0,300310
300310,GS7437,2021,9973.0,300311
300314,GS7444,2021,4629.0,300315
300322,GS7456,2021,905.0,300323
300323,GS7457,2021,674.0,300324
300324,GS7458,2021,987.0,300325
300325,GS7459,2021,1651.0,300326
300326,GS7460,2021,836.0,300327
300331,GS7465,2021,7629.0,300332
300332,GS7466,2021,42369.0,300333
300334,GS7468,2021,669673.0,300335
300335,GS7469,2021,194913.0,300336
300336,GS7470,2021,2854.0,300337
300337,GS7471,2021,3416.0,300338
300338,GS7472,2021,2982.0,300339
300339,GS7473,2021,2433.0,300340
300340,GS7474,2021,2795.0,300341
300341,GS7475,2021,9182.0,300342
300342,GS7476,2021,9181.0,300343
300343,GS7477,2021,9083.0,300344
300344,GS7478,2021,7908.0,300345
300345,GS7479,2021,8255.0,300346
300346,GS7480,2021,7477.0,300347
300347,GS7481,2021,7201.0,300348
300348,GS7482,2021,7762.0,300349
300349,GS7483,2021,7066.0,300350
300350,GS7484,2021,7061.0,300351
300363,GS7498,2021,14407.0,300364
300368,GS7504,2021,10676.0,300369
300369,GS7505,2021,37644.0,300370
300370,GS7506,2021,14703.0,300371
300371,GS7507,2021,14714.0,300372
300372,GS7508,2021,51228.0,300373
300373,GS7509,2021,51780.0,300374
300375,GS7512,2021,6181.0,300376
300394,GS7531,2021,9616.0,300395
300395,GS7532,2021,508684.0,300396
300396,GS7533,2021,176452.0,300397
300400,GS7538,2021,1529039.0,300401
300406,GS7544,2021,67986.0,300407
300415,GS7553,2021,85939.0,300416
300418,GS7556,2021,8120.0,300419
300423,GS7561,2021,16021.0,300424
300428,GS7566,2021,10517.0,300429
300432,GS7570,2021,19515.0,300433
300433,GS7571,2021,19515.0,300434
300441,GS7580,2021,2604.0,300442
300442,GS7581,2021,3051.0,300443
300443,GS7582,2021,2607.0,300444
300444,GS7583,2021,2371.0,300445
300445,GS7584,2021,2702.0,300446
300446,GS7585,2021,2509.0,300447
300448,GS7587,2021,6033.0,300449
300465,GS7604,2021,101474.0,300466
300466,GS7605,2021,99340.0,300467
300467,GS7606,2021,100541.0,300468
300517,GS7671,2021,6770.0,300518
300518,GS7672,2021,3733.0,300519
300580,GS7737,2021,24982.0,300581
300610,GS7783,2021,20320.0,300611
300648,GS10657,2021,10499.0,300649
300649,GS10658,2021,7778.0,300650
300650,GS10659,2021,10517.0,300651
300694,GS10739,2021,20793.0,300695
300704,GS10782,2021,43065.0,300705
300709,GS10788,2021,4488.0,300710
300731,GS10810,2021,67282.0,300732
300732,GS10811,2021,57614.0,300733
300733,GS10812,2021,141370.0,300734
300734,GS10813,2021,136047.0,300735
300754,GS10872,2021,6159.0,300755
300755,GS10873,2021,4966.0,300756
300772,GS10899,2021,14578.0,300773
300773,GS10900,2021,23266.0,300774
300774,GS10901,2021,23266.0,300775
300775,GS10902,2021,23266.0,300776
300776,GS10903,2021,23266.0,300777
300777,GS10904,2021,23266.0,300778
300778,GS10905,2021,23266.0,300779
300779,GS10906,2021,23266.0,300780
300780,GS10907,2021,23266.0,300781
300781,GS10908,2021,23266.0,300782
300782,GS10909,2021,23266.0,300783
300783,GS10910,2021,23266.0,300784
300784,GS10911,2021,18118.0,300785
300785,GS10912,2021,18118.0,300786
300786,GS10913,2021,18118.0,300787
300787,GS10914,2021,18118.0,300788
300788,GS10915,2021,18118.0,300789
300789,GS10916,2021,18118.0,300790
300790,GS10917,2021,18118.0,300791
300791,GS10918,2021,18118.0,300792
300792,GS10919,2021,8455.0,300793
300793,GS10920,2021,8455.0,300794
300794,GS10921,2021,8260.0,300795
300961,GS11167,2021,140256.0,300962
302978,VCS8,2021,74203.0,302979
302980,VCS10,2021,4586251.0,302981
302982,VCS12,2021,925415.0,302983
303001,VCS33,2021,46557.0,303002
303019,VCS51,2021,512372.0,303020
303022,VCS54,2021,157870.0,303023
303032,VCS64,2021,60649.0,303033
303033,VCS65,2021,53900.0,303034
303036,VCS68,2021,1354428.0,303037
303049,VCS82,2021,15653.0,303050
303051,VCS84,2021,161647.0,303052
303059,VCS92,2021,2697751.0,303060
303065,VCS98,2021,50978.0,303066
303078,VCS111,2021,86646.0,303079
303097,VCS132,2021,84642.0,303098
303103,VCS138,2021,69999.0,303104
303107,VCS142,2021,532089.0,303108
303109,VCS144,2021,129921.0,303110
303113,VCS148,2021,76725.0,303114
303123,VCS158,2021,30259.0,303124
303137,VCS173,2021,2889200.0,303138
303153,VCS191,2021,3613009.0,303154
303154,VCS192,2021,943454.0,303155
303160,VCS198,2021,126198.0,303161
303164,VCS202,2021,64933.0,303165
303215,VCS253,2021,231904.0,303216
303217,VCS255,2021,71076.0,303218
303226,VCS264,2021,41254.0,303227
303227,VCS265,2021,17413.0,303228
303228,VCS266,2021,56954.0,303229
303231,VCS269,2021,52863.0,303232
303235,VCS273,2021,290892.0,303236
303236,VCS274,2021,39492.0,303237
303254,VCS292,2021,336957.0,303255
303260,VCS298,2021,58146.0,303261
303284,VCS323,2021,9096.0,303285
303285,VCS324,2021,40798.0,303286
303293,VCS332,2021,22925.0,303294
303296,VCS335,2021,30081.0,303297
303297,VCS336,2021,121215.0,303298
303298,VCS337,2021,322452.0,303299
303299,VCS338,2021,36031.0,303300
303300,VCS339,2021,42310.0,303301
303310,VCS349,2021,75948.0,303311
303331,VCS370,2021,13818.0,303332
303341,VCS380,2021,21564.0,303342
303342,VCS381,2021,30602.0,303343
303364,VCS403,2021,106027.0,303365
303372,VCS411,2021,22325.0,303373
303373,VCS412,2021,62164.0,303374
303375,VCS414,2021,619134.0,303376
303376,VCS415,2021,71337.0,303377
303388,VCS427,2021,61493.0,303389
303391,VCS430,2021,38385.0,303392
303402,VCS441,2021,41531.0,303403
303409,VCS448,2021,25103.0,303410
303411,VCS450,2021,20936.0,303412
303416,VCS455,2021,23260.0,303417
303417,VCS456,2021,125509.0,303418
303448,VCS487,2021,984227.0,303449
303449,VCS488,2021,843898.0,303450
303450,VCS489,2021,44197.0,303451
303454,VCS493,2021,152514.0,303455
303459,VCS498,2021,29626.0,303460
303460,VCS499,2021,17756.0,303461
303461,VCS500,2021,14548.0,303462
303496,VCS535,2021,557944.0,303497
303501,VCS540,2021,200088.0,303502
303505,VCS544,2021,373691.0,303506
303523,VCS562,2021,278584.0,303524
303527,VCS566,2021,64883.0,303528
303547,VCS586,2021,6244.0,303548
303556,VCS595,2021,6086.0,303557
303557,VCS596,2021,29908.0,303558
303558,VCS597,2021,3731.0,303559
303559,VCS598,2021,67183.0,303560
303568,VCS607,2021,317035.0,303569
303573,VCS612,2021,1609384.0,303574
303575,VCS614,2021,117415.0,303576
303579,VCS618,2021,114492.0,303580
303580,VCS619,2021,79013.0,303581
303592,VCS631,2021,81011.0,303593
303601,VCS640,2021,69751.0,303602
303608,VCS647,2021,60201.0,303609
303614,VCS653,2021,1338561.0,303615
303616,VCS655,2021,89703.0,303617
303627,VCS666,2021,165741.0,303628
303628,VCS667,2021,138716.0,303629
303630,VCS669,2021,342001.0,303631
303634,VCS673,2021,199544.0,303635
303635,VCS674,2021,3487872.0,303636
303643,VCS682,2021,30183.0,303644
303654,VCS693,2021,72666.0,303655
303658,VCS697,2021,549180.0,303659
303661,VCS700,2021,24044.0,303662
303662,VCS701,2021,17764.0,303663
303667,VCS706,2021,57085.0,303668
303669,VCS708,2021,296831.0,303670
303673,VCS713,2021,647574.0,303674
303677,VCS717,2021,478737.0,303678
303688,VCS728,2021,952877.0,303689
303696,VCS736,2021,364143.0,303697
303697,VCS737,2021,455478.0,303698
303712,VCS753,2021,850041.0,303713
303721,VCS762,2021,916543.0,303722
303725,VCS766,2021,2495486.0,303726
303732,VCS773,2021,104586.0,303733
303739,VCS780,2021,223436.0,303740
303743,VCS784,2021,131818.0,303744
303745,VCS786,2021,1249824.0,303746
303747,VCS788,2021,116613.0,303748
303769,VCS810,2021,272388.0,303770
303771,VCS812,2021,122227.0,303772
303782,VCS823,2021,402834.0,303783
303785,VCS826,2021,5258.0,303786
303786,VCS827,2021,34503.0,303787
303789,VCS830,2021,930149.0,303790
303792,VCS833,2021,54351.0,303793
303795,VCS836,2021,127120.0,303796
303796,VCS837,2021,1104078.0,303797
303803,VCS844,2021,884129.0,303804
303808,VCS849,2021,704426.0,303809
303809,VCS850,2021,864857.0,303810
303834,VCS875,2021,5674980.0,303835
303852,VCS893,2021,12076.0,303853
303855,VCS896,2021,1141024.0,303856
303858,VCS899,2021,677799.0,303859
303861,VCS902,2021,3759795.0,303862
303864,VCS905,2021,489818.0,303865
303870,VCS911,2021,111058.0,303871
303876,VCS917,2021,827828.0,303877
303880,VCS921,2021,775756.0,303881
303883,VCS924,2021,743544.0,303884
303884,VCS925,2021,27886.0,303885
303885,VCS926,2021,64018.0,303886
303886,VCS927,2021,92883.0,303887
303888,VCS929,2021,37704.0,303889
303897,VCS938,2021,17163.0,303898
303902,VCS943,2021,16057.0,303903
303903,VCS944,2021,889110.0,303904
303906,VCS947,2021,46157.0,303907
303913,VCS954,2021,248579.0,303914
303917,VCS958,2021,430258.0,303918
303918,VCS959,2021,5574668.0,303919
303940,VCS981,2021,6411095.0,303941
303953,VCS994,2021,98536.0,303954
303954,VCS995,2021,43372.0,303955
303955,VCS996,2021,119453.0,303956
303977,VCS1019,2021,583539.0,303978
303978,VCS1020,2021,54716.0,303979
303979,VCS1021,2021,34931.0,303980
303980,VCS1022,2021,30265.0,303981
303981,VCS1023,2021,72758.0,303982
303982,VCS1024,2021,42653.0,303983
304013,VCS1055,2021,990978.0,304014
304018,VCS1060,2021,49530.0,304019
304024,VCS1066,2021,179860.0,304025
304025,VCS1067,2021,745894.0,304026
304026,VCS1068,2021,73110.0,304027
304043,VCS1085,2021,229270.0,304044
304047,VCS1089,2021,8817.0,304048
304052,VCS1094,2021,41867.0,304053
304058,VCS1100,2021,2282048.0,304059
304071,VCS1113,2021,220892.0,304072
304073,VCS1115,2021,1314253.0,304074
304075,VCS1117,2021,305407.0,304076
304079,VCS1121,2021,454523.0,304080
304098,VCS1140,2021,454707.0,304099
304099,VCS1141,2021,644011.0,304100
304100,VCS1142,2021,2122.0,304101
304101,VCS1143,2021,286218.0,304102
304102,VCS1144,2021,15044.0,304103
304104,VCS1146,2021,3571344.0,304105
304117,VCS1160,2021,247259.0,304118
304119,VCS1162,2021,274215.0,304120
304120,VCS1163,2021,76665.0,304121
304123,VCS1166,2021,224553.0,304124
304131,VCS1174,2021,242293.0,304132
304139,VCS1182,2021,237397.0,304140
304144,VCS1187,2021,127933.0,304145
304145,VCS1188,2021,335659.0,304146
304146,VCS1189,2021,307768.0,304147
304147,VCS1190,2021,84173.0,304148
304148,VCS1191,2021,143444.0,304149
304151,VCS1194,2021,220809.0,304152
304152,VCS1195,2021,104378.0,304153
304154,VCS1197,2021,120493.0,304155
304156,VCS1199,2021,281345.0,304157
304159,VCS1202,2021,189663.0,304160
304160,VCS1203,2021,59726.0,304161
304162,VCS1205,2021,1222788.0,304163
304164,VCS1207,2021,42178.0,304165
304166,VCS1209,2021,9623.0,304167
304167,VCS1210,2021,36725.0,304168
304168,VCS1211,2021,49954.0,304169
304171,VCS1214,2021,175417.0,304172
304175,VCS1218,2021,641021.0,304176
304178,VCS1221,2021,706792.0,304179
304188,VCS1231,2021,127874.0,304189
304189,VCS1232,2021,122458.0,304190
304195,VCS1238,2021,181635.0,304196
304198,VCS1241,2021,71560.0,304199
304204,VCS1247,2021,17071.0,304205
304205,VCS1248,2021,21576.0,304206
304206,VCS1249,2021,10535.0,304207
304207,VCS1250,2021,18556.0,304208
304211,VCS1254,2021,206094.0,304212
304215,VCS1258,2021,1151085.0,304216
304248,VCS1291,2021,742829.0,304249
304256,VCS1300,2021,155562.0,304257
304274,VCS1318,2021,228542.0,304275
304278,VCS1322,2021,364219.0,304279
304285,VCS1329,2021,512583.0,304286
304286,VCS1330,2021,31320.0,304287
304294,VCS1338,2021,137776.0,304295
304296,VCS1340,2021,4438780.0,304297
304298,VCS1342,2021,185615.0,304299
304301,VCS1345,2021,497174.0,304302
304305,VCS1349,2021,216931.0,304306
304316,VCS1360,2021,226349.0,304317
304318,VCS1362,2021,165786.0,304319
304320,VCS1364,2021,177633.0,304321
304328,VCS1372,2021,38282.0,304329
304336,VCS1380,2021,377610.0,304337
304342,VCS1386,2021,50137.0,304343
304345,VCS1389,2021,320045.0,304346
304346,VCS1390,2021,165613.0,304347
304347,VCS1391,2021,247447.0,304348
304351,VCS1395,2021,364162.0,304352
304352,VCS1396,2021,171414.0,304353
304355,VCS1399,2021,104646.0,304356
304362,VCS1406,2021,121754.0,304363
304369,VCS1413,2021,42434.0,304370
304375,VCS1419,2021,96610.0,304376
304381,VCS1425,2021,30996.0,304382
304383,VCS1427,2021,166012.0,304384
304392,VCS1437,2021,132790.0,304393
304393,VCS1438,2021,103546.0,304394
304402,VCS1447,2021,2283165.0,304403
304408,VCS1453,2021,98802.0,304409
304418,VCS1464,2021,2854350.0,304419
304421,VCS1468,2021,3210579.0,304422
304428,VCS1477,2021,5646054.0,304429
304431,VCS1480,2021,104366.0,304432
304433,VCS1482,2021,75873.0,304434
304448,VCS1499,2021,708702.0,304449
304455,VCS1506,2021,373493.0,304456
304460,VCS1512,2021,60948.0,304461
304462,VCS1514,2021,4472.0,304463
304467,VCS1519,2021,61990.0,304468
304468,VCS1520,2021,85533.0,304469
304469,VCS1521,2021,168371.0,304470
304470,VCS1522,2021,3007783.0,304471
304471,VCS1523,2021,101861.0,304472
304477,VCS1529,2021,77639.0,304478
304492,VCS1546,2021,310150.0,304493
304493,VCS1547,2021,67151.0,304494
304495,VCS1549,2021,119115.0,304496
304496,VCS1550,2021,40093.0,304497
304497,VCS1551,2021,751.0,304498
304504,VCS1560,2021,247721.0,304505
304509,VCS1566,2021,9976753.0,304510
304517,VCS1577,2021,78402.0,304518
304520,VCS1580,2021,839190.0,304521
304521,VCS1582,2021,108683.0,304522
304530,VCS1644,2021,530729.0,304531
304531,VCS1650,2021,6741668.0,304532
304534,VCS1654,2021,170766.0,304535
304539,VCS1660,2021,61292.0,304540
304547,VCS1669,2021,156871.0,304548
304548,VCS1670,2021,126703.0,304549
304549,VCS1671,2021,100473.0,304550
304551,VCS1673,2021,32455.0,304552
304553,VCS1675,2021,3518.0,304554
304557,VCS1679,2021,91255.0,304558
304563,VCS1685,2021,181018.0,304564
304566,VCS1689,2021,645410.0,304567
304570,VCS1693,2021,4390.0,304571
304578,VCS1702,2021,62343.0,304579
304583,VCS1709,2021,318091.0,304584
304587,VCS1716,2021,29823.0,304588
304588,VCS1718,2021,605656.0,304589
304590,VCS1720,2021,209305.0,304591
304591,VCS1721,2021,374322.0,304592
304592,VCS1723,2021,65143.0,304593
304594,VCS1728,2021,2214687.0,304595
304597,VCS1732,2021,300438.0,304598
304598,VCS1733,2021,86593.0,304599
304599,VCS1734,2021,56143.0,304600
304601,VCS1736,2021,576680.0,304602
304603,VCS1739,2021,14189.0,304604
304605,VCS1741,2021,28883.0,304606
304609,VCS1745,2021,87943.0,304610
304611,VCS1748,2021,11838831.0,304612
304615,VCS1753,2021,2546833.0,304616
304616,VCS1754,2021,241686.0,304617
304617,VCS1758,2021,446347.0,304618
304620,VCS1762,2021,549453.0,304621
304621,VCS1764,2021,54137.0,304622
304624,VCS1767,2021,521852.0,304625
304626,VCS1769,2021,3891.0,304627
304627,VCS1770,2021,226692.0,304628
304630,VCS1774,2021,31462.0,304631
304631,VCS1775,2021,1458359.0,304632
304632,VCS1776,2021,266662.0,304633
304637,VCS1784,2021,609256.0,304638
304638,VCS1786,2021,477711.0,304639
304639,VCS1787,2021,135284.0,304640
304640,VCS1788,2021,164185.0,304641
304641,VCS1789,2021,108063.0,304642
304642,VCS1790,2021,203168.0,304643
304643,VCS1791,2021,185923.0,304644
304644,VCS1792,2021,1339537.0,304645
304645,VCS1793,2021,268604.0,304646
304646,VCS1794,2021,49569.0,304647
304651,VCS1800,2021,46646.0,304652
304654,VCS1804,2021,69323.0,304655
304661,VCS1812,2021,1108053.0,304662
304663,VCS1815,2021,1944499.0,304664
304664,VCS1816,2021,34262.0,304665
304665,VCS1817,2021,41237.0,304666
304667,VCS1820,2021,601698.0,304668
304669,VCS1822,2021,63605.0,304670
304670,VCS1823,2021,38094.0,304671
304678,VCS1831,2021,39174.0,304679
304687,VCS1842,2021,114035.0,304688
304692,VCS1847,2021,764004.0,304693
304696,VCS1851,2021,4531882.0,304697
304698,VCS1853,2021,61125.0,304699
304699,VCS1854,2021,100551.0,304700
304701,VCS1856,2021,476418.0,304702
304705,VCS1861,2021,29477.0,304706
304706,VCS1862,2021,118336.0,304707
304709,VCS1865,2021,576342.0,304710
304711,VCS1867,2021,624588.0,304712
304718,VCS1875,2021,65581.0,304719
304719,VCS1877,2021,58186.0,304720
304724,VCS1883,2021,42990.0,304725
304726,VCS1885,2021,45093.0,304727
304730,VCS1890,2021,248936.0,304731
304731,VCS1891,2021,685478.0,304732
304734,VCS1895,2021,250838.0,304735
304736,VCS1897,2021,504852.0,304737
304737,VCS1898,2021,146367.0,304738
304742,VCS1903,2021,522964.0,304743
304743,VCS1904,2021,806985.0,304744
304754,VCS1915,2021,40587.0,304755
304767,VCS1930,2021,418299.0,304768
304768,VCS1931,2021,733563.0,304769
304769,VCS1933,2021,91646.0,304770
304771,VCS1935,2021,517971.0,304772
304776,VCS1941,2021,75694.0,304777
304780,VCS1945,2021,18133.0,304781
304784,VCS1949,2021,906090.0,304785
304785,VCS1950,2021,1428835.0,304786
304789,VCS1954,2021,107033.0,304790
304792,VCS1958,2021,85900.0,304793
304798,VCS1964,2021,108925.0,304799
304799,VCS1965,2021,91933.0,304800
304805,VCS1971,2021,23952.0,304806
304806,VCS1972,2021,134315.0,304807
304808,VCS1974,2021,119936.0,304809
304809,VCS1975,2021,59191.0,304810
304819,VCS1985,2021,52078.0,304820
304821,VCS1987,2021,671364.0,304822
304824,VCS1990,2021,96819.0,304825
304827,VCS1993,2021,313130.0,304828
304831,VCS1997,2021,172706.0,304832
304833,VCS1999,2021,151587.0,304834
304834,VCS2000,2021,167920.0,304835
304835,VCS2001,2021,148431.0,304836
304836,VCS2002,2021,175036.0,304837
304851,VCS2017,2021,270510.0,304852
304854,VCS2020,2021,100366.0,304855
304857,VCS2023,2021,23653.0,304858
304860,VCS2026,2021,1535217.0,304861
304872,VCS2038,2021,68935.0,304873
304877,VCS2043,2021,495718.0,304878
304886,VCS2052,2021,300073.0,304887
304893,VCS2059,2021,617351.0,304894
304899,VCS2065,2021,467623.0,304900
304904,VCS2070,2021,1202180.0,304905
304910,VCS2077,2021,975.0,304911
304913,VCS2082,2021,461385.0,304914
304914,VCS2083,2021,54802.0,304915
304917,VCS2087,2021,372490.0,304918
304922,VCS2092,2021,479318.0,304923
304923,VCS2093,2021,12833.0,304924
304924,VCS2094,2021,305228.0,304925
304925,VCS2095,2021,331039.0,304926
304927,VCS2097,2021,417351.0,304928
304928,VCS2098,2021,960750.0,304929
304929,VCS2099,2021,258605.0,304930
304938,VCS2242,2021,249703.0,304939
304939,VCS2243,2021,125737.0,304940
304940,VCS2244,2021,275169.0,304941
304941,VCS2245,2021,54223.0,304942
304944,VCS2248,2021,295277.0,304945
304945,VCS2249,2021,230605.0,304946
304948,VCS2252,2021,6307759.0,304949
304950,VCS2259,2021,25680.0,304951
304951,VCS2260,2021,44774.0,304952
304952,VCS2261,2021,37824.0,304953
304954,VCS2263,2021,7154.0,304955
304956,VCS2290,2021,59363.0,304957
304957,VCS2291,2021,627061.0,304958
304958,VCS2292,2021,793277.0,304959
304964,VCS2299,2021,135387.0,304965
304967,VCS2302,2021,70777.0,304968
304972,VCS2307,2021,37847.0,304973
304973,VCS2308,2021,29681.0,304974
304975,VCS2310,2021,579051.0,304976
304981,VCS2316,2021,20000.0,304982
304987,VCS2322,2021,27797.0,304988
304988,VCS2323,2021,69044.0,304989
304989,VCS2324,2021,302043.0,304990
304995,VCS2333,2021,124256.0,304996
304997,VCS2335,2021,223737.0,304998
304998,VCS2336,2021,12767.0,304999
304999,VCS2337,2021,143641.0,305000
305000,VCS2338,2021,22104.0,305001
305001,VCS2339,2021,155813.0,305002
305005,VCS2343,2021,5880.0,305006
305015,VCS2354,2021,96307.0,305016
305018,VCS2357,2021,46930.0,305019
305019,VCS2358,2021,467671.0,305020
305023,VCS2362,2021,180000.0,305024
305029,VCS2370,2021,182466.0,305030
305043,VCS2384,2021,126587.0,305044
305045,VCS2386,2021,6624.0,305046
305047,VCS2388,2021,93335.0,305048
305052,VCS2393,2021,60661.0,305053
305053,VCS2394,2021,1276.0,305054
305064,VCS2405,2021,248558.0,305065
305073,VCS2414,2021,241002.0,305074
305074,VCS2415,2021,43594.0,305075
305077,VCS2418,2021,63340.0,305078
305090,VCS2432,2021,186734.0,305091
305091,VCS2433,2021,217566.0,305092
305092,VCS2434,2021,29764.0,305093
305107,VCS2449,2021,23657.0,305108
305117,VCS2463,2021,7890.0,305118
305118,VCS2464,2021,246932.0,305119
305131,VCS2478,2021,7657147.0,305132
305150,VCS2499,2021,174453.0,305151
305152,VCS2501,2021,24134.0,305153
305154,VCS2503,2021,63836.0,305155
305162,VCS2511,2021,11645.0,305163
305231,VCS2599,2021,7772.0,305232
305232,VCS2600,2021,1059508.0,305233
305334,VCS2716,2021,74491.0,305335
308334,ACR0188,2022,20492.0,308335
308337,ACR0191,2022,23129.0,308338
308343,ACR0199,2022,460685.0,308344
308344,ACR0200,2022,9914.0,308345
308360,ACR0223,2022,18844.0,308361
308361,ACR0224,2022,123503.0,308362
308363,ACR0226,2022,115309.0,308364
308370,ACR0234,2022,16323.0,308371
308371,ACR0235,2022,13931.0,308372
308374,ACR0238,2022,21737.0,308375
308375,ACR0239,2022,1790.0,308376
308377,ACR0241,2022,13549.0,308378
308378,ACR0242,2022,47616.0,308379
308395,ACR0259,2022,11091.0,308396
308401,ACR0265,2022,19587.0,308402
308402,ACR0266,2022,18624.0,308403
308403,ACR0267,2022,108814.0,308404
308404,ACR0268,2022,675257.0,308405
308405,ACR0269,2022,355488.0,308406
308410,ACR0274,2022,122623.0,308411
308412,ACR0276,2022,71204.0,308413
308415,ACR0279,2022,41944.0,308416
308416,ACR0280,2022,64031.0,308417
308417,ACR0281,2022,26584.0,308418
308418,ACR0282,2022,95203.0,308419
308428,ACR0292,2022,44676.0,308429
308437,ACR0303,2022,463530.0,308438
308447,ACR0313,2022,19151.0,308448
308463,ACR0355,2022,9850.0,308464
308468,ACR0360,2022,286891.0,308469
308478,ACR0371,2022,10915.0,308479
308488,ACR0382,2022,49875.0,308489
308491,ACR0386,2022,76567.0,308492
308493,ACR0388,2022,149451.0,308494
308494,ACR0389,2022,70419.0,308495
308501,ACR0398,2022,155714.0,308502
308505,ACR0403,2022,19458.0,308506
308508,ACR0407,2022,244391.0,308509
308511,ACR0411,2022,119923.0,308512
308521,ACR0424,2022,39228.0,308522
308524,ACR0427,2022,119647.0,308525
308535,ACR0439,2022,58690.0,308536
308537,ACR0441,2022,82815.0,308538
308563,ACR0470,2022,35956.0,308564
308582,ACR0493,2022,79907.0,308583
308587,ACR0499,2022,145951.0,308588
308592,ACR0505,2022,49066.0,308593
308594,ACR0507,2022,56383.0,308595
308595,ACR0508,2022,81486.0,308596
308596,ACR0509,2022,117490.0,308597
308602,ACR0518,2022,49397.0,308603
308603,ACR0519,2022,61575.0,308604
308616,ACR0534,2022,99050.0,308617
308625,ACR0544,2022,53968.0,308626
308627,ACR0546,2022,16484.0,308628
308632,ACR0551,2022,438302.0,308633
308633,ACR0552,2022,227614.0,308634
308635,ACR0554,2022,327085.0,308636
308637,ACR0556,2022,1137557.0,308638
308638,ACR0557,2022,79887.0,308639
308639,ACR0558,2022,106355.0,308640
308640,ACR0560,2022,103750.0,308641
308643,ACR0564,2022,3039.0,308644
308644,ACR0566,2022,103103.0,308645
308645,ACR0568,2022,522644.0,308646
308646,ACR0569,2022,105623.0,308647
308649,ACR0572,2022,32325.0,308650
308651,ACR0574,2022,54913.0,308652
308654,ACR0578,2022,77171.0,308655
308655,ACR0579,2022,136682.0,308656
308662,ACR0586,2022,302408.0,308663
308663,ACR0587,2022,428360.0,308664
308664,ACR0588,2022,137875.0,308665
308666,ACR0590,2022,61730.0,308667
308667,ACR0591,2022,143611.0,308668
308668,ACR0592,2022,370088.0,308669
308669,ACR0593,2022,17296.0,308670
308670,ACR0594,2022,24949.0,308671
308671,ACR0595,2022,207730.0,308672
308672,ACR0596,2022,469231.0,308673
308679,ACR0603,2022,3900.0,308680
308680,ACR0604,2022,134756.0,308681
308681,ACR0606,2022,241777.0,308682
308682,ACR0607,2022,32294.0,308683
308684,ACR0609,2022,64529.0,308685
308685,ACR0610,2022,29604.0,308686
308688,ACR0614,2022,342994.0,308689
308691,ACR0617,2022,75583.0,308692
308694,ACR0620,2022,219086.0,308695
308695,ACR0621,2022,1610884.0,308696
308696,ACR0622,2022,1320179.0,308697
308697,ACR0623,2022,219573.0,308698
308698,ACR0624,2022,360119.0,308699
308702,ACR0629,2022,310242.0,308703
308703,ACR0630,2022,100641.0,308704
308704,ACR0631,2022,156893.0,308705
308707,ACR0634,2022,173717.0,308708
308709,ACR0637,2022,368277.0,308710
308712,ACR0640,2022,367047.0,308713
308713,ACR0641,2022,18605.0,308714
308714,ACR0642,2022,16102.0,308715
308716,ACR0644,2022,33491.0,308717
308718,ACR0646,2022,185621.0,308719
308720,ACR0648,2022,688636.0,308721
308721,ACR0649,2022,85100.0,308722
308722,ACR0650,2022,14977.0,308723
308723,ACR0651,2022,16986.0,308724
308727,ACR0656,2022,2149053.0,308728
308728,ACR0657,2022,106140.0,308729
308729,ACR0658,2022,414184.0,308730
308730,ACR0659,2022,26358.0,308731
308731,ACR0660,2022,91477.0,308732
308732,ACR0661,2022,93109.0,308733
308733,ACR0662,2022,129653.0,308734
308734,ACR0663,2022,93571.0,308735
308739,ACR0669,2022,62598.0,308740
308740,ACR0670,2022,7758.0,308741
308741,ACR0671,2022,73042.0,308742
308744,ACR0674,2022,55569.0,308745
308745,ACR0675,2022,64387.0,308746
308746,ACR0676,2022,1908868.0,308747
308748,ACR0678,2022,186441.0,308749
308756,ACR0686,2022,89712.0,308757
308760,ACR0692,2022,58191.0,308761
308762,ACR0694,2022,14188.0,308763
308763,ACR0695,2022,10451.0,308764
308766,ACR0701,2022,752021.0,308767
308781,ACR0729,2022,12956.0,308782
308788,ACR0736,2022,27748.0,308789
308789,ACR0737,2022,44458.0,308790
308794,ACR0742,2022,39881.0,308795
308795,ACR0743,2022,3665.0,308796
308796,ACR0744,2022,75576.0,308797
308798,ACR0746,2022,42364.0,308799
308799,ACR0747,2022,32742.0,308800
308804,ACR0755,2022,76661.0,308805
308806,ACR0758,2022,20952.0,308807
308810,ACR0762,2022,114791.0,308811
308812,ACR0765,2022,318479.0,308813
308815,ACR0768,2022,212324.0,308816
308818,ACR0773,2022,1368452.0,308819
308819,ACR0774,2022,154340.0,308820
308831,ACR0791,2022,13360.0,308832
308838,ACR0799,2022,61861.0,308839
309255,ART0102,2022,33470599.0,309256
309291,CAR400,2022,211183.0,309292
309293,CAR403,2022,49488.0,309294
309294,CAR406,2022,48724.0,309295
309299,CAR416,2022,7332.0,309300
309302,CAR422,2022,74141.0,309303
309311,CAR436,2022,61627.0,309312
309316,CAR443,2022,237472.0,309317
309317,CAR444,2022,88350.0,309318
309338,CAR473,2022,139543.0,309339
309340,CAR475,2022,100693.0,309341
309355,CAR491,2022,62208.0,309356
309356,CAR495,2022,58992.0,309357
309367,CAR509,2022,32229.0,309368
309373,CAR517,2022,73913.0,309374
309374,CAR521,2022,65770.0,309375
309375,CAR522,2022,62776.0,309376
309376,CAR531,2022,30521.0,309377
309385,CAR558,2022,74948.0,309386
309388,CAR574,2022,17620.0,309389
309398,CAR592,2022,82489.0,309399
309411,CAR621,2022,177286.0,309412
309412,CAR627,2022,22677.0,309413
309417,CAR635,2022,108850.0,309418
309418,CAR639,2022,946382.0,309419
309430,CAR674,2022,138170.0,309431
309433,CAR683,2022,9043.0,309434
309446,CAR768,2022,155386.0,309447
309457,CAR785,2022,26125.0,309458
309459,CAR790,2022,102406.0,309460
309471,CAR811,2022,278291.0,309472
309478,CAR822,2022,13787.0,309479
309480,CAR825,2022,42763.0,309481
309489,CAR838,2022,87269.0,309490
309492,CAR844,2022,20412.0,309493
309494,CAR866,2022,49397.0,309495
309497,CAR880,2022,41093.0,309498
309498,CAR881,2022,35242.0,309499
309501,CAR886,2022,12179.0,309502
309502,CAR887,2022,32337.0,309503
309510,CAR911,2022,22999.0,309511
309511,CAR917,2022,18743.0,309512
309530,CAR969,2022,36215.0,309531
309540,CAR988,2022,8523.0,309541
309547,CAR996,2022,12212.0,309548
309548,CAR997,2022,4570.0,309549
309557,CAR1008,2022,18652.0,309558
309562,CAR1013,2022,110099.0,309563
309573,CAR1027,2022,149983.0,309574
309576,CAR1032,2022,25262.0,309577
309578,CAR1035,2022,9879.0,309579
309579,CAR1036,2022,17497.0,309580
309587,CAR1050,2022,65414.0,309588
309591,CAR1057,2022,3147.0,309592
309624,CAR1094,2022,11526.0,309625
309625,CAR1095,2022,171143.0,309626
309629,CAR1099,2022,52469.0,309630
309630,CAR1100,2022,73440.0,309631
309635,CAR1105,2022,346846.0,309636
309636,CAR1106,2022,23606.0,309637
309651,CAR1122,2022,7505.0,309652
309652,CAR1123,2022,13040.0,309653
309653,CAR1124,2022,11736.0,309654
309659,CAR1130,2022,79644.0,309660
309660,CAR1132,2022,4546.0,309661
309661,CAR1133,2022,1398.0,309662
309666,CAR1138,2022,68948.0,309667
309667,CAR1139,2022,228567.0,309668
309669,CAR1141,2022,28788.0,309670
309670,CAR1142,2022,9478.0,309671
309673,CAR1145,2022,26770.0,309674
309677,CAR1152,2022,13994.0,309678
309697,CAR1173,2022,45577.0,309698
309704,CAR1180,2022,61408.0,309705
309707,CAR1183,2022,53752.0,309708
309708,CAR1184,2022,11869.0,309709
309715,CAR1191,2022,168978.0,309716
309727,CAR1205,2022,125568.0,309728
309728,CAR1206,2022,86.0,309729
309731,CAR1209,2022,48939.0,309732
309737,CAR1215,2022,85518.0,309738
309748,CAR1237,2022,3601.0,309749
309749,CAR1238,2022,12018.0,309750
309757,CAR1246,2022,11043.0,309758
309758,CAR1247,2022,10182.0,309759
309768,CAR1259,2022,9092.0,309769
309769,CAR1260,2022,2920.0,309770
309770,CAR1261,2022,9401.0,309771
309773,CAR1264,2022,119846.0,309774
309774,CAR1265,2022,49659.0,309775
309781,CAR1274,2022,19466.0,309782
309782,CAR1275,2022,10731.0,309783
309788,CAR1281,2022,14452.0,309789
309789,CAR1282,2022,4369.0,309790
309791,CAR1284,2022,9974.0,309792
309792,CAR1285,2022,5543.0,309793
309798,CAR1291,2022,38893.0,309799
309799,CAR1292,2022,1318537.0,309800
309800,CAR1293,2022,1109602.0,309801
309805,CAR1298,2022,22576.0,309806
309806,CAR1299,2022,4713.0,309807
309825,CAR1321,2022,6351.0,309826
309827,CAR1324,2022,1934.0,309828
309828,CAR1325,2022,5825.0,309829
309831,CAR1328,2022,1389.0,309832
309833,CAR1330,2022,12369.0,309834
309836,CAR1333,2022,9690.0,309837
309838,CAR1335,2022,293788.0,309839
309846,CAR1345,2022,812.0,309847
309847,CAR1347,2022,3932.0,309848
309848,CAR1348,2022,824.0,309849
309849,CAR1350,2022,489.0,309850
309850,CAR1351,2022,243.0,309851
309851,CAR1352,2022,2165.0,309852
309852,CAR1353,2022,365.0,309853
309853,CAR1354,2022,2192.0,309854
309854,CAR1355,2022,607.0,309855
309855,CAR1356,2022,678.0,309856
309856,CAR1357,2022,1189.0,309857
309857,CAR1358,2022,535.0,309858
309858,CAR1359,2022,442.0,309859
309859,CAR1360,2022,399.0,309860
309860,CAR1361,2022,916.0,309861
309861,CAR1362,2022,1598.0,309862
309862,CAR1363,2022,805.0,309863
309863,CAR1364,2022,641.0,309864
309865,CAR1366,2022,187.0,309866
309868,CAR1372,2022,85131.0,309869
309882,CAR1387,2022,23229.0,309883
309883,CAR1388,2022,29422.0,309884
309886,CAR1392,2022,31967.0,309887
309890,CAR1399,2022,7556.0,309891
309900,CAR1411,2022,24881.0,309901
309903,CAR1415,2022,5124.0,309904
309906,CAR1425,2022,8337.0,309907
309907,CAR1428,2022,10368.0,309908
309908,CAR1429,2022,4792.0,309909
309909,CAR1432,2022,1322.0,309910
309910,CAR1433,2022,2588.0,309911
309911,CAR1434,2022,1029.0,309912
309912,CAR1435,2022,1784.0,309913
309914,CAR1437,2022,511.0,309915
309915,CAR1438,2022,1398.0,309916
309919,CAR1443,2022,11882.0,309920
309930,CAR1455,2022,38049.0,309931
309933,CAR1459,2022,18934.0,309934
309935,CAR1461,2022,22792.0,309936
309936,CAR1462,2022,7893.0,309937
309937,CAR1463,2022,47195.0,309938
309939,CAR1465,2022,29873.0,309940
309946,CAR1480,2022,4122894.0,309947
309958,CAR1494,2022,13923.0,309959
309959,CAR1495,2022,18545.0,309960
309960,CAR1496,2022,9405.0,309961
309961,CAR1497,2022,32379.0,309962
309962,CAR1498,2022,60731.0,309963
309963,CAR1499,2022,8272.0,309964
309964,CAR1500,2022,1677.0,309965
309965,CAR1505,2022,2577.0,309966
309966,CAR1506,2022,610.0,309967
309967,CAR1507,2022,19064.0,309968
309968,CAR1508,2022,7490.0,309969
309969,CAR1509,2022,10085.0,309970
309970,CAR1510,2022,7158.0,309971
309971,CAR1511,2022,1340.0,309972
309972,CAR1513,2022,32.0,309973
309973,CAR1514,2022,49253.0,309974
309974,CAR1515,2022,122101.0,309975
309975,CAR1517,2022,15158.0,309976
309985,CAR1531,2022,13060.0,309986
309986,CAR1532,2022,45277.0,309987
309987,CAR1535,2022,580.0,309988
309988,CAR1536,2022,650.0,309989
309989,CAR1537,2022,5424.0,309990
309990,CAR1538,2022,294.0,309991
309992,CAR1540,2022,144.0,309993
309993,CAR1542,2022,5192.0,309994
309994,CAR1543,2022,969.0,309995
309995,CAR1544,2022,3492.0,309996
309996,CAR1545,2022,28320.0,309997
309997,CAR1546,2022,3162.0,309998
309998,CAR1547,2022,6935.0,309999
309999,CAR1548,2022,1570.0,310000
310002,CAR1551,2022,18376.0,310003
310003,CAR1552,2022,13150.0,310004
310004,CAR1553,2022,5548.0,310005
310010,CAR1560,2022,59147.0,310011
310013,CAR1565,2022,14764.0,310014
310014,CAR1566,2022,37084.0,310015
310025,CAR1578,2022,102599.0,310026
310028,CAR1582,2022,20687.0,310029
310037,CAR1593,2022,18042.0,310038
310579,GS369,2022,90879.0,310580
310586,GS395,2022,44039.0,310587
310588,GS398,2022,7454.0,310589
310592,GS407,2022,801020.0,310593
310606,GS439,2022,68344.0,310607
310609,GS445,2022,70261.0,310610
310610,GS447,2022,1344666.0,310611
310618,GS464,2022,338520.0,310619
310630,GS504,2022,80025.0,310631
310645,GS565,2022,56059.0,310646
310646,GS566,2022,80945.0,310647
310647,GS567,2022,228187.0,310648
310659,GS601,2022,45875.0,310660
310677,GS633,2022,50950.0,310678
310695,GS670,2022,51248.0,310696
310708,GS702,2022,69291.0,310709
310714,GS716,2022,4642.0,310715
310725,GS745,2022,246347.0,310726
310726,GS746,2022,36219.0,310727
310734,GS764,2022,58190.0,310735
310735,GS765,2022,39960.0,310736
310767,GS828,2022,138327.0,310768
310784,GS858,2022,660.0,310785
310800,GS879,2022,162894.0,310801
310810,GS905,2022,529365.0,310811
310815,GS913,2022,50632.0,310816
310827,GS935,2022,330393.0,310828
310861,GS997,2022,12207.0,310862
310876,GS1020,2022,84820.0,310877
310877,GS1021,2022,36101.0,310878
310884,GS1028,2022,4354.0,310885
310896,GS1041,2022,273212.0,310897
310898,GS1044,2022,277803.0,310899
310904,GS1054,2022,149300.0,310905
310909,GS1061,2022,493769.0,310910
310913,GS1067,2022,99645.0,310914
310926,GS1090,2022,47132.0,310927
310947,GS1117,2022,30637.0,310948
310950,GS1124,2022,6620.0,310951
310952,GS1128,2022,40829.0,310953
310953,GS1134,2022,329779.0,310954
310960,GS1146,2022,18825.0,310961
310964,GS1162,2022,2451.0,310965
310972,GS1174,2022,107376.0,310973
310981,GS1190,2022,133666.0,310982
310982,GS1191,2022,17131.0,310983
310995,GS1207,2022,80492.0,310996
310996,GS1208,2022,66957.0,310997
311006,GS1229,2022,8143.0,311007
311007,GS1230,2022,32051.0,311008
311028,GS1267,2022,340.0,311029
311031,GS1286,2022,48690.0,311032
311032,GS1288,2022,1854.0,311033
311045,GS1306,2022,47944.0,311046
311059,GS1321,2022,207513.0,311060
311066,GS1330,2022,273864.0,311067
311078,GS1347,2022,54466.0,311079
311082,GS1352,2022,2596.0,311083
311083,GS1353,2022,2740.0,311084
311092,GS1367,2022,18204.0,311093
311114,GS1693,2022,8528.0,311115
311115,GS1694,2022,8528.0,311116
311116,GS1695,2022,8528.0,311117
311117,GS1696,2022,8528.0,311118
311118,GS1697,2022,8528.0,311119
311119,GS1698,2022,8528.0,311120
311120,GS1699,2022,8528.0,311121
311121,GS1700,2022,8528.0,311122
311122,GS1701,2022,8528.0,311123
311123,GS1702,2022,8528.0,311124
311124,GS1703,2022,8291.0,311125
311125,GS1704,2022,8291.0,311126
311126,GS1705,2022,8291.0,311127
311127,GS1706,2022,8291.0,311128
311128,GS1707,2022,8291.0,311129
311129,GS1708,2022,8291.0,311130
311130,GS1709,2022,8291.0,311131
311131,GS1710,2022,8291.0,311132
311132,GS1711,2022,8291.0,311133
311133,GS1712,2022,8291.0,311134
311134,GS1713,2022,8291.0,311135
311135,GS1714,2022,8291.0,311136
311136,GS1715,2022,8291.0,311137
311137,GS1716,2022,8291.0,311138
311138,GS1717,2022,8291.0,311139
311139,GS1718,2022,8291.0,311140
311140,GS1719,2022,8291.0,311141
311141,GS1720,2022,8291.0,311142
311142,GS1721,2022,8291.0,311143
311143,GS1722,2022,8291.0,311144
311144,GS1723,2022,8291.0,311145
311145,GS1724,2022,8528.0,311146
311146,GS1725,2022,8528.0,311147
311147,GS1726,2022,8528.0,311148
311148,GS1727,2022,8528.0,311149
311149,GS1728,2022,8528.0,311150
311151,GS1730,2022,8528.0,311152
311152,GS1731,2022,8528.0,311153
311153,GS1732,2022,8528.0,311154
311154,GS1733,2022,8528.0,311155
311155,GS1734,2022,8528.0,311156
311156,GS1735,2022,8528.0,311157
311157,GS1736,2022,8528.0,311158
311158,GS1737,2022,8528.0,311159
311159,GS1738,2022,8528.0,311160
311160,GS1739,2022,8528.0,311161
311161,GS1740,2022,8528.0,311162
311162,GS1741,2022,8844.0,311163
311163,GS1742,2022,8528.0,311164
311164,GS1743,2022,8528.0,311165
311165,GS1744,2022,7520.0,311166
311166,GS1745,2022,8388.0,311167
311170,GS1890,2022,64826.0,311171
311177,GS2094,2022,399837.0,311178
311183,GS2290,2022,30550.0,311184
311188,GS2296,2022,371147.0,311189
311189,GS2297,2022,963232.0,311190
311197,GS2397,2022,127417.0,311198
311211,GS2419,2022,192809.0,311212
311224,GS2437,2022,2055.0,311225
311237,GS2456,2022,9991.0,311238
311262,GS2490,2022,48548.0,311263
311267,GS2500,2022,98739.0,311268
311282,GS2520,2022,19613.0,311283
311305,GS2564,2022,98266.0,311306
311307,GS2566,2022,8528.0,311308
311308,GS2567,2022,8291.0,311309
311309,GS2568,2022,8291.0,311310
311310,GS2569,2022,8291.0,311311
311311,GS2570,2022,8291.0,311312
311312,GS2571,2022,8291.0,311313
311313,GS2572,2022,8291.0,311314
311314,GS2573,2022,8291.0,311315
311315,GS2574,2022,8291.0,311316
311316,GS2575,2022,8528.0,311317
311317,GS2576,2022,8528.0,311318
311318,GS2577,2022,8528.0,311319
311319,GS2578,2022,8528.0,311320
311320,GS2579,2022,8291.0,311321
311321,GS2580,2022,8395.0,311322
311322,GS2581,2022,8469.0,311323
311323,GS2582,2022,8400.0,311324
311324,GS2583,2022,8528.0,311325
311325,GS2584,2022,8528.0,311326
311326,GS2585,2022,6312.0,311327
311337,GS2644,2022,136582.0,311338
311367,GS2707,2022,20234.0,311368
311378,GS2744,2022,17170.0,311379
311382,GS2758,2022,277430.0,311383
311390,GS2891,2022,912.0,311391
311391,GS2892,2022,703.0,311392
311392,GS2893,2022,664.0,311393
311393,GS2894,2022,906.0,311394
311396,GS2898,2022,246992.0,311397
311407,GS3015,2022,83316.0,311408
311418,GS3039,2022,8897.0,311419
311427,GS3105,2022,4815.0,311428
311428,GS3106,2022,5399.0,311429
311429,GS3107,2022,6668.0,311430
311430,GS3108,2022,7016.0,311431
311442,GS3253,2022,483046.0,311443
311450,GS3267,2022,1418.0,311451
311451,GS3305,2022,1308.0,311452
311452,GS3306,2022,4274.0,311453
311478,GS3381,2022,1021.0,311479
311480,GS3405,2022,11777.0,311481
311490,GS3429,2022,78244.0,311491
311491,GS3430,2022,4278.0,311492
311492,GS3431,2022,4278.0,311493
311493,GS3432,2022,4278.0,311494
311494,GS3433,2022,4184.0,311495
311496,GS3443,2022,2119.0,311497
311497,GS3444,2022,1098.0,311498
311499,GS3446,2022,1212.0,311500
311500,GS3447,2022,1229.0,311501
311501,GS3448,2022,1113.0,311502
311502,GS3449,2022,1307.0,311503
311503,GS3450,2022,1351.0,311504
311504,GS3451,2022,1416.0,311505
311511,GS3493,2022,189369.0,311512
311515,GS3511,2022,35000.0,311516
311516,GS3512,2022,89090.0,311517
311518,GS3514,2022,104038.0,311519
311519,GS3515,2022,44366.0,311520
311520,GS3516,2022,9563.0,311521
311521,GS3517,2022,10000.0,311522
311522,GS3518,2022,9995.0,311523
311523,GS3519,2022,9994.0,311524
311524,GS3520,2022,10000.0,311525
311525,GS3521,2022,10000.0,311526
311526,GS3522,2022,9994.0,311527
311527,GS3523,2022,9990.0,311528
311528,GS3524,2022,9999.0,311529
311532,GS3547,2022,82991.0,311533
311537,GS3560,2022,4352.0,311538
311538,GS3561,2022,6233.0,311539
311539,GS3563,2022,1895.0,311540
311540,GS3564,2022,2196.0,311541
311543,GS3567,2022,779901.0,311544
311545,GS3588,2022,8528.0,311546
311546,GS3589,2022,8291.0,311547
311547,GS3590,2022,8528.0,311548
311548,GS3591,2022,8528.0,311549
311549,GS3592,2022,8528.0,311550
311550,GS3593,2022,8528.0,311551
311551,GS3594,2022,8528.0,311552
311552,GS3595,2022,8528.0,311553
311553,GS3596,2022,7672.0,311554
311554,GS3597,2022,8305.0,311555
311555,GS3598,2022,8528.0,311556
311556,GS3599,2022,8457.0,311557
311557,GS3600,2022,8504.0,311558
311558,GS3601,2022,8556.0,311559
311560,GS3606,2022,20035.0,311561
311572,GS3705,2022,404537.0,311573
311578,GS3906,2022,16609.0,311579
311583,GS3945,2022,820.0,311584
311585,GS3947,2022,1240.0,311586
311591,GS3958,2022,339449.0,311592
311594,GS3965,2022,44781.0,311595
311613,GS4202,2022,3139.0,311614
311614,GS4203,2022,2769.0,311615
311620,GS4220,2022,20532.0,311621
311622,GS4233,2022,87094.0,311623
311633,GS4265,2022,76366.0,311634
311635,GS4269,2022,17517.0,311636
311640,GS4288,2022,17764.0,311641
311645,GS4300,2022,63816.0,311646
311646,GS4364,2022,1647.0,311647
311679,GS4422,2022,3574.0,311680
311680,GS4423,2022,3574.0,311681
311682,GS4425,2022,185502.0,311683
311683,GS4426,2022,68432.0,311684
311692,GS4518,2022,3225.0,311693
311693,GS4519,2022,3474.0,311694
311694,GS4530,2022,3514.0,311695
311695,GS4531,2022,154132.0,311696
311697,GS4533,2022,16819.0,311698
311700,GS4536,2022,3111.0,311701
311705,GS4553,2022,1925.0,311706
311712,GS4596,2022,3591.0,311713
311715,GS4603,2022,325384.0,311716
311725,GS4688,2022,71588.0,311726
311728,GS4707,2022,204296.0,311729
311731,GS4797,2022,3343.0,311732
311732,GS4798,2022,3159.0,311733
311733,GS4799,2022,40899.0,311734
311734,GS4813,2022,137748.0,311735
311738,GS4822,2022,176191.0,311739
311740,GS4824,2022,18059.0,311741
311742,GS4875,2022,28680.0,311743
311745,GS4897,2022,1682.0,311746
311746,GS4898,2022,1682.0,311747
311747,GS4899,2022,1667.0,311748
311748,GS4900,2022,1682.0,311749
311749,GS4901,2022,1345.0,311750
311751,GS4906,2022,4697.0,311752
311763,GS5013,2022,184078.0,311764
311768,GS5033,2022,1345.0,311769
311769,GS5034,2022,1345.0,311770
311770,GS5035,2022,1402.0,311771
311771,GS5036,2022,1682.0,311772
311773,GS5038,2022,3153.0,311774
311774,GS5039,2022,3153.0,311775
311775,GS5040,2022,3144.0,311776
311776,GS5041,2022,2971.0,311777
311777,GS5042,2022,2918.0,311778
311778,GS5043,2022,3153.0,311779
311792,GS5125,2022,187670.0,311793
311805,GS5199,2022,139871.0,311806
311808,GS5228,2022,40716.0,311809
311811,GS5244,2022,2232.0,311812
311813,GS5256,2022,40134.0,311814
311816,GS5303,2022,14804.0,311817
311832,GS5329,2022,4442.0,311833
311833,GS5330,2022,4105.0,311834
311834,GS5331,2022,4846.0,311835
311835,GS5332,2022,4098.0,311836
311836,GS5335,2022,4924.0,311837
311837,GS5336,2022,4090.0,311838
311838,GS5337,2022,5092.0,311839
311839,GS5338,2022,5262.0,311840
311840,GS5339,2022,5324.0,311841
311841,GS5340,2022,5244.0,311842
311842,GS5341,2022,5422.0,311843
311843,GS5342,2022,4940.0,311844
311844,GS5343,2022,5278.0,311845
311845,GS5344,2022,5061.0,311846
311847,GS5377,2022,44024.0,311848
311850,GS5391,2022,27373.0,311851
311851,GS5392,2022,1682.0,311852
311852,GS5393,2022,1682.0,311853
311853,GS5394,2022,1682.0,311854
311854,GS5395,2022,1682.0,311855
311855,GS5396,2022,1345.0,311856
311858,GS5417,2022,19649.0,311859
311859,GS5418,2022,38685.0,311860
311860,GS5434,2022,5158.0,311861
311861,GS5437,2022,3667.0,311862
311862,GS5438,2022,3630.0,311863
311863,GS5439,2022,4315.0,311864
311864,GS5440,2022,3836.0,311865
311865,GS5441,2022,3596.0,311866
311871,GS5519,2022,276520.0,311872
311872,GS5523,2022,229697.0,311873
311877,GS5575,2022,75382.0,311878
311882,GS5624,2022,133680.0,311883
311885,GS5634,2022,4741.0,311886
311886,GS5635,2022,4724.0,311887
311887,GS5636,2022,4657.0,311888
311888,GS5637,2022,4744.0,311889
311890,GS5642,2022,935264.0,311891
311891,GS5643,2022,15565.0,311892
311898,GS5673,2022,63911.0,311899
311900,GS5698,2022,33583.0,311901
311904,GS5781,2022,5674.0,311905
311905,GS5782,2022,5674.0,311906
311906,GS5783,2022,6191.0,311907
311908,GS5799,2022,47410.0,311909
311910,GS5801,2022,13834.0,311911
311913,GS5825,2022,4322.0,311914
311914,GS5826,2022,3783.0,311915
311915,GS5827,2022,3783.0,311916
311916,GS5830,2022,119004.0,311917
311923,GS5860,2022,26693.0,311924
311924,GS5866,2022,70694.0,311925
311928,GS5889,2022,4602.0,311929
311929,GS5890,2022,5430.0,311930
311930,GS5891,2022,4748.0,311931
311931,GS5892,2022,6399.0,311932
311947,GS6008,2022,5949.0,311948
311959,GS6050,2022,8929.0,311960
311975,GS6108,2022,98290.0,311976
311976,GS6109,2022,99748.0,311977
311977,GS6111,2022,98925.0,311978
311978,GS6112,2022,93307.0,311979
311979,GS6113,2022,93307.0,311980
311980,GS6114,2022,67761.0,311981
311981,GS6115,2022,64668.0,311982
311982,GS6116,2022,58416.0,311983
311988,GS6155,2022,46597.0,311989
311989,GS6189,2022,9615.0,311990
311991,GS6212,2022,19871.0,311992
311996,GS6256,2022,49497.0,311997
312000,GS6275,2022,32129.0,312001
312003,GS6289,2022,29146.0,312004
312008,GS6344,2022,5284.0,312009
312012,GS6356,2022,21262.0,312013
312015,GS6395,2022,63489.0,312016
312017,GS6411,2022,100909.0,312018
312024,GS6460,2022,641.0,312025
312030,GS6518,2022,1909.0,312031
312031,GS6519,2022,1820.0,312032
312032,GS6520,2022,1903.0,312033
312033,GS6521,2022,2014.0,312034
312034,GS6522,2022,2314.0,312035
312035,GS6523,2022,1984.0,312036
312036,GS6566,2022,19103.0,312037
312040,GS6598,2022,23041.0,312041
312042,GS6600,2022,5973.0,312043
312046,GS6747,2022,102712.0,312047
312049,GS6750,2022,7906.0,312050
312051,GS6752,2022,2251.0,312052
312057,GS6786,2022,2715.0,312058
312058,GS6787,2022,1846.0,312059
312059,GS6788,2022,2308.0,312060
312060,GS6789,2022,2308.0,312061
312061,GS6790,2022,2227.0,312062
312062,GS6793,2022,51251.0,312063
312063,GS6830,2022,9905.0,312064
312065,GS6832,2022,71348.0,312066
312067,GS6837,2022,2018.0,312068
312068,GS6838,2022,1345.0,312069
312069,GS6852,2022,5635.0,312070
312070,GS6853,2022,80400.0,312071
312071,GS6854,2022,75330.0,312072
312082,GS6999,2022,45880.0,312083
312084,GS7049,2022,89700.0,312085
312085,GS7071,2022,943156.0,312086
312097,GS7132,2022,3291.0,312098
312098,GS7133,2022,3314.0,312099
312099,GS7134,2022,3313.0,312100
312100,GS7135,2022,3254.0,312101
312101,GS7136,2022,2830.0,312102
312107,GS7147,2022,9517.0,312108
312108,GS7148,2022,9512.0,312109
312109,GS7149,2022,9463.0,312110
312110,GS7150,2022,9414.0,312111
312112,GS7152,2022,655362.0,312113
312113,GS7153,2022,15286.0,312114
312124,GS7311,2022,1648.0,312125
312125,GS7312,2022,555874.0,312126
312126,GS7317,2022,8078.0,312127
312127,GS7318,2022,11310.0,312128
312128,GS7330,2022,3646.0,312129
312129,GS7331,2022,3152.0,312130
312130,GS7332,2022,3783.0,312131
312131,GS7333,2022,3784.0,312132
312132,GS7334,2022,3152.0,312133
312133,GS7335,2022,2103.0,312134
312136,GS7345,2022,6089.0,312137
312155,GS7395,2022,9345.0,312156
312156,GS7396,2022,9290.0,312157
312157,GS7397,2022,9243.0,312158
312158,GS7398,2022,9185.0,312159
312159,GS7399,2022,9150.0,312160
312160,GS7400,2022,9078.0,312161
312161,GS7401,2022,9052.0,312162
312162,GS7433,2022,76396.0,312163
312163,GS7434,2022,75844.0,312164
312167,GS7438,2022,103512.0,312168
312171,GS7448,2022,7989.0,312172
312172,GS7449,2022,10993.0,312173
312173,GS7450,2022,11926.0,312174
312174,GS7451,2022,11540.0,312175
312175,GS7452,2022,6572.0,312176
312176,GS7453,2022,4251.0,312177
312177,GS7454,2022,5149.0,312178
312178,GS7456,2022,2985.0,312179
312179,GS7457,2022,2674.0,312180
312180,GS7458,2022,3454.0,312181
312181,GS7459,2022,3221.0,312182
312182,GS7460,2022,3426.0,312183
312188,GS7466,2022,81202.0,312189
312189,GS7467,2022,59478.0,312190
312190,GS7468,2022,682989.0,312191
312191,GS7469,2022,107875.0,312192
312192,GS7470,2022,3025.0,312193
312193,GS7471,2022,3313.0,312194
312194,GS7472,2022,3009.0,312195
312195,GS7473,2022,2663.0,312196
312196,GS7474,2022,3302.0,312197
312197,GS7475,2022,2987.0,312198
312198,GS7476,2022,2944.0,312199
312199,GS7477,2022,2891.0,312200
312200,GS7478,2022,1178.0,312201
312216,GS7495,2022,98203.0,312217
312219,GS7498,2022,15158.0,312220
312224,GS7504,2022,11232.0,312225
312225,GS7505,2022,39605.0,312226
312226,GS7506,2022,14447.0,312227
312227,GS7507,2022,14489.0,312228
312230,GS7510,2022,44896.0,312231
312243,GS7524,2022,6356.0,312244
312244,GS7525,2022,940585.0,312245
312245,GS7526,2022,74397.0,312246
312250,GS7531,2022,8594.0,312251
312252,GS7533,2022,199937.0,312253
312253,GS7534,2022,424859.0,312254
312257,GS7539,2022,7253.0,312258
312262,GS7544,2022,24114.0,312263
312265,GS7547,2022,298871.0,312266
312266,GS7548,2022,58030.0,312267
312267,GS7549,2022,112583.0,312268
312269,GS7551,2022,123814.0,312270
312274,GS7556,2022,10000.0,312275
312284,GS7566,2022,9014.0,312285
312285,GS7567,2022,8372.0,312286
312290,GS7572,2022,294765.0,312291
312291,GS7574,2022,3300.0,312292
312293,GS7576,2022,40010.0,312294
312309,GS7592,2022,76868.0,312310
312310,GS7593,2022,49076.0,312311
312311,GS7594,2022,11580.0,312312
312321,GS7604,2022,99473.0,312322
312322,GS7605,2022,97419.0,312323
312323,GS7606,2022,98556.0,312324
312335,GS7620,2022,133982.0,312336
312343,GS7628,2022,228537.0,312344
312344,GS7629,2022,180803.0,312345
312345,GS7630,2022,163511.0,312346
312346,GS7631,2022,103497.0,312347
312347,GS7632,2022,169942.0,312348
312348,GS7633,2022,227115.0,312349
312352,GS7637,2022,89155.0,312353
312353,GS7638,2022,87447.0,312354
312354,GS7639,2022,80764.0,312355
312355,GS7640,2022,69412.0,312356
312356,GS7641,2022,62431.0,312357
312357,GS7642,2022,52887.0,312358
312358,GS7643,2022,49461.0,312359
312359,GS7644,2022,22900.0,312360
312426,GS7724,2022,299414.0,312427
312428,GS7726,2022,1078700.0,312429
312452,GS7754,2022,323794.0,312453
312457,GS7760,2022,373076.0,312458
312495,GS10457,2022,14409.0,312496
312504,GS10657,2022,9019.0,312505
312505,GS10658,2022,7651.0,312506
312506,GS10659,2022,9012.0,312507
312523,GS10710,2022,80997.0,312524
312529,GS10716,2022,131694.0,312530
312531,GS10718,2022,1434.0,312532
312546,GS10735,2022,2755.0,312547
312547,GS10736,2022,5758.0,312548
312555,GS10777,2022,4547.0,312556
312556,GS10778,2022,9324.0,312557
312557,GS10779,2022,9156.0,312558
312558,GS10780,2022,9262.0,312559
312559,GS10781,2022,2344.0,312560
312560,GS10782,2022,41661.0,312561
312561,GS10783,2022,10000.0,312562
312562,GS10784,2022,9911.0,312563
312567,GS10790,2022,1062310.0,312568
312576,GS10799,2022,7593.0,312577
312577,GS10800,2022,7701.0,312578
312578,GS10801,2022,7376.0,312579
312579,GS10802,2022,7024.0,312580
312580,GS10803,2022,6711.0,312581
312581,GS10804,2022,7359.0,312582
312582,GS10805,2022,6171.0,312583
312583,GS10806,2022,5550.0,312584
312584,GS10807,2022,2862.0,312585
312586,GS10809,2022,16909.0,312587
312598,GS10826,2022,9032.0,312599
312599,GS10827,2022,6232.0,312600
312600,GS10828,2022,3882.0,312601
312606,GS10866,2022,7296.0,312607
312610,GS10872,2022,9036.0,312611
312611,GS10873,2022,10000.0,312612
312620,GS10886,2022,78329.0,312621
312626,GS10897,2022,2827.0,312627
312632,GS10903,2022,53996.0,312633
312633,GS10904,2022,53996.0,312634
312634,GS10905,2022,53996.0,312635
312635,GS10906,2022,53996.0,312636
312636,GS10907,2022,53996.0,312637
312637,GS10908,2022,53996.0,312638
312638,GS10909,2022,53996.0,312639
312639,GS10910,2022,53996.0,312640
312640,GS10911,2022,44265.0,312641
312641,GS10912,2022,43543.0,312642
312642,GS10913,2022,43338.0,312643
312643,GS10914,2022,42895.0,312644
312644,GS10915,2022,42051.0,312645
312645,GS10916,2022,42051.0,312646
312646,GS10917,2022,42051.0,312647
312647,GS10918,2022,42051.0,312648
312648,GS10919,2022,19623.0,312649
312649,GS10920,2022,19623.0,312650
312650,GS10921,2022,19171.0,312651
312671,GS10974,2022,69556.0,312672
312673,GS10976,2022,68732.0,312674
312674,GS10977,2022,68917.0,312675
312675,GS10978,2022,68595.0,312676
312676,GS10979,2022,69619.0,312677
312677,GS10980,2022,69183.0,312678
312678,GS10981,2022,69343.0,312679
312679,GS10982,2022,63216.0,312680
312683,GS10987,2022,15535.0,312684
312686,GS10990,2022,1869.0,312687
312687,GS10991,2022,334.0,312688
312759,GS11068,2022,72845.0,312760
312801,GS11145,2022,275718.0,312802
312810,GS11154,2022,18752.0,312811
312817,GS11167,2022,141156.0,312818
312838,GS11192,2022,24376.0,312839
312839,GS11193,2022,46104.0,312840
312840,GS11194,2022,44431.0,312841
312841,GS11195,2022,696.0,312842
312842,GS11196,2022,31306.0,312843
312843,GS11197,2022,24502.0,312844
312844,GS11198,2022,43038.0,312845
312845,GS11199,2022,35220.0,312846
312846,GS11200,2022,2984.0,312847
312853,GS11207,2022,282570.0,312854
312867,GS11222,2022,309144.0,312868
312882,GS11238,2022,287730.0,312883
312883,GS11239,2022,245755.0,312884
312898,GS11255,2022,351149.0,312899
312899,GS11256,2022,697772.0,312900
312900,GS11259,2022,52916.0,312901
312901,GS11260,2022,48909.0,312902
312902,GS11261,2022,51406.0,312903
312903,GS11262,2022,52130.0,312904
312904,GS11263,2022,52931.0,312905
312905,GS11264,2022,40821.0,312906
312906,GS11265,2022,57528.0,312907
312907,GS11266,2022,54549.0,312908
312908,GS11267,2022,52386.0,312909
312909,GS11268,2022,56749.0,312910
312910,GS11269,2022,53989.0,312911
312911,GS11270,2022,54621.0,312912
312912,GS11271,2022,45026.0,312913
312913,GS11272,2022,51237.0,312914
312914,GS11273,2022,57042.0,312915
312915,GS11274,2022,53878.0,312916
312916,GS11275,2022,57218.0,312917
312917,GS11276,2022,56145.0,312918
312918,GS11277,2022,56582.0,312919
312919,GS11278,2022,56749.0,312920
312920,GS11279,2022,56313.0,312921
312921,GS11280,2022,57071.0,312922
312922,GS11281,2022,52183.0,312923
312923,GS11282,2022,52032.0,312924
312924,GS11283,2022,53954.0,312925
312925,GS11284,2022,53854.0,312926
312926,GS11285,2022,54250.0,312927
312927,GS11286,2022,47090.0,312928
312928,GS11287,2022,18172.0,312929
312929,GS11288,2022,51009.0,312930
312930,GS11289,2022,49126.0,312931
312931,GS11290,2022,50534.0,312932
312932,GS11291,2022,55139.0,312933
312933,GS11292,2022,56291.0,312934
312934,GS11293,2022,55758.0,312935
312935,GS11294,2022,58085.0,312936
312936,GS11295,2022,58367.0,312937
312937,GS11296,2022,57350.0,312938
312938,GS11297,2022,58010.0,312939
312939,GS11298,2022,55185.0,312940
312940,GS11299,2022,57706.0,312941
312941,GS11300,2022,55058.0,312942
312942,GS11301,2022,49735.0,312943
312943,GS11302,2022,54633.0,312944
312944,GS11303,2022,55714.0,312945
312945,GS11304,2022,20753.0,312946
312946,GS11305,2022,14363.0,312947
312973,GS11334,2022,598995.0,312974
312974,GS11335,2022,264858.0,312975
312975,GS11336,2022,260692.0,312976
312976,GS11337,2022,608247.0,312977
312999,GS11400,2022,659955.0,313000
313015,GS11417,2022,30812.0,313016
313016,GS11418,2022,29825.0,313017
313017,GS11419,2022,28877.0,313018
313018,GS11420,2022,29044.0,313019
313024,GS11426,2022,38117.0,313025
313025,GS11427,2022,64532.0,313026
313031,GS11437,2022,45234.0,313032
313110,GS11539,2022,35133.0,313111
313122,GS11556,2022,42682.0,313123
313124,GS11558,2022,473975.0,313125
314831,VCS5,2022,29233.0,314832
314851,VCS26,2022,51938.0,314852
314855,VCS30,2022,271207.0,314856
314856,VCS32,2022,41925.0,314857
314857,VCS33,2022,29248.0,314858
314858,VCS34,2022,89242.0,314859
314875,VCS51,2022,20539.0,314876
314878,VCS54,2022,148159.0,314879
314890,VCS66,2022,52119.0,314891
314906,VCS83,2022,4132.0,314907
314912,VCS89,2022,65803.0,314913
314914,VCS91,2022,168395.0,314915
314915,VCS92,2022,4236288.0,314916
314916,VCS93,2022,271000.0,314917
314920,VCS97,2022,98593.0,314921
314926,VCS103,2022,111050.0,314927
314939,VCS117,2022,108508.0,314940
314942,VCS120,2022,26881.0,314943
314946,VCS124,2022,41837.0,314947
314952,VCS131,2022,10820.0,314953
314959,VCS138,2022,78585.0,314960
314964,VCS143,2022,91636.0,314965
314969,VCS148,2022,184896.0,314970
315126,VCS308,2022,17450.0,315127
315135,VCS318,2022,225312.0,315136
315171,VCS354,2022,36769.0,315172
315180,VCS363,2022,127226.0,315181
315188,VCS371,2022,66042.0,315189
315193,VCS376,2022,84410.0,315194
315197,VCS380,2022,22427.0,315198
315198,VCS381,2022,12912.0,315199
315212,VCS395,2022,498388.0,315213
315217,VCS400,2022,498369.0,315218
315222,VCS405,2022,43255.0,315223
315228,VCS411,2022,34067.0,315229
315229,VCS412,2022,79427.0,315230
315230,VCS413,2022,616820.0,315231
315231,VCS414,2022,420231.0,315232
315232,VCS415,2022,68391.0,315233
315233,VCS416,2022,121802.0,315234
315239,VCS422,2022,112506.0,315240
315244,VCS427,2022,8317.0,315245
315245,VCS428,2022,46277.0,315246
315247,VCS430,2022,7562.0,315248
315249,VCS432,2022,407254.0,315250
315255,VCS438,2022,363333.0,315256
315258,VCS441,2022,41343.0,315259
315265,VCS448,2022,31007.0,315266
315267,VCS450,2022,17902.0,315268
315272,VCS455,2022,13390.0,315273
315275,VCS458,2022,116858.0,315276
315287,VCS470,2022,95727.0,315288
315293,VCS476,2022,720798.0,315294
315300,VCS483,2022,3562.0,315301
315303,VCS486,2022,334124.0,315304
315304,VCS487,2022,712808.0,315305
315305,VCS488,2022,782423.0,315306
315311,VCS494,2022,730837.0,315312
315321,VCS504,2022,366147.0,315322
315323,VCS506,2022,724399.0,315324
315353,VCS536,2022,1101947.0,315354
315355,VCS538,2022,138703.0,315356
315357,VCS540,2022,63216.0,315358
315360,VCS543,2022,265256.0,315361
315361,VCS544,2022,55889.0,315362
315363,VCS546,2022,345577.0,315364
315365,VCS548,2022,364239.0,315366
315370,VCS553,2022,214421.0,315371
315374,VCS557,2022,44263.0,315375
315375,VCS558,2022,49585.0,315376
315379,VCS562,2022,235288.0,315380
315382,VCS565,2022,124282.0,315383
315401,VCS584,2022,135538.0,315402
315420,VCS603,2022,58070.0,315421
315429,VCS612,2022,1637325.0,315430
315435,VCS618,2022,89548.0,315436
315470,VCS653,2022,325724.0,315471
315473,VCS656,2022,338063.0,315474
315493,VCS676,2022,323910.0,315494
315495,VCS678,2022,193618.0,315496
315499,VCS682,2022,23149.0,315500
315502,VCS685,2022,31413.0,315503
315517,VCS700,2022,33721.0,315518
315518,VCS701,2022,21273.0,315519
315523,VCS706,2022,54397.0,315524
315540,VCS724,2022,328539.0,315541
315542,VCS726,2022,159239.0,315543
315544,VCS728,2022,348411.0,315545
315556,VCS740,2022,156849.0,315557
315564,VCS749,2022,68668.0,315565
315566,VCS751,2022,298285.0,315567
315570,VCS755,2022,532381.0,315571
315571,VCS756,2022,193727.0,315572
315574,VCS759,2022,147287.0,315575
315581,VCS766,2022,1992412.0,315582
315597,VCS782,2022,230386.0,315598
315599,VCS784,2022,67742.0,315600
315614,VCS799,2022,100358.0,315615
315622,VCS807,2022,541324.0,315623
315628,VCS813,2022,211158.0,315629
315632,VCS817,2022,293331.0,315633
315638,VCS823,2022,81893.0,315639
315650,VCS835,2022,470884.0,315651
315655,VCS840,2022,208869.0,315656
315683,VCS868,2022,6923120.0,315684
315688,VCS873,2022,1104381.0,315689
315698,VCS883,2022,504835.0,315699
315706,VCS891,2022,88358.0,315707
315711,VCS896,2022,2366418.0,315712
315724,VCS909,2022,45378.0,315725
315725,VCS910,2022,84922.0,315726
315726,VCS911,2022,125114.0,315727
315727,VCS912,2022,271002.0,315728
315732,VCS917,2022,329859.0,315733
315735,VCS920,2022,11161.0,315736
315740,VCS925,2022,25850.0,315741
315742,VCS927,2022,62808.0,315743
315743,VCS928,2022,342023.0,315744
315749,VCS934,2022,23703328.0,315750
315750,VCS935,2022,59746.0,315751
315762,VCS947,2022,78469.0,315763
315768,VCS953,2022,70691.0,315769
315769,VCS954,2022,150518.0,315770
315778,VCS963,2022,282367.0,315779
315779,VCS964,2022,453882.0,315780
315784,VCS969,2022,847253.0,315785
315786,VCS971,2022,186159.0,315787
315789,VCS974,2022,38626.0,315790
315802,VCS987,2022,414333.0,315803
315812,VCS997,2022,1403754.0,315813
315816,VCS1001,2022,146593.0,315817
315833,VCS1019,2022,191901.0,315834
315835,VCS1021,2022,9721.0,315836
315837,VCS1023,2022,39022.0,315838
315838,VCS1024,2022,11937.0,315839
315840,VCS1026,2022,19423.0,315841
315845,VCS1031,2022,254428.0,315846
315846,VCS1032,2022,18534.0,315847
315851,VCS1037,2022,2165354.0,315852
315855,VCS1041,2022,467156.0,315856
315859,VCS1045,2022,312987.0,315860
315881,VCS1067,2022,781606.0,315882
315883,VCS1069,2022,37500.0,315884
315902,VCS1088,2022,30981.0,315903
315904,VCS1090,2022,38257.0,315905
315908,VCS1094,2022,110053.0,315909
315917,VCS1103,2022,1202884.0,315918
315928,VCS1114,2022,97298.0,315929
315929,VCS1115,2022,246388.0,315930
315935,VCS1121,2022,22679.0,315936
315941,VCS1127,2022,438602.0,315942
315942,VCS1128,2022,501498.0,315943
315947,VCS1133,2022,43125.0,315948
315954,VCS1140,2022,309352.0,315955
315955,VCS1141,2022,143480.0,315956
315957,VCS1143,2022,107929.0,315958
315958,VCS1144,2022,4278.0,315959
315960,VCS1146,2022,1639757.0,315961
315966,VCS1152,2022,170027.0,315967
315976,VCS1163,2022,34324.0,315977
315981,VCS1168,2022,1273584.0,315982
315994,VCS1181,2022,300202.0,315995
315996,VCS1183,2022,340692.0,315997
315998,VCS1185,2022,17566.0,315999
316000,VCS1187,2022,127991.0,316001
316001,VCS1188,2022,403631.0,316002
316002,VCS1189,2022,358660.0,316003
316003,VCS1190,2022,56223.0,316004
316004,VCS1191,2022,66202.0,316005
316007,VCS1194,2022,213420.0,316008
316008,VCS1195,2022,66844.0,316009
316009,VCS1196,2022,150074.0,316010
316010,VCS1197,2022,98433.0,316011
316011,VCS1198,2022,1069278.0,316012
316015,VCS1202,2022,208194.0,316016
316016,VCS1203,2022,9370.0,316017
316020,VCS1207,2022,37762.0,316021
316024,VCS1211,2022,55590.0,316025
316027,VCS1214,2022,136451.0,316028
316029,VCS1216,2022,93939.0,316030
316030,VCS1217,2022,59928.0,316031
316042,VCS1229,2022,15695.0,316043
316049,VCS1236,2022,213739.0,316050
316053,VCS1240,2022,275155.0,316054
316055,VCS1242,2022,167925.0,316056
316060,VCS1247,2022,198929.0,316061
316061,VCS1248,2022,233133.0,316062
316062,VCS1249,2022,181905.0,316063
316063,VCS1250,2022,140800.0,316064
316067,VCS1254,2022,46841.0,316068
316070,VCS1257,2022,348978.0,316071
316074,VCS1261,2022,114254.0,316075
316099,VCS1286,2022,8514.0,316100
316102,VCS1289,2022,311855.0,316103
316109,VCS1297,2022,272541.0,316110
316115,VCS1303,2022,60857.0,316116
316131,VCS1319,2022,25520.0,316132
316142,VCS1330,2022,183208.0,316143
316156,VCS1344,2022,502058.0,316157
316157,VCS1345,2022,1681349.0,316158
316158,VCS1346,2022,518395.0,316159
316159,VCS1347,2022,7504.0,316160
316161,VCS1349,2022,118740.0,316162
316165,VCS1353,2022,513393.0,316166
316173,VCS1361,2022,28883.0,316174
316180,VCS1368,2022,154886.0,316181
316189,VCS1377,2022,1047.0,316190
316192,VCS1380,2022,84898.0,316193
316194,VCS1382,2022,954139.0,316195
316214,VCS1402,2022,32052.0,316215
316215,VCS1403,2022,4727.0,316216
316216,VCS1404,2022,620983.0,316217
316219,VCS1407,2022,128100.0,316220
316220,VCS1408,2022,2369305.0,316221
316225,VCS1413,2022,37574.0,316226
316250,VCS1439,2022,122851.0,316251
316255,VCS1444,2022,151995.0,316256
316257,VCS1446,2022,2358127.0,316258
316272,VCS1461,2022,1265672.0,316273
316277,VCS1468,2022,3552595.0,316278
316284,VCS1477,2022,5884249.0,316285
316286,VCS1479,2022,100139.0,316287
316287,VCS1480,2022,33006.0,316288
316288,VCS1481,2022,129184.0,316289
316292,VCS1485,2022,442368.0,316293
316302,VCS1497,2022,272745.0,316303
316308,VCS1503,2022,151801.0,316309
316323,VCS1519,2022,51949.0,316324
316324,VCS1520,2022,79579.0,316325
316325,VCS1521,2022,561329.0,316326
316326,VCS1522,2022,342725.0,316327
316327,VCS1523,2022,83668.0,316328
316333,VCS1529,2022,68800.0,316334
316334,VCS1530,2022,297261.0,316335
316335,VCS1532,2022,883068.0,316336
316338,VCS1535,2022,33214.0,316339
316341,VCS1538,2022,136146.0,316342
316343,VCS1541,2022,322605.0,316344
316344,VCS1542,2022,273112.0,316345
316349,VCS1547,2022,29664.0,316350
316358,VCS1558,2022,223415.0,316359
316359,VCS1559,2022,417782.0,316360
316368,VCS1569,2022,143289.0,316369
316370,VCS1571,2022,445475.0,316371
316372,VCS1574,2022,356812.0,316373
316373,VCS1577,2022,287276.0,316374
316376,VCS1580,2022,457545.0,316377
316380,VCS1587,2022,288186.0,316381
316382,VCS1622,2022,795043.0,316383
316395,VCS1660,2022,59114.0,316396
316396,VCS1661,2022,255697.0,316397
316398,VCS1663,2022,32060.0,316399
316402,VCS1667,2022,527040.0,316403
316403,VCS1669,2022,83279.0,316404
316405,VCS1671,2022,66398.0,316406
316413,VCS1679,2022,44257.0,316414
316417,VCS1683,2022,72233.0,316418
316420,VCS1686,2022,894975.0,316421
316439,VCS1709,2022,174379.0,316440
316441,VCS1712,2022,34916.0,316442
316442,VCS1715,2022,494617.0,316443
316446,VCS1720,2022,78853.0,316447
316447,VCS1721,2022,96850.0,316448
316450,VCS1728,2022,1431314.0,316451
316454,VCS1733,2022,75366.0,316455
316455,VCS1734,2022,43836.0,316456
316457,VCS1736,2022,565595.0,316458
316460,VCS1740,2022,344072.0,316461
316462,VCS1742,2022,4878965.0,316463
316464,VCS1744,2022,42407.0,316465
316466,VCS1746,2022,386626.0,316467
316471,VCS1753,2022,911456.0,316472
316474,VCS1759,2022,46336.0,316475
316476,VCS1762,2022,354540.0,316477
316479,VCS1766,2022,15094.0,316480
316480,VCS1767,2022,189309.0,316481
316482,VCS1769,2022,9000.0,316483
316484,VCS1771,2022,265866.0,316485
316486,VCS1774,2022,26406.0,316487
316487,VCS1775,2022,1765037.0,316488
316490,VCS1781,2022,21792.0,316491
316493,VCS1784,2022,1222364.0,316494
316494,VCS1786,2022,191567.0,316495
316500,VCS1792,2022,712923.0,316501
316504,VCS1797,2022,368205.0,316505
316507,VCS1800,2022,38464.0,316508
316509,VCS1803,2022,30470.0,316510
316511,VCS1805,2022,3142587.0,316512
316523,VCS1820,2022,259333.0,316524
316525,VCS1822,2022,28757.0,316526
316526,VCS1823,2022,41555.0,316527
316533,VCS1830,2022,35254.0,316534
316541,VCS1840,2022,33270.0,316542
316542,VCS1841,2022,666406.0,316543
316543,VCS1842,2022,206113.0,316544
316545,VCS1844,2022,206705.0,316546
316552,VCS1851,2022,944387.0,316553
316556,VCS1855,2022,578036.0,316557
316557,VCS1856,2022,188886.0,316558
316558,VCS1857,2022,5910.0,316559
316559,VCS1859,2022,498453.0,316560
316560,VCS1860,2022,502056.0,316561
316561,VCS1861,2022,22246.0,316562
316567,VCS1867,2022,581127.0,316568
316570,VCS1870,2022,13936.0,316571
316579,VCS1882,2022,92467.0,316580
316580,VCS1883,2022,11444.0,316581
316581,VCS1884,2022,2309.0,316582
316582,VCS1885,2022,25221.0,316583
316591,VCS1896,2022,278865.0,316592
316592,VCS1897,2022,1514742.0,316593
316594,VCS1899,2022,882336.0,316595
316595,VCS1900,2022,366639.0,316596
316599,VCS1904,2022,667108.0,316600
316603,VCS1908,2022,23027.0,316604
316606,VCS1911,2022,37375.0,316607
316608,VCS1913,2022,12412.0,316609
316609,VCS1914,2022,348330.0,316610
316610,VCS1915,2022,28104.0,316611
316613,VCS1918,2022,164992.0,316614
316615,VCS1920,2022,157173.0,316616
316624,VCS1931,2022,869791.0,316625
316632,VCS1941,2022,169506.0,316633
316637,VCS1946,2022,41313.0,316638
316638,VCS1947,2022,153443.0,316639
316640,VCS1949,2022,283286.0,316641
316641,VCS1950,2022,465395.0,316642
316649,VCS1959,2022,23348.0,316650
316660,VCS1970,2022,73384.0,316661
316661,VCS1971,2022,26280.0,316662
316662,VCS1972,2022,57572.0,316663
316664,VCS1974,2022,69077.0,316665
316665,VCS1975,2022,117189.0,316666
316666,VCS1976,2022,824051.0,316667
316671,VCS1981,2022,221401.0,316672
316686,VCS1996,2022,185244.0,316687
316687,VCS1997,2022,222283.0,316688
316688,VCS1998,2022,92756.0,316689
316692,VCS2002,2022,223564.0,316693
316693,VCS2003,2022,118553.0,316694
316695,VCS2005,2022,127480.0,316696
316697,VCS2007,2022,121975.0,316698
316698,VCS2008,2022,54467.0,316699
316707,VCS2017,2022,252058.0,316708
316709,VCS2019,2022,418185.0,316710
316710,VCS2020,2022,891645.0,316711
316713,VCS2023,2022,24224.0,316714
316723,VCS2033,2022,19788.0,316724
316726,VCS2036,2022,137530.0,316727
316730,VCS2040,2022,100581.0,316731
316732,VCS2042,2022,652424.0,316733
316742,VCS2052,2022,108158.0,316743
316747,VCS2057,2022,88884.0,316748
316749,VCS2059,2022,227075.0,316750
316763,VCS2073,2022,5423.0,316764
316769,VCS2082,2022,1011646.0,316770
316770,VCS2083,2022,213681.0,316771
316773,VCS2087,2022,196699.0,316774
316802,VCS2250,2022,3147440.0,316803
316806,VCS2259,2022,34759.0,316807
316808,VCS2261,2022,46503.0,316809
316813,VCS2291,2022,484655.0,316814
316814,VCS2292,2022,553049.0,316815
316817,VCS2296,2022,119905.0,316818
316823,VCS2302,2022,188864.0,316824
316824,VCS2303,2022,91563.0,316825
316828,VCS2307,2022,31766.0,316829
316830,VCS2309,2022,38751.0,316831
316831,VCS2310,2022,346792.0,316832
316854,VCS2336,2022,20672.0,316855
316858,VCS2340,2022,266225.0,316859
316859,VCS2341,2022,366345.0,316860
316860,VCS2342,2022,871192.0,316861
316865,VCS2348,2022,128.0,316866
316866,VCS2349,2022,43670.0,316867
316868,VCS2351,2022,8265.0,316869
316869,VCS2352,2022,268047.0,316870
316870,VCS2353,2022,269039.0,316871
316874,VCS2357,2022,28413.0,316875
316878,VCS2361,2022,158816.0,316879
316882,VCS2366,2022,79365.0,316883
316886,VCS2371,2022,94271.0,316887
316887,VCS2372,2022,366444.0,316888
316888,VCS2373,2022,16772.0,316889
316890,VCS2375,2022,111338.0,316891
316893,VCS2378,2022,268915.0,316894
316894,VCS2379,2022,810767.0,316895
316898,VCS2383,2022,49822.0,316899
316902,VCS2387,2022,292465.0,316903
316906,VCS2391,2022,109527.0,316907
316911,VCS2396,2022,180000.0,316912
316912,VCS2397,2022,180000.0,316913
316913,VCS2398,2022,180000.0,316914
316914,VCS2399,2022,180000.0,316915
316916,VCS2401,2022,126297.0,316917
316917,VCS2402,2022,436309.0,316918
316925,VCS2410,2022,178535.0,316926
316929,VCS2414,2022,48570.0,316930
316930,VCS2415,2022,11873.0,316931
316931,VCS2416,2022,47272.0,316932
316932,VCS2417,2022,60837.0,316933
316939,VCS2425,2022,60215.0,316940
316940,VCS2426,2022,61959.0,316941
316941,VCS2427,2022,55045.0,316942
316944,VCS2430,2022,61240.0,316945
316950,VCS2436,2022,59479.0,316951
316951,VCS2437,2022,61474.0,316952
316952,VCS2438,2022,58695.0,316953
316956,VCS2442,2022,59605.0,316957
316957,VCS2443,2022,59165.0,316958
316960,VCS2446,2022,59873.0,316961
316961,VCS2447,2022,60747.0,316962
316965,VCS2451,2022,157059.0,316966
316966,VCS2452,2022,55570.0,316967
316967,VCS2455,2022,110484.0,316968
316969,VCS2458,2022,2593172.0,316970
316982,VCS2473,2022,190034.0,316983
316985,VCS2476,2022,180000.0,316986
316986,VCS2477,2022,180000.0,316987
317005,VCS2498,2022,435078.0,317006
317009,VCS2502,2022,3670112.0,317010
317011,VCS2504,2022,240000.0,317012
317012,VCS2505,2022,103847.0,317013
317013,VCS2506,2022,180000.0,317014
317014,VCS2507,2022,180000.0,317015
317015,VCS2508,2022,1734791.0,317016
317019,VCS2512,2022,482168.0,317020
317030,VCS2525,2022,124659.0,317031
317036,VCS2532,2022,94969.0,317037
317041,VCS2537,2022,11721.0,317042
317043,VCS2539,2022,766356.0,317044
317044,VCS2540,2022,575239.0,317045
317049,VCS2551,2022,803858.0,317050
317059,VCS2565,2022,53305.0,317060
317072,VCS2582,2022,27711.0,317073
317077,VCS2588,2022,307939.0,317078
317081,VCS2593,2022,37890.0,317082
317088,VCS2600,2022,75069.0,317089
317089,VCS2601,2022,76505.0,317090
317095,VCS2608,2022,279398.0,317096
317102,VCS2615,2022,205738.0,317103
317114,VCS2629,2022,240000.0,317115
317116,VCS2631,2022,240000.0,317117
317117,VCS2632,2022,240000.0,317118
317118,VCS2633,2022,240000.0,317119
317119,VCS2634,2022,240000.0,317120
317120,VCS2635,2022,400579.0,317121
317124,VCS2639,2022,155404.0,317125
317137,VCS2659,2022,166516.0,317138
317141,VCS2664,2022,404947.0,317142
317167,VCS2693,2022,49582.0,317168
317170,VCS2696,2022,261094.0,317171
317171,VCS2697,2022,118598.0,317172
317180,VCS2706,2022,186241.0,317181
317208,VCS2736,2022,2795255.0,317209
317209,VCS2737,2022,2181179.0,317210
317210,VCS2738,2022,1874051.0,317211
317211,VCS2739,2022,545662.0,317212
317218,VCS2746,2022,332556.0,317219
317219,VCS2748,2022,2458517.0,317220
317233,VCS2762,2022,350473.0,317234
317237,VCS2767,2022,28799.0,317238
317295,VCS2828,2022,632878.0,317296
317297,VCS2830,2022,1278355.0,317298
317312,VCS2846,2022,597264.0,317313
317330,VCS2864,2022,81094.0,317331
317363,VCS2899,2022,240000.0,317364
317366,VCS2902,2022,240000.0,317367
317367,VCS2903,2022,240000.0,317368
317371,VCS2909,2022,240000.0,317372
317375,VCS2913,2022,134683.0,317376
317390,VCS2930,2022,4137966.0,317391
317416,VCS2957,2022,273466.0,317417
317421,VCS2965,2022,38769.0,317422
317435,VCS2982,2022,116413.0,317436
317460,VCS3010,2022,97656.0,317461
317550,VCS3109,2022,7659.0,317551
317596,VCS3158,2022,243104.0,317597
317598,VCS3160,2022,99737.0,317599
317712,VCS3279,2022,456395.0,317713
318300,VCS3937,2022,500.0,318301
320199,ACR0199,2023,138123.0,320200
320200,ACR0200,2023,8032.0,320201
320216,ACR0223,2023,21186.0,320217
320219,ACR0226,2023,40026.0,320220
320228,ACR0236,2023,13436.0,320229
320231,ACR0239,2023,2636.0,320232
320234,ACR0242,2023,35423.0,320235
320240,ACR0248,2023,331424.0,320241
320247,ACR0255,2023,354409.0,320248
320249,ACR0257,2023,15039.0,320250
320251,ACR0259,2023,12310.0,320252
320252,ACR0260,2023,22696.0,320253
320257,ACR0265,2023,20906.0,320258
320258,ACR0266,2023,12032.0,320259
320260,ACR0268,2023,634079.0,320261
320261,ACR0269,2023,6927.0,320262
320266,ACR0274,2023,207883.0,320267
320268,ACR0276,2023,73429.0,320269
320272,ACR0280,2023,40056.0,320273
320274,ACR0282,2023,103097.0,320275
320280,ACR0288,2023,5321.0,320281
320284,ACR0292,2023,13824.0,320285
320303,ACR0313,2023,19105.0,320304
320309,ACR0324,2023,649696.0,320310
320319,ACR0355,2023,18934.0,320320
320331,ACR0368,2023,36410.0,320332
320334,ACR0371,2023,10687.0,320335
320337,ACR0374,2023,44160.0,320338
320338,ACR0375,2023,30286.0,320339
320349,ACR0388,2023,150000.0,320350
320354,ACR0394,2023,20398.0,320355
320361,ACR0403,2023,14429.0,320362
320364,ACR0407,2023,255190.0,320365
320375,ACR0422,2023,23998.0,320376
320377,ACR0424,2023,39228.0,320378
320380,ACR0427,2023,139987.0,320381
320409,ACR0459,2023,86151.0,320410
320419,ACR0470,2023,13254.0,320420
320431,ACR0483,2023,69808.0,320432
320438,ACR0493,2023,79813.0,320439
320443,ACR0499,2023,166902.0,320444
320448,ACR0505,2023,24813.0,320449
320449,ACR0506,2023,346224.0,320450
320459,ACR0519,2023,58347.0,320460
320472,ACR0534,2023,99729.0,320473
320475,ACR0537,2023,5562.0,320476
320479,ACR0542,2023,19398.0,320480
320481,ACR0544,2023,57053.0,320482
320491,ACR0554,2023,58944.0,320492
320495,ACR0558,2023,200923.0,320496
320498,ACR0562,2023,215778.0,320499
320503,ACR0570,2023,30279.0,320504
320504,ACR0571,2023,732351.0,320505
320505,ACR0572,2023,35680.0,320506
320507,ACR0574,2023,41840.0,320508
320508,ACR0576,2023,38312.0,320509
320518,ACR0586,2023,137185.0,320519
320520,ACR0588,2023,137166.0,320521
320522,ACR0590,2023,61997.0,320523
320524,ACR0592,2023,176276.0,320525
320525,ACR0593,2023,10096.0,320526
320527,ACR0595,2023,182467.0,320528
320528,ACR0596,2023,422642.0,320529
320529,ACR0597,2023,2320.0,320530
320536,ACR0604,2023,135954.0,320537
320538,ACR0607,2023,28722.0,320539
320540,ACR0609,2023,57326.0,320541
320542,ACR0611,2023,95698.0,320543
320544,ACR0614,2023,234502.0,320545
320547,ACR0617,2023,78711.0,320548
320557,ACR0628,2023,56774.0,320558
320561,ACR0632,2023,48460.0,320562
320562,ACR0633,2023,79478.0,320563
320563,ACR0634,2023,89980.0,320564
320565,ACR0637,2023,111078.0,320566
320566,ACR0638,2023,1794450.0,320567
320567,ACR0639,2023,52239.0,320568
320571,ACR0643,2023,558755.0,320572
320572,ACR0644,2023,73501.0,320573
320575,ACR0647,2023,211034.0,320576
320578,ACR0650,2023,29960.0,320579
320579,ACR0651,2023,29277.0,320580
320580,ACR0652,2023,282972.0,320581
320581,ACR0653,2023,46257.0,320582
320587,ACR0660,2023,1372156.0,320588
320598,ACR0672,2023,252216.0,320599
320599,ACR0673,2023,146731.0,320600
320600,ACR0674,2023,41618.0,320601
320601,ACR0675,2023,65587.0,320602
320603,ACR0677,2023,92970.0,320604
320607,ACR0681,2023,72536.0,320608
320613,ACR0687,2023,41263.0,320614
320617,ACR0693,2023,13250.0,320618
320618,ACR0694,2023,14745.0,320619
320619,ACR0695,2023,16644.0,320620
320620,ACR0698,2023,770071.0,320621
320621,ACR0699,2023,45641.0,320622
320622,ACR0701,2023,720990.0,320623
320623,ACR0702,2023,30331.0,320624
320625,ACR0705,2023,287968.0,320626
320626,ACR0706,2023,306989.0,320627
320627,ACR0707,2023,25376.0,320628
320628,ACR0708,2023,18868.0,320629
320634,ACR0721,2023,31754.0,320635
320637,ACR0729,2023,16804.0,320638
320638,ACR0730,2023,22161.0,320639
320639,ACR0731,2023,63520.0,320640
320640,ACR0732,2023,31248.0,320641
320641,ACR0733,2023,59532.0,320642
320642,ACR0734,2023,20613.0,320643
320643,ACR0735,2023,54571.0,320644
320644,ACR0736,2023,4070.0,320645
320649,ACR0741,2023,42075.0,320650
320651,ACR0743,2023,9378.0,320652
320654,ACR0746,2023,77370.0,320655
320656,ACR0751,2023,632591.0,320657
320657,ACR0752,2023,34902.0,320658
320658,ACR0753,2023,4039.0,320659
320659,ACR0754,2023,85662.0,320660
320662,ACR0758,2023,3342.0,320663
320664,ACR0760,2023,80697.0,320665
320665,ACR0761,2023,436803.0,320666
320667,ACR0764,2023,1439650.0,320668
320669,ACR0766,2023,790397.0,320670
320670,ACR0767,2023,804831.0,320671
320672,ACR0771,2023,108948.0,320673
320673,ACR0772,2023,110016.0,320674
320676,ACR0775,2023,343908.0,320677
320677,ACR0776,2023,90374.0,320678
320678,ACR0777,2023,51793.0,320679
320679,ACR0778,2023,115823.0,320680
320680,ACR0780,2023,129471.0,320681
320695,ACR0800,2023,33888.0,320696
320700,ACR0805,2023,178538.0,320701
320701,ACR0806,2023,49803.0,320702
320705,ACR0810,2023,52817.0,320706
320707,ACR0812,2023,2060.0,320708
320708,ACR0813,2023,257840.0,320709
320709,ACR0814,2023,192244.0,320710
320710,ACR0815,2023,19002.0,320711
320713,ACR0818,2023,1259253.0,320714
320714,ACR0819,2023,292094.0,320715
320715,ACR0820,2023,26898.0,320716
320718,ACR0823,2023,88945.0,320719
320719,ACR0824,2023,55015.0,320720
320720,ACR0826,2023,132823.0,320721
320721,ACR0827,2023,937572.0,320722
320724,ACR0830,2023,47025.0,320725
320726,ACR0832,2023,1102120.0,320727
320727,ACR0833,2023,1016515.0,320728
320728,ACR0834,2023,305601.0,320729
320729,ACR0835,2023,239150.0,320730
320730,ACR0836,2023,675572.0,320731
320732,ACR0839,2023,193364.0,320733
320734,ACR0841,2023,113844.0,320735
320737,ACR0844,2023,192051.0,320738
320739,ACR0846,2023,151019.0,320740
320740,ACR0847,2023,1038402.0,320741
320742,ACR0849,2023,15943.0,320743
320759,ACR0868,2023,20230.0,320760
320760,ACR0869,2023,1855393.0,320761
320761,ACR0872,2023,86994.0,320762
320764,ACR0875,2023,67967.0,320765
320765,ACR0876,2023,64135.0,320766
320766,ACR0877,2023,71350.0,320767
320771,ACR0882,2023,74831.0,320772
320773,ACR0884,2023,42364.0,320774
320775,ACR0886,2023,189460.0,320776
320776,ACR0887,2023,154417.0,320777
320781,ACR0892,2023,139956.0,320782
320785,ACR0896,2023,84269.0,320786
320790,ACR0902,2023,109180.0,320791
320791,ACR0903,2023,189561.0,320792
320792,ACR0904,2023,164129.0,320793
320793,ACR0905,2023,2220554.0,320794
320805,ACR0919,2023,166106.0,320806
320807,ACR0921,2023,41444.0,320808
320810,ACR0924,2023,191104.0,320811
320815,ACR0929,2023,20124.0,320816
321147,CAR400,2023,212352.0,321148
321149,CAR403,2023,28499.0,321150
321150,CAR406,2023,42592.0,321151
321158,CAR422,2023,81462.0,321159
321167,CAR436,2023,74990.0,321168
321172,CAR443,2023,138389.0,321173
321188,CAR465,2023,49073.0,321189
321194,CAR473,2023,121374.0,321195
321196,CAR475,2023,115191.0,321197
321209,CAR489,2023,23788.0,321210
321223,CAR509,2023,18299.0,321224
321224,CAR512,2023,114324.0,321225
321226,CAR514,2023,51121.0,321227
321230,CAR521,2023,53713.0,321231
321231,CAR522,2023,51491.0,321232
321241,CAR558,2023,111738.0,321242
321242,CAR560,2023,81150.0,321243
321244,CAR574,2023,15193.0,321245
321254,CAR592,2023,60041.0,321255
321267,CAR621,2023,149058.0,321268
321268,CAR627,2023,13237.0,321269
321273,CAR635,2023,108320.0,321274
321274,CAR639,2023,342357.0,321275
321277,CAR646,2023,22865.0,321278
321286,CAR674,2023,248244.0,321287
321289,CAR683,2023,11567.0,321290
321302,CAR768,2023,157425.0,321303
321315,CAR790,2023,82950.0,321316
321336,CAR825,2023,13110.0,321337
321338,CAR829,2023,18988.0,321339
321345,CAR838,2023,92527.0,321346
321350,CAR866,2023,28776.0,321351
321353,CAR880,2023,38388.0,321354
321357,CAR886,2023,9204.0,321358
321358,CAR887,2023,21441.0,321359
321359,CAR888,2023,58700.0,321360
321396,CAR988,2023,19615.0,321397
321400,CAR993,2023,133765.0,321401
321403,CAR996,2023,37422.0,321404
321408,CAR1002,2023,12733.0,321409
321413,CAR1008,2023,22257.0,321414
321423,CAR1019,2023,28478.0,321424
321429,CAR1027,2023,114288.0,321430
321434,CAR1035,2023,21172.0,321435
321435,CAR1036,2023,6170.0,321436
321443,CAR1050,2023,59943.0,321444
321450,CAR1062,2023,23852.0,321451
321451,CAR1063,2023,51429.0,321452
321482,CAR1096,2023,22506.0,321483
321484,CAR1098,2023,387907.0,321485
321488,CAR1102,2023,1440.0,321489
321491,CAR1105,2023,261720.0,321492
321516,CAR1132,2023,5980.0,321517
321517,CAR1133,2023,1646.0,321518
321522,CAR1138,2023,40519.0,321523
321523,CAR1139,2023,206767.0,321524
321529,CAR1145,2023,14908.0,321530
321533,CAR1152,2023,16676.0,321534
321555,CAR1175,2023,73636.0,321556
321560,CAR1180,2023,10662.0,321561
321570,CAR1190,2023,140989.0,321571
321576,CAR1197,2023,112821.0,321577
321583,CAR1205,2023,78327.0,321584
321587,CAR1209,2023,7789.0,321588
321595,CAR1217,2023,30489.0,321596
321613,CAR1246,2023,16329.0,321614
321622,CAR1257,2023,111370.0,321623
321624,CAR1259,2023,8602.0,321625
321625,CAR1260,2023,3134.0,321626
321626,CAR1261,2023,8382.0,321627
321629,CAR1264,2023,255675.0,321630
321630,CAR1265,2023,53995.0,321631
321647,CAR1284,2023,9398.0,321648
321654,CAR1291,2023,7716.0,321655
321655,CAR1292,2023,109302.0,321656
321656,CAR1293,2023,130014.0,321657
321661,CAR1298,2023,4526.0,321662
321676,CAR1315,2023,23571.0,321677
321677,CAR1316,2023,23716.0,321678
321678,CAR1317,2023,32266.0,321679
321683,CAR1324,2023,1976.0,321684
321688,CAR1329,2023,9273.0,321689
321694,CAR1335,2023,203691.0,321695
321696,CAR1337,2023,15734.0,321697
321698,CAR1340,2023,16586.0,321699
321724,CAR1372,2023,106207.0,321725
321725,CAR1373,2023,28074.0,321726
321726,CAR1374,2023,31660.0,321727
321729,CAR1377,2023,11148.0,321730
321733,CAR1381,2023,1587095.0,321734
321742,CAR1392,2023,141459.0,321743
321745,CAR1398,2023,10632.0,321746
321746,CAR1399,2023,3897.0,321747
321756,CAR1411,2023,6304.0,321757
321759,CAR1415,2023,5054.0,321760
321763,CAR1428,2023,1999.0,321764
321769,CAR1436,2023,41564.0,321770
321775,CAR1443,2023,7830.0,321776
321777,CAR1446,2023,3003.0,321778
321789,CAR1459,2023,92840.0,321790
321791,CAR1461,2023,32184.0,321792
321792,CAR1462,2023,4558.0,321793
321793,CAR1463,2023,26814.0,321794
321794,CAR1464,2023,81405.0,321795
321802,CAR1480,2023,2466943.0,321803
321806,CAR1486,2023,9662.0,321807
321832,CAR1521,2023,13341.0,321833
321833,CAR1522,2023,2827.0,321834
321834,CAR1523,2023,2951.0,321835
321835,CAR1524,2023,2388.0,321836
321836,CAR1525,2023,1034.0,321837
321837,CAR1526,2023,483.0,321838
321838,CAR1527,2023,516.0,321839
321839,CAR1528,2023,194.0,321840
321840,CAR1529,2023,326.0,321841
321841,CAR1531,2023,3226.0,321842
321842,CAR1532,2023,24811.0,321843
321847,CAR1539,2023,522.0,321848
321865,CAR1559,2023,588.0,321866
321868,CAR1564,2023,6696.0,321869
321869,CAR1565,2023,77415.0,321870
321871,CAR1567,2023,68696.0,321872
321873,CAR1569,2023,27477.0,321874
321878,CAR1574,2023,114626.0,321879
321879,CAR1576,2023,19358.0,321880
321880,CAR1577,2023,46812.0,321881
321884,CAR1582,2023,12978.0,321885
321885,CAR1584,2023,208800.0,321886
321887,CAR1586,2023,34383.0,321888
321888,CAR1587,2023,4631.0,321889
321889,CAR1588,2023,7924.0,321890
321890,CAR1589,2023,4077.0,321891
321891,CAR1590,2023,5107.0,321892
321892,CAR1591,2023,2352.0,321893
321904,CAR1606,2023,35036.0,321905
321905,CAR1607,2023,38466.0,321906
321906,CAR1608,2023,42408.0,321907
321922,CAR1624,2023,248056.0,321923
321923,CAR1625,2023,22057.0,321924
321924,CAR1626,2023,79049.0,321925
321930,CAR1635,2023,6796.0,321931
321931,CAR1636,2023,2375.0,321932
321932,CAR1637,2023,2659.0,321933
321933,CAR1638,2023,5827.0,321934
321934,CAR1641,2023,72.0,321935
321939,CAR1648,2023,94846.0,321940
321947,CAR1657,2023,27191.0,321948
321948,CAR1658,2023,62829.0,321949
321949,CAR1659,2023,44935.0,321950
321950,CAR1660,2023,113837.0,321951
321951,CAR1661,2023,48230.0,321952
321952,CAR1662,2023,70833.0,321953
321953,CAR1663,2023,195693.0,321954
321954,CAR1664,2023,51311.0,321955
321975,CAR1710,2023,63039.0,321976
321991,CAR1728,2023,5707.0,321992
322001,CAR1744,2023,43646.0,322002
322044,CAR1817,2023,4315.0,322045
322429,GS351,2023,177990.0,322430
322430,GS352,2023,228318.0,322431
322433,GS367,2023,816099.0,322434
322449,GS410,2023,6671.0,322450
322457,GS423,2023,6005.0,322458
322466,GS447,2023,767866.0,322467
322474,GS464,2023,469066.0,322475
322478,GS474,2023,344803.0,322479
322503,GS567,2023,129108.0,322504
322515,GS601,2023,45034.0,322516
322526,GS617,2023,299612.0,322527
322533,GS633,2023,72823.0,322534
322544,GS653,2023,45237.0,322545
322553,GS672,2023,165452.0,322554
322556,GS683,2023,170311.0,322557
322557,GS685,2023,258242.0,322558
322586,GS751,2023,114156.0,322587
322587,GS753,2023,201037.0,322588
322592,GS768,2023,71806.0,322593
322593,GS769,2023,236881.0,322594
322614,GS813,2023,7073.0,322615
322623,GS828,2023,139644.0,322624
322627,GS835,2023,12202.0,322628
322629,GS840,2023,7884.0,322630
322636,GS849,2023,23605.0,322637
322639,GS854,2023,146531.0,322640
322656,GS879,2023,422248.0,322657
322666,GS905,2023,276056.0,322667
322671,GS913,2023,24568.0,322672
322685,GS939,2023,7271.0,322686
322692,GS955,2023,110256.0,322693
322707,GS980,2023,23121.0,322708
322721,GS1003,2023,25413.0,322722
322728,GS1015,2023,98867.0,322729
322732,GS1020,2023,106498.0,322733
322733,GS1021,2023,36617.0,322734
322745,GS1033,2023,13714.0,322746
322753,GS1042,2023,161996.0,322754
322754,GS1044,2023,142971.0,322755
322758,GS1049,2023,362126.0,322759
322764,GS1060,2023,35800.0,322765
322765,GS1061,2023,429098.0,322766
322777,GS1078,2023,27866.0,322778
322783,GS1091,2023,158647.0,322784
322790,GS1098,2023,5959.0,322791
322791,GS1100,2023,4903.0,322792
322792,GS1101,2023,5600.0,322793
322794,GS1103,2023,5465.0,322795
322795,GS1104,2023,5054.0,322796
322806,GS1124,2023,5746.0,322807
322808,GS1128,2023,8178.0,322809
322810,GS1138,2023,379033.0,322811
322816,GS1146,2023,10000.0,322817
322820,GS1162,2023,2460.0,322821
322827,GS1173,2023,69836.0,322828
322837,GS1190,2023,201554.0,322838
322838,GS1191,2023,13318.0,322839
322843,GS1199,2023,21474.0,322844
322868,GS1237,2023,157892.0,322869
322887,GS1286,2023,55116.0,322888
322888,GS1288,2023,2542.0,322889
322892,GS1294,2023,7771.0,322893
322894,GS1296,2023,10000.0,322895
322899,GS1303,2023,69669.0,322900
322915,GS1321,2023,263217.0,322916
322922,GS1330,2023,24037.0,322923
322923,GS1332,2023,10000.0,322924
322925,GS1334,2023,4144.0,322926
322934,GS1347,2023,66275.0,322935
322935,GS1348,2023,133282.0,322936
322938,GS1352,2023,2602.0,322939
322939,GS1353,2023,2750.0,322940
322942,GS1359,2023,5423.0,322943
322945,GS1364,2023,73457.0,322946
322949,GS1368,2023,141451.0,322950
322960,GS1383,2023,135049.0,322961
322966,GS1688,2023,50501.0,322967
322970,GS1693,2023,17088.0,322971
322971,GS1694,2023,17088.0,322972
322972,GS1695,2023,8668.0,322973
322973,GS1696,2023,8668.0,322974
322974,GS1697,2023,8668.0,322975
322975,GS1698,2023,8668.0,322976
322976,GS1699,2023,8668.0,322977
322977,GS1700,2023,8668.0,322978
322978,GS1701,2023,8668.0,322979
322979,GS1702,2023,8668.0,322980
322980,GS1703,2023,8668.0,322981
322981,GS1704,2023,8668.0,322982
322982,GS1705,2023,8668.0,322983
322983,GS1706,2023,8668.0,322984
322984,GS1707,2023,8668.0,322985
322985,GS1708,2023,8668.0,322986
322986,GS1709,2023,8668.0,322987
322987,GS1710,2023,8668.0,322988
322988,GS1711,2023,8668.0,322989
322989,GS1712,2023,8668.0,322990
322990,GS1713,2023,8668.0,322991
322991,GS1714,2023,8668.0,322992
322992,GS1715,2023,8668.0,322993
322993,GS1716,2023,8668.0,322994
322994,GS1717,2023,8668.0,322995
322995,GS1718,2023,8668.0,322996
322996,GS1719,2023,8668.0,322997
322997,GS1720,2023,8668.0,322998
322998,GS1721,2023,8668.0,322999
322999,GS1722,2023,8668.0,323000
323000,GS1723,2023,8668.0,323001
323001,GS1724,2023,8668.0,323002
323002,GS1725,2023,8668.0,323003
323003,GS1726,2023,8955.0,323004
323004,GS1727,2023,8955.0,323005
323005,GS1728,2023,8955.0,323006
323007,GS1730,2023,8955.0,323008
323008,GS1731,2023,8955.0,323009
323009,GS1732,2023,8955.0,323010
323010,GS1733,2023,8955.0,323011
323011,GS1734,2023,8955.0,323012
323012,GS1735,2023,8955.0,323013
323013,GS1736,2023,8955.0,323014
323014,GS1737,2023,8955.0,323015
323015,GS1738,2023,8955.0,323016
323016,GS1739,2023,8955.0,323017
323017,GS1740,2023,8955.0,323018
323018,GS1741,2023,8955.0,323019
323019,GS1742,2023,8668.0,323020
323020,GS1743,2023,8668.0,323021
323021,GS1744,2023,6582.0,323022
323022,GS1745,2023,8785.0,323023
323033,GS2094,2023,283953.0,323034
323034,GS2095,2023,247578.0,323035
323041,GS2293,2023,173639.0,323042
323044,GS2296,2023,319633.0,323045
323053,GS2397,2023,37741.0,323054
323075,GS2429,2023,14484.0,323076
323079,GS2435,2023,185011.0,323080
323080,GS2437,2023,2068.0,323081
323086,GS2444,2023,86929.0,323087
323087,GS2445,2023,36891.0,323088
323088,GS2446,2023,86012.0,323089
323089,GS2447,2023,115784.0,323090
323094,GS2457,2023,53813.0,323095
323098,GS2464,2023,57293.0,323099
323100,GS2468,2023,65940.0,323101
323103,GS2475,2023,246650.0,323104
323107,GS2479,2023,4333.0,323108
323108,GS2480,2023,3125.0,323109
323109,GS2481,2023,4340.0,323110
323111,GS2483,2023,276800.0,323112
323115,GS2487,2023,13105.0,323116
323116,GS2488,2023,13612.0,323117
323120,GS2497,2023,221065.0,323121
323122,GS2499,2023,144100.0,323123
323124,GS2501,2023,19127.0,323125
323125,GS2502,2023,138325.0,323126
323126,GS2503,2023,217578.0,323127
323137,GS2519,2023,40438.0,323138
323138,GS2520,2023,18220.0,323139
323140,GS2525,2023,218649.0,323141
323144,GS2534,2023,17649.0,323145
323145,GS2535,2023,63293.0,323146
323151,GS2542,2023,149953.0,323152
323163,GS2566,2023,8668.0,323164
323164,GS2567,2023,8668.0,323165
323165,GS2568,2023,8668.0,323166
323166,GS2569,2023,8668.0,323167
323167,GS2570,2023,8668.0,323168
323168,GS2571,2023,8668.0,323169
323169,GS2572,2023,8668.0,323170
323170,GS2573,2023,8668.0,323171
323171,GS2574,2023,8668.0,323172
323172,GS2575,2023,8668.0,323173
323173,GS2576,2023,8955.0,323174
323174,GS2577,2023,8955.0,323175
323175,GS2578,2023,8668.0,323176
323176,GS2579,2023,8668.0,323177
323177,GS2580,2023,8548.0,323178
323178,GS2581,2023,8883.0,323179
323179,GS2582,2023,8800.0,323180
323180,GS2583,2023,8696.0,323181
323181,GS2584,2023,8823.0,323182
323182,GS2585,2023,6519.0,323183
323183,GS2587,2023,203950.0,323184
323187,GS2596,2023,61323.0,323188
323206,GS2678,2023,17398.0,323207
323207,GS2679,2023,15917.0,323208
323208,GS2680,2023,15004.0,323209
323212,GS2684,2023,189436.0,323213
323213,GS2685,2023,162300.0,323214
323214,GS2686,2023,171884.0,323215
323215,GS2687,2023,189058.0,323216
323238,GS2758,2023,280039.0,323239
323252,GS2898,2023,259191.0,323253
323259,GS3007,2023,8172.0,323260
323267,GS3024,2023,10000.0,323268
323275,GS3041,2023,68473.0,323276
323277,GS3072,2023,26494.0,323278
323283,GS3105,2023,6102.0,323284
323284,GS3106,2023,6851.0,323285
323285,GS3107,2023,9883.0,323286
323286,GS3108,2023,9525.0,323287
323304,GS3262,2023,13959.0,323305
323306,GS3267,2023,1250.0,323307
323310,GS3326,2023,10000.0,323311
323315,GS3343,2023,90614.0,323316
323335,GS3404,2023,26831.0,323336
323337,GS3407,2023,22398.0,323338
323339,GS3410,2023,67221.0,323340
323351,GS3434,2023,387555.0,323352
323352,GS3443,2023,2487.0,323353
323354,GS3445,2023,13119.0,323355
323361,GS3482,2023,33670.0,323362
323369,GS3509,2023,7571.0,323370
323387,GS3544,2023,35255.0,323388
323389,GS3551,2023,315347.0,323390
323393,GS3560,2023,5551.0,323394
323394,GS3561,2023,7188.0,323395
323396,GS3564,2023,1518.0,323397
323401,GS3588,2023,8668.0,323402
323402,GS3589,2023,8668.0,323403
323403,GS3590,2023,8955.0,323404
323404,GS3591,2023,8955.0,323405
323405,GS3592,2023,8955.0,323406
323406,GS3593,2023,8955.0,323407
323407,GS3594,2023,8955.0,323408
323408,GS3595,2023,8668.0,323409
323409,GS3596,2023,6946.0,323410
323410,GS3597,2023,8685.0,323411
323411,GS3598,2023,8904.0,323412
323412,GS3599,2023,8802.0,323413
323413,GS3600,2023,8832.0,323414
323414,GS3601,2023,8802.0,323415
323417,GS3607,2023,18809.0,323418
323418,GS3618,2023,33797.0,323419
323419,GS3619,2023,35466.0,323420
323420,GS3620,2023,34505.0,323421
323421,GS3626,2023,12153.0,323422
323430,GS3852,2023,55833.0,323431
323434,GS3906,2023,16355.0,323435
323449,GS3964,2023,14286.0,323450
323451,GS3966,2023,44317.0,323452
323453,GS3971,2023,53330.0,323454
323456,GS3976,2023,524197.0,323457
323459,GS4014,2023,9313.0,323460
323461,GS4036,2023,15090.0,323462
323467,GS4195,2023,22856.0,323468
323469,GS4202,2023,2469.0,323470
323470,GS4203,2023,2365.0,323471
323471,GS4205,2023,7090.0,323472
323476,GS4220,2023,23536.0,323477
323479,GS4236,2023,24054.0,323480
323480,GS4238,2023,44972.0,323481
323485,GS4259,2023,36507.0,323486
323486,GS4260,2023,3149.0,323487
323487,GS4261,2023,37724.0,323488
323488,GS4264,2023,181383.0,323489
323496,GS4288,2023,17674.0,323497
323498,GS4290,2023,46219.0,323499
323500,GS4296,2023,70623.0,323501
323501,GS4300,2023,88214.0,323502
323502,GS4364,2023,10218.0,323503
323505,GS4372,2023,11919.0,323506
323506,GS4373,2023,15153.0,323507
323507,GS4374,2023,10242.0,323508
323508,GS4375,2023,11917.0,323509
323509,GS4376,2023,8177.0,323510
323510,GS4377,2023,15685.0,323511
323511,GS4378,2023,13029.0,323512
323512,GS4379,2023,21808.0,323513
323513,GS4380,2023,13511.0,323514
323514,GS4381,2023,10725.0,323515
323515,GS4382,2023,16375.0,323516
323516,GS4383,2023,15069.0,323517
323517,GS4384,2023,9894.0,323518
323518,GS4385,2023,13228.0,323519
323519,GS4386,2023,26528.0,323520
323520,GS4387,2023,18557.0,323521
323521,GS4388,2023,20182.0,323522
323522,GS4389,2023,16680.0,323523
323523,GS4390,2023,2152.0,323524
323524,GS4391,2023,21061.0,323525
323525,GS4392,2023,5846.0,323526
323526,GS4393,2023,14124.0,323527
323527,GS4394,2023,31463.0,323528
323528,GS4395,2023,18558.0,323529
323529,GS4396,2023,22968.0,323530
323530,GS4397,2023,32190.0,323531
323531,GS4398,2023,7218.0,323532
323532,GS4399,2023,1021.0,323533
323533,GS4400,2023,32737.0,323534
323534,GS4401,2023,32835.0,323535
323535,GS4422,2023,6756.0,323536
323536,GS4423,2023,6762.0,323537
323538,GS4425,2023,48879.0,323539
323539,GS4426,2023,147111.0,323540
323543,GS4442,2023,72469.0,323544
323545,GS4446,2023,30618.0,323546
323548,GS4518,2023,6758.0,323549
323549,GS4519,2023,7063.0,323550
323553,GS4533,2023,18596.0,323554
323558,GS4539,2023,365063.0,323559
323561,GS4553,2023,1536.0,323562
323567,GS4593,2023,8896.0,323568
323571,GS4603,2023,79581.0,323572
323574,GS4613,2023,27059.0,323575
323575,GS4614,2023,26873.0,323576
323576,GS4615,2023,27142.0,323577
323587,GS4797,2023,6729.0,323588
323588,GS4798,2023,6843.0,323589
323589,GS4799,2023,32665.0,323590
323594,GS4822,2023,48307.0,323595
323596,GS4824,2023,7009.0,323597
323607,GS4906,2023,2909.0,323608
323614,GS5003,2023,242331.0,323615
323615,GS5007,2023,72048.0,323616
323616,GS5009,2023,375422.0,323617
323619,GS5013,2023,131310.0,323620
323629,GS5038,2023,5299.0,323630
323630,GS5039,2023,5299.0,323631
323631,GS5040,2023,5278.0,323632
323632,GS5041,2023,4999.0,323633
323633,GS5042,2023,4910.0,323634
323634,GS5043,2023,5299.0,323635
323643,GS5099,2023,113284.0,323644
323644,GS5106,2023,2649.0,323645
323645,GS5107,2023,123001.0,323646
323648,GS5125,2023,96201.0,323649
323649,GS5186,2023,3702.0,323650
323650,GS5187,2023,2208.0,323651
323651,GS5188,2023,2386.0,323652
323652,GS5189,2023,1370.0,323653
323653,GS5190,2023,2284.0,323654
323654,GS5191,2023,1807.0,323655
323655,GS5192,2023,2606.0,323656
323656,GS5193,2023,3655.0,323657
323657,GS5194,2023,1749.0,323658
323659,GS5196,2023,2939.0,323660
323660,GS5197,2023,1640.0,323661
323661,GS5199,2023,26528.0,323662
323664,GS5228,2023,33007.0,323665
323665,GS5229,2023,130171.0,323666
323666,GS5230,2023,11981.0,323667
323667,GS5244,2023,8224.0,323668
323668,GS5245,2023,10391.0,323669
323670,GS5257,2023,148930.0,323671
323679,GS5314,2023,99716.0,323680
323680,GS5315,2023,25623.0,323681
323682,GS5317,2023,35268.0,323683
323683,GS5322,2023,1990.0,323684
323684,GS5323,2023,1974.0,323685
323685,GS5324,2023,1990.0,323686
323686,GS5325,2023,10000.0,323687
323687,GS5326,2023,10000.0,323688
323688,GS5329,2023,7270.0,323689
323689,GS5330,2023,6837.0,323690
323690,GS5331,2023,8270.0,323691
323691,GS5332,2023,6549.0,323692
323692,GS5335,2023,6914.0,323693
323693,GS5336,2023,6542.0,323694
323694,GS5337,2023,7246.0,323695
323695,GS5338,2023,9059.0,323696
323696,GS5339,2023,8104.0,323697
323697,GS5340,2023,9229.0,323698
323698,GS5341,2023,9467.0,323699
323699,GS5342,2023,7673.0,323700
323700,GS5343,2023,8809.0,323701
323701,GS5344,2023,9027.0,323702
323706,GS5391,2023,26186.0,323707
323716,GS5434,2023,3587.0,323717
323717,GS5437,2023,6465.0,323718
323718,GS5438,2023,6426.0,323719
323719,GS5439,2023,8140.0,323720
323720,GS5440,2023,6911.0,323721
323721,GS5441,2023,5858.0,323722
323724,GS5444,2023,20000.0,323725
323726,GS5463,2023,54375.0,323727
323727,GS5519,2023,193829.0,323728
323732,GS5574,2023,23977.0,323733
323736,GS5617,2023,84108.0,323737
323740,GS5633,2023,81814.0,323741
323741,GS5634,2023,3469.0,323742
323742,GS5635,2023,3457.0,323743
323743,GS5636,2023,3408.0,323744
323744,GS5637,2023,3471.0,323745
323746,GS5642,2023,492874.0,323747
323747,GS5643,2023,15468.0,323748
323759,GS5780,2023,1154.0,323760
323760,GS5781,2023,3946.0,323761
323761,GS5782,2023,3946.0,323762
323762,GS5783,2023,4305.0,323763
323766,GS5801,2023,14733.0,323767
323767,GS5802,2023,10000.0,323768
323769,GS5825,2023,7422.0,323770
323770,GS5826,2023,6360.0,323771
323771,GS5827,2023,6360.0,323772
323772,GS5830,2023,39380.0,323773
323777,GS5842,2023,20000.0,323778
323784,GS5889,2023,4377.0,323785
323785,GS5890,2023,3776.0,323786
323786,GS5891,2023,4222.0,323787
323787,GS5892,2023,4450.0,323788
323793,GS5951,2023,9035.0,323794
323794,GS5952,2023,7105.0,323795
323795,GS5953,2023,6764.0,323796
323796,GS5954,2023,6629.0,323797
323797,GS5955,2023,6029.0,323798
323799,GS5988,2023,4509.0,323800
323802,GS6004,2023,156789.0,323803
323808,GS6037,2023,1990.0,323809
323809,GS6038,2023,5063.0,323810
323810,GS6041,2023,12507.0,323811
323811,GS6042,2023,11155.0,323812
323841,GS6139,2023,30319.0,323842
323843,GS6152,2023,9486.0,323844
323845,GS6189,2023,5274.0,323846
323848,GS6235,2023,10531.0,323849
323849,GS6236,2023,10315.0,323850
323850,GS6237,2023,9194.0,323851
323852,GS6256,2023,73387.0,323853
323853,GS6264,2023,19431.0,323854
323854,GS6271,2023,48411.0,323855
323859,GS6289,2023,11738.0,323860
323860,GS6290,2023,521010.0,323861
323861,GS6301,2023,63499.0,323862
323863,GS6338,2023,6904.0,323864
323865,GS6349,2023,1600.0,323866
323866,GS6350,2023,2688.0,323867
323867,GS6351,2023,1702.0,323868
323868,GS6356,2023,32353.0,323869
323874,GS6414,2023,17607.0,323875
323875,GS6419,2023,9752.0,323876
323876,GS6420,2023,6946.0,323877
323877,GS6443,2023,6749.0,323878
323880,GS6460,2023,400.0,323881
323886,GS6518,2023,11161.0,323887
323887,GS6519,2023,10991.0,323888
323888,GS6520,2023,11157.0,323889
323889,GS6521,2023,11121.0,323890
323890,GS6522,2023,12118.0,323891
323891,GS6523,2023,10706.0,323892
323892,GS6566,2023,6524.0,323893
323895,GS6597,2023,14277.0,323896
323896,GS6598,2023,30975.0,323897
323898,GS6600,2023,5559.0,323899
323899,GS6604,2023,49152.0,323900
323900,GS6607,2023,50574.0,323901
323904,GS6749,2023,6028.0,323905
323907,GS6752,2023,1957.0,323908
323910,GS6760,2023,288480.0,323911
323911,GS6783,2023,9553.0,323912
323912,GS6784,2023,9703.0,323913
323913,GS6786,2023,2365.0,323914
323914,GS6787,2023,1577.0,323915
323915,GS6788,2023,1950.0,323916
323916,GS6789,2023,1970.0,323917
323917,GS6790,2023,1970.0,323918
323919,GS6830,2023,4694.0,323920
323920,GS6831,2023,76182.0,323921
323922,GS6836,2023,9047.0,323923
323929,GS6856,2023,21387.0,323930
323932,GS6861,2023,7428.0,323933
323937,GS6998,2023,15155.0,323938
323939,GS7002,2023,9532.0,323940
323940,GS7049,2023,400.0,323941
323945,GS7090,2023,17504.0,323946
323947,GS7105,2023,451167.0,323948
323948,GS7112,2023,5516.0,323949
323949,GS7128,2023,11285.0,323950
323953,GS7132,2023,16234.0,323954
323954,GS7133,2023,15790.0,323955
323955,GS7134,2023,18219.0,323956
323956,GS7135,2023,15810.0,323957
323957,GS7136,2023,12581.0,323958
323963,GS7147,2023,4459.0,323964
323964,GS7148,2023,5150.0,323965
323965,GS7149,2023,5236.0,323966
323966,GS7150,2023,5190.0,323967
323972,GS7287,2023,6083.0,323973
323973,GS7288,2023,6094.0,323974
323974,GS7289,2023,6094.0,323975
323975,GS7290,2023,6094.0,323976
323976,GS7291,2023,6094.0,323977
323977,GS7292,2023,5094.0,323978
323978,GS7293,2023,10000.0,323979
323980,GS7311,2023,1638.0,323981
323984,GS7330,2023,6134.0,323985
323985,GS7331,2023,4932.0,323986
323986,GS7332,2023,6360.0,323987
323987,GS7333,2023,6360.0,323988
323988,GS7334,2023,5299.0,323989
323989,GS7335,2023,6349.0,323990
323990,GS7336,2023,7897.0,323991
323991,GS7343,2023,13983.0,323992
323994,GS7356,2023,11857.0,323995
323996,GS7362,2023,3606.0,323997
323997,GS7363,2023,3568.0,323998
323998,GS7364,2023,3509.0,323999
323999,GS7365,2023,3209.0,324000
324000,GS7366,2023,2853.0,324001
324007,GS7391,2023,10000.0,324008
324011,GS7395,2023,4946.0,324012
324012,GS7396,2023,5412.0,324013
324013,GS7397,2023,5152.0,324014
324014,GS7398,2023,5272.0,324015
324015,GS7399,2023,5381.0,324016
324016,GS7400,2023,5522.0,324017
324017,GS7401,2023,5420.0,324018
324018,GS7433,2023,79903.0,324019
324019,GS7434,2023,79032.0,324020
324020,GS7435,2023,728.0,324021
324021,GS7436,2023,5505.0,324022
324022,GS7437,2023,10000.0,324023
324023,GS7438,2023,95762.0,324024
324026,GS7444,2023,9921.0,324027
324027,GS7448,2023,8477.0,324028
324028,GS7449,2023,13260.0,324029
324029,GS7450,2023,12689.0,324030
324030,GS7451,2023,13217.0,324031
324031,GS7452,2023,8052.0,324032
324032,GS7453,2023,13417.0,324033
324033,GS7454,2023,13017.0,324034
324034,GS7456,2023,11203.0,324035
324035,GS7457,2023,9173.0,324036
324036,GS7458,2023,10015.0,324037
324037,GS7459,2023,12374.0,324038
324038,GS7460,2023,8694.0,324039
324045,GS7467,2023,29719.0,324046
324048,GS7470,2023,13323.0,324049
324049,GS7471,2023,14382.0,324050
324050,GS7472,2023,13339.0,324051
324051,GS7473,2023,11809.0,324052
324052,GS7474,2023,13494.0,324053
324053,GS7475,2023,6550.0,324054
324054,GS7476,2023,6590.0,324055
324055,GS7477,2023,6685.0,324056
324056,GS7478,2023,7837.0,324057
324057,GS7479,2023,8734.0,324058
324058,GS7480,2023,8719.0,324059
324059,GS7481,2023,8061.0,324060
324060,GS7482,2023,8862.0,324061
324061,GS7483,2023,8766.0,324062
324062,GS7484,2023,8752.0,324063
324069,GS7491,2023,112859.0,324070
324071,GS7493,2023,33836.0,324072
324073,GS7496,2023,18828.0,324074
324082,GS7506,2023,14332.0,324083
324083,GS7507,2023,14366.0,324084
324086,GS7510,2023,43426.0,324087
324087,GS7512,2023,5344.0,324088
324099,GS7524,2023,6239.0,324100
324100,GS7525,2023,873597.0,324101
324101,GS7526,2023,59011.0,324102
324107,GS7532,2023,539140.0,324108
324108,GS7533,2023,203508.0,324109
324109,GS7534,2023,733199.0,324110
324113,GS7539,2023,5789.0,324114
324118,GS7544,2023,25908.0,324119
324124,GS7550,2023,139728.0,324125
324130,GS7556,2023,10000.0,324131
324131,GS7557,2023,53999.0,324132
324140,GS7566,2023,7765.0,324141
324141,GS7567,2023,7760.0,324142
324146,GS7572,2023,282772.0,324147
324149,GS7576,2023,43228.0,324150
324153,GS7580,2023,11771.0,324154
324154,GS7581,2023,11850.0,324155
324155,GS7582,2023,10927.0,324156
324156,GS7583,2023,9787.0,324157
324157,GS7584,2023,10430.0,324158
324158,GS7585,2023,11136.0,324159
324160,GS7587,2023,63693.0,324161
324165,GS7592,2023,60000.0,324166
324166,GS7593,2023,60000.0,324167
324167,GS7594,2023,43495.0,324168
324175,GS7602,2023,18080.0,324176
324177,GS7604,2023,99006.0,324178
324178,GS7605,2023,96895.0,324179
324179,GS7606,2023,97875.0,324180
324183,GS7610,2023,229.0,324184
324187,GS7614,2023,45213.0,324188
324188,GS7615,2023,35268.0,324189
324194,GS7623,2023,350.0,324195
324198,GS7627,2023,186654.0,324199
324208,GS7637,2023,56356.0,324209
324209,GS7638,2023,56519.0,324210
324210,GS7639,2023,56433.0,324211
324211,GS7640,2023,55508.0,324212
324212,GS7641,2023,56232.0,324213
324213,GS7642,2023,56271.0,324214
324214,GS7643,2023,56245.0,324215
324215,GS7644,2023,55722.0,324216
324216,GS7645,2023,22813.0,324217
324217,GS7646,2023,13240.0,324218
324218,GS7647,2023,2120.0,324219
324226,GS7666,2023,95845.0,324227
324227,GS7668,2023,49701.0,324228
324229,GS7671,2023,9344.0,324230
324230,GS7672,2023,8947.0,324231
324244,GS7686,2023,7924.0,324245
324245,GS7687,2023,102414.0,324246
324246,GS7688,2023,74530.0,324247
324247,GS7689,2023,36317.0,324248
324284,GS7726,2023,841554.0,324285
324285,GS7727,2023,324518.0,324286
324288,GS7733,2023,124496.0,324289
324289,GS7734,2023,40411.0,324290
324294,GS7739,2023,519489.0,324295
324299,GS7744,2023,158840.0,324300
324300,GS7745,2023,1125127.0,324301
324301,GS7746,2023,191319.0,324302
324315,GS7762,2023,61482.0,324316
324322,GS7783,2023,42927.0,324323
324351,GS10457,2023,41166.0,324352
324354,GS10466,2023,9244.0,324355
324360,GS10657,2023,7933.0,324361
324361,GS10658,2023,6529.0,324362
324362,GS10659,2023,7760.0,324363
324379,GS10710,2023,79572.0,324380
324385,GS10716,2023,1187221.0,324386
324392,GS10725,2023,20327.0,324393
324393,GS10726,2023,19518.0,324394
324405,GS10738,2023,35742.0,324406
324407,GS10740,2023,12658.0,324408
324408,GS10741,2023,9941.0,324409
324409,GS10742,2023,8766.0,324410
324410,GS10776,2023,6238.0,324411
324411,GS10777,2023,4563.0,324412
324412,GS10778,2023,10000.0,324413
324413,GS10779,2023,10000.0,324414
324414,GS10780,2023,10000.0,324415
324415,GS10781,2023,9895.0,324416
324416,GS10782,2023,41734.0,324417
324417,GS10783,2023,8766.0,324418
324418,GS10784,2023,8045.0,324419
324421,GS10788,2023,6473.0,324422
324423,GS10790,2023,565852.0,324424
324424,GS10791,2023,124618.0,324425
324425,GS10792,2023,31127.0,324426
324439,GS10806,2023,6420.0,324440
324440,GS10807,2023,5122.0,324441
324441,GS10808,2023,52596.0,324442
324442,GS10809,2023,29054.0,324443
324449,GS10821,2023,67737.0,324450
324451,GS10823,2023,760.0,324452
324453,GS10825,2023,56115.0,324454
324454,GS10826,2023,10299.0,324455
324455,GS10827,2023,10300.0,324456
324456,GS10828,2023,10300.0,324457
324460,GS10832,2023,1798.0,324461
324462,GS10866,2023,6245.0,324463
324466,GS10872,2023,9680.0,324467
324467,GS10873,2023,10000.0,324468
324473,GS10879,2023,77633.0,324474
324475,GS10885,2023,167182.0,324476
324476,GS10886,2023,58143.0,324477
324477,GS10887,2023,37350.0,324478
324478,GS10888,2023,61718.0,324479
324479,GS10889,2023,52028.0,324480
324480,GS10890,2023,58461.0,324481
324485,GS10900,2023,23545.0,324486
324486,GS10901,2023,28482.0,324487
324487,GS10902,2023,32517.0,324488
324488,GS10903,2023,17967.0,324489
324489,GS10904,2023,17916.0,324490
324490,GS10905,2023,17864.0,324491
324491,GS10906,2023,18067.0,324492
324492,GS10907,2023,35936.0,324493
324493,GS10908,2023,37504.0,324494
324494,GS10909,2023,39072.0,324495
324495,GS10910,2023,40205.0,324496
324496,GS10911,2023,42640.0,324497
324497,GS10912,2023,42640.0,324498
324498,GS10913,2023,42640.0,324499
324499,GS10914,2023,42640.0,324500
324500,GS10915,2023,32800.0,324501
324501,GS10916,2023,32800.0,324502
324502,GS10917,2023,32800.0,324503
324503,GS10918,2023,32800.0,324504
324504,GS10919,2023,15306.0,324505
324505,GS10920,2023,15306.0,324506
324506,GS10921,2023,14955.0,324507
324521,GS10967,2023,660594.0,324522
324522,GS10968,2023,9391.0,324523
324524,GS10970,2023,593.0,324525
324527,GS10974,2023,43469.0,324528
324529,GS10976,2023,42889.0,324530
324530,GS10977,2023,42962.0,324531
324531,GS10978,2023,42719.0,324532
324532,GS10979,2023,43382.0,324533
324533,GS10980,2023,43061.0,324534
324534,GS10981,2023,43180.0,324535
324535,GS10982,2023,39368.0,324536
324540,GS10988,2023,18405.0,324541
324541,GS10989,2023,15198.0,324542
324542,GS10990,2023,9427.0,324543
324543,GS10991,2023,9126.0,324544
324544,GS10992,2023,7941.0,324545
324545,GS10993,2023,6703.0,324546
324546,GS10994,2023,4215.0,324547
324547,GS10995,2023,1357.0,324548
324559,GS11007,2023,394.0,324560
324562,GS11010,2023,117992.0,324563
324563,GS11011,2023,10518.0,324564
324564,GS11012,2023,6870.0,324565
324565,GS11013,2023,6010.0,324566
324566,GS11014,2023,3667.0,324567
324567,GS11015,2023,2145.0,324568
324568,GS11016,2023,2194.0,324569
324589,GS11041,2023,5870.0,324590
324590,GS11042,2023,2271.0,324591
324615,GS11068,2023,41599.0,324616
324616,GS11070,2023,7045.0,324617
324617,GS11071,2023,5413.0,324618
324620,GS11074,2023,2599.0,324621
324643,GS11098,2023,30311.0,324644
324645,GS11133,2023,34531.0,324646
324646,GS11134,2023,34877.0,324647
324647,GS11135,2023,22813.0,324648
324648,GS11136,2023,33293.0,324649
324649,GS11137,2023,22686.0,324650
324652,GS11140,2023,158784.0,324653
324657,GS11145,2023,308801.0,324658
324659,GS11147,2023,35883.0,324660
324661,GS11149,2023,35258.0,324662
324662,GS11150,2023,22397.0,324663
324663,GS11151,2023,21951.0,324664
324664,GS11152,2023,22402.0,324665
324665,GS11153,2023,10294.0,324666
324667,GS11155,2023,2720.0,324668
324673,GS11167,2023,140002.0,324674
324692,GS11190,2023,16923.0,324693
324694,GS11192,2023,24113.0,324695
324695,GS11193,2023,36194.0,324696
324696,GS11194,2023,46139.0,324697
324697,GS11195,2023,904.0,324698
324698,GS11196,2023,29680.0,324699
324699,GS11197,2023,23236.0,324700
324700,GS11198,2023,50090.0,324701
324701,GS11199,2023,50321.0,324702
324702,GS11200,2023,47187.0,324703
324709,GS11207,2023,742414.0,324710
324711,GS11209,2023,22674.0,324712
324713,GS11211,2023,5931.0,324714
324714,GS11212,2023,13733.0,324715
324715,GS11213,2023,6439.0,324716
324720,GS11218,2023,56115.0,324721
324723,GS11222,2023,400450.0,324724
324727,GS11227,2023,55633.0,324728
324728,GS11228,2023,53592.0,324729
324729,GS11229,2023,46861.0,324730
324730,GS11230,2023,48079.0,324731
324731,GS11231,2023,51621.0,324732
324732,GS11232,2023,45500.0,324733
324733,GS11233,2023,3514.0,324734
324734,GS11234,2023,3362.0,324735
324735,GS11235,2023,3522.0,324736
324736,GS11236,2023,44403.0,324737
324737,GS11237,2023,133497.0,324738
324738,GS11238,2023,360236.0,324739
324739,GS11239,2023,334691.0,324740
324746,GS11246,2023,6703.0,324747
324747,GS11247,2023,5547.0,324748
324754,GS11255,2023,427502.0,324755
324755,GS11256,2023,369906.0,324756
324756,GS11259,2023,54283.0,324757
324757,GS11260,2023,55145.0,324758
324758,GS11261,2023,56148.0,324759
324759,GS11262,2023,52477.0,324760
324760,GS11263,2023,57881.0,324761
324761,GS11264,2023,46003.0,324762
324762,GS11265,2023,57721.0,324763
324763,GS11266,2023,54631.0,324764
324764,GS11267,2023,51973.0,324765
324765,GS11268,2023,51190.0,324766
324766,GS11269,2023,51595.0,324767
324767,GS11270,2023,53572.0,324768
324768,GS11271,2023,41524.0,324769
324769,GS11272,2023,45724.0,324770
324770,GS11273,2023,49284.0,324771
324771,GS11274,2023,45412.0,324772
324772,GS11275,2023,49791.0,324773
324773,GS11276,2023,49351.0,324774
324774,GS11277,2023,51095.0,324775
324775,GS11278,2023,51373.0,324776
324776,GS11279,2023,57512.0,324777
324777,GS11280,2023,52837.0,324778
324778,GS11281,2023,48369.0,324779
324779,GS11282,2023,45599.0,324780
324780,GS11283,2023,53293.0,324781
324781,GS11284,2023,50100.0,324782
324782,GS11285,2023,50352.0,324783
324783,GS11286,2023,42081.0,324784
324784,GS11287,2023,32004.0,324785
324785,GS11288,2023,53256.0,324786
324786,GS11289,2023,41243.0,324787
324787,GS11290,2023,45735.0,324788
324788,GS11291,2023,47729.0,324789
324789,GS11292,2023,49131.0,324790
324790,GS11293,2023,48653.0,324791
324791,GS11294,2023,49662.0,324792
324792,GS11295,2023,49934.0,324793
324793,GS11296,2023,49128.0,324794
324794,GS11297,2023,49958.0,324795
324795,GS11298,2023,46709.0,324796
324796,GS11299,2023,50477.0,324797
324797,GS11300,2023,48497.0,324798
324798,GS11301,2023,40298.0,324799
324799,GS11302,2023,44455.0,324800
324800,GS11303,2023,45793.0,324801
324801,GS11304,2023,18853.0,324802
324802,GS11305,2023,14896.0,324803
324804,GS11307,2023,105228.0,324805
324806,GS11309,2023,53867.0,324807
324807,GS11310,2023,50045.0,324808
324808,GS11311,2023,46996.0,324809
324809,GS11312,2023,44167.0,324810
324810,GS11313,2023,28314.0,324811
324827,GS11331,2023,368335.0,324828
324829,GS11334,2023,426677.0,324830
324832,GS11337,2023,469254.0,324833
324833,GS11338,2023,224980.0,324834
324840,GS11351,2023,39257.0,324841
324855,GS11400,2023,421848.0,324856
324857,GS11402,2023,151582.0,324858
324858,GS11403,2023,91497.0,324859
324859,GS11404,2023,208793.0,324860
324860,GS11405,2023,250217.0,324861
324863,GS11409,2023,79.0,324864
324878,GS11424,2023,110459.0,324879
324880,GS11426,2023,31933.0,324881
324881,GS11427,2023,45809.0,324882
324882,GS11432,2023,17735.0,324883
324883,GS11433,2023,142727.0,324884
324887,GS11437,2023,35646.0,324888
324890,GS11440,2023,2257502.0,324891
324891,GS11441,2023,26244.0,324892
324896,GS11451,2023,68813.0,324897
324899,GS11455,2023,66643.0,324900
324906,GS11474,2023,99567.0,324907
324907,GS11475,2023,66034.0,324908
324908,GS11476,2023,47857.0,324909
324909,GS11477,2023,52812.0,324910
324910,GS11478,2023,41158.0,324911
324911,GS11479,2023,43236.0,324912
324912,GS11480,2023,34991.0,324913
324913,GS11481,2023,59390.0,324914
324914,GS11482,2023,346582.0,324915
324915,GS11483,2023,152786.0,324916
324917,GS11485,2023,32780.0,324918
324918,GS11486,2023,66392.0,324919
324919,GS11488,2023,514941.0,324920
324920,GS11489,2023,34509.0,324921
324921,GS11490,2023,76416.0,324922
324922,GS11491,2023,165641.0,324923
324927,GS11496,2023,55288.0,324928
324929,GS11498,2023,63254.0,324930
324930,GS11499,2023,57955.0,324931
324931,GS11500,2023,74611.0,324932
324932,GS11501,2023,103884.0,324933
324934,GS11503,2023,69441.0,324935
324936,GS11505,2023,60363.0,324937
324941,GS11513,2023,30270.0,324942
324942,GS11514,2023,29844.0,324943
324943,GS11515,2023,29436.0,324944
324944,GS11516,2023,29165.0,324945
324945,GS11517,2023,28800.0,324946
324946,GS11518,2023,28529.0,324947
324947,GS11519,2023,28267.0,324948
324948,GS11520,2023,28063.0,324949
324949,GS11521,2023,27884.0,324950
324950,GS11522,2023,27825.0,324951
324951,GS11523,2023,27615.0,324952
324952,GS11524,2023,27402.0,324953
324953,GS11525,2023,27160.0,324954
324954,GS11526,2023,26869.0,324955
324955,GS11527,2023,26625.0,324956
324956,GS11528,2023,26422.0,324957
324957,GS11529,2023,26307.0,324958
324958,GS11530,2023,26096.0,324959
324959,GS11531,2023,25565.0,324960
324960,GS11532,2023,24804.0,324961
324961,GS11533,2023,24215.0,324962
324962,GS11534,2023,23652.0,324963
324966,GS11539,2023,35048.0,324967
324976,GS11551,2023,157345.0,324977
324981,GS11559,2023,123330.0,324982
324982,GS11560,2023,102641.0,324983
324992,GS11571,2023,1145274.0,324993
324993,GS11572,2023,1145275.0,324994
325008,GS11595,2023,430256.0,325009
325009,GS11596,2023,191115.0,325010
325012,GS11603,2023,4033.0,325013
325015,GS11606,2023,9141.0,325016
325017,GS11608,2023,52858.0,325018
325018,GS11609,2023,53228.0,325019
325019,GS11610,2023,52784.0,325020
325020,GS11611,2023,52630.0,325021
325021,GS11612,2023,53414.0,325022
325022,GS11613,2023,36956.0,325023
325023,GS11614,2023,185900.0,325024
325025,GS11617,2023,110631.0,325026
325026,GS11618,2023,90379.0,325027
325027,GS11619,2023,4048.0,325028
325033,GS11628,2023,23008.0,325034
325034,GS11629,2023,21010.0,325035
325035,GS11630,2023,18488.0,325036
325036,GS11631,2023,15094.0,325037
325037,GS11632,2023,11819.0,325038
325038,GS11633,2023,8033.0,325039
325039,GS11634,2023,2743.0,325040
325043,GS11640,2023,45855.0,325044
325053,GS11655,2023,54482.0,325054
325054,GS11656,2023,55748.0,325055
325068,GS11674,2023,354929.0,325069
325108,GS11728,2023,342264.0,325109
325112,GS11732,2023,2806.0,325113
325118,GS11744,2023,9797.0,325119
325119,GS11745,2023,9798.0,325120
325120,GS11747,2023,8994.0,325121
325121,GS11748,2023,8992.0,325122
325122,GS11749,2023,8992.0,325123
325123,GS11750,2023,8994.0,325124
325124,GS11751,2023,8994.0,325125
325125,GS11752,2023,8992.0,325126
325126,GS11753,2023,8292.0,325127
325127,GS11754,2023,8163.0,325128
325128,GS11755,2023,8160.0,325129
325129,GS11756,2023,8161.0,325130
325130,GS11757,2023,8162.0,325131
325131,GS11758,2023,8164.0,325132
325132,GS11759,2023,8161.0,325133
325133,GS11760,2023,7591.0,325134
325134,GS11761,2023,7329.0,325135
325135,GS11762,2023,7329.0,325136
325136,GS11763,2023,7329.0,325137
325137,GS11764,2023,7329.0,325138
325138,GS11765,2023,7330.0,325139
325139,GS11766,2023,7330.0,325140
325140,GS11767,2023,7064.0,325141
325141,GS11768,2023,6578.0,325142
325142,GS11769,2023,6578.0,325143
325143,GS11770,2023,6578.0,325144
325144,GS11771,2023,6578.0,325145
325145,GS11772,2023,6580.0,325146
325146,GS11773,2023,6578.0,325147
325147,GS11774,2023,6578.0,325148
325148,GS11775,2023,6112.0,325149
325149,GS11776,2023,5745.0,325150
325150,GS11777,2023,5745.0,325151
325151,GS11778,2023,5745.0,325152
325152,GS11779,2023,5747.0,325153
325153,GS11780,2023,5746.0,325154
325154,GS11781,2023,5746.0,325155
325155,GS11782,2023,5097.0,325156
325156,GS11783,2023,4940.0,325157
325157,GS11784,2023,4939.0,325158
325170,GS11807,2023,9177.0,325171
325181,GS11835,2023,4941.0,325182
325182,GS11836,2023,4941.0,325183
325183,GS11837,2023,4710.0,325184
325184,GS11838,2023,4108.0,325185
325185,GS11839,2023,4108.0,325186
325186,GS11840,2023,4107.0,325187
325187,GS11841,2023,4108.0,325188
325188,GS11842,2023,4109.0,325189
325189,GS11843,2023,4108.0,325190
325190,GS11844,2023,3401.0,325191
325191,GS11845,2023,3302.0,325192
325192,GS11846,2023,3303.0,325193
325193,GS11847,2023,3303.0,325194
325194,GS11848,2023,44.0,325195
325195,GS11849,2023,26.0,325196
325196,GS11850,2023,26.0,325197
325197,GS11851,2023,26.0,325198
325198,GS11852,2023,26.0,325199
325199,GS11853,2023,26.0,325200
325201,GS11855,2023,27630.0,325202
325205,GS11861,2023,24611.0,325206
325218,GS11879,2023,38658.0,325219
325219,GS11880,2023,29973.0,325220
325220,GS11881,2023,12197.0,325221
325221,GS11882,2023,26.0,325222
325240,GS11902,2023,5692.0,325241
325241,GS11903,2023,15246.0,325242
325242,GS11904,2023,856.0,325243
325243,GS11905,2023,14349.0,325244
325244,GS11906,2023,41492.0,325245
325245,GS11907,2023,46689.0,325246
325246,GS11908,2023,20151.0,325247
325247,GS11909,2023,46471.0,325248
325248,GS11910,2023,53246.0,325249
325249,GS11911,2023,54887.0,325250
325250,GS11912,2023,60643.0,325251
325251,GS11913,2023,63419.0,325252
325252,GS11914,2023,52694.0,325253
325253,GS11915,2023,73891.0,325254
325254,GS11916,2023,70777.0,325255
325255,GS11917,2023,63934.0,325256
325256,GS11918,2023,63795.0,325257
325257,GS11919,2023,66977.0,325258
325258,GS11920,2023,69914.0,325259
325259,GS11921,2023,44679.0,325260
325260,GS11922,2023,67412.0,325261
325261,GS11923,2023,70345.0,325262
325262,GS11924,2023,75097.0,325263
325263,GS11925,2023,5974.0,325264
325264,GS11926,2023,73839.0,325265
325265,GS11927,2023,48894.0,325266
325266,GS11928,2023,13446.0,325267
325267,GS11929,2023,32118.0,325268
325268,GS11930,2023,74161.0,325269
325269,GS11931,2023,73481.0,325270
325270,GS11932,2023,70259.0,325271
325415,GS12119,2023,163503.0,325416
326614,ISOprj_1HHYZFVGW1S044ZY,2023,1373.157,326615
326687,VCS5,2023,26622.0,326688
326707,VCS26,2023,20653.0,326708
326711,VCS30,2023,780726.0,326712
326725,VCS45,2023,224957.0,326726
326729,VCS49,2023,225997.0,326730
326734,VCS54,2023,40116.0,326735
326743,VCS63,2023,31521.0,326744
326768,VCS89,2023,56437.0,326769
326771,VCS92,2023,1276829.0,326772
326772,VCS93,2023,251283.0,326773
326776,VCS97,2023,25666.0,326777
326798,VCS120,2023,16553.0,326799
326802,VCS124,2023,59097.0,326803
326815,VCS138,2023,137028.0,326816
326827,VCS150,2023,74975.0,326828
326950,VCS276,2023,194838.0,326951
326951,VCS277,2023,426177.0,326952
326966,VCS292,2023,125948.0,326967
326968,VCS294,2023,63546.0,326969
327007,VCS334,2023,54873.0,327008
327008,VCS335,2023,91827.0,327009
327009,VCS336,2023,58034.0,327010
327010,VCS337,2023,89415.0,327011
327028,VCS355,2023,319454.0,327029
327043,VCS370,2023,23799.0,327044
327044,VCS371,2023,300067.0,327045
327064,VCS391,2023,14926.0,327065
327069,VCS396,2023,127845.0,327070
327072,VCS399,2023,35136.0,327073
327078,VCS405,2023,19030.0,327079
327087,VCS414,2023,50898.0,327088
327094,VCS421,2023,195139.0,327095
327095,VCS422,2023,208559.0,327096
327103,VCS430,2023,11998.0,327104
327108,VCS435,2023,383385.0,327109
327126,VCS453,2023,2490647.0,327127
327141,VCS468,2023,349305.0,327142
327159,VCS486,2023,296981.0,327160
327160,VCS487,2023,1993007.0,327161
327162,VCS489,2023,57182.0,327163
327172,VCS499,2023,13233.0,327173
327177,VCS504,2023,50750.0,327178
327178,VCS505,2023,62211.0,327179
327179,VCS506,2023,318925.0,327180
327186,VCS513,2023,229534.0,327187
327212,VCS539,2023,37690.0,327213
327221,VCS548,2023,88818.0,327222
327235,VCS562,2023,195918.0,327236
327236,VCS563,2023,154983.0,327237
327238,VCS565,2023,212270.0,327239
327249,VCS576,2023,26549.0,327250
327250,VCS577,2023,14886.0,327251
327255,VCS582,2023,8862.0,327256
327256,VCS583,2023,7251.0,327257
327285,VCS612,2023,1642971.0,327286
327290,VCS617,2023,25439.0,327291
327309,VCS636,2023,227187.0,327310
327313,VCS640,2023,41838.0,327314
327328,VCS655,2023,27412.0,327329
327329,VCS656,2023,509817.0,327330
327333,VCS660,2023,19195.0,327334
327335,VCS662,2023,22312.0,327336
327351,VCS678,2023,19361.0,327352
327355,VCS682,2023,10485.0,327356
327358,VCS685,2023,285605.0,327359
327372,VCS699,2023,54882.0,327373
327374,VCS701,2023,20297.0,327375
327379,VCS706,2023,24802.0,327380
327385,VCS713,2023,46356.0,327386
327386,VCS714,2023,61359.0,327387
327387,VCS715,2023,170574.0,327388
327388,VCS716,2023,189541.0,327389
327389,VCS717,2023,359841.0,327390
327399,VCS727,2023,488016.0,327400
327405,VCS733,2023,55888.0,327406
327406,VCS734,2023,297283.0,327407
327412,VCS740,2023,124186.0,327413
327418,VCS747,2023,204917.0,327419
327423,VCS752,2023,256599.0,327424
327424,VCS753,2023,335015.0,327425
327427,VCS756,2023,126095.0,327428
327430,VCS759,2023,68781.0,327431
327432,VCS761,2023,240626.0,327433
327434,VCS763,2023,386560.0,327435
327435,VCS764,2023,226067.0,327436
327457,VCS786,2023,2294349.0,327458
327464,VCS793,2023,124815.0,327465
327469,VCS798,2023,156436.0,327470
327481,VCS810,2023,107852.0,327482
327484,VCS813,2023,349304.0,327485
327485,VCS814,2023,49711.0,327486
327486,VCS815,2023,70939.0,327487
327490,VCS819,2023,123843.0,327491
327503,VCS832,2023,4364504.0,327504
327504,VCS833,2023,112465.0,327505
327505,VCS834,2023,60801.0,327506
327511,VCS840,2023,22766.0,327512
327523,VCS852,2023,117566.0,327524
327539,VCS868,2023,1883326.0,327540
327543,VCS872,2023,85265.0,327544
327544,VCS873,2023,540349.0,327545
327554,VCS883,2023,3072994.0,327555
327555,VCS884,2023,2745232.0,327556
327558,VCS887,2023,39881.0,327559
327567,VCS896,2023,10084418.0,327568
327574,VCS903,2023,332993.0,327575
327576,VCS905,2023,263092.0,327577
327581,VCS910,2023,27815.0,327582
327585,VCS914,2023,12988.0,327586
327591,VCS920,2023,406114.0,327592
327599,VCS928,2023,66950.0,327600
327631,VCS960,2023,3188691.0,327632
327632,VCS961,2023,613339.0,327633
327644,VCS973,2023,291896.0,327645
327645,VCS974,2023,67348.0,327646
327656,VCS985,2023,11371671.0,327657
327657,VCS986,2023,83484.0,327658
327672,VCS1001,2023,121378.0,327673
327685,VCS1015,2023,78003.0,327686
327690,VCS1020,2023,25941.0,327691
327696,VCS1026,2023,5066.0,327697
327709,VCS1039,2023,573751.0,327710
327712,VCS1042,2023,345162.0,327713
327713,VCS1043,2023,308513.0,327714
327715,VCS1045,2023,39158.0,327716
327720,VCS1050,2023,51948.0,327721
327721,VCS1051,2023,91909.0,327722
327730,VCS1060,2023,31464.0,327731
327736,VCS1066,2023,96676.0,327737
327751,VCS1081,2023,77663.0,327752
327761,VCS1091,2023,60558.0,327762
327770,VCS1100,2023,1460318.0,327771
327779,VCS1109,2023,69976.0,327780
327782,VCS1112,2023,566950.0,327783
327792,VCS1122,2023,1561576.0,327793
327798,VCS1128,2023,132371.0,327799
327816,VCS1146,2023,3172115.0,327817
327853,VCS1184,2023,101864.0,327854
327860,VCS1191,2023,57057.0,327861
327862,VCS1193,2023,7667.0,327863
327865,VCS1196,2023,131134.0,327866
327870,VCS1201,2023,1307548.0,327871
327871,VCS1202,2023,260011.0,327872
327876,VCS1207,2023,1118.0,327877
327879,VCS1210,2023,80918.0,327880
327883,VCS1214,2023,3555.0,327884
327885,VCS1216,2023,103650.0,327886
327907,VCS1238,2023,43898.0,327908
327911,VCS1242,2023,152960.0,327912
327923,VCS1254,2023,34328.0,327924
327958,VCS1289,2023,64338.0,327959
327968,VCS1300,2023,39543.0,327969
327969,VCS1301,2023,68535.0,327970
327976,VCS1308,2023,483557.0,327977
327983,VCS1315,2023,86509.0,327984
327994,VCS1326,2023,1551113.0,327995
327998,VCS1330,2023,48647.0,327999
328022,VCS1354,2023,59965.0,328023
328023,VCS1355,2023,2939.0,328024
328035,VCS1367,2023,35122.0,328036
328045,VCS1377,2023,14587.0,328046
328048,VCS1380,2023,37884.0,328049
328053,VCS1385,2023,2247.0,328054
328054,VCS1386,2023,52116.0,328055
328072,VCS1404,2023,79328.0,328073
328074,VCS1406,2023,147771.0,328075
328076,VCS1408,2023,770389.0,328077
328077,VCS1409,2023,27855.0,328078
328084,VCS1416,2023,226463.0,328085
328086,VCS1418,2023,30416.0,328087
328111,VCS1444,2023,124446.0,328112
328120,VCS1453,2023,101965.0,328121
328129,VCS1463,2023,359796.0,328130
328138,VCS1473,2023,39577.0,328139
328145,VCS1482,2023,130914.0,328146
328146,VCS1483,2023,62637.0,328147
328158,VCS1497,2023,333062.0,328159
328161,VCS1500,2023,65074.0,328162
328182,VCS1522,2023,704667.0,328183
328183,VCS1523,2023,75646.0,328184
328189,VCS1529,2023,205470.0,328190
328198,VCS1539,2023,144862.0,328199
328199,VCS1541,2023,884883.0,328200
328201,VCS1543,2023,531393.0,328202
328216,VCS1560,2023,498683.0,328217
328226,VCS1571,2023,511702.0,328227
328227,VCS1572,2023,434291.0,328228
328232,VCS1580,2023,189602.0,328233
328233,VCS1582,2023,271146.0,328234
328238,VCS1622,2023,729916.0,328239
328242,VCS1644,2023,217377.0,328243
328243,VCS1650,2023,4306110.0,328244
328246,VCS1654,2023,155433.0,328247
328256,VCS1665,2023,13806.0,328257
328261,VCS1671,2023,94949.0,328262
328272,VCS1682,2023,40623.0,328273
328283,VCS1695,2023,5276.0,328284
328295,VCS1709,2023,340149.0,328296
328298,VCS1715,2023,206076.0,328299
328299,VCS1716,2023,43147.0,328300
328302,VCS1720,2023,73149.0,328303
328303,VCS1721,2023,90392.0,328304
328304,VCS1723,2023,130062.0,328305
328306,VCS1728,2023,43848.0,328307
328309,VCS1732,2023,109358.0,328310
328310,VCS1733,2023,70358.0,328311
328311,VCS1734,2023,36513.0,328312
328318,VCS1742,2023,3032920.0,328319
328321,VCS1745,2023,112818.0,328322
328323,VCS1748,2023,3841272.0,328324
328332,VCS1762,2023,103405.0,328333
328333,VCS1764,2023,45771.0,328334
328336,VCS1767,2023,215993.0,328337
328339,VCS1770,2023,290199.0,328340
328342,VCS1774,2023,28130.0,328343
328344,VCS1776,2023,71325.0,328345
328356,VCS1792,2023,1380180.0,328357
328358,VCS1794,2023,21117.0,328359
328360,VCS1797,2023,87705.0,328361
328363,VCS1800,2023,32128.0,328364
328365,VCS1803,2023,35805.0,328366
328366,VCS1804,2023,184142.0,328367
328367,VCS1805,2023,1788472.0,328368
328373,VCS1812,2023,459705.0,328374
328381,VCS1822,2023,27140.0,328382
328389,VCS1830,2023,21864.0,328390
328390,VCS1831,2023,41673.0,328391
328408,VCS1851,2023,1731715.0,328409
328410,VCS1853,2023,10312.0,328411
328423,VCS1867,2023,520240.0,328424
328438,VCS1885,2023,24869.0,328439
328442,VCS1890,2023,391632.0,328443
328445,VCS1893,2023,112482.0,328446
328448,VCS1897,2023,365535.0,328449
328449,VCS1898,2023,148874.0,328450
328454,VCS1903,2023,450765.0,328455
328456,VCS1905,2023,194803.0,328457
328457,VCS1906,2023,201200.0,328458
328458,VCS1907,2023,573248.0,328459
328459,VCS1908,2023,271960.0,328460
328464,VCS1913,2023,8755.0,328465
328478,VCS1929,2023,2396.0,328479
328480,VCS1931,2023,686829.0,328481
328481,VCS1933,2023,53268.0,328482
328486,VCS1939,2023,240853.0,328487
328487,VCS1940,2023,242595.0,328488
328493,VCS1946,2023,81000.0,328494
328494,VCS1947,2023,186199.0,328495
328496,VCS1949,2023,251421.0,328497
328497,VCS1950,2023,409302.0,328498
328504,VCS1958,2023,139940.0,328505
328506,VCS1960,2023,56508.0,328507
328510,VCS1964,2023,125444.0,328511
328511,VCS1965,2023,62977.0,328512
328516,VCS1970,2023,18902.0,328517
328517,VCS1971,2023,23110.0,328518
328518,VCS1972,2023,57574.0,328519
328520,VCS1974,2023,52674.0,328521
328521,VCS1975,2023,101776.0,328522
328533,VCS1987,2023,824230.0,328534
328542,VCS1996,2023,91407.0,328543
328544,VCS1998,2023,160485.0,328545
328545,VCS1999,2023,197268.0,328546
328546,VCS2000,2023,210275.0,328547
328547,VCS2001,2023,193154.0,328548
328549,VCS2003,2023,113722.0,328550
328550,VCS2004,2023,556706.0,328551
328553,VCS2007,2023,110329.0,328554
328554,VCS2008,2023,47048.0,328555
328560,VCS2014,2023,31691.0,328561
328565,VCS2019,2023,326138.0,328566
328579,VCS2033,2023,8652.0,328580
328588,VCS2042,2023,364385.0,328589
328598,VCS2052,2023,196036.0,328599
328603,VCS2057,2023,51541.0,328604
328604,VCS2058,2023,50186.0,328605
328605,VCS2059,2023,284488.0,328606
328606,VCS2060,2023,15525.0,328607
328615,VCS2069,2023,544539.0,328616
328616,VCS2070,2023,525714.0,328617
328618,VCS2072,2023,2994.0,328619
328626,VCS2083,2023,277586.0,328627
328662,VCS2259,2023,39174.0,328663
328667,VCS2278,2023,3002760.0,328668
328676,VCS2299,2023,166331.0,328677
328680,VCS2303,2023,18281.0,328681
328685,VCS2308,2023,63135.0,328686
328686,VCS2309,2023,29263.0,328687
328696,VCS2319,2023,5770.0,328697
328702,VCS2326,2023,496532.0,328703
328703,VCS2327,2023,545081.0,328704
328709,VCS2335,2023,101816.0,328710
328710,VCS2336,2023,71360.0,328711
328714,VCS2340,2023,514056.0,328715
328715,VCS2341,2023,883142.0,328716
328716,VCS2342,2023,915838.0,328717
328720,VCS2347,2023,412136.0,328721
328722,VCS2349,2023,202437.0,328723
328723,VCS2350,2023,31545.0,328724
328724,VCS2351,2023,192559.0,328725
328725,VCS2352,2023,153003.0,328726
328726,VCS2353,2023,255258.0,328727
328727,VCS2354,2023,54611.0,328728
328728,VCS2355,2023,212590.0,328729
328730,VCS2357,2023,26404.0,328731
328731,VCS2358,2023,265484.0,328732
328737,VCS2365,2023,15912.0,328738
328738,VCS2366,2023,962349.0,328739
328739,VCS2367,2023,134440.0,328740
328740,VCS2369,2023,1457.0,328741
328742,VCS2371,2023,857565.0,328743
328743,VCS2372,2023,4078198.0,328744
328749,VCS2378,2023,168887.0,328750
328755,VCS2384,2023,180075.0,328756
328761,VCS2390,2023,11058.0,328762
328773,VCS2402,2023,598129.0,328774
328780,VCS2409,2023,146182.0,328781
328783,VCS2412,2023,12685.0,328784
328785,VCS2414,2023,49291.0,328786
328787,VCS2416,2023,12931.0,328788
328792,VCS2422,2023,60955.0,328793
328793,VCS2423,2023,59385.0,328794
328794,VCS2424,2023,60724.0,328795
328798,VCS2428,2023,61559.0,328799
328799,VCS2429,2023,58532.0,328800
328804,VCS2434,2023,28066.0,328805
328805,VCS2435,2023,56705.0,328806
328809,VCS2439,2023,61178.0,328810
328810,VCS2440,2023,61485.0,328811
328814,VCS2444,2023,60070.0,328815
328818,VCS2448,2023,60086.0,328819
328822,VCS2452,2023,70640.0,328823
328823,VCS2455,2023,33750.0,328824
328824,VCS2457,2023,168812.0,328825
328830,VCS2464,2023,327282.0,328831
328831,VCS2465,2023,316781.0,328832
328834,VCS2468,2023,235966.0,328835
328835,VCS2469,2023,25559.0,328836
328838,VCS2473,2023,85953.0,328839
328844,VCS2479,2023,3766.0,328845
328845,VCS2481,2023,51317.0,328846
328862,VCS2499,2023,88573.0,328863
328866,VCS2503,2023,76219.0,328867
328868,VCS2505,2023,918187.0,328869
328871,VCS2508,2023,580101.0,328872
328873,VCS2510,2023,496335.0,328874
328878,VCS2516,2023,47869.0,328879
328883,VCS2521,2023,94224.0,328884
328884,VCS2522,2023,61162.0,328885
328885,VCS2523,2023,44863.0,328886
328886,VCS2525,2023,35998.0,328887
328892,VCS2532,2023,358094.0,328893
328893,VCS2533,2023,338883.0,328894
328895,VCS2535,2023,20692.0,328896
328897,VCS2537,2023,23611.0,328898
328898,VCS2538,2023,290700.0,328899
328910,VCS2556,2023,119900.0,328911
328911,VCS2557,2023,95318.0,328912
328912,VCS2558,2023,421510.0,328913
328916,VCS2566,2023,235181.0,328917
328924,VCS2576,2023,439473.0,328925
328927,VCS2581,2023,634093.0,328928
328928,VCS2582,2023,27263.0,328929
328933,VCS2588,2023,226249.0,328934
328936,VCS2592,2023,50600.0,328937
328948,VCS2605,2023,2445711.0,328949
328949,VCS2606,2023,357652.0,328950
328951,VCS2608,2023,121546.0,328952
328954,VCS2611,2023,862222.0,328955
328957,VCS2614,2023,136052.0,328958
328959,VCS2616,2023,263695.0,328960
328977,VCS2636,2023,189900.0,328978
328984,VCS2649,2023,1481.0,328985
328987,VCS2652,2023,47976.0,328988
328991,VCS2657,2023,982595.0,328992
328993,VCS2659,2023,700821.0,328994
328997,VCS2664,2023,215035.0,328998
329007,VCS2676,2023,1193.0,329008
329010,VCS2679,2023,158009.0,329011
329011,VCS2680,2023,224201.0,329012
329021,VCS2691,2023,934106.0,329022
329022,VCS2692,2023,590596.0,329023
329025,VCS2695,2023,391939.0,329026
329026,VCS2696,2023,167962.0,329027
329030,VCS2700,2023,538063.0,329031
329031,VCS2701,2023,40104.0,329032
329037,VCS2707,2023,30628.0,329038
329038,VCS2708,2023,237.0,329039
329041,VCS2711,2023,707458.0,329042
329042,VCS2712,2023,1935244.0,329043
329051,VCS2723,2023,253838.0,329052
329056,VCS2728,2023,118926.0,329057
329073,VCS2745,2023,61108.0,329074
329076,VCS2749,2023,2408517.0,329077
329081,VCS2754,2023,35820.0,329082
329093,VCS2767,2023,248606.0,329094
329094,VCS2768,2023,498240.0,329095
329095,VCS2769,2023,60000.0,329096
329097,VCS2771,2023,240000.0,329098
329155,VCS2833,2023,22708.0,329156
329157,VCS2835,2023,110457.0,329158
329158,VCS2836,2023,188724.0,329159
329159,VCS2837,2023,148258.0,329160
329160,VCS2838,2023,44951.0,329161
329161,VCS2839,2023,19578.0,329162
329170,VCS2848,2023,92691.0,329171
329174,VCS2852,2023,678291.0,329175
329188,VCS2866,2023,81329.0,329189
329201,VCS2879,2023,60125.0,329202
329202,VCS2880,2023,20326.0,329203
329210,VCS2888,2023,49437.0,329211
329212,VCS2890,2023,197050.0,329213
329218,VCS2897,2023,177835.0,329219
329228,VCS2910,2023,60000.0,329229
329229,VCS2911,2023,60000.0,329230
329230,VCS2912,2023,60000.0,329231
329235,VCS2917,2023,60000.0,329236
329240,VCS2923,2023,1020903.0,329241
329254,VCS2938,2023,110002.0,329255
329255,VCS2939,2023,62977.0,329256
329267,VCS2951,2023,308498.0,329268
329290,VCS2981,2023,55645.0,329291
329291,VCS2982,2023,157.0,329292
329299,VCS2992,2023,703.0,329300
329304,VCS2998,2023,55246.0,329305
329311,VCS3005,2023,219206.0,329312
329312,VCS3006,2023,7149.0,329313
329316,VCS3010,2023,403869.0,329317
329324,VCS3018,2023,1394513.0,329325
329326,VCS3020,2023,112638.0,329327
329330,VCS3025,2023,161533.0,329331
329347,VCS3047,2023,103818.0,329348
329355,VCS3056,2023,55244.0,329356
329358,VCS3059,2023,23890.0,329359
329361,VCS3063,2023,95492.0,329362
329396,VCS3099,2023,33223.0,329397
329424,VCS3128,2023,133676.0,329425
329448,VCS3154,2023,61753.0,329449
329455,VCS3161,2023,72867.0,329456
329499,VCS3207,2023,36270.0,329500
329536,VCS3245,2023,52014.0,329537
329551,VCS3262,2023,100959.0,329552
329585,VCS3298,2023,70969.0,329586
329634,VCS3350,2023,279168.0,329635
329654,VCS3371,2023,63908.0,329655
329673,VCS3393,2023,38091.0,329674
329806,VCS3545,2023,99987.0,329807
329859,VCS3603,2023,94109.0,329860
329868,VCS3613,2023,6550.0,329869
329900,VCS3649,2023,115878.0,329901
329907,VCS3657,2023,65.0,329908
329912,VCS3662,2023,57284.0,329913
329936,VCS3688,2023,84886.0,329937
329944,VCS3696,2023,124945.0,329945
330009,VCS3767,2023,11471.0,330010
330010,VCS3769,2023,47369.0,330011
330029,VCS3788,2023,4702.0,330030
330045,VCS3814,2023,1864.0,330046
330051,VCS3820,2023,19932.0,330052
330112,VCS3889,2023,30821.0,330113
330120,VCS3898,2023,432737.0,330121
330123,VCS3901,2023,104950.0,330124
330350,VCS4157,2023,129583.0,330351
330791,VCS4657,2023,48426.0,330792
331978,ACR0114,2024,1521929.0,331979
332041,ACR0182,2024,8299.0,332042
332056,ACR0200,2024,8940.0,332057
332065,ACR0210,2024,135088.0,332066
332066,ACR0211,2024,109503.0,332067
332090,ACR0242,2024,32529.0,332091
332104,ACR0256,2024,8556.0,332105
332107,ACR0259,2024,12401.0,332108
332110,ACR0262,2024,248581.0,332111
332114,ACR0266,2024,19056.0,332115
332115,ACR0267,2024,247107.0,332116
332122,ACR0274,2024,119544.0,332123
332130,ACR0282,2024,93564.0,332131
332132,ACR0284,2024,9284.0,332133
332159,ACR0313,2024,19520.0,332160
332186,ACR0367,2024,54293.0,332187
332197,ACR0378,2024,5391.0,332198
332200,ACR0382,2024,57748.0,332201
332205,ACR0388,2024,170540.0,332206
332217,ACR0403,2024,13140.0,332218
332220,ACR0407,2024,237504.0,332221
332223,ACR0411,2024,65753.0,332224
332245,ACR0437,2024,1458502.0,332246
332247,ACR0439,2024,60360.0,332248
332275,ACR0470,2024,6917.0,332276
332294,ACR0493,2024,89244.0,332295
332304,ACR0505,2024,25033.0,332305
332307,ACR0508,2024,78571.0,332308
332308,ACR0509,2024,108142.0,332309
332314,ACR0518,2024,75092.0,332315
332315,ACR0519,2024,58623.0,332316
332328,ACR0534,2024,100130.0,332329
332335,ACR0542,2024,42947.0,332336
332337,ACR0544,2024,56919.0,332338
332339,ACR0546,2024,43527.0,332340
332351,ACR0558,2024,26912.0,332352
332352,ACR0560,2024,236589.0,332353
332354,ACR0562,2024,27606.0,332355
332358,ACR0569,2024,50941.0,332359
332361,ACR0572,2024,30181.0,332362
332363,ACR0574,2024,45525.0,332364
332366,ACR0578,2024,68914.0,332367
332380,ACR0592,2024,359215.0,332381
332381,ACR0593,2024,13640.0,332382
332382,ACR0594,2024,2019.0,332383
332383,ACR0595,2024,242241.0,332384
332384,ACR0596,2024,485455.0,332385
332394,ACR0607,2024,51262.0,332395
332396,ACR0609,2024,54435.0,332397
332397,ACR0610,2024,31288.0,332398
332399,ACR0613,2024,247819.0,332400
332400,ACR0614,2024,192845.0,332401
332402,ACR0616,2024,47307.0,332403
332404,ACR0618,2024,564652.0,332405
332413,ACR0628,2024,78537.0,332414
332415,ACR0630,2024,44401.0,332416
332417,ACR0632,2024,48175.0,332418
332428,ACR0644,2024,97223.0,332429
332434,ACR0650,2024,35259.0,332435
332435,ACR0651,2024,17950.0,332436
332440,ACR0657,2024,1592111.0,332441
332442,ACR0659,2024,395375.0,332443
332444,ACR0661,2024,1396648.0,332445
332445,ACR0662,2024,1944806.0,332446
332450,ACR0668,2024,30260.0,332451
332451,ACR0669,2024,49560.0,332452
332456,ACR0674,2024,32075.0,332457
332457,ACR0675,2024,66930.0,332458
332462,ACR0680,2024,544244.0,332463
332465,ACR0683,2024,53723.0,332466
332467,ACR0685,2024,435200.0,332468
332470,ACR0690,2024,260638.0,332471
332474,ACR0694,2024,10202.0,332475
332475,ACR0695,2024,14186.0,332476
332478,ACR0701,2024,747430.0,332479
332481,ACR0705,2024,267373.0,332482
332487,ACR0716,2024,175467.0,332488
332490,ACR0721,2024,50245.0,332491
332491,ACR0722,2024,28666.0,332492
332495,ACR0731,2024,58991.0,332496
332496,ACR0732,2024,62726.0,332497
332497,ACR0733,2024,119311.0,332498
332498,ACR0734,2024,55428.0,332499
332499,ACR0735,2024,52369.0,332500
332507,ACR0743,2024,8807.0,332508
332512,ACR0751,2024,372735.0,332513
332513,ACR0752,2024,39057.0,332514
332514,ACR0753,2024,6748.0,332515
332528,ACR0771,2024,53297.0,332529
332537,ACR0781,2024,315158.0,332538
332538,ACR0782,2024,378622.0,332539
332539,ACR0783,2024,597902.0,332540
332540,ACR0785,2024,115742.0,332541
332541,ACR0786,2024,106246.0,332542
332542,ACR0790,2024,92190.0,332543
332551,ACR0800,2024,20777.0,332552
332557,ACR0806,2024,57293.0,332558
332558,ACR0807,2024,120166.0,332559
332559,ACR0808,2024,112376.0,332560
332562,ACR0811,2024,134887.0,332563
332563,ACR0812,2024,2956.0,332564
332568,ACR0817,2024,169066.0,332569
332578,ACR0828,2024,121574.0,332579
332579,ACR0829,2024,134047.0,332580
332589,ACR0840,2024,331994.0,332590
332590,ACR0841,2024,179435.0,332591
332591,ACR0842,2024,72468.0,332592
332594,ACR0845,2024,68393.0,332595
332597,ACR0848,2024,400213.0,332598
332599,ACR0850,2024,116527.0,332600
332600,ACR0851,2024,741450.0,332601
332601,ACR0852,2024,299809.0,332602
332612,ACR0865,2024,742967.0,332613
332613,ACR0866,2024,680517.0,332614
332618,ACR0873,2024,158548.0,332619
332623,ACR0878,2024,6733.0,332624
332624,ACR0879,2024,145576.0,332625
332628,ACR0883,2024,20928.0,332629
332633,ACR0888,2024,200500.0,332634
332634,ACR0889,2024,71037.0,332635
332635,ACR0890,2024,80782.0,332636
332638,ACR0893,2024,40402.0,332639
332640,ACR0895,2024,39414.0,332641
332643,ACR0899,2024,52625.0,332644
332651,ACR0908,2024,264861.0,332652
332654,ACR0911,2024,23653.0,332655
332658,ACR0915,2024,813632.0,332659
332659,ACR0917,2024,14106.0,332660
332660,ACR0918,2024,61130.0,332661
332664,ACR0922,2024,776865.0,332665
332665,ACR0923,2024,228572.0,332666
332668,ACR0926,2024,230064.0,332669
332669,ACR0927,2024,71852.0,332670
332670,ACR0928,2024,1974.0,332671
332674,ACR0933,2024,21498.0,332675
332676,ACR0935,2024,867204.0,332677
332677,ACR0936,2024,27780.0,332678
332678,ACR0937,2024,157691.0,332679
332682,ACR0941,2024,70323.0,332683
332684,ACR0945,2024,205798.0,332685
332685,ACR0947,2024,29969.0,332686
332687,ACR0949,2024,32691.0,332688
332688,ACR0952,2024,15171.0,332689
332689,ACR0953,2024,9507.0,332690
332699,ACR0966,2024,1891423.0,332700
332703,ACR0973,2024,1538940.0,332704
332704,ACR0974,2024,932934.0,332705
332705,ACR0975,2024,2047598.0,332706
332706,ACR0976,2024,1304139.0,332707
332707,ACR0977,2024,131409.0,332708
332709,ACR0979,2024,74143.0,332710
332717,ACR0992,2024,1198824.0,332718
332718,ACR0993,2024,144031.0,332719
332730,ACR1005,2024,30694.0,332731
332732,ACR1007,2024,79565.0,332733
332733,ACR1008,2024,26766.0,332734
332738,ACR1013,2024,92445.0,332739
332739,ACR1014,2024,121144.0,332740
332743,ACR1020,2024,83176.0,332744
332744,ACR1021,2024,454639.0,332745
332745,ACR1022,2024,78611.0,332746
332757,ACR1034,2024,29119.0,332758
332759,ACR1036,2024,43156.0,332760
332761,ACR1039,2024,46631.0,332762
332762,ACR1040,2024,130298.0,332763
332763,ACR1041,2024,30485.0,332764
332764,ACR1042,2024,92278.0,332765
332766,ACR1045,2024,25510.0,332767
332768,ACR1047,2024,117659.0,332769
332771,ACR1050,2024,42686.0,332772
332779,ACR1060,2024,179549.0,332780
332785,ACR1067,2024,63169.0,332786
332967,ART0102,2024,7144362.0,332968
332989,ART0126,2024,100000.0,332990
333001,CAR398,2024,208691.0,333002
333003,CAR400,2024,260983.0,333004
333005,CAR403,2024,77401.0,333006
333006,CAR406,2024,37920.0,333007
333014,CAR422,2024,54319.0,333015
333023,CAR436,2024,72019.0,333024
333028,CAR443,2024,141090.0,333029
333029,CAR444,2024,128081.0,333030
333045,CAR466,2024,86951.0,333046
333050,CAR473,2024,152968.0,333051
333052,CAR475,2024,104701.0,333053
333067,CAR491,2024,117757.0,333068
333068,CAR495,2024,33881.0,333069
333079,CAR509,2024,16092.0,333080
333080,CAR512,2024,90076.0,333081
333082,CAR514,2024,50977.0,333083
333083,CAR515,2024,38719.0,333084
333084,CAR516,2024,47930.0,333085
333085,CAR517,2024,201088.0,333086
333086,CAR521,2024,84189.0,333087
333087,CAR522,2024,42225.0,333088
333088,CAR531,2024,30722.0,333089
333098,CAR560,2024,149542.0,333099
333100,CAR574,2024,6919.0,333101
333110,CAR592,2024,75919.0,333111
333129,CAR635,2024,132207.0,333130
333130,CAR639,2024,500129.0,333131
333138,CAR659,2024,25738.0,333139
333142,CAR674,2024,244898.0,333143
333145,CAR683,2024,11790.0,333146
333147,CAR688,2024,12419.0,333148
333171,CAR790,2024,88133.0,333172
333183,CAR811,2024,266323.0,333184
333192,CAR825,2024,15266.0,333193
333194,CAR829,2024,10019.0,333195
333204,CAR844,2024,24645.0,333205
333206,CAR866,2024,43433.0,333207
333209,CAR880,2024,23371.0,333210
333210,CAR881,2024,24896.0,333211
333214,CAR887,2024,16160.0,333215
333215,CAR888,2024,30894.0,333216
333222,CAR911,2024,24038.0,333223
333223,CAR917,2024,7474.0,333224
333242,CAR969,2024,54037.0,333243
333252,CAR988,2024,5976.0,333253
333259,CAR996,2024,15312.0,333260
333269,CAR1008,2024,33085.0,333270
333285,CAR1027,2024,113935.0,333286
333288,CAR1032,2024,26462.0,333289
333299,CAR1050,2024,40063.0,333300
333338,CAR1096,2024,21388.0,333339
333340,CAR1098,2024,110724.0,333341
333341,CAR1099,2024,128810.0,333342
333342,CAR1100,2024,72380.0,333343
333347,CAR1105,2024,329027.0,333348
333350,CAR1109,2024,18795.0,333351
333378,CAR1138,2024,41616.0,333379
333379,CAR1139,2024,105634.0,333380
333380,CAR1140,2024,411345.0,333381
333381,CAR1141,2024,13123.0,333382
333385,CAR1145,2024,13075.0,333386
333389,CAR1152,2024,13790.0,333390
333398,CAR1161,2024,4978.0,333399
333399,CAR1162,2024,6794.0,333400
333411,CAR1175,2024,-9106.0,333412
333442,CAR1208,2024,43121.0,333443
333460,CAR1237,2024,1776.0,333461
333461,CAR1238,2024,6012.0,333462
333469,CAR1246,2024,7859.0,333470
333482,CAR1261,2024,8887.0,333483
333518,CAR1299,2024,2349.0,333519
333532,CAR1315,2024,60528.0,333533
333533,CAR1316,2024,49334.0,333534
333534,CAR1317,2024,59151.0,333535
333537,CAR1321,2024,9059.0,333538
333539,CAR1324,2024,3209.0,333540
333543,CAR1328,2024,694.0,333544
333545,CAR1330,2024,3947.0,333546
333547,CAR1332,2024,976.0,333548
333550,CAR1335,2024,332032.0,333551
333552,CAR1337,2024,13335.0,333553
333553,CAR1339,2024,273527.0,333554
333554,CAR1340,2024,16311.0,333555
333580,CAR1372,2024,97786.0,333581
333590,CAR1382,2024,162370.0,333591
333591,CAR1384,2024,432232.0,333592
333601,CAR1398,2024,11702.0,333602
333610,CAR1408,2024,601493.0,333611
333618,CAR1425,2024,4241.0,333619
333625,CAR1436,2024,12596.0,333626
333630,CAR1442,2024,221430.0,333631
333645,CAR1459,2024,137183.0,333646
333658,CAR1480,2024,6656477.0,333659
333670,CAR1494,2024,59340.0,333671
333671,CAR1495,2024,76226.0,333672
333672,CAR1496,2024,41770.0,333673
333673,CAR1497,2024,119645.0,333674
333677,CAR1505,2024,2969.0,333678
333678,CAR1506,2024,1300.0,333679
333679,CAR1507,2024,21413.0,333680
333684,CAR1513,2024,37615.0,333685
333685,CAR1514,2024,45662.0,333686
333699,CAR1535,2024,252.0,333700
333700,CAR1536,2024,383.0,333701
333701,CAR1537,2024,2587.0,333702
333702,CAR1538,2024,201.0,333703
333703,CAR1539,2024,541.0,333704
333704,CAR1540,2024,82.0,333705
333717,CAR1554,2024,396414.0,333718
333723,CAR1562,2024,21786.0,333724
333726,CAR1566,2024,119885.0,333727
333728,CAR1568,2024,81477.0,333729
333738,CAR1579,2024,248672.0,333739
333739,CAR1580,2024,8992.0,333740
333741,CAR1584,2024,221087.0,333742
333742,CAR1585,2024,52814.0,333743
333750,CAR1594,2024,112836.0,333751
333751,CAR1595,2024,33340.0,333752
333752,CAR1596,2024,19770.0,333753
333753,CAR1597,2024,5357.0,333754
333760,CAR1606,2024,13051.0,333761
333761,CAR1607,2024,11110.0,333762
333762,CAR1608,2024,12765.0,333763
333765,CAR1611,2024,13998.0,333766
333766,CAR1612,2024,15767.0,333767
333767,CAR1613,2024,14278.0,333768
333774,CAR1620,2024,1917.0,333775
333775,CAR1621,2024,10343.0,333776
333776,CAR1622,2024,27585.0,333777
333777,CAR1623,2024,24520.0,333778
333778,CAR1624,2024,122755.0,333779
333781,CAR1627,2024,14346.0,333782
333796,CAR1649,2024,7610.0,333797
333797,CAR1650,2024,3146.0,333798
333799,CAR1652,2024,7857.0,333800
333803,CAR1657,2024,18288.0,333804
333804,CAR1658,2024,47677.0,333805
333805,CAR1659,2024,25049.0,333806
333806,CAR1660,2024,66356.0,333807
333807,CAR1661,2024,23717.0,333808
333809,CAR1663,2024,248321.0,333810
333810,CAR1664,2024,24761.0,333811
333815,CAR1674,2024,864873.0,333816
333816,CAR1675,2024,20145.0,333817
333827,CAR1693,2024,3888.0,333828
333828,CAR1694,2024,4993.0,333829
333829,CAR1696,2024,216607.0,333830
333830,CAR1704,2024,46787.0,333831
333848,CAR1729,2024,10264.0,333849
333849,CAR1731,2024,6356.0,333850
333851,CAR1735,2024,23259.0,333852
333852,CAR1736,2024,4555.0,333853
333853,CAR1737,2024,4273.0,333854
333854,CAR1739,2024,113128.0,333855
333857,CAR1744,2024,24347.0,333858
333858,CAR1745,2024,16498.0,333859
333859,CAR1746,2024,14939.0,333860
333860,CAR1747,2024,19894.0,333861
333861,CAR1748,2024,16494.0,333862
333862,CAR1749,2024,9493.0,333863
333863,CAR1767,2024,7946.0,333864
333881,CAR1790,2024,5678.0,333882
333891,CAR1804,2024,45007.0,333892
333901,CAR1818,2024,23996.0,333902
333903,CAR1820,2024,81113.0,333904
333911,CAR1829,2024,285355.0,333912
333918,CAR1843,2024,47541.0,333919
333920,CAR1847,2024,44572.0,333921
333930,CAR1858,2024,27225.0,333931
333931,CAR1859,2024,128110.0,333932
333932,CAR1860,2024,45265.0,333933
333935,CAR1863,2024,387898.0,333936
333936,CAR1864,2024,353872.0,333937
333937,CAR1865,2024,387655.0,333938
333984,CAR1941,2024,210227.0,333985
333989,CAR1946,2024,119285.0,333990
333990,CAR1948,2024,72053.0,333991
333993,CAR1951,2024,9751.0,333994
334080,CAR2057,2024,67365.0,334081
334284,GS347,2024,44164.0,334285
334289,GS367,2024,330845.0,334290
334290,GS368,2024,56083.0,334291
334295,GS388,2024,51119.0,334296
334296,GS390,2024,161647.0,334297
334299,GS397,2024,102705.0,334300
334301,GS399,2024,32727.0,334302
334304,GS407,2024,1224974.0,334305
334313,GS423,2024,2629.0,334314
334315,GS436,2024,94543.0,334316
334316,GS437,2024,138799.0,334317
334317,GS438,2024,134348.0,334318
334322,GS447,2024,1081324.0,334323
334330,GS464,2024,507963.0,334331
334358,GS566,2024,43735.0,334359
334359,GS567,2024,36689.0,334360
334362,GS574,2024,27088.0,334363
334364,GS576,2024,63654.0,334365
334365,GS577,2024,63683.0,334366
334367,GS579,2024,61051.0,334368
334368,GS580,2024,63603.0,334369
334371,GS601,2024,36115.0,334372
334401,GS655,2024,183704.0,334402
334407,GS670,2024,59453.0,334408
334409,GS672,2024,163232.0,334410
334413,GS685,2024,84270.0,334414
334421,GS707,2024,2013037.0,334422
334429,GS726,2024,27075.0,334430
334433,GS735,2024,181325.0,334434
334436,GS744,2024,235738.0,334437
334440,GS749,2024,6884.0,334441
334442,GS751,2024,51739.0,334443
334449,GS769,2024,253599.0,334450
334483,GS835,2024,18213.0,334484
334512,GS879,2024,289372.0,334513
334522,GS905,2024,272893.0,334523
334523,GS906,2024,141189.0,334524
334543,GS947,2024,85883.0,334544
334552,GS963,2024,107570.0,334553
334563,GS980,2024,9077.0,334564
334573,GS997,2024,11961.0,334574
334583,GS1014,2024,20881.0,334584
334584,GS1015,2024,49094.0,334585
334586,GS1017,2024,127429.0,334587
334587,GS1018,2024,107266.0,334588
334588,GS1020,2024,101103.0,334589
334589,GS1021,2024,33752.0,334590
334610,GS1044,2024,74027.0,334611
334614,GS1049,2024,120135.0,334615
334620,GS1060,2024,38446.0,334621
334628,GS1072,2024,91871.0,334629
334630,GS1074,2024,18433.0,334631
334642,GS1094,2024,7927.0,334643
334643,GS1095,2024,8425.0,334644
334644,GS1096,2024,8470.0,334645
334645,GS1097,2024,9531.0,334646
334655,GS1109,2024,238276.0,334656
334659,GS1117,2024,60415.0,334660
334664,GS1128,2024,78156.0,334665
334665,GS1134,2024,161737.0,334666
334666,GS1138,2024,231068.0,334667
334676,GS1162,2024,2335.0,334677
334684,GS1174,2024,50568.0,334685
334686,GS1178,2024,65366.0,334687
334713,GS1223,2024,64093.0,334714
334748,GS1294,2024,8655.0,334749
334750,GS1296,2024,10000.0,334751
334771,GS1321,2024,237168.0,334772
334772,GS1322,2024,226894.0,334773
334779,GS1332,2024,15007.0,334780
334790,GS1347,2024,147515.0,334791
334794,GS1352,2024,7118.0,334795
334795,GS1353,2024,5637.0,334796
334800,GS1363,2024,59332.0,334801
334801,GS1364,2024,77121.0,334802
334805,GS1368,2024,391785.0,334806
334813,GS1378,2024,77921.0,334814
334821,GS1588,2024,122397.0,334822
334828,GS1695,2024,8420.0,334829
334829,GS1696,2024,8420.0,334830
334830,GS1697,2024,8420.0,334831
334831,GS1698,2024,8420.0,334832
334832,GS1699,2024,8420.0,334833
334833,GS1700,2024,8420.0,334834
334834,GS1701,2024,8420.0,334835
334835,GS1702,2024,8420.0,334836
334836,GS1703,2024,8420.0,334837
334837,GS1704,2024,8420.0,334838
334838,GS1705,2024,8420.0,334839
334839,GS1706,2024,8420.0,334840
334840,GS1707,2024,8420.0,334841
334841,GS1708,2024,8420.0,334842
334842,GS1709,2024,8420.0,334843
334843,GS1710,2024,8420.0,334844
334844,GS1711,2024,8420.0,334845
334845,GS1712,2024,8420.0,334846
334846,GS1713,2024,8420.0,334847
334847,GS1714,2024,8420.0,334848
334848,GS1715,2024,8420.0,334849
334849,GS1716,2024,8420.0,334850
334850,GS1717,2024,8420.0,334851
334851,GS1718,2024,8420.0,334852
334852,GS1719,2024,8420.0,334853
334853,GS1720,2024,8420.0,334854
334854,GS1721,2024,8420.0,334855
334855,GS1722,2024,8420.0,334856
334856,GS1723,2024,8420.0,334857
334857,GS1724,2024,8420.0,334858
334858,GS1725,2024,8420.0,334859
334859,GS1726,2024,8685.0,334860
334860,GS1727,2024,8685.0,334861
334861,GS1728,2024,8685.0,334862
334863,GS1730,2024,8685.0,334864
334864,GS1731,2024,8685.0,334865
334865,GS1732,2024,8685.0,334866
334866,GS1733,2024,8685.0,334867
334867,GS1734,2024,8420.0,334868
334868,GS1735,2024,8420.0,334869
334869,GS1736,2024,8420.0,334870
334870,GS1737,2024,8420.0,334871
334871,GS1738,2024,8685.0,334872
334872,GS1739,2024,8685.0,334873
334873,GS1740,2024,8685.0,334874
334874,GS1741,2024,8685.0,334875
334875,GS1742,2024,8685.0,334876
334876,GS1743,2024,8685.0,334877
334877,GS1744,2024,6497.0,334878
334878,GS1745,2024,8529.0,334879
334882,GS1890,2024,274970.0,334883
334889,GS2094,2024,1398226.0,334890
334900,GS2296,2024,572881.0,334901
334901,GS2297,2024,598678.0,334902
334936,GS2437,2024,10919.0,334937
334949,GS2456,2024,9936.0,334950
334954,GS2464,2024,62737.0,334955
334956,GS2468,2024,10931.0,334957
334959,GS2475,2024,118331.0,334960
334996,GS2525,2024,573279.0,334997
334998,GS2528,2024,20000.0,334999
335005,GS2540,2024,25076.0,335006
335008,GS2543,2024,104968.0,335009
335009,GS2544,2024,206596.0,335010
335010,GS2545,2024,187573.0,335011
335011,GS2546,2024,179502.0,335012
335019,GS2566,2024,8685.0,335020
335020,GS2567,2024,8420.0,335021
335021,GS2568,2024,8420.0,335022
335022,GS2569,2024,8420.0,335023
335023,GS2570,2024,8420.0,335024
335024,GS2571,2024,8420.0,335025
335025,GS2572,2024,8420.0,335026
335026,GS2573,2024,8420.0,335027
335027,GS2574,2024,8420.0,335028
335028,GS2575,2024,8420.0,335029
335029,GS2576,2024,8685.0,335030
335030,GS2577,2024,8685.0,335031
335031,GS2578,2024,8420.0,335032
335032,GS2579,2024,8420.0,335033
335033,GS2580,2024,8402.0,335034
335034,GS2581,2024,8420.0,335035
335035,GS2582,2024,8542.0,335036
335036,GS2583,2024,8446.0,335037
335037,GS2584,2024,8564.0,335038
335038,GS2585,2024,6323.0,335039
335066,GS2682,2024,287824.0,335067
335068,GS2684,2024,45646.0,335069
335075,GS2691,2024,142868.0,335076
335079,GS2707,2024,50457.0,335080
335088,GS2735,2024,51409.0,335089
335108,GS2898,2024,329775.0,335109
335112,GS2940,2024,386028.0,335113
335119,GS3015,2024,105947.0,335120
335123,GS3024,2024,10000.0,335124
335131,GS3041,2024,174639.0,335132
335133,GS3072,2024,124273.0,335134
335139,GS3105,2024,10000.0,335140
335140,GS3106,2024,10000.0,335141
335141,GS3107,2024,9232.0,335142
335142,GS3108,2024,9538.0,335143
335143,GS3109,2024,61560.0,335144
335146,GS3113,2024,61670.0,335147
335147,GS3114,2024,66532.0,335148
335149,GS3116,2024,65061.0,335150
335162,GS3267,2024,736.0,335163
335166,GS3326,2024,15833.0,335167
335167,GS3334,2024,60213.0,335168
335193,GS3407,2024,35297.0,335194
335207,GS3434,2024,784472.0,335208
335208,GS3443,2024,3216.0,335209
335223,GS3493,2024,272688.0,335224
335225,GS3509,2024,10000.0,335226
335227,GS3511,2024,165766.0,335228
335230,GS3514,2024,209218.0,335231
335232,GS3516,2024,6540.0,335233
335233,GS3517,2024,18919.0,335234
335234,GS3518,2024,15018.0,335235
335235,GS3519,2024,18193.0,335236
335236,GS3520,2024,19860.0,335237
335237,GS3521,2024,18418.0,335238
335238,GS3522,2024,18577.0,335239
335239,GS3523,2024,19049.0,335240
335240,GS3524,2024,19006.0,335241
335249,GS3560,2024,10000.0,335250
335250,GS3561,2024,9950.0,335251
335252,GS3564,2024,299.0,335253
335254,GS3566,2024,64282.0,335255
335257,GS3588,2024,8420.0,335258
335258,GS3589,2024,8420.0,335259
335259,GS3590,2024,8685.0,335260
335260,GS3591,2024,8685.0,335261
335261,GS3592,2024,8685.0,335262
335262,GS3593,2024,8420.0,335263
335263,GS3594,2024,8685.0,335264
335264,GS3595,2024,8685.0,335265
335265,GS3596,2024,6832.0,335266
335266,GS3597,2024,8436.0,335267
335267,GS3598,2024,8908.0,335268
335268,GS3599,2024,8482.0,335269
335269,GS3600,2024,8572.0,335270
335270,GS3601,2024,8544.0,335271
335277,GS3626,2024,19092.0,335278
335281,GS3668,2024,38482.0,335282
335296,GS3946,2024,235.0,335297
335308,GS3969,2024,356627.0,335309
335309,GS3971,2024,21366.0,335310
335330,GS4210,2024,54164.0,335331
335333,GS4221,2024,1168981.0,335334
335334,GS4233,2024,304985.0,335335
335336,GS4238,2024,132485.0,335337
335341,GS4259,2024,39187.0,335342
335343,GS4261,2024,40218.0,335344
335347,GS4269,2024,33932.0,335348
335351,GS4273,2024,45124.0,335352
335352,GS4288,2024,17886.0,335353
335358,GS4364,2024,12540.0,335359
335399,GS4442,2024,89442.0,335400
335409,GS4533,2024,14468.0,335410
335416,GS4546,2024,28410.0,335417
335417,GS4553,2024,293.0,335418
335430,GS4613,2024,29760.0,335431
335431,GS4614,2024,28584.0,335432
335432,GS4615,2024,28870.0,335433
335440,GS4707,2024,125041.0,335441
335445,GS4799,2024,28301.0,335446
335452,GS4824,2024,9950.0,335453
335456,GS4895,2024,25423.0,335457
335464,GS4922,2024,130365.0,335465
335465,GS4962,2024,243990.0,335466
335485,GS5038,2024,4108.0,335486
335486,GS5039,2024,4089.0,335487
335487,GS5040,2024,4141.0,335488
335488,GS5041,2024,4014.0,335489
335489,GS5042,2024,3713.0,335490
335490,GS5043,2024,4179.0,335491
335493,GS5051,2024,42768.0,335494
335494,GS5052,2024,36999.0,335495
335497,GS5073,2024,316720.0,335498
335499,GS5099,2024,106626.0,335500
335500,GS5106,2024,3529.0,335501
335504,GS5125,2024,265104.0,335505
335505,GS5186,2024,3713.0,335506
335506,GS5187,2024,3036.0,335507
335507,GS5188,2024,3300.0,335508
335508,GS5189,2024,2312.0,335509
335509,GS5190,2024,1965.0,335510
335510,GS5191,2024,3188.0,335511
335511,GS5192,2024,4215.0,335512
335512,GS5193,2024,3984.0,335513
335513,GS5194,2024,1392.0,335514
335514,GS5195,2024,896.0,335515
335515,GS5196,2024,2680.0,335516
335516,GS5197,2024,2466.0,335517
335520,GS5228,2024,28542.0,335521
335521,GS5229,2024,132070.0,335522
335528,GS5303,2024,13651.0,335529
335535,GS5314,2024,164049.0,335536
335536,GS5315,2024,38602.0,335537
335538,GS5317,2024,172364.0,335539
335539,GS5322,2024,1990.0,335540
335540,GS5323,2024,1974.0,335541
335541,GS5324,2024,1990.0,335542
335542,GS5325,2024,10000.0,335543
335543,GS5326,2024,10000.0,335544
335544,GS5329,2024,4374.0,335545
335545,GS5330,2024,4505.0,335546
335546,GS5331,2024,5206.0,335547
335547,GS5332,2024,3806.0,335548
335548,GS5335,2024,3538.0,335549
335549,GS5336,2024,4133.0,335550
335550,GS5337,2024,5587.0,335551
335551,GS5338,2024,5745.0,335552
335552,GS5339,2024,5606.0,335553
335553,GS5340,2024,5087.0,335554
335554,GS5341,2024,6591.0,335555
335555,GS5342,2024,5357.0,335556
335556,GS5343,2024,6068.0,335557
335557,GS5344,2024,6685.0,335558
335572,GS5434,2024,4854.0,335573
335573,GS5437,2024,5406.0,335574
335574,GS5438,2024,5496.0,335575
335575,GS5439,2024,5666.0,335576
335576,GS5440,2024,5204.0,335577
335577,GS5441,2024,4996.0,335578
335583,GS5519,2024,121511.0,335584
335584,GS5523,2024,240210.0,335585
335590,GS5614,2024,355628.0,335591
335593,GS5618,2024,439304.0,335594
335603,GS5643,2024,15768.0,335604
335615,GS5780,2024,657.0,335616
335616,GS5781,2024,5339.0,335617
335617,GS5782,2024,5339.0,335618
335618,GS5783,2024,5825.0,335619
335619,GS5796,2024,6828.0,335620
335620,GS5799,2024,221654.0,335621
335622,GS5801,2024,14525.0,335623
335623,GS5802,2024,10000.0,335624
335625,GS5825,2024,6529.0,335626
335626,GS5826,2024,6351.0,335627
335627,GS5827,2024,5690.0,335628
335628,GS5830,2024,37901.0,335629
335629,GS5831,2024,46142.0,335630
335635,GS5860,2024,27165.0,335636
335636,GS5866,2024,167298.0,335637
335640,GS5889,2024,5926.0,335641
335641,GS5890,2024,5109.0,335642
335642,GS5891,2024,5714.0,335643
335643,GS5892,2024,6022.0,335644
335647,GS5928,2024,317993.0,335648
335649,GS5951,2024,8167.0,335650
335650,GS5952,2024,6784.0,335651
335651,GS5953,2024,6432.0,335652
335652,GS5954,2024,6631.0,335653
335653,GS5955,2024,6188.0,335654
335659,GS6008,2024,6735.0,335660
335664,GS6037,2024,1909.0,335665
335665,GS6038,2024,1990.0,335666
335666,GS6041,2024,12327.0,335667
335667,GS6042,2024,10897.0,335668
335695,GS6129,2024,3352.0,335696
335697,GS6139,2024,44241.0,335698
335699,GS6152,2024,10000.0,335700
335700,GS6155,2024,27314.0,335701
335701,GS6189,2024,7195.0,335702
335703,GS6212,2024,28340.0,335704
335708,GS6256,2024,85219.0,335709
335710,GS6271,2024,89848.0,335711
335711,GS6272,2024,378.0,335712
335712,GS6275,2024,17049.0,335713
335717,GS6301,2024,46471.0,335718
335719,GS6338,2024,3162.0,335720
335720,GS6344,2024,9165.0,335721
335721,GS6349,2024,2989.0,335722
335722,GS6350,2024,3031.0,335723
335723,GS6351,2024,3079.0,335724
335724,GS6356,2024,47210.0,335725
335725,GS6393,2024,53868.0,335726
335726,GS6394,2024,50947.0,335727
335727,GS6395,2024,69547.0,335728
335731,GS6419,2024,9829.0,335732
335732,GS6420,2024,8497.0,335733
335733,GS6443,2024,3149.0,335734
335736,GS6460,2024,615.0,335737
335742,GS6518,2024,2581.0,335743
335743,GS6519,2024,2686.0,335744
335744,GS6520,2024,2805.0,335745
335745,GS6521,2024,3309.0,335746
335746,GS6522,2024,5409.0,335747
335747,GS6523,2024,3681.0,335748
335748,GS6566,2024,10532.0,335749
335750,GS6588,2024,49065.0,335751
335753,GS6599,2024,4686.0,335754
335760,GS6749,2024,6552.0,335761
335761,GS6750,2024,8511.0,335762
335763,GS6752,2024,2404.0,335764
335765,GS6756,2024,77367.0,335766
335767,GS6783,2024,2544.0,335768
335768,GS6784,2024,3492.0,335769
335774,GS6793,2024,237808.0,335775
335778,GS6836,2024,3841.0,335779
335788,GS6861,2024,6074.0,335789
335791,GS6887,2024,23118.0,335792
335795,GS7002,2024,27318.0,335796
335796,GS7049,2024,5650.0,335797
335797,GS7071,2024,909798.0,335798
335805,GS7128,2024,16757.0,335806
335809,GS7132,2024,9791.0,335810
335810,GS7133,2024,9982.0,335811
335811,GS7134,2024,8723.0,335812
335812,GS7135,2024,6602.0,335813
335813,GS7136,2024,6460.0,335814
335819,GS7147,2024,6085.0,335820
335820,GS7148,2024,7026.0,335821
335821,GS7149,2024,7145.0,335822
335822,GS7150,2024,7082.0,335823
335824,GS7152,2024,838933.0,335825
335825,GS7153,2024,11923.0,335826
335828,GS7287,2024,1990.0,335829
335829,GS7288,2024,1990.0,335830
335830,GS7289,2024,1990.0,335831
335831,GS7290,2024,1990.0,335832
335832,GS7291,2024,1990.0,335833
335833,GS7292,2024,1990.0,335834
335834,GS7293,2024,10000.0,335835
335836,GS7311,2024,1938.0,335837
335837,GS7312,2024,1312595.0,335838
335838,GS7317,2024,8813.0,335839
335839,GS7318,2024,12503.0,335840
335840,GS7330,2024,4648.0,335841
335841,GS7331,2024,4575.0,335842
335842,GS7332,2024,6338.0,335843
335843,GS7333,2024,6303.0,335844
335844,GS7334,2024,5486.0,335845
335845,GS7335,2024,4395.0,335846
335846,GS7336,2024,4613.0,335847
335847,GS7343,2024,5259.0,335848
335848,GS7345,2024,9410.0,335849
335850,GS7356,2024,7435.0,335851
335852,GS7362,2024,3188.0,335853
335853,GS7363,2024,3156.0,335854
335854,GS7364,2024,2660.0,335855
335855,GS7365,2024,3068.0,335856
335856,GS7366,2024,3188.0,335857
335863,GS7391,2024,10000.0,335864
335866,GS7394,2024,7524.0,335867
335867,GS7395,2024,6749.0,335868
335868,GS7396,2024,7360.0,335869
335869,GS7397,2024,7029.0,335870
335870,GS7398,2024,7192.0,335871
335871,GS7399,2024,7341.0,335872
335872,GS7400,2024,7250.0,335873
335873,GS7401,2024,7352.0,335874
335877,GS7436,2024,5984.0,335878
335878,GS7437,2024,10000.0,335879
335899,GS7465,2024,6574.0,335900
335900,GS7466,2024,38602.0,335901
335901,GS7467,2024,32440.0,335902
335902,GS7468,2024,1124922.0,335903
335903,GS7469,2024,184220.0,335904
335904,GS7470,2024,6354.0,335905
335905,GS7471,2024,6177.0,335906
335906,GS7472,2024,6314.0,335907
335907,GS7473,2024,6279.0,335908
335908,GS7474,2024,6564.0,335909
335909,GS7475,2024,5767.0,335910
335910,GS7476,2024,6428.0,335911
335911,GS7477,2024,5507.0,335912
335912,GS7478,2024,5639.0,335913
335913,GS7479,2024,6484.0,335914
335914,GS7480,2024,5904.0,335915
335915,GS7481,2024,6031.0,335916
335916,GS7482,2024,6822.0,335917
335917,GS7483,2024,6983.0,335918
335918,GS7484,2024,7105.0,335919
335927,GS7493,2024,8804.0,335928
335928,GS7495,2024,357352.0,335929
335938,GS7506,2024,14769.0,335939
335939,GS7507,2024,14842.0,335940
335944,GS7513,2024,19026.0,335945
335955,GS7524,2024,9988.0,335956
335963,GS7532,2024,415123.0,335964
335964,GS7533,2024,200865.0,335965
335965,GS7534,2024,456542.0,335966
335966,GS7535,2024,43140.0,335967
335970,GS7540,2024,12072.0,335971
335971,GS7541,2024,7518.0,335972
335981,GS7551,2024,85607.0,335982
335987,GS7557,2024,57504.0,335988
335996,GS7566,2024,7815.0,335997
335997,GS7567,2024,7754.0,335998
336002,GS7572,2024,273534.0,336003
336003,GS7574,2024,3326.0,336004
336004,GS7575,2024,164721.0,336005
336005,GS7576,2024,56657.0,336006
336009,GS7580,2024,6219.0,336010
336010,GS7581,2024,6829.0,336011
336011,GS7582,2024,5659.0,336012
336012,GS7583,2024,6001.0,336013
336013,GS7584,2024,5768.0,336014
336014,GS7585,2024,5607.0,336015
336021,GS7592,2024,47860.0,336022
336022,GS7593,2024,43433.0,336023
336023,GS7594,2024,49036.0,336024
336024,GS7595,2024,38096.0,336025
336025,GS7596,2024,22117.0,336026
336031,GS7602,2024,22816.0,336032
336045,GS7616,2024,276458.0,336046
336047,GS7620,2024,185410.0,336048
336050,GS7623,2024,749.0,336051
336052,GS7625,2024,529270.0,336053
336053,GS7626,2024,304645.0,336054
336054,GS7627,2024,227399.0,336055
336055,GS7628,2024,100627.0,336056
336056,GS7629,2024,89539.0,336057
336059,GS7632,2024,131995.0,336060
336060,GS7633,2024,166007.0,336061
336062,GS7635,2024,109054.0,336063
336064,GS7637,2024,55774.0,336065
336065,GS7638,2024,56879.0,336066
336066,GS7639,2024,53586.0,336067
336067,GS7640,2024,48378.0,336068
336068,GS7641,2024,56141.0,336069
336069,GS7642,2024,56394.0,336070
336070,GS7643,2024,49047.0,336071
336071,GS7644,2024,50453.0,336072
336072,GS7645,2024,54219.0,336073
336073,GS7646,2024,59488.0,336074
336074,GS7647,2024,59914.0,336075
336075,GS7648,2024,49213.0,336076
336076,GS7649,2024,36402.0,336077
336077,GS7650,2024,24601.0,336078
336078,GS7651,2024,5362.0,336079
336081,GS7664,2024,867303.0,336082
336093,GS7679,2024,119858.0,336094
336101,GS7687,2024,53603.0,336102
336102,GS7688,2024,54461.0,336103
336103,GS7689,2024,55560.0,336104
336104,GS7690,2024,36453.0,336105
336105,GS7691,2024,15422.0,336106
336106,GS7692,2024,36864.0,336107
336150,GS7739,2024,464178.0,336151
336156,GS7745,2024,1244195.0,336157
336169,GS7760,2024,1292413.0,336170
336171,GS7762,2024,79670.0,336172
336179,GS7784,2024,11664.0,336180
336195,GS7801,2024,592359.0,336196
336201,GS10220,2024,136304.0,336202
336207,GS10457,2024,58260.0,336208
336216,GS10657,2024,7772.0,336217
336217,GS10658,2024,6529.0,336218
336218,GS10659,2024,7762.0,336219
336221,GS10663,2024,9498.0,336222
336222,GS10664,2024,8233.0,336223
336223,GS10665,2024,6532.0,336224
336235,GS10710,2024,73828.0,336236
336237,GS10712,2024,38531.0,336238
336241,GS10716,2024,642578.0,336242
336243,GS10718,2024,15319.0,336244
336248,GS10725,2024,9198.0,336249
336249,GS10726,2024,8891.0,336250
336258,GS10735,2024,8532.0,336259
336259,GS10736,2024,10000.0,336260
336260,GS10737,2024,3402.0,336261
336261,GS10738,2024,41107.0,336262
336263,GS10740,2024,11569.0,336264
336264,GS10741,2024,11566.0,336265
336265,GS10742,2024,11547.0,336266
336267,GS10777,2024,3497.0,336268
336268,GS10778,2024,10000.0,336269
336269,GS10779,2024,10000.0,336270
336270,GS10780,2024,10000.0,336271
336271,GS10781,2024,10000.0,336272
336273,GS10783,2024,8584.0,336274
336274,GS10784,2024,7763.0,336275
336277,GS10788,2024,10545.0,336278
336279,GS10790,2024,1039765.0,336280
336280,GS10791,2024,515251.0,336281
336281,GS10792,2024,149059.0,336282
336282,GS10793,2024,29442.0,336283
336283,GS10794,2024,161117.0,336284
336285,GS10796,2024,205.0,336286
336287,GS10798,2024,75535.0,336288
336288,GS10799,2024,17353.0,336289
336289,GS10800,2024,16781.0,336290
336290,GS10801,2024,15794.0,336291
336291,GS10802,2024,15934.0,336292
336292,GS10803,2024,15752.0,336293
336293,GS10804,2024,16638.0,336294
336294,GS10805,2024,15686.0,336295
336295,GS10806,2024,10000.0,336296
336296,GS10807,2024,7757.0,336297
336297,GS10808,2024,24727.0,336298
336298,GS10809,2024,24459.0,336299
336301,GS10812,2024,64165.0,336302
336302,GS10813,2024,62749.0,336303
336305,GS10821,2024,36462.0,336306
336309,GS10825,2024,36462.0,336310
336329,GS10879,2024,100419.0,336330
336331,GS10885,2024,53856.0,336332
336333,GS10887,2024,28388.0,336334
336335,GS10889,2024,29175.0,336336
336336,GS10890,2024,37432.0,336337
336338,GS10897,2024,2933.0,336339
336341,GS10900,2024,34980.0,336342
336342,GS10901,2024,39022.0,336343
336343,GS10902,2024,46627.0,336344
336344,GS10903,2024,110071.0,336345
336345,GS10904,2024,97502.0,336346
336346,GS10905,2024,96473.0,336347
336347,GS10906,2024,90881.0,336348
336348,GS10907,2024,37281.0,336349
336349,GS10908,2024,40900.0,336350
336350,GS10909,2024,40913.0,336351
336351,GS10910,2024,40717.0,336352
336352,GS10911,2024,41501.0,336353
336353,GS10912,2024,41501.0,336354
336354,GS10913,2024,41501.0,336355
336355,GS10914,2024,41501.0,336356
336356,GS10915,2024,31924.0,336357
336357,GS10916,2024,31924.0,336358
336358,GS10917,2024,31924.0,336359
336359,GS10918,2024,31924.0,336360
336360,GS10919,2024,14897.0,336361
336361,GS10920,2024,14897.0,336362
336362,GS10921,2024,14554.0,336363
336363,GS10922,2024,7461.0,336364
336364,GS10923,2024,7264.0,336365
336365,GS10924,2024,2559.0,336366
336377,GS10967,2024,616492.0,336378
336378,GS10968,2024,45128.0,336379
336380,GS10970,2024,84650.0,336381
336384,GS10975,2024,124091.0,336385
336415,GS11007,2024,76096.0,336416
336420,GS11012,2024,11569.0,336421
336421,GS11013,2024,11569.0,336422
336422,GS11014,2024,11569.0,336423
336423,GS11015,2024,11569.0,336424
336424,GS11016,2024,11569.0,336425
336437,GS11029,2024,20769.0,336438
336445,GS11041,2024,5830.0,336446
336446,GS11042,2024,5764.0,336447
336447,GS11043,2024,9372.0,336448
336448,GS11044,2024,3690.0,336449
336449,GS11046,2024,5273.0,336450
336450,GS11047,2024,3890.0,336451
336451,GS11048,2024,1600.0,336452
336452,GS11049,2024,827.0,336453
336471,GS11068,2024,41585.0,336472
336472,GS11070,2024,10000.0,336473
336473,GS11071,2024,10000.0,336474
336474,GS11072,2024,9134.0,336475
336475,GS11073,2024,824.0,336476
336476,GS11074,2024,9827.0,336477
336477,GS11075,2024,247561.0,336478
336499,GS11098,2024,59964.0,336500
336501,GS11133,2024,56191.0,336502
336502,GS11134,2024,57324.0,336503
336503,GS11135,2024,59233.0,336504
336504,GS11136,2024,59801.0,336505
336505,GS11137,2024,57505.0,336506
336508,GS11140,2024,819906.0,336509
336513,GS11145,2024,623326.0,336514
336515,GS11147,2024,63774.0,336516
336516,GS11148,2024,103527.0,336517
336517,GS11149,2024,67663.0,336518
336518,GS11150,2024,25749.0,336519
336519,GS11151,2024,23854.0,336520
336520,GS11152,2024,26564.0,336521
336521,GS11153,2024,25198.0,336522
336523,GS11155,2024,10629.0,336524
336530,GS11169,2024,35808.0,336531
336539,GS11179,2024,3912.0,336540
336540,GS11180,2024,4504.0,336541
336541,GS11181,2024,4401.0,336542
336542,GS11182,2024,2974.0,336543
336543,GS11183,2024,800.0,336544
336548,GS11190,2024,13755.0,336549
336560,GS11202,2024,423831.0,336561
336563,GS11205,2024,91024.0,336564
336567,GS11209,2024,69156.0,336568
336569,GS11211,2024,55144.0,336570
336576,GS11218,2024,36462.0,336577
336583,GS11227,2024,27282.0,336584
336584,GS11228,2024,26416.0,336585
336585,GS11229,2024,23302.0,336586
336586,GS11230,2024,24058.0,336587
336587,GS11231,2024,25939.0,336588
336588,GS11232,2024,22746.0,336589
336589,GS11233,2024,2807.0,336590
336590,GS11234,2024,2717.0,336591
336591,GS11235,2024,2872.0,336592
336592,GS11236,2024,22014.0,336593
336593,GS11237,2024,117519.0,336594
336596,GS11240,2024,171182.0,336597
336607,GS11251,2024,278059.0,336608
336611,GS11256,2024,365476.0,336612
336612,GS11259,2024,41498.0,336613
336613,GS11260,2024,41549.0,336614
336614,GS11261,2024,40129.0,336615
336615,GS11262,2024,39433.0,336616
336616,GS11263,2024,47626.0,336617
336617,GS11264,2024,35313.0,336618
336618,GS11265,2024,54274.0,336619
336619,GS11266,2024,43602.0,336620
336620,GS11267,2024,40477.0,336621
336621,GS11268,2024,42953.0,336622
336622,GS11269,2024,41059.0,336623
336623,GS11270,2024,44205.0,336624
336624,GS11271,2024,35676.0,336625
336625,GS11272,2024,40235.0,336626
336626,GS11273,2024,44260.0,336627
336627,GS11274,2024,40844.0,336628
336628,GS11275,2024,41145.0,336629
336629,GS11276,2024,42367.0,336630
336630,GS11277,2024,41882.0,336631
336631,GS11278,2024,43447.0,336632
336632,GS11279,2024,50716.0,336633
336633,GS11280,2024,44221.0,336634
336634,GS11281,2024,40647.0,336635
336635,GS11282,2024,38062.0,336636
336636,GS11283,2024,40047.0,336637
336637,GS11284,2024,37706.0,336638
336638,GS11285,2024,39599.0,336639
336639,GS11286,2024,33528.0,336640
336640,GS11287,2024,27072.0,336641
336641,GS11288,2024,38565.0,336642
336642,GS11289,2024,38203.0,336643
336643,GS11290,2024,43488.0,336644
336644,GS11291,2024,47295.0,336645
336645,GS11292,2024,51197.0,336646
336646,GS11293,2024,44924.0,336647
336647,GS11294,2024,47567.0,336648
336648,GS11295,2024,49857.0,336649
336649,GS11296,2024,49734.0,336650
336650,GS11297,2024,49253.0,336651
336651,GS11298,2024,46533.0,336652
336652,GS11299,2024,47137.0,336653
336653,GS11300,2024,49287.0,336654
336654,GS11301,2024,41532.0,336655
336655,GS11302,2024,41620.0,336656
336656,GS11303,2024,40275.0,336657
336657,GS11304,2024,18850.0,336658
336658,GS11305,2024,15312.0,336659
336659,GS11306,2024,39949.0,336660
336660,GS11307,2024,111455.0,336661
336661,GS11308,2024,9292.0,336662
336662,GS11309,2024,36462.0,336663
336663,GS11310,2024,36462.0,336664
336664,GS11311,2024,36462.0,336665
336665,GS11312,2024,36462.0,336666
336666,GS11313,2024,36462.0,336667
336667,GS11314,2024,105007.0,336668
336674,GS11322,2024,28005.0,336675
336677,GS11325,2024,66250.0,336678
336678,GS11326,2024,61435.0,336679
336679,GS11327,2024,53702.0,336680
336683,GS11331,2024,1053778.0,336684
336696,GS11351,2024,44373.0,336697
336697,GS11352,2024,5200.0,336698
336703,GS11358,2024,76399.0,336704
336707,GS11394,2024,52534.0,336708
336711,GS11400,2024,409535.0,336712
336712,GS11401,2024,493381.0,336713
336713,GS11402,2024,60466.0,336714
336714,GS11403,2024,35397.0,336715
336715,GS11404,2024,104001.0,336716
336716,GS11405,2024,114369.0,336717
336719,GS11409,2024,16626.0,336720
336724,GS11414,2024,151927.0,336725
336725,GS11415,2024,171098.0,336726
336727,GS11417,2024,16405.0,336728
336728,GS11418,2024,16913.0,336729
336729,GS11419,2024,16183.0,336730
336730,GS11420,2024,16280.0,336731
336731,GS11421,2024,693975.0,336732
336734,GS11424,2024,80391.0,336735
336736,GS11426,2024,31932.0,336737
336737,GS11427,2024,45635.0,336738
336738,GS11432,2024,70377.0,336739
336740,GS11434,2024,62971.0,336741
336743,GS11437,2024,35428.0,336744
336746,GS11440,2024,5744469.0,336747
336749,GS11447,2024,58687.0,336750
336750,GS11448,2024,25855.0,336751
336762,GS11474,2024,37111.0,336763
336763,GS11475,2024,32023.0,336764
336764,GS11476,2024,43096.0,336765
336765,GS11477,2024,52198.0,336766
336766,GS11478,2024,35858.0,336767
336767,GS11479,2024,39635.0,336768
336768,GS11480,2024,30875.0,336769
336769,GS11481,2024,34020.0,336770
336772,GS11484,2024,147136.0,336773
336776,GS11489,2024,34320.0,336777
336777,GS11490,2024,75890.0,336778
336791,GS11504,2024,76391.0,336792
336792,GS11505,2024,39116.0,336793
336794,GS11507,2024,6265.0,336795
336820,GS11537,2024,69838.0,336821
336821,GS11538,2024,107303.0,336822
336822,GS11539,2024,35215.0,336823
336832,GS11551,2024,499119.0,336833
336835,GS11557,2024,1092909.0,336836
336836,GS11558,2024,325421.0,336837
336837,GS11559,2024,78035.0,336838
336838,GS11560,2024,77275.0,336839
336839,GS11561,2024,421243.0,336840
336841,GS11564,2024,253281.0,336842
336845,GS11568,2024,64820.0,336846
336862,GS11593,2024,322332.0,336863
336865,GS11596,2024,1052799.0,336866
336868,GS11603,2024,36585.0,336869
336869,GS11604,2024,8962.0,336870
336870,GS11605,2024,45113.0,336871
336871,GS11606,2024,50915.0,336872
336873,GS11608,2024,31503.0,336874
336874,GS11609,2024,31723.0,336875
336875,GS11610,2024,31458.0,336876
336876,GS11611,2024,31366.0,336877
336877,GS11612,2024,31834.0,336878
336878,GS11613,2024,22998.0,336879
336879,GS11614,2024,115703.0,336880
336887,GS11624,2024,268625.0,336888
336888,GS11627,2024,149.0,336889
336889,GS11628,2024,36462.0,336890
336890,GS11629,2024,36462.0,336891
336891,GS11630,2024,36462.0,336892
336892,GS11631,2024,36462.0,336893
336893,GS11632,2024,39541.0,336894
336894,GS11633,2024,36462.0,336895
336895,GS11634,2024,39541.0,336896
336899,GS11640,2024,58014.0,336900
336901,GS11644,2024,9371.0,336902
336902,GS11645,2024,9278.0,336903
336903,GS11646,2024,7019.0,336904
336904,GS11647,2024,7732.0,336905
336909,GS11655,2024,56893.0,336910
336910,GS11656,2024,57923.0,336911
336916,GS11663,2024,28.0,336917
336917,GS11664,2024,51.0,336918
336921,GS11671,2024,590015.0,336922
336924,GS11674,2024,346835.0,336925
336959,GS11722,2024,123947.0,336960
336964,GS11728,2024,374877.0,336965
336974,GS11744,2024,9685.0,336975
336975,GS11745,2024,9685.0,336976
336976,GS11747,2024,9686.0,336977
336977,GS11748,2024,9685.0,336978
336978,GS11749,2024,9685.0,336979
336979,GS11750,2024,9686.0,336980
336980,GS11751,2024,9686.0,336981
336981,GS11752,2024,9685.0,336982
336982,GS11753,2024,9686.0,336983
336983,GS11754,2024,9687.0,336984
336984,GS11755,2024,9685.0,336985
336985,GS11756,2024,9685.0,336986
336986,GS11757,2024,9686.0,336987
336987,GS11758,2024,9687.0,336988
336988,GS11759,2024,9686.0,336989
336989,GS11760,2024,9686.0,336990
336990,GS11761,2024,9686.0,336991
336991,GS11762,2024,9686.0,336992
336992,GS11763,2024,9685.0,336993
336993,GS11764,2024,9686.0,336994
336994,GS11765,2024,9686.0,336995
336995,GS11766,2024,9686.0,336996
336996,GS11767,2024,9686.0,336997
336997,GS11768,2024,9686.0,336998
336998,GS11769,2024,9686.0,336999
336999,GS11770,2024,9686.0,337000
337000,GS11771,2024,9686.0,337001
337001,GS11772,2024,9687.0,337002
337002,GS11773,2024,9686.0,337003
337003,GS11774,2024,9686.0,337004
337004,GS11775,2024,9687.0,337005
337005,GS11776,2024,9686.0,337006
337006,GS11777,2024,9686.0,337007
337007,GS11778,2024,9685.0,337008
337008,GS11779,2024,9687.0,337009
337009,GS11780,2024,9687.0,337010
337010,GS11781,2024,9687.0,337011
337011,GS11782,2024,9687.0,337012
337012,GS11783,2024,9686.0,337013
337013,GS11784,2024,9685.0,337014
337025,GS11802,2024,660.0,337026
337026,GS11807,2024,9685.0,337027
337028,GS11809,2024,8055.0,337029
337029,GS11810,2024,8055.0,337030
337030,GS11811,2024,7833.0,337031
337031,GS11812,2024,4620.0,337032
337032,GS11813,2024,6684.0,337033
337037,GS11835,2024,9687.0,337038
337038,GS11836,2024,9687.0,337039
337039,GS11837,2024,9687.0,337040
337040,GS11838,2024,9687.0,337041
337041,GS11839,2024,9686.0,337042
337042,GS11840,2024,9685.0,337043
337043,GS11841,2024,9686.0,337044
337044,GS11842,2024,9688.0,337045
337045,GS11843,2024,9687.0,337046
337046,GS11844,2024,9687.0,337047
337047,GS11845,2024,9686.0,337048
337048,GS11846,2024,9687.0,337049
337049,GS11847,2024,9688.0,337050
337050,GS11848,2024,130.0,337051
337051,GS11849,2024,78.0,337052
337052,GS11850,2024,78.0,337053
337053,GS11851,2024,78.0,337054
337054,GS11852,2024,78.0,337055
337055,GS11853,2024,78.0,337056
337057,GS11855,2024,38990.0,337058
337061,GS11861,2024,41500.0,337062
337086,GS11891,2024,108503.0,337087
337087,GS11892,2024,120074.0,337088
337136,GS11947,2024,47737.0,337137
337139,GS11950,2024,10000.0,337140
337140,GS11951,2024,10000.0,337141
337141,GS11952,2024,1834.0,337142
337147,GS11968,2024,500903.0,337148
337150,GS11972,2024,506009.0,337151
337158,GS11986,2024,36.0,337159
337159,GS11987,2024,16.0,337160
337160,GS11988,2024,32988.0,337161
337166,GS11994,2024,6950.0,337167
337168,GS11996,2024,31528.0,337169
337169,GS11998,2024,20731.0,337170
337170,GS11999,2024,12024.0,337171
337171,GS12000,2024,9740.0,337172
337172,GS12001,2024,7020.0,337173
337173,GS12002,2024,8081.0,337174
337174,GS12003,2024,7249.0,337175
337175,GS12004,2024,25034.0,337176
337184,GS12015,2024,37886.0,337185
337186,GS12017,2024,36551.0,337187
337187,GS12018,2024,37663.0,337188
337188,GS12019,2024,32694.0,337189
337189,GS12020,2024,42415.0,337190
337191,GS12023,2024,44110.0,337192
337200,GS12033,2024,49288.0,337201
337212,GS12045,2024,540201.0,337213
337214,GS12047,2024,1489070.0,337215
337217,GS12050,2024,71862.0,337218
337219,GS12052,2024,46911.0,337220
337225,GS12062,2024,1909610.0,337226
337227,GS12064,2024,16511.0,337228
337228,GS12065,2024,430357.0,337229
337230,GS12067,2024,85310.0,337231
337264,GS12112,2024,1144912.0,337265
337266,GS12114,2024,186973.0,337267
337271,GS12119,2024,621700.0,337272
337275,GS12123,2024,36153.0,337276
337276,GS12124,2024,33719.0,337277
337277,GS12125,2024,28635.0,337278
337278,GS12126,2024,26819.0,337279
337279,GS12127,2024,23930.0,337280
337280,GS12128,2024,22441.0,337281
337281,GS12129,2024,20727.0,337282
337282,GS12130,2024,18150.0,337283
337283,GS12131,2024,15043.0,337284
337284,GS12132,2024,10973.0,337285
337292,GS12141,2024,3072.0,337293
337297,GS12147,2024,132457.0,337298
337329,GS12188,2024,357.0,337330
337364,GS12227,2024,47159.0,337365
337365,GS12228,2024,25380.0,337366
337379,GS12243,2024,57035.0,337380
337384,GS12251,2024,37828.0,337385
337385,GS12252,2024,31810.0,337386
337386,GS12253,2024,34723.0,337387
337387,GS12254,2024,32199.0,337388
337388,GS12255,2024,31857.0,337389
337389,GS12256,2024,32759.0,337390
337390,GS12257,2024,25710.0,337391
337391,GS12258,2024,16029.0,337392
337392,GS12259,2024,14584.0,337393
337393,GS12260,2024,15706.0,337394
337394,GS12261,2024,11822.0,337395
337395,GS12262,2024,10729.0,337396
337396,GS12263,2024,5344.0,337397
337410,GS12277,2024,6671.0,337411
337411,GS12278,2024,6049.0,337412
337412,GS12279,2024,7547.0,337413
337428,GS12302,2024,440677.0,337429
337433,GS12307,2024,24107.0,337434
337451,GS12329,2024,24.0,337452
337452,GS12330,2024,215.0,337453
337454,GS12332,2024,203.0,337455
337474,GS12357,2024,34049.0,337475
337475,GS12358,2024,31693.0,337476
337491,GS12377,2024,24036.0,337492
337614,GS12533,2024,21344.0,337615
337680,GS12638,2024,919.0,337681
338470,ISOprj_1HHYZFVGW1S044ZY,2024,10206.875,338471
338471,ISOprj_1HZSSWBQM1S08H83,2024,105.065,338472
338472,ISOprj_1J4P33N6W1S0RKE2,2024,882.916,338473
338473,ISOprj_1J7NQMR9V1S04P0D,2024,230.819,338474
338543,VCS5,2024,21858.0,338544
338570,VCS34,2024,42380.0,338571
338591,VCS55,2024,32202.0,338592
338654,VCS120,2024,19301.0,338655
338671,VCS138,2024,98230.0,338672
338728,VCS198,2024,138781.0,338729
338732,VCS202,2024,34198.0,338733
338822,VCS292,2024,281410.0,338823
338847,VCS318,2024,92635.0,338848
338909,VCS380,2024,17631.0,338910
338910,VCS381,2024,22015.0,338911
338944,VCS415,2024,12968.0,338945
338945,VCS416,2024,30461.0,338946
338956,VCS427,2024,101550.0,338957
338957,VCS428,2024,9467.0,338958
338969,VCS440,2024,104401.0,338970
338970,VCS441,2024,36758.0,338971
338977,VCS448,2024,34158.0,338978
338984,VCS455,2024,10775.0,338985
338985,VCS456,2024,51780.0,338986
339011,VCS482,2024,18407.0,339012
339018,VCS489,2024,62455.0,339019
339029,VCS500,2024,16380.0,339030
339039,VCS510,2024,24534.0,339040
339063,VCS534,2024,164305.0,339064
339065,VCS536,2024,98467.0,339066
339105,VCS576,2024,5689.0,339106
339106,VCS577,2024,27294.0,339107
339115,VCS586,2024,30324.0,339116
339131,VCS602,2024,41602.0,339132
339136,VCS607,2024,450731.0,339137
339169,VCS640,2024,47201.0,339170
339182,VCS653,2024,122100.0,339183
339194,VCS665,2024,76128.0,339195
339202,VCS673,2024,104805.0,339203
339229,VCS700,2024,37312.0,339230
339280,VCS753,2024,414078.0,339281
339282,VCS755,2024,244723.0,339283
339285,VCS758,2024,241147.0,339286
339343,VCS816,2024,67780.0,339344
339346,VCS819,2024,21476.0,339347
339349,VCS822,2024,148336.0,339350
339360,VCS833,2024,35318.0,339361
339361,VCS834,2024,44595.0,339362
339399,VCS872,2024,45132.0,339400
339400,VCS873,2024,356018.0,339401
339410,VCS883,2024,2880779.0,339411
339420,VCS893,2024,228651.0,339421
339432,VCS905,2024,172937.0,339433
339436,VCS909,2024,39756.0,339437
339437,VCS910,2024,126918.0,339438
339438,VCS911,2024,79803.0,339439
339452,VCS925,2024,7245.0,339453
339453,VCS926,2024,9481.0,339454
339454,VCS927,2024,18520.0,339455
339455,VCS928,2024,57681.0,339456
339456,VCS929,2024,2404918.0,339457
339461,VCS934,2024,2904200.0,339462
339470,VCS943,2024,6113.0,339471
339474,VCS947,2024,65494.0,339475
339514,VCS987,2024,371861.0,339515
339547,VCS1021,2024,2505.0,339548
339548,VCS1022,2024,2373.0,339549
339549,VCS1023,2024,6991.0,339550
339550,VCS1024,2024,3695.0,339551
339557,VCS1031,2024,324208.0,339558
339571,VCS1045,2024,37843.0,339572
339576,VCS1050,2024,90651.0,339577
339601,VCS1075,2024,15031.0,339602
339609,VCS1083,2024,48091.0,339610
339626,VCS1100,2024,889110.0,339627
339639,VCS1113,2024,473661.0,339640
339699,VCS1174,2024,64201.0,339700
339710,VCS1185,2024,17018.0,339711
339726,VCS1201,2024,389949.0,339727
339727,VCS1202,2024,190633.0,339728
339756,VCS1231,2024,86621.0,339757
339757,VCS1232,2024,72691.0,339758
339765,VCS1240,2024,476043.0,339766
339779,VCS1254,2024,28394.0,339780
339782,VCS1257,2024,331390.0,339783
339841,VCS1317,2024,3215.0,339842
339855,VCS1331,2024,106620.0,339856
339872,VCS1348,2024,333741.0,339873
339884,VCS1360,2024,58145.0,339885
339909,VCS1385,2024,33312.0,339910
339913,VCS1389,2024,236436.0,339914
339917,VCS1393,2024,58028.0,339918
339933,VCS1409,2024,74104.0,339934
339942,VCS1418,2024,29360.0,339943
339960,VCS1437,2024,87145.0,339961
339961,VCS1438,2024,68412.0,339962
339962,VCS1439,2024,83040.0,339963
339964,VCS1441,2024,51092.0,339965
339982,VCS1459,2024,187254.0,339983
339998,VCS1479,2024,199216.0,339999
339999,VCS1480,2024,113000.0,340000
340000,VCS1481,2024,108223.0,340001
340002,VCS1483,2024,32407.0,340003
340035,VCS1519,2024,76616.0,340036
340036,VCS1520,2024,119302.0,340037
340037,VCS1521,2024,369034.0,340038
340038,VCS1522,2024,912224.0,340039
340045,VCS1529,2024,69728.0,340046
340050,VCS1535,2024,33277.0,340051
340053,VCS1538,2024,55945.0,340054
340057,VCS1543,2024,224795.0,340058
340063,VCS1549,2024,52866.0,340064
340072,VCS1560,2024,261891.0,340073
340080,VCS1569,2024,108181.0,340081
340082,VCS1571,2024,301811.0,340083
340092,VCS1587,2024,199387.0,340093
340094,VCS1622,2024,689651.0,340095
340095,VCS1623,2024,40434.0,340096
340107,VCS1660,2024,88833.0,340108
340114,VCS1667,2024,114847.0,340115
340115,VCS1669,2024,106103.0,340116
340116,VCS1670,2024,71267.0,340117
340125,VCS1679,2024,77781.0,340126
340129,VCS1683,2024,29143.0,340130
340130,VCS1684,2024,22993.0,340131
340155,VCS1716,2024,55332.0,340156
340162,VCS1728,2024,973770.0,340163
340166,VCS1733,2024,58021.0,340167
340167,VCS1734,2024,34705.0,340168
340169,VCS1736,2024,459175.0,340170
340174,VCS1742,2024,6334750.0,340175
340177,VCS1745,2024,108739.0,340178
340183,VCS1753,2024,1305548.0,340184
340184,VCS1754,2024,1354792.0,340185
340186,VCS1759,2024,62074.0,340187
340188,VCS1762,2024,235837.0,340189
340191,VCS1766,2024,20744.0,340192
340197,VCS1772,2024,576320.0,340198
340198,VCS1774,2024,28372.0,340199
340199,VCS1775,2024,1385414.0,340200
340200,VCS1776,2024,124153.0,340201
340205,VCS1784,2024,751827.0,340206
340206,VCS1786,2024,443891.0,340207
340207,VCS1787,2024,296625.0,340208
340208,VCS1788,2024,358087.0,340209
340209,VCS1789,2024,183078.0,340210
340210,VCS1790,2024,441973.0,340211
340211,VCS1791,2024,294911.0,340212
340213,VCS1793,2024,476001.0,340214
340222,VCS1804,2024,15003.0,340223
340223,VCS1805,2024,2509506.0,340224
340225,VCS1807,2024,43642.0,340226
340229,VCS1812,2024,409442.0,340230
340233,VCS1817,2024,98870.0,340234
340238,VCS1823,2024,38520.0,340239
340246,VCS1831,2024,37277.0,340247
340264,VCS1851,2024,1763858.0,340265
340269,VCS1856,2024,299501.0,340270
340288,VCS1878,2024,41663.0,340289
340293,VCS1884,2024,2519.0,340294
340294,VCS1885,2024,24861.0,340295
340298,VCS1890,2024,301399.0,340299
340307,VCS1900,2024,246811.0,340308
340310,VCS1903,2024,249042.0,340311
340311,VCS1904,2024,1271920.0,340312
340312,VCS1905,2024,105733.0,340313
340313,VCS1906,2024,118365.0,340314
340314,VCS1907,2024,315274.0,340315
340315,VCS1908,2024,174401.0,340316
340322,VCS1915,2024,22250.0,340323
340323,VCS1916,2024,83999.0,340324
340328,VCS1921,2024,122035.0,340329
340330,VCS1923,2024,81478.0,340331
340333,VCS1926,2024,20372.0,340334
340347,VCS1944,2024,50284.0,340348
340348,VCS1945,2024,23895.0,340349
340352,VCS1949,2024,304155.0,340353
340353,VCS1950,2024,490954.0,340354
340357,VCS1954,2024,232137.0,340358
340360,VCS1958,2024,3977.0,340361
340361,VCS1959,2024,14332.0,340362
340366,VCS1964,2024,84600.0,340367
340367,VCS1965,2024,80532.0,340368
340370,VCS1968,2024,254468.0,340371
340372,VCS1970,2024,86621.0,340373
340373,VCS1971,2024,23956.0,340374
340376,VCS1974,2024,3861.0,340377
340387,VCS1985,2024,144048.0,340388
340391,VCS1989,2024,50347.0,340392
340392,VCS1990,2024,154169.0,340393
340395,VCS1993,2024,515379.0,340396
340398,VCS1996,2024,93910.0,340399
340400,VCS1998,2024,74078.0,340401
340404,VCS2002,2024,124587.0,340405
340421,VCS2019,2024,314731.0,340422
340422,VCS2020,2024,572433.0,340423
340442,VCS2040,2024,114048.0,340443
340444,VCS2042,2024,359351.0,340445
340459,VCS2057,2024,96254.0,340460
340467,VCS2065,2024,150635.0,340468
340471,VCS2069,2024,971713.0,340472
340491,VCS2093,2024,15900.0,340492
340492,VCS2094,2024,146188.0,340493
340495,VCS2097,2024,214834.0,340496
340514,VCS2250,2024,1655218.0,340515
340518,VCS2259,2024,52788.0,340519
340520,VCS2261,2024,59131.0,340521
340530,VCS2297,2024,2513137.0,340531
340542,VCS2309,2024,29648.0,340543
340544,VCS2311,2024,90847.0,340545
340545,VCS2312,2024,94048.0,340546
340546,VCS2313,2024,94233.0,340547
340547,VCS2314,2024,94986.0,340548
340548,VCS2315,2024,100104.0,340549
340550,VCS2317,2024,11551.0,340551
340567,VCS2337,2024,95108.0,340568
340572,VCS2342,2024,1016191.0,340573
340574,VCS2345,2024,654207.0,340575
340578,VCS2349,2024,217768.0,340579
340581,VCS2352,2024,146135.0,340582
340590,VCS2361,2024,369053.0,340591
340596,VCS2369,2024,71636.0,340597
340611,VCS2384,2024,183434.0,340612
340628,VCS2401,2024,356474.0,340629
340629,VCS2402,2024,268141.0,340630
340637,VCS2410,2024,221205.0,340638
340641,VCS2414,2024,119482.0,340642
340660,VCS2434,2024,27179.0,340661
340667,VCS2441,2024,60865.0,340668
340678,VCS2452,2024,103947.0,340679
340679,VCS2455,2024,75212.0,340680
340686,VCS2464,2024,107881.0,340687
340691,VCS2469,2024,68493.0,340692
340707,VCS2487,2024,71492.0,340708
340708,VCS2489,2024,75286.0,340709
340709,VCS2490,2024,77862.0,340710
340710,VCS2491,2024,79518.0,340711
340711,VCS2492,2024,76090.0,340712
340712,VCS2493,2024,109125.0,340713
340716,VCS2497,2024,508539.0,340717
340724,VCS2505,2024,2728384.0,340725
340740,VCS2522,2024,155937.0,340741
340741,VCS2523,2024,161506.0,340742
340749,VCS2533,2024,1144947.0,340750
340751,VCS2535,2024,16288.0,340752
340759,VCS2548,2024,432119.0,340760
340761,VCS2551,2024,2198904.0,340762
340762,VCS2552,2024,409351.0,340763
340765,VCS2555,2024,275269.0,340766
340767,VCS2557,2024,603308.0,340768
340780,VCS2576,2024,16929.0,340781
340783,VCS2581,2024,811127.0,340784
340789,VCS2588,2024,217484.0,340790
340791,VCS2591,2024,84996.0,340792
340794,VCS2594,2024,73500.0,340795
340795,VCS2595,2024,73850.0,340796
340801,VCS2601,2024,89187.0,340802
340802,VCS2603,2024,696819.0,340803
340808,VCS2609,2024,4258969.0,340809
340809,VCS2610,2024,2040.0,340810
340813,VCS2614,2024,54838.0,340814
340833,VCS2636,2024,1083927.0,340834
340838,VCS2645,2024,566024.0,340839
340858,VCS2671,2024,55823.0,340859
340859,VCS2672,2024,56049.0,340860
340860,VCS2673,2024,1459.0,340861
340863,VCS2676,2024,414134.0,340864
340872,VCS2685,2024,97777.0,340873
340873,VCS2687,2024,101262.0,340874
340874,VCS2688,2024,95897.0,340875
340875,VCS2689,2024,99831.0,340876
340876,VCS2690,2024,98174.0,340877
340879,VCS2693,2024,59165.0,340880
340899,VCS2713,2024,1598600.0,340900
340907,VCS2723,2024,143356.0,340908
340915,VCS2731,2024,252983.0,340916
340918,VCS2734,2024,100032.0,340919
340919,VCS2735,2024,451656.0,340920
340922,VCS2738,2024,873809.0,340923
340934,VCS2751,2024,6763.0,340935
340936,VCS2753,2024,36799.0,340937
340950,VCS2768,2024,605264.0,340951
340970,VCS2789,2024,12987.0,340971
341007,VCS2828,2024,1090847.0,341008
341014,VCS2836,2024,52022.0,341015
341015,VCS2837,2024,55878.0,341016
341016,VCS2838,2024,11580.0,341017
341017,VCS2839,2024,14645.0,341018
341018,VCS2840,2024,137552.0,341019
341041,VCS2863,2024,26594.0,341042
341042,VCS2864,2024,40870.0,341043
341044,VCS2866,2024,42072.0,341045
341046,VCS2868,2024,285123.0,341047
341056,VCS2878,2024,1752414.0,341057
341064,VCS2886,2024,73560.0,341065
341074,VCS2897,2024,136879.0,341075
341082,VCS2908,2024,18067.0,341083
341095,VCS2922,2024,47426.0,341096
341096,VCS2923,2024,5051602.0,341097
341098,VCS2925,2024,608477.0,341099
341102,VCS2930,2024,4135618.0,341103
341111,VCS2939,2024,312554.0,341112
341114,VCS2942,2024,148546.0,341115
341116,VCS2944,2024,870015.0,341117
341132,VCS2964,2024,59257.0,341133
341146,VCS2981,2024,77888.0,341147
341153,VCS2989,2024,54549.0,341154
341164,VCS3002,2024,151373.0,341165
341167,VCS3005,2024,171653.0,341168
341168,VCS3006,2024,49719.0,341169
341169,VCS3007,2024,14607.0,341170
341173,VCS3011,2024,13207.0,341174
341178,VCS3016,2024,163417.0,341179
341179,VCS3017,2024,8120.0,341180
341202,VCS3046,2024,122512.0,341203
341211,VCS3056,2024,95285.0,341212
341214,VCS3059,2024,70927.0,341215
341222,VCS3068,2024,22229.0,341223
341223,VCS3069,2024,69473.0,341224
341232,VCS3078,2024,35761.0,341233
341248,VCS3094,2024,17790.0,341249
341250,VCS3096,2024,26255.0,341251
341262,VCS3109,2024,6730.0,341263
341268,VCS3116,2024,115005.0,341269
341284,VCS3132,2024,33228.0,341285
341287,VCS3135,2024,18736.0,341288
341304,VCS3154,2024,19194.0,341305
341311,VCS3161,2024,54167.0,341312
341352,VCS3204,2024,23867.0,341353
341355,VCS3207,2024,32027.0,341356
341372,VCS3225,2024,240980.0,341373
341391,VCS3244,2024,60786.0,341392
341427,VCS3282,2024,38388.0,341428
341431,VCS3286,2024,1537.0,341432
341451,VCS3308,2024,56564.0,341452
341489,VCS3348,2024,610764.0,341490
341502,VCS3363,2024,10894.0,341503
341508,VCS3369,2024,315108.0,341509
341583,VCS3448,2024,354124.0,341584
341669,VCS3556,2024,52309.0,341670
341711,VCS3599,2024,231421.0,341712
341726,VCS3616,2024,28915.0,341727
341735,VCS3625,2024,234938.0,341736
341736,VCS3626,2024,187152.0,341737
341758,VCS3651,2024,56895.0,341759
341760,VCS3654,2024,298801.0,341761
341782,VCS3677,2024,230.0,341783
341783,VCS3678,2024,161963.0,341784
341793,VCS3689,2024,7121.0,341794
341803,VCS3699,2024,59473.0,341804
341815,VCS3715,2024,4026.0,341816
341820,VCS3720,2024,56755.0,341821
341865,VCS3767,2024,123488.0,341866
341885,VCS3788,2024,5678.0,341886
341893,VCS3797,2024,87646.0,341894
341897,VCS3801,2024,485134.0,341898
341922,VCS3837,2024,2078.0,341923
341923,VCS3839,2024,21116.0,341924
341942,VCS3861,2024,53891.0,341943
341947,VCS3866,2024,175075.0,341948
341953,VCS3872,2024,144879.0,341954
341961,VCS3881,2024,3671.0,341962
341976,VCS3898,2024,71492.0,341977
341998,VCS3922,2024,12514.0,341999
342015,VCS3940,2024,132655.0,342016
342018,VCS3944,2024,35892.0,342019
342023,VCS3949,2024,24823.0,342024
342024,VCS3950,2024,58604.0,342025
342027,VCS3954,2024,3444.0,342028
342080,VCS4014,2024,41132.0,342081
342081,VCS4015,2024,6643.0,342082
342083,VCS4018,2024,32005.0,342084
342084,VCS4019,2024,8750.0,342085
342099,VCS4036,2024,20393.0,342100
342127,VCS4070,2024,14070.0,342128
342189,VCS4138,2024,123555.0,342190
342200,VCS4150,2024,5068621.0,342201
342242,VCS4196,2024,13173.0,342243
342249,VCS4205,2024,37150.0,342250
342261,VCS4223,2024,38422.0,342262
342267,VCS4229,2024,205769.0,342268
342276,VCS4238,2024,49092.0,342277
342287,VCS4250,2024,11376.0,342288
342303,VCS4268,2024,66708.0,342304
342314,VCS4279,2024,36551.0,342315
342323,VCS4288,2024,54112.0,342324
342324,VCS4289,2024,52007.0,342325
342363,VCS4334,2024,13345.0,342364
342364,VCS4335,2024,25105.0,342365
342396,VCS4367,2024,25700.0,342397
342412,VCS4383,2024,67637.0,342413
342439,VCS4412,2024,117186.0,342440
342449,VCS4423,2024,281946.0,342450
342474,VCS4457,2024,91875.0,342475
342484,VCS4469,2024,124827.0,342485
342485,VCS4472,2024,59544.0,342486
342520,VCS4511,2024,54285.0,342521
342548,VCS4544,2024,39229.0,342549
342562,VCS4559,2024,115119.0,342563
342716,VCS4745,2024,31565.0,342717
342779,VCS4824,2024,25418.0,342780
342889,VCS4971,2024,9200.0,342890
342890,VCS4972,2024,11485.0,342891
342891,VCS4973,2024,8346.0,342892
342892,VCS4974,2024,4206.0,342893
342893,VCS4975,2024,3583.0,342894
342894,VCS4976,2024,331.0,342895
342895,VCS4977,2024,3656.0,342896
342896,VCS4978,2024,2373.0,342897
342897,VCS4979,2024,373.0,342898
342940,VCS5037,2024,12507.0,342941
343889,ACR0173,2025,5783.0,343890
343912,ACR0200,2025,8540.0,343913
343951,ACR0247,2025,47543.0,343952
343953,ACR0249,2025,125410.0,343954
343963,ACR0259,2025,7908.0,343964
343972,ACR0268,2025,3231263.0,343973
343973,ACR0269,2025,232882.0,343974
343978,ACR0274,2025,204023.0,343979
343980,ACR0276,2025,38493.0,343981
343983,ACR0279,2025,15707.0,343984
343984,ACR0280,2025,81653.0,343985
343991,ACR0287,2025,171568.0,343992
344015,ACR0313,2025,9150.0,344016
344031,ACR0355,2025,6083.0,344032
344042,ACR0367,2025,104011.0,344043
344048,ACR0373,2025,71010.0,344049
344056,ACR0382,2025,84884.0,344057
344069,ACR0398,2025,10727.0,344070
344073,ACR0403,2025,8731.0,344074
344076,ACR0407,2025,179663.0,344077
344079,ACR0411,2025,76503.0,344080
344084,ACR0418,2025,6472.0,344085
344087,ACR0422,2025,91333.0,344088
344089,ACR0424,2025,25312.0,344090
344121,ACR0459,2025,109332.0,344122
344131,ACR0470,2025,6928.0,344132
344143,ACR0483,2025,11728.0,344144
344150,ACR0493,2025,79369.0,344151
344155,ACR0499,2025,320054.0,344156
344160,ACR0505,2025,14315.0,344161
344161,ACR0506,2025,112991.0,344162
344171,ACR0519,2025,58478.0,344172
344187,ACR0537,2025,146099.0,344188
344193,ACR0544,2025,42571.0,344194
344194,ACR0545,2025,57887.0,344195
344203,ACR0554,2025,40509.0,344204
344204,ACR0555,2025,4373651.0,344205
344207,ACR0558,2025,16522.0,344208
344214,ACR0569,2025,47565.0,344215
344216,ACR0571,2025,205113.0,344217
344217,ACR0572,2025,67054.0,344218
344219,ACR0574,2025,49675.0,344220
344220,ACR0576,2025,64663.0,344221
344222,ACR0578,2025,220262.0,344223
344230,ACR0586,2025,110776.0,344231
344231,ACR0587,2025,366061.0,344232
344238,ACR0594,2025,19733.0,344239
344250,ACR0607,2025,109696.0,344251
344252,ACR0609,2025,53060.0,344253
344253,ACR0610,2025,30703.0,344254
344254,ACR0611,2025,80515.0,344255
344256,ACR0614,2025,167883.0,344257
344258,ACR0616,2025,228380.0,344259
344259,ACR0617,2025,21130.0,344260
344269,ACR0628,2025,48584.0,344270
344271,ACR0630,2025,70862.0,344272
344274,ACR0633,2025,139846.0,344275
344275,ACR0634,2025,97573.0,344276
344277,ACR0637,2025,235905.0,344278
344278,ACR0638,2025,827892.0,344279
344284,ACR0644,2025,71960.0,344285
344290,ACR0650,2025,37778.0,344291
344291,ACR0651,2025,40664.0,344292
344303,ACR0664,2025,197380.0,344304
344307,ACR0669,2025,62542.0,344308
344312,ACR0674,2025,22981.0,344313
344313,ACR0675,2025,87803.0,344314
344317,ACR0679,2025,263714.0,344318
344320,ACR0682,2025,26209.0,344321
344322,ACR0684,2025,261614.0,344323
344326,ACR0690,2025,308861.0,344327
344330,ACR0694,2025,11103.0,344331
344333,ACR0699,2025,39365.0,344334
344336,ACR0704,2025,69486.0,344337
344337,ACR0705,2025,276646.0,344338
344341,ACR0709,2025,159331.0,344342
344343,ACR0716,2025,183578.0,344344
344344,ACR0718,2025,230747.0,344345
344345,ACR0720,2025,39140.0,344346
344346,ACR0721,2025,54245.0,344347
344349,ACR0729,2025,112381.0,344350
344351,ACR0731,2025,67734.0,344352
344355,ACR0735,2025,70815.0,344356
344361,ACR0741,2025,40141.0,344362
344369,ACR0752,2025,36038.0,344370
344371,ACR0754,2025,112206.0,344372
344377,ACR0761,2025,331363.0,344378
344391,ACR0778,2025,245934.0,344392
344394,ACR0782,2025,180383.0,344395
344398,ACR0790,2025,44384.0,344399
344401,ACR0793,2025,161712.0,344402
344402,ACR0794,2025,904574.0,344403
344403,ACR0795,2025,294699.0,344404
344404,ACR0796,2025,1107195.0,344405
344405,ACR0797,2025,1712931.0,344406
344407,ACR0800,2025,25279.0,344408
344408,ACR0801,2025,99096.0,344409
344409,ACR0802,2025,555753.0,344410
344413,ACR0806,2025,74391.0,344414
344415,ACR0808,2025,40053.0,344416
344416,ACR0809,2025,305869.0,344417
344418,ACR0811,2025,121261.0,344419
344428,ACR0821,2025,183881.0,344429
344429,ACR0822,2025,182169.0,344430
344447,ACR0842,2025,67192.0,344448
344450,ACR0845,2025,64444.0,344451
344453,ACR0848,2025,422844.0,344454
344455,ACR0850,2025,107916.0,344456
344456,ACR0851,2025,697611.0,344457
344457,ACR0852,2025,320017.0,344458
344459,ACR0855,2025,373528.0,344460
344460,ACR0856,2025,135097.0,344461
344463,ACR0860,2025,114291.0,344464
344466,ACR0863,2025,143190.0,344467
344467,ACR0864,2025,83544.0,344468
344468,ACR0865,2025,931747.0,344469
344469,ACR0866,2025,1339545.0,344470
344470,ACR0867,2025,149783.0,344471
344474,ACR0873,2025,179825.0,344475
344479,ACR0878,2025,150607.0,344480
344480,ACR0879,2025,197727.0,344481
344481,ACR0880,2025,96868.0,344482
344484,ACR0883,2025,70766.0,344485
344486,ACR0885,2025,355305.0,344487
344489,ACR0888,2025,184218.0,344490
344495,ACR0894,2025,457725.0,344496
344496,ACR0895,2025,129558.0,344497
344499,ACR0899,2025,87294.0,344500
344500,ACR0900,2025,673227.0,344501
344506,ACR0906,2025,64336.0,344507
344507,ACR0908,2025,91778.0,344508
344509,ACR0910,2025,212143.0,344510
344515,ACR0917,2025,29602.0,344516
344518,ACR0920,2025,80536.0,344519
344523,ACR0925,2025,278358.0,344524
344528,ACR0930,2025,78007.0,344529
344529,ACR0931,2025,118530.0,344530
344531,ACR0934,2025,59517.0,344532
344539,ACR0942,2025,233509.0,344540
344542,ACR0948,2025,153840.0,344543
344550,ACR0959,2025,92956.0,344551
344552,ACR0963,2025,558048.0,344553
344554,ACR0965,2025,8962.0,344555
344558,ACR0972,2025,68038.0,344559
344564,ACR0978,2025,85145.0,344565
344575,ACR0994,2025,770381.0,344576
344576,ACR0995,2025,282587.0,344577
344577,ACR0996,2025,1150192.0,344578
344578,ACR0997,2025,1603000.0,344579
344579,ACR0998,2025,731785.0,344580
344580,ACR0999,2025,230632.0,344581
344581,ACR1000,2025,1090133.0,344582
344582,ACR1001,2025,1568319.0,344583
344587,ACR1006,2025,27116.0,344588
344590,ACR1009,2025,31850.0,344591
344592,ACR1011,2025,6631.0,344593
344602,ACR1023,2025,989735.0,344603
344603,ACR1024,2025,78857.0,344604
344611,ACR1032,2025,83607.0,344612
344612,ACR1033,2025,61396.0,344613
344614,ACR1035,2025,25306.0,344615
344621,ACR1043,2025,271319.0,344622
344625,ACR1048,2025,59991.0,344626
344626,ACR1049,2025,128198.0,344627
344628,ACR1051,2025,6045.0,344629
344629,ACR1053,2025,386234.0,344630
344630,ACR1054,2025,153390.0,344631
344633,ACR1057,2025,57164.0,344634
344638,ACR1064,2025,1977.0,344639
344639,ACR1065,2025,31849.0,344640
344640,ACR1066,2025,1785534.0,344641
344647,ACR1076,2025,120685.0,344648
344649,ACR1078,2025,300953.0,344650
344653,ACR1088,2025,92410.0,344654
344655,ACR1090,2025,67943.0,344656
344656,ACR1092,2025,15664.0,344657
344657,ACR1093,2025,77942.0,344658
344658,ACR1094,2025,65523.0,344659
344660,ACR1097,2025,38162.0,344661
344663,ACR1100,2025,153201.0,344664
344664,ACR1102,2025,518943.0,344665
344665,ACR1103,2025,67978.0,344666
344666,ACR1104,2025,44918.0,344667
344667,ACR1106,2025,33727.0,344668
344668,ACR1107,2025,68178.0,344669
344669,ACR1108,2025,183975.0,344670
344670,ACR1109,2025,45693.0,344671
344671,ACR1110,2025,53346.0,344672
344672,ACR1111,2025,832441.0,344673
344673,ACR1113,2025,85269.0,344674
344674,ACR1114,2025,190939.0,344675
344676,ACR1116,2025,37975.0,344677
344677,ACR1117,2025,133280.0,344678
344678,ACR1118,2025,14773.0,344679
344682,ACR1123,2025,75540.0,344683
344683,ACR1124,2025,198196.0,344684
344684,ACR1125,2025,2538235.0,344685
344687,ACR1129,2025,261826.0,344688
344688,ACR1130,2025,55715.0,344689
344691,ACR1133,2025,77286.0,344692
344696,ACR1138,2025,29038.0,344697
344698,ACR1140,2025,82296.0,344699
344705,ACR1147,2025,59104.0,344706
344706,ACR1148,2025,38309.0,344707
344707,ACR1149,2025,82618.0,344708
344708,ACR1150,2025,33705.0,344709
344709,ACR1151,2025,122026.0,344710
344710,ACR1152,2025,881920.0,344711
344715,ACR1158,2025,23812.0,344716
344720,ACR1163,2025,61040.0,344721
344721,ACR1164,2025,35871.0,344722
344722,ACR1165,2025,161985.0,344723
344726,ACR1169,2025,284077.0,344727
344728,ACR1172,2025,48686.0,344729
344729,ACR1173,2025,87275.0,344730
344750,ACR1194,2025,161385.0,344751
344752,ACR1196,2025,35413.0,344753
344755,ACR1200,2025,1690094.0,344756
344823,ART0102,2025,17818852.0,344824
344857,CAR398,2025,256003.0,344858
344862,CAR406,2025,43952.0,344863
344867,CAR416,2025,3509.0,344868
344870,CAR422,2025,29618.0,344871
344874,CAR429,2025,182085.0,344875
344879,CAR436,2025,86699.0,344880
344900,CAR465,2025,60461.0,344901
344906,CAR473,2025,81902.0,344907
344908,CAR475,2025,98907.0,344909
344923,CAR491,2025,9194.0,344924
344924,CAR495,2025,21689.0,344925
344936,CAR512,2025,88872.0,344937
344938,CAR514,2025,48697.0,344939
344939,CAR515,2025,8445.0,344940
344940,CAR516,2025,26591.0,344941
344941,CAR517,2025,75523.0,344942
344942,CAR521,2025,133738.0,344943
344943,CAR522,2025,47270.0,344944
344944,CAR531,2025,12381.0,344945
344953,CAR558,2025,170854.0,344954
344956,CAR574,2025,7682.0,344957
344966,CAR592,2025,108830.0,344967
344986,CAR639,2025,759882.0,344987
344998,CAR674,2025,242419.0,344999
344999,CAR676,2025,7685.0,345000
345001,CAR683,2025,12073.0,345002
345014,CAR768,2025,506446.0,345015
345027,CAR790,2025,73561.0,345028
345034,CAR802,2025,9260.0,345035
345039,CAR811,2025,84227.0,345040
345048,CAR825,2025,15817.0,345049
345057,CAR838,2025,74956.0,345058
345062,CAR866,2025,29667.0,345063
345066,CAR881,2025,28060.0,345067
345069,CAR886,2025,3449.0,345070
345071,CAR888,2025,15050.0,345072
345078,CAR911,2025,60015.0,345079
345079,CAR917,2025,24013.0,345080
345094,CAR957,2025,9745.0,345095
345100,CAR973,2025,263003.0,345101
345108,CAR988,2025,9310.0,345109
345115,CAR996,2025,16499.0,345116
345125,CAR1008,2025,22770.0,345126
345155,CAR1050,2025,22452.0,345156
345170,CAR1070,2025,722459.0,345171
345184,CAR1086,2025,56887.0,345185
345194,CAR1096,2025,13261.0,345195
345196,CAR1098,2025,101728.0,345197
345197,CAR1099,2025,78266.0,345198
345198,CAR1100,2025,64989.0,345199
345201,CAR1103,2025,38902.0,345202
345203,CAR1105,2025,301169.0,345204
345207,CAR1110,2025,271855.0,345208
345228,CAR1132,2025,5145.0,345229
345229,CAR1133,2025,1890.0,345230
345235,CAR1139,2025,169679.0,345236
345241,CAR1145,2025,12757.0,345242
345245,CAR1152,2025,17909.0,345246
345267,CAR1175,2025,210575.0,345268
345272,CAR1180,2025,72445.0,345273
345294,CAR1204,2025,8370.0,345295
345298,CAR1208,2025,-2292.0,345299
345299,CAR1209,2025,21051.0,345300
345312,CAR1233,2025,5078.0,345313
345325,CAR1246,2025,7229.0,345326
345326,CAR1247,2025,20018.0,345327
345336,CAR1259,2025,8676.0,345337
345337,CAR1260,2025,2983.0,345338
345342,CAR1265,2025,60487.0,345343
345350,CAR1275,2025,18508.0,345351
345356,CAR1281,2025,23098.0,345357
345359,CAR1284,2025,9531.0,345360
345360,CAR1285,2025,3579.0,345361
345389,CAR1316,2025,1.0,345390
345403,CAR1332,2025,8787.0,345404
345406,CAR1335,2025,323015.0,345407
345407,CAR1336,2025,170232.0,345408
345413,CAR1344,2025,33370.0,345414
345445,CAR1381,2025,473696.0,345446
345447,CAR1384,2025,171792.0,345448
345467,CAR1409,2025,1058456.0,345468
345476,CAR1429,2025,5255.0,345477
345486,CAR1442,2025,221914.0,345487
345498,CAR1455,2025,119602.0,345499
345501,CAR1459,2025,539060.0,345502
345514,CAR1480,2025,6665413.0,345515
345526,CAR1494,2025,12951.0,345527
345527,CAR1495,2025,6311.0,345528
345528,CAR1496,2025,14441.0,345529
345529,CAR1497,2025,38991.0,345530
345536,CAR1508,2025,13913.0,345537
345537,CAR1509,2025,19318.0,345538
345538,CAR1510,2025,17656.0,345539
345539,CAR1511,2025,786.0,345540
345540,CAR1513,2025,33996.0,345541
345543,CAR1517,2025,14335.0,345544
345555,CAR1535,2025,476.0,345556
345556,CAR1536,2025,808.0,345557
345557,CAR1537,2025,6296.0,345558
345558,CAR1538,2025,337.0,345559
345560,CAR1540,2025,137.0,345561
345561,CAR1542,2025,15139.0,345562
345562,CAR1543,2025,4788.0,345563
345563,CAR1544,2025,12970.0,345564
345573,CAR1554,2025,80033.0,345574
345579,CAR1562,2025,31088.0,345580
345584,CAR1568,2025,776306.0,345585
345589,CAR1573,2025,8663.0,345590
345597,CAR1584,2025,159111.0,345598
345598,CAR1585,2025,18433.0,345599
345605,CAR1593,2025,90487.0,345606
345606,CAR1594,2025,32674.0,345607
345607,CAR1595,2025,9644.0,345608
345608,CAR1596,2025,6762.0,345609
345616,CAR1606,2025,17481.0,345617
345618,CAR1608,2025,18071.0,345619
345624,CAR1614,2025,315950.0,345625
345631,CAR1621,2025,19306.0,345632
345632,CAR1622,2025,61113.0,345633
345633,CAR1623,2025,48259.0,345634
345634,CAR1624,2025,140843.0,345635
345638,CAR1629,2025,9498.0,345639
345640,CAR1632,2025,4679.0,345641
345641,CAR1633,2025,5922.0,345642
345647,CAR1642,2025,34509.0,345648
345648,CAR1643,2025,2963.0,345649
345650,CAR1645,2025,18809.0,345651
345651,CAR1648,2025,127914.0,345652
345654,CAR1651,2025,16740.0,345655
345656,CAR1653,2025,14015.0,345657
345658,CAR1655,2025,491996.0,345659
345659,CAR1657,2025,21328.0,345660
345661,CAR1659,2025,31543.0,345662
345662,CAR1660,2025,95605.0,345663
345663,CAR1661,2025,30933.0,345664
345665,CAR1663,2025,228084.0,345666
345666,CAR1664,2025,30044.0,345667
345671,CAR1674,2025,347400.0,345672
345672,CAR1675,2025,6883.0,345673
345682,CAR1690,2025,7500.0,345683
345685,CAR1696,2025,102609.0,345686
345686,CAR1704,2025,20764.0,345687
345687,CAR1710,2025,62491.0,345688
345703,CAR1728,2025,13230.0,345704
345707,CAR1735,2025,8265.0,345708
345708,CAR1736,2025,3820.0,345709
345709,CAR1737,2025,2960.0,345710
345710,CAR1739,2025,333554.0,345711
345714,CAR1745,2025,41271.0,345715
345715,CAR1746,2025,43182.0,345716
345716,CAR1747,2025,54319.0,345717
345717,CAR1748,2025,60460.0,345718
345718,CAR1749,2025,30475.0,345719
345719,CAR1767,2025,31176.0,345720
345737,CAR1790,2025,18230.0,345738
345745,CAR1801,2025,7794.0,345746
345746,CAR1802,2025,4413.0,345747
345749,CAR1808,2025,4046.0,345750
345756,CAR1817,2025,7877.0,345757
345759,CAR1820,2025,169012.0,345760
345767,CAR1829,2025,48822.0,345768
345768,CAR1830,2025,25101.0,345769
345769,CAR1831,2025,18531.0,345770
345771,CAR1834,2025,16352.0,345772
345773,CAR1842,2025,5807.0,345774
345774,CAR1843,2025,106852.0,345775
345778,CAR1850,2025,328654.0,345779
345779,CAR1851,2025,90315.0,345780
345781,CAR1853,2025,59679.0,345782
345782,CAR1854,2025,3761.0,345783
345783,CAR1855,2025,969.0,345784
345784,CAR1856,2025,6458.0,345785
345787,CAR1859,2025,66849.0,345788
345789,CAR1861,2025,2921.0,345790
345798,CAR1871,2025,32685.0,345799
345800,CAR1873,2025,4821.0,345801
345802,CAR1875,2025,35069.0,345803
345803,CAR1876,2025,63900.0,345804
345804,CAR1877,2025,20625.0,345805
345805,CAR1883,2025,8189.0,345806
345806,CAR1884,2025,8938.0,345807
345808,CAR1889,2025,35994.0,345809
345809,CAR1893,2025,40366.0,345810
345810,CAR1894,2025,47520.0,345811
345812,CAR1896,2025,59670.0,345813
345813,CAR1897,2025,69830.0,345814
345815,CAR1899,2025,36654.0,345816
345819,CAR1908,2025,1168.0,345820
345821,CAR1913,2025,428848.0,345822
345822,CAR1915,2025,9153.0,345823
345823,CAR1921,2025,29270.0,345824
345824,CAR1922,2025,32893.0,345825
345825,CAR1924,2025,67170.0,345826
345826,CAR1925,2025,20952.0,345827
345827,CAR1926,2025,8669.0,345828
345828,CAR1927,2025,26108.0,345829
345843,CAR1944,2025,51365.0,345844
345845,CAR1946,2025,99772.0,345846
345846,CAR1948,2025,10129.0,345847
345850,CAR1952,2025,17810.0,345851
345853,CAR1955,2025,7896.0,345854
345854,CAR1956,2025,12446.0,345855
345857,CAR1959,2025,163476.0,345858
345860,CAR1962,2025,16433.0,345861
345862,CAR1964,2025,19679.0,345863
345875,CAR1982,2025,1184.0,345876
345876,CAR1983,2025,6028.0,345877
345877,CAR1984,2025,17835.0,345878
345878,CAR1985,2025,4543.0,345879
345879,CAR1986,2025,2463.0,345880
345880,CAR1989,2025,64464.0,345881
345881,CAR1990,2025,66617.0,345882
345883,CAR1995,2025,60449.0,345884
345884,CAR1998,2025,13409.0,345885
345885,CAR1999,2025,12512.0,345886
345886,CAR2000,2025,9094.0,345887
345887,CAR2001,2025,6963.0,345888
345888,CAR2002,2025,2285.0,345889
345913,CAR2029,2025,105246.0,345914
345918,CAR2036,2025,3631.0,345919
345919,CAR2039,2025,198475.0,345920
345920,CAR2040,2025,4714.0,345921
345921,CAR2041,2025,8189.0,345922
345922,CAR2042,2025,5209.0,345923
345927,CAR2047,2025,11355.0,345928
345931,CAR2051,2025,4094.0,345932
345932,CAR2052,2025,3026.0,345933
345933,CAR2054,2025,183994.0,345934
345934,CAR2055,2025,5937.0,345935
345935,CAR2056,2025,260294.0,345936
345936,CAR2057,2025,43934.0,345937
345937,CAR2058,2025,71264.0,345938
345939,CAR2060,2025,266573.0,345940
345940,CAR2061,2025,73504.0,345941
345957,CAR2080,2025,1563.0,345958
345961,CAR2084,2025,15579.0,345962
345965,CAR2088,2025,36220.0,345966
345967,CAR2090,2025,29696.0,345968
345968,CAR2091,2025,337485.0,345969
345969,CAR2092,2025,220149.0,345970
345984,CAR2108,2025,36996.0,345985
345988,CAR2112,2025,147508.0,345989
345989,CAR2113,2025,73186.0,345990
345990,CAR2114,2025,286753.0,345991
345994,CAR2119,2025,36319.0,345995
346020,CAR2152,2025,138000.0,346021
346021,CAR2153,2025,315246.0,346022
346025,CAR2157,2025,51771.0,346026
346140,GS347,2025,97965.0,346141
346142,GS352,2025,263752.0,346143
346143,GS353,2025,18682.0,346144
346145,GS367,2025,320334.0,346146
346146,GS368,2025,111875.0,346147
346147,GS369,2025,107333.0,346148
346151,GS388,2025,101826.0,346152
346156,GS398,2025,618946.0,346157
346172,GS437,2025,52254.0,346173
346173,GS438,2025,22493.0,346174
346174,GS439,2025,54204.0,346175
346178,GS447,2025,1053669.0,346179
346186,GS464,2025,356975.0,346187
346190,GS474,2025,368294.0,346191
346198,GS504,2025,74377.0,346199
346215,GS567,2025,71044.0,346216
346219,GS575,2025,176846.0,346220
346220,GS576,2025,34125.0,346221
346222,GS578,2025,91297.0,346223
346227,GS601,2025,51825.0,346228
346230,GS608,2025,663711.0,346231
346238,GS617,2025,376319.0,346239
346269,GS685,2025,21724.0,346270
346276,GS702,2025,94598.0,346277
346286,GS729,2025,17567.0,346287
346292,GS744,2025,250356.0,346293
346299,GS753,2025,208894.0,346300
346302,GS764,2025,37177.0,346303
346305,GS769,2025,293902.0,346306
346335,GS828,2025,73237.0,346336
346344,GS845,2025,104936.0,346345
346363,GS872,2025,16311.0,346364
346383,GS913,2025,19060.0,346384
346395,GS935,2025,346560.0,346396
346397,GS939,2025,7222.0,346398
346401,GS950,2025,103134.0,346402
346412,GS971,2025,875574.0,346413
346440,GS1015,2025,46729.0,346441
346444,GS1020,2025,35018.0,346445
346445,GS1021,2025,35575.0,346446
346466,GS1044,2025,76725.0,346467
346472,GS1054,2025,216022.0,346473
346476,GS1060,2025,35133.0,346477
346481,GS1067,2025,154412.0,346482
346482,GS1068,2025,122614.0,346483
346486,GS1074,2025,22985.0,346487
346494,GS1090,2025,94414.0,346495
346495,GS1091,2025,203742.0,346496
346502,GS1098,2025,8945.0,346503
346503,GS1100,2025,7605.0,346504
346504,GS1101,2025,8680.0,346505
346506,GS1103,2025,8176.0,346507
346507,GS1104,2025,7567.0,346508
346515,GS1117,2025,29724.0,346516
346518,GS1124,2025,7724.0,346519
346520,GS1128,2025,47622.0,346521
346530,GS1160,2025,55157.0,346531
346539,GS1173,2025,30563.0,346540
346540,GS1174,2025,45098.0,346541
346542,GS1178,2025,66623.0,346543
346550,GS1191,2025,11295.0,346551
346563,GS1207,2025,107385.0,346564
346564,GS1208,2025,72284.0,346565
346569,GS1223,2025,161394.0,346570
346575,GS1230,2025,12708.0,346576
346580,GS1237,2025,153369.0,346581
346585,GS1242,2025,166873.0,346586
346587,GS1244,2025,57920.0,346588
346606,GS1296,2025,10000.0,346607
346611,GS1303,2025,84483.0,346612
346625,GS1318,2025,325502.0,346626
346628,GS1322,2025,236160.0,346629
346636,GS1333,2025,42565.0,346637
346654,GS1359,2025,2590.0,346655
346656,GS1363,2025,81947.0,346657
346657,GS1364,2025,146221.0,346658
346671,GS1382,2025,134795.0,346672
346678,GS1688,2025,51589.0,346679
346682,GS1693,2025,2375.0,346683
346683,GS1694,2025,2375.0,346684
346684,GS1695,2025,2375.0,346685
346685,GS1696,2025,2375.0,346686
346686,GS1697,2025,2375.0,346687
346687,GS1698,2025,2375.0,346688
346688,GS1699,2025,2375.0,346689
346689,GS1700,2025,2375.0,346690
346690,GS1701,2025,2375.0,346691
346691,GS1702,2025,2375.0,346692
346692,GS1703,2025,2375.0,346693
346693,GS1704,2025,2375.0,346694
346694,GS1705,2025,2375.0,346695
346695,GS1706,2025,2375.0,346696
346696,GS1707,2025,2375.0,346697
346697,GS1708,2025,2375.0,346698
346698,GS1709,2025,2375.0,346699
346699,GS1710,2025,2375.0,346700
346700,GS1711,2025,2375.0,346701
346701,GS1712,2025,2375.0,346702
346702,GS1713,2025,2375.0,346703
346703,GS1714,2025,2375.0,346704
346704,GS1715,2025,2375.0,346705
346705,GS1716,2025,2375.0,346706
346706,GS1717,2025,2375.0,346707
346707,GS1718,2025,2375.0,346708
346708,GS1719,2025,2375.0,346709
346709,GS1720,2025,2375.0,346710
346710,GS1721,2025,2375.0,346711
346711,GS1722,2025,2375.0,346712
346712,GS1723,2025,2375.0,346713
346713,GS1724,2025,2375.0,346714
346714,GS1725,2025,2375.0,346715
346715,GS1726,2025,2472.0,346716
346716,GS1727,2025,2375.0,346717
346717,GS1728,2025,2375.0,346718
346719,GS1730,2025,2375.0,346720
346720,GS1731,2025,2375.0,346721
346721,GS1732,2025,2375.0,346722
346722,GS1733,2025,2375.0,346723
346723,GS1734,2025,2375.0,346724
346724,GS1735,2025,2375.0,346725
346725,GS1736,2025,2375.0,346726
346726,GS1737,2025,2375.0,346727
346727,GS1738,2025,2375.0,346728
346728,GS1739,2025,2472.0,346729
346729,GS1740,2025,2472.0,346730
346730,GS1741,2025,2472.0,346731
346731,GS1742,2025,2472.0,346732
346732,GS1743,2025,2472.0,346733
346733,GS1744,2025,1799.0,346734
346734,GS1745,2025,2415.0,346735
346738,GS1890,2025,277099.0,346739
346740,GS2088,2025,109235.0,346741
346745,GS2094,2025,736170.0,346746
346746,GS2095,2025,105000.0,346747
346756,GS2296,2025,745505.0,346757
346791,GS2435,2025,44524.0,346792
346794,GS2439,2025,10365.0,346795
346795,GS2440,2025,1160.0,346796
346796,GS2441,2025,78406.0,346797
346806,GS2457,2025,81052.0,346807
346812,GS2468,2025,41835.0,346813
346815,GS2475,2025,175087.0,346816
346819,GS2479,2025,1833.0,346820
346820,GS2480,2025,2213.0,346821
346821,GS2481,2025,2654.0,346822
346864,GS2543,2025,112043.0,346865
346865,GS2544,2025,243948.0,346866
346866,GS2545,2025,201770.0,346867
346867,GS2546,2025,185760.0,346868
346875,GS2566,2025,9026.0,346876
346876,GS2567,2025,8671.0,346877
346877,GS2568,2025,8671.0,346878
346878,GS2569,2025,8671.0,346879
346879,GS2570,2025,8671.0,346880
346880,GS2571,2025,8671.0,346881
346881,GS2572,2025,8671.0,346882
346882,GS2573,2025,8671.0,346883
346883,GS2574,2025,8671.0,346884
346884,GS2575,2025,8671.0,346885
346885,GS2576,2025,8671.0,346886
346886,GS2577,2025,9026.0,346887
346887,GS2578,2025,8671.0,346888
346888,GS2579,2025,8671.0,346889
346889,GS2580,2025,8698.0,346890
346890,GS2581,2025,8671.0,346891
346891,GS2582,2025,8671.0,346892
346892,GS2583,2025,8671.0,346893
346893,GS2584,2025,8671.0,346894
346894,GS2585,2025,6428.0,346895
346921,GS2681,2025,31818.0,346922
346923,GS2683,2025,276630.0,346924
346925,GS2685,2025,39329.0,346926
346926,GS2686,2025,43504.0,346927
346927,GS2687,2025,46821.0,346928
346948,GS2750,2025,70996.0,346949
346950,GS2758,2025,181050.0,346951
346951,GS2763,2025,360143.0,346952
346968,GS2940,2025,572434.0,346969
346975,GS3015,2025,228296.0,346976
346979,GS3024,2025,10000.0,346980
346985,GS3031,2025,4977.0,346986
346987,GS3041,2025,241284.0,346988
346990,GS3077,2025,163028.0,346991
346995,GS3105,2025,17704.0,346996
346996,GS3106,2025,19453.0,346997
346997,GS3107,2025,18214.0,346998
346998,GS3108,2025,18012.0,346999
346999,GS3109,2025,57967.0,347000
347002,GS3113,2025,54833.0,347003
347003,GS3114,2025,59027.0,347004
347005,GS3116,2025,65214.0,347006
347010,GS3253,2025,590355.0,347011
347016,GS3262,2025,6396.0,347017
347048,GS3405,2025,35208.0,347049
347051,GS3410,2025,56905.0,347052
347052,GS3411,2025,46727.0,347053
347063,GS3434,2025,667744.0,347064
347064,GS3443,2025,5480.0,347065
347066,GS3445,2025,15419.0,347067
347081,GS3509,2025,6534.0,347082
347084,GS3512,2025,222450.0,347085
347101,GS3551,2025,236616.0,347102
347103,GS3556,2025,26600.0,347104
347105,GS3560,2025,18886.0,347106
347106,GS3561,2025,18397.0,347107
347110,GS3566,2025,60097.0,347111
347111,GS3567,2025,319263.0,347112
347113,GS3588,2025,8671.0,347114
347114,GS3589,2025,8671.0,347115
347115,GS3590,2025,9026.0,347116
347116,GS3591,2025,8671.0,347117
347117,GS3592,2025,8671.0,347118
347118,GS3593,2025,8671.0,347119
347119,GS3594,2025,8671.0,347120
347120,GS3595,2025,9026.0,347121
347121,GS3596,2025,6944.0,347122
347122,GS3597,2025,8692.0,347123
347123,GS3598,2025,9026.0,347124
347124,GS3599,2025,8754.0,347125
347125,GS3600,2025,8671.0,347126
347126,GS3601,2025,8703.0,347127
347133,GS3626,2025,9649.0,347134
347140,GS3705,2025,155939.0,347141
347146,GS3906,2025,28180.0,347147
347162,GS3965,2025,34729.0,347163
347163,GS3966,2025,35099.0,347164
347168,GS3976,2025,244191.0,347169
347169,GS3992,2025,278907.0,347170
347171,GS4014,2025,9432.0,347172
347173,GS4036,2025,6447.0,347174
347189,GS4221,2025,269960.0,347190
347192,GS4238,2025,71056.0,347193
347197,GS4259,2025,35786.0,347198
347198,GS4260,2025,1456.0,347199
347199,GS4261,2025,37878.0,347200
347201,GS4265,2025,71888.0,347202
347203,GS4269,2025,22320.0,347204
347208,GS4288,2025,14529.0,347209
347210,GS4290,2025,38255.0,347211
347214,GS4364,2025,13235.0,347215
347247,GS4422,2025,8154.0,347248
347248,GS4423,2025,8165.0,347249
347251,GS4426,2025,64730.0,347252
347260,GS4518,2025,8157.0,347261
347261,GS4519,2025,8522.0,347262
347262,GS4530,2025,19063.0,347263
347274,GS4557,2025,344355.0,347275
347279,GS4593,2025,2873.0,347280
347295,GS4702,2025,19301.0,347296
347299,GS4797,2025,8121.0,347300
347300,GS4798,2025,8262.0,347301
347301,GS4799,2025,17108.0,347302
347310,GS4875,2025,27511.0,347311
347320,GS4922,2025,86518.0,347321
347360,GS5125,2025,94928.0,347361
347376,GS5228,2025,17241.0,347377
347377,GS5229,2025,263263.0,347378
347379,GS5244,2025,8602.0,347380
347380,GS5245,2025,8413.0,347381
347381,GS5256,2025,20732.0,347382
347384,GS5303,2025,10955.0,347385
347389,GS5312,2025,11083.0,347390
347398,GS5325,2025,6876.0,347399
347399,GS5326,2025,8697.0,347400
347400,GS5329,2025,15061.0,347401
347401,GS5330,2025,18196.0,347402
347402,GS5331,2025,14153.0,347403
347403,GS5332,2025,12837.0,347404
347404,GS5335,2025,12167.0,347405
347405,GS5336,2025,11898.0,347406
347406,GS5337,2025,12854.0,347407
347407,GS5338,2025,5143.0,347408
347408,GS5339,2025,5032.0,347409
347409,GS5340,2025,5498.0,347410
347410,GS5341,2025,5332.0,347411
347411,GS5342,2025,4800.0,347412
347412,GS5343,2025,5244.0,347413
347413,GS5344,2025,5260.0,347414
347415,GS5377,2025,56658.0,347416
347418,GS5391,2025,13714.0,347419
347428,GS5434,2025,5258.0,347429
347429,GS5437,2025,4802.0,347430
347430,GS5438,2025,5034.0,347431
347431,GS5439,2025,5039.0,347432
347432,GS5440,2025,4689.0,347433
347433,GS5441,2025,4160.0,347434
347436,GS5444,2025,10000.0,347437
347440,GS5523,2025,214004.0,347441
347444,GS5574,2025,15849.0,347445
347445,GS5575,2025,92384.0,347446
347458,GS5642,2025,315956.0,347459
347459,GS5643,2025,14863.0,347460
347468,GS5698,2025,206338.0,347469
347472,GS5781,2025,4762.0,347473
347473,GS5782,2025,5251.0,347474
347474,GS5783,2025,6874.0,347475
347478,GS5801,2025,10124.0,347479
347496,GS5889,2025,8096.0,347497
347497,GS5890,2025,6982.0,347498
347498,GS5891,2025,7807.0,347499
347499,GS5892,2025,8228.0,347500
347501,GS5920,2025,144349.0,347502
347505,GS5951,2025,4059.0,347506
347506,GS5952,2025,3538.0,347507
347507,GS5953,2025,3314.0,347508
347508,GS5954,2025,3574.0,347509
347509,GS5955,2025,3052.0,347510
347510,GS5983,2025,211376.0,347511
347515,GS6008,2025,7950.0,347516
347522,GS6041,2025,6814.0,347523
347523,GS6042,2025,6177.0,347524
347555,GS6152,2025,8454.0,347556
347557,GS6189,2025,6031.0,347558
347558,GS6193,2025,525609.0,347559
347560,GS6235,2025,26438.0,347561
347561,GS6236,2025,6237.0,347562
347562,GS6237,2025,5355.0,347563
347564,GS6256,2025,106895.0,347565
347571,GS6289,2025,19007.0,347572
347572,GS6290,2025,512411.0,347573
347573,GS6301,2025,46637.0,347574
347577,GS6349,2025,5840.0,347578
347578,GS6350,2025,5696.0,347579
347579,GS6351,2025,5972.0,347580
347583,GS6395,2025,66489.0,347584
347587,GS6419,2025,8160.0,347588
347588,GS6420,2025,7844.0,347589
347595,GS6503,2025,116943.0,347596
347608,GS6598,2025,106876.0,347609
347612,GS6607,2025,57288.0,347613
347631,GS6830,2025,4827.0,347632
347639,GS6854,2025,58720.0,347640
347642,GS6857,2025,24037.0,347643
347649,GS6998,2025,5586.0,347650
347650,GS6999,2025,87687.0,347651
347651,GS7002,2025,49682.0,347652
347652,GS7049,2025,176567.0,347653
347653,GS7071,2025,430919.0,347654
347660,GS7112,2025,6272.0,347661
347661,GS7128,2025,26738.0,347662
347665,GS7132,2025,9469.0,347666
347666,GS7133,2025,11041.0,347667
347667,GS7134,2025,8697.0,347668
347668,GS7135,2025,7720.0,347669
347669,GS7136,2025,11617.0,347670
347675,GS7147,2025,5107.0,347676
347676,GS7148,2025,6221.0,347677
347677,GS7149,2025,5457.0,347678
347678,GS7150,2025,5361.0,347679
347680,GS7152,2025,885807.0,347681
347690,GS7293,2025,8139.0,347691
347706,GS7356,2025,18225.0,347707
347708,GS7362,2025,5939.0,347709
347709,GS7363,2025,6702.0,347710
347710,GS7364,2025,7144.0,347711
347711,GS7365,2025,7539.0,347712
347712,GS7366,2025,6826.0,347713
347719,GS7391,2025,10000.0,347720
347723,GS7395,2025,4510.0,347724
347724,GS7396,2025,5564.0,347725
347725,GS7397,2025,6299.0,347726
347726,GS7398,2025,5220.0,347727
347727,GS7399,2025,5209.0,347728
347728,GS7400,2025,5653.0,347729
347729,GS7401,2025,6215.0,347730
347732,GS7435,2025,591.0,347733
347734,GS7437,2025,7863.0,347735
347758,GS7468,2025,881410.0,347759
347760,GS7470,2025,8719.0,347761
347761,GS7471,2025,8531.0,347762
347762,GS7472,2025,9121.0,347763
347763,GS7473,2025,11760.0,347764
347764,GS7474,2025,12068.0,347765
347783,GS7493,2025,15082.0,347784
347786,GS7497,2025,141800.0,347787
347794,GS7506,2025,13377.0,347795
347795,GS7507,2025,13309.0,347796
347798,GS7510,2025,32716.0,347799
347800,GS7513,2025,28476.0,347801
347814,GS7527,2025,536703.0,347815
347815,GS7528,2025,25482.0,347816
347819,GS7532,2025,222529.0,347820
347820,GS7533,2025,198496.0,347821
347824,GS7538,2025,299425.0,347825
347834,GS7548,2025,113457.0,347835
347842,GS7556,2025,7026.0,347843
347843,GS7557,2025,48855.0,347844
347858,GS7572,2025,267855.0,347859
347859,GS7574,2025,3206.0,347860
347877,GS7592,2025,53816.0,347878
347878,GS7593,2025,49652.0,347879
347879,GS7594,2025,49379.0,347880
347880,GS7595,2025,49693.0,347881
347881,GS7596,2025,34499.0,347882
347901,GS7616,2025,86057.0,347902
347905,GS7622,2025,115278.0,347906
347910,GS7627,2025,309019.0,347911
347913,GS7630,2025,81728.0,347914
347920,GS7637,2025,70849.0,347921
347921,GS7638,2025,70849.0,347922
347922,GS7639,2025,70849.0,347923
347923,GS7640,2025,70849.0,347924
347924,GS7641,2025,70849.0,347925
347925,GS7642,2025,70849.0,347926
347926,GS7643,2025,70849.0,347927
347927,GS7644,2025,70849.0,347928
347928,GS7645,2025,70849.0,347929
347929,GS7646,2025,70849.0,347930
347930,GS7647,2025,70849.0,347931
347931,GS7648,2025,70849.0,347932
347932,GS7649,2025,70849.0,347933
347933,GS7650,2025,70849.0,347934
347934,GS7651,2025,70849.0,347935
347935,GS7652,2025,167887.0,347936
347938,GS7666,2025,36467.0,347939
347940,GS7669,2025,140021.0,347941
347941,GS7671,2025,4620.0,347942
347942,GS7672,2025,5137.0,347943
347947,GS7677,2025,111345.0,347948
347948,GS7678,2025,999168.0,347949
347962,GS7692,2025,86658.0,347963
347990,GS7720,2025,1425294.0,347991
347991,GS7721,2025,549062.0,347992
347993,GS7723,2025,831304.0,347994
347994,GS7724,2025,465575.0,347995
347996,GS7726,2025,654490.0,347997
347997,GS7727,2025,762904.0,347998
347998,GS7731,2025,57247.0,347999
348002,GS7735,2025,83177.0,348003
348004,GS7737,2025,54643.0,348005
348006,GS7739,2025,421567.0,348007
348008,GS7741,2025,251465.0,348009
348009,GS7742,2025,236816.0,348010
348011,GS7744,2025,203552.0,348012
348025,GS7760,2025,1876194.0,348026
348027,GS7762,2025,23717.0,348028
348031,GS7775,2025,145705.0,348032
348034,GS7783,2025,64961.0,348035
348038,GS7788,2025,59500.0,348039
348039,GS7789,2025,186772.0,348040
348044,GS7794,2025,34811.0,348045
348051,GS7801,2025,314506.0,348052
348066,GS10466,2025,10828.0,348067
348067,GS10529,2025,132211.0,348068
348091,GS10710,2025,79706.0,348092
348104,GS10725,2025,9671.0,348105
348105,GS10726,2025,10000.0,348106
348114,GS10735,2025,16628.0,348115
348115,GS10736,2025,17005.0,348116
348116,GS10737,2025,10785.0,348117
348124,GS10778,2025,10000.0,348125
348125,GS10779,2025,10000.0,348126
348126,GS10780,2025,10000.0,348127
348127,GS10781,2025,10000.0,348128
348133,GS10788,2025,13020.0,348134
348135,GS10790,2025,234205.0,348136
348136,GS10791,2025,325476.0,348137
348137,GS10792,2025,146597.0,348138
348141,GS10796,2025,1578.0,348142
348142,GS10797,2025,60905.0,348143
348144,GS10799,2025,9842.0,348145
348145,GS10800,2025,9534.0,348146
348146,GS10801,2025,10000.0,348147
348147,GS10802,2025,9769.0,348148
348148,GS10803,2025,10000.0,348149
348149,GS10804,2025,10000.0,348150
348150,GS10805,2025,8999.0,348151
348153,GS10808,2025,37110.0,348154
348154,GS10809,2025,30164.0,348155
348157,GS10812,2025,71865.0,348158
348158,GS10813,2025,64950.0,348159
348161,GS10821,2025,37240.0,348162
348163,GS10823,2025,4750.0,348164
348165,GS10825,2025,37240.0,348166
348172,GS10832,2025,1335.0,348173
348177,GS10869,2025,44878.0,348178
348178,GS10872,2025,6113.0,348179
348179,GS10873,2025,6870.0,348180
348184,GS10878,2025,108777.0,348185
348185,GS10879,2025,129671.0,348186
348187,GS10885,2025,42913.0,348188
348188,GS10886,2025,50834.0,348189
348189,GS10887,2025,25827.0,348190
348190,GS10888,2025,22485.0,348191
348191,GS10889,2025,34611.0,348192
348192,GS10890,2025,39618.0,348193
348194,GS10897,2025,2749.0,348195
348197,GS10900,2025,17639.0,348198
348198,GS10901,2025,14880.0,348199
348199,GS10902,2025,16668.0,348200
348200,GS10903,2025,50677.0,348201
348201,GS10904,2025,54850.0,348202
348202,GS10905,2025,59859.0,348203
348203,GS10906,2025,55856.0,348204
348204,GS10907,2025,38167.0,348205
348205,GS10908,2025,38167.0,348206
348206,GS10909,2025,38279.0,348207
348207,GS10910,2025,40399.0,348208
348208,GS10911,2025,35598.0,348209
348209,GS10912,2025,35598.0,348210
348210,GS10913,2025,35972.0,348211
348211,GS10914,2025,37031.0,348212
348212,GS10915,2025,28485.0,348213
348213,GS10916,2025,28485.0,348214
348214,GS10917,2025,28485.0,348215
348215,GS10918,2025,28485.0,348216
348216,GS10919,2025,13293.0,348217
348217,GS10920,2025,13293.0,348218
348218,GS10921,2025,12987.0,348219
348219,GS10922,2025,10000.0,348220
348220,GS10923,2025,10000.0,348221
348221,GS10924,2025,9040.0,348222
348222,GS10925,2025,8147.0,348223
348223,GS10926,2025,8363.0,348224
348233,GS10967,2025,587040.0,348234
348236,GS10970,2025,61002.0,348237
348239,GS10974,2025,110276.0,348240
348241,GS10976,2025,109021.0,348242
348242,GS10977,2025,109202.0,348243
348243,GS10978,2025,109711.0,348244
348244,GS10979,2025,109433.0,348245
348245,GS10980,2025,110700.0,348246
348246,GS10981,2025,112304.0,348247
348247,GS10982,2025,104774.0,348248
348251,GS10987,2025,50850.0,348252
348252,GS10988,2025,7455.0,348253
348253,GS10989,2025,7455.0,348254
348274,GS11010,2025,55894.0,348275
348275,GS11011,2025,57736.0,348276
348305,GS11046,2025,6942.0,348306
348306,GS11047,2025,6694.0,348307
348307,GS11048,2025,9914.0,348308
348308,GS11049,2025,10340.0,348309
348309,GS11050,2025,8360.0,348310
348310,GS11051,2025,6568.0,348311
348328,GS11070,2025,10000.0,348329
348329,GS11071,2025,10000.0,348330
348330,GS11072,2025,10000.0,348331
348331,GS11073,2025,10000.0,348332
348332,GS11074,2025,10000.0,348333
348333,GS11075,2025,240953.0,348334
348341,GS11083,2025,4744.0,348342
348355,GS11098,2025,58054.0,348356
348357,GS11133,2025,54293.0,348358
348358,GS11134,2025,55457.0,348359
348359,GS11135,2025,59265.0,348360
348360,GS11136,2025,57853.0,348361
348361,GS11137,2025,56023.0,348362
348364,GS11140,2025,684671.0,348365
348369,GS11145,2025,221656.0,348370
348374,GS11150,2025,51237.0,348375
348375,GS11151,2025,51864.0,348376
348376,GS11152,2025,53289.0,348377
348377,GS11153,2025,50543.0,348378
348385,GS11167,2025,136205.0,348386
348386,GS11169,2025,25781.0,348387
348387,GS11170,2025,16418.0,348388
348389,GS11173,2025,12024.0,348390
348392,GS11176,2025,8786.0,348393
348393,GS11177,2025,7575.0,348394
348394,GS11178,2025,6739.0,348395
348395,GS11179,2025,7737.0,348396
348396,GS11180,2025,7516.0,348397
348397,GS11181,2025,8320.0,348398
348398,GS11182,2025,8342.0,348399
348399,GS11183,2025,8322.0,348400
348402,GS11188,2025,1091.0,348403
348406,GS11192,2025,21399.0,348407
348407,GS11193,2025,38868.0,348408
348408,GS11194,2025,39049.0,348409
348409,GS11195,2025,993.0,348410
348410,GS11196,2025,24475.0,348411
348411,GS11197,2025,19120.0,348412
348412,GS11198,2025,41617.0,348413
348413,GS11199,2025,43865.0,348414
348414,GS11200,2025,41588.0,348415
348419,GS11205,2025,58393.0,348420
348420,GS11206,2025,71161.0,348421
348421,GS11207,2025,346768.0,348422
348432,GS11218,2025,37240.0,348433
348436,GS11223,2025,448738.0,348437
348457,GS11245,2025,28553.0,348458
348458,GS11246,2025,9636.0,348459
348468,GS11259,2025,38055.0,348469
348469,GS11260,2025,40871.0,348470
348470,GS11261,2025,40151.0,348471
348471,GS11262,2025,36726.0,348472
348472,GS11263,2025,47796.0,348473
348473,GS11264,2025,36269.0,348474
348474,GS11265,2025,53200.0,348475
348475,GS11266,2025,43229.0,348476
348476,GS11267,2025,44635.0,348477
348477,GS11268,2025,41850.0,348478
348478,GS11269,2025,38255.0,348479
348479,GS11270,2025,43010.0,348480
348480,GS11271,2025,41778.0,348481
348481,GS11272,2025,44104.0,348482
348482,GS11273,2025,47266.0,348483
348483,GS11274,2025,42977.0,348484
348484,GS11275,2025,44698.0,348485
348485,GS11276,2025,46396.0,348486
348486,GS11277,2025,45398.0,348487
348487,GS11278,2025,43159.0,348488
348488,GS11279,2025,50101.0,348489
348489,GS11280,2025,45707.0,348490
348490,GS11281,2025,40483.0,348491
348491,GS11282,2025,43557.0,348492
348492,GS11283,2025,37373.0,348493
348493,GS11284,2025,37697.0,348494
348494,GS11285,2025,39035.0,348495
348495,GS11286,2025,40097.0,348496
348496,GS11287,2025,25493.0,348497
348497,GS11288,2025,37128.0,348498
348498,GS11289,2025,53060.0,348499
348499,GS11290,2025,53605.0,348500
348500,GS11291,2025,53349.0,348501
348501,GS11292,2025,59059.0,348502
348502,GS11293,2025,56267.0,348503
348503,GS11294,2025,59686.0,348504
348504,GS11295,2025,56853.0,348505
348505,GS11296,2025,53930.0,348506
348506,GS11297,2025,52854.0,348507
348507,GS11298,2025,53044.0,348508
348508,GS11299,2025,46889.0,348509
348509,GS11300,2025,58371.0,348510
348510,GS11301,2025,59753.0,348511
348511,GS11302,2025,54257.0,348512
348512,GS11303,2025,49428.0,348513
348513,GS11304,2025,22355.0,348514
348514,GS11305,2025,16666.0,348515
348515,GS11306,2025,165465.0,348516
348518,GS11309,2025,37240.0,348519
348519,GS11310,2025,37240.0,348520
348520,GS11311,2025,37240.0,348521
348521,GS11312,2025,37240.0,348522
348522,GS11313,2025,37240.0,348523
348533,GS11325,2025,45115.0,348534
348534,GS11326,2025,46995.0,348535
348535,GS11327,2025,45115.0,348536
348552,GS11351,2025,42158.0,348553
348559,GS11358,2025,25951.0,348560
348563,GS11394,2025,230690.0,348564
348565,GS11397,2025,10836.0,348566
348568,GS11401,2025,270905.0,348569
348569,GS11402,2025,32759.0,348570
348570,GS11403,2025,26531.0,348571
348572,GS11405,2025,56773.0,348573
348587,GS11421,2025,1056167.0,348588
348592,GS11426,2025,33050.0,348593
348593,GS11427,2025,46625.0,348594
348594,GS11432,2025,29233.0,348595
348595,GS11433,2025,100150.0,348596
348596,GS11434,2025,104281.0,348597
348599,GS11437,2025,36785.0,348600
348602,GS11440,2025,6939961.0,348603
348608,GS11451,2025,65578.0,348609
348626,GS11482,2025,341696.0,348627
348630,GS11486,2025,59418.0,348631
348631,GS11488,2025,1181432.0,348632
348633,GS11490,2025,21928.0,348634
348639,GS11496,2025,52737.0,348640
348650,GS11507,2025,7096.0,348651
348678,GS11539,2025,34315.0,348679
348684,GS11547,2025,8327.0,348685
348685,GS11548,2025,4567.0,348686
348686,GS11549,2025,3479.0,348687
348688,GS11551,2025,834293.0,348689
348691,GS11557,2025,1723061.0,348692
348697,GS11564,2025,165331.0,348698
348701,GS11568,2025,79268.0,348702
348710,GS11579,2025,637.0,348711
348719,GS11594,2025,662.0,348720
348721,GS11596,2025,496823.0,348722
348724,GS11603,2025,20544.0,348725
348725,GS11604,2025,5902.0,348726
348729,GS11608,2025,23513.0,348730
348730,GS11609,2025,23677.0,348731
348731,GS11610,2025,23480.0,348732
348732,GS11611,2025,23411.0,348733
348733,GS11612,2025,23760.0,348734
348734,GS11613,2025,20975.0,348735
348735,GS11614,2025,106408.0,348736
348743,GS11624,2025,144653.0,348744
348744,GS11627,2025,140.0,348745
348745,GS11628,2025,37240.0,348746
348746,GS11629,2025,37240.0,348747
348747,GS11630,2025,37240.0,348748
348748,GS11631,2025,37240.0,348749
348749,GS11632,2025,37240.0,348750
348750,GS11633,2025,37240.0,348751
348751,GS11634,2025,37240.0,348752
348754,GS11639,2025,38702.0,348755
348765,GS11655,2025,96086.0,348766
348766,GS11656,2025,98274.0,348767
348771,GS11662,2025,538985.0,348772
348772,GS11663,2025,27.0,348773
348773,GS11664,2025,33.0,348774
348779,GS11673,2025,57721.0,348780
348784,GS11682,2025,6531.0,348785
348790,GS11691,2025,92919.0,348791
348791,GS11692,2025,27037.0,348792
348792,GS11693,2025,188273.0,348793
348793,GS11694,2025,20176.0,348794
348795,GS11696,2025,23530.0,348796
348808,GS11709,2025,46714.0,348809
348815,GS11722,2025,86518.0,348816
348820,GS11728,2025,341537.0,348821
348821,GS11729,2025,38183.0,348822
348823,GS11731,2025,65089.0,348824
348824,GS11732,2025,181694.0,348825
348870,GS11785,2025,13325.0,348871
348890,GS11816,2025,960.0,348891
348891,GS11817,2025,2362.0,348892
348913,GS11855,2025,40086.0,348914
348918,GS11863,2025,16839.0,348919
348928,GS11877,2025,8092.0,348929
348929,GS11878,2025,10464.0,348930
348930,GS11879,2025,40853.0,348931
348931,GS11880,2025,39906.0,348932
348932,GS11881,2025,46643.0,348933
348933,GS11882,2025,34658.0,348934
348934,GS11883,2025,18216.0,348935
348935,GS11884,2025,1214.0,348936
348945,GS11894,2025,31821.0,348946
348946,GS11895,2025,71264.0,348947
348947,GS11896,2025,59962.0,348948
348948,GS11897,2025,41440.0,348949
348949,GS11898,2025,11259.0,348950
348950,GS11899,2025,98784.0,348951
348951,GS11901,2025,355037.0,348952
348966,GS11916,2025,6612.0,348967
348969,GS11919,2025,10013.0,348970
348970,GS11920,2025,13374.0,348971
348971,GS11921,2025,10033.0,348972
348972,GS11922,2025,16275.0,348973
348973,GS11923,2025,18915.0,348974
348974,GS11924,2025,22712.0,348975
348975,GS11925,2025,1254.0,348976
348976,GS11926,2025,25538.0,348977
348977,GS11927,2025,15096.0,348978
348978,GS11928,2025,4093.0,348979
348979,GS11929,2025,12118.0,348980
348980,GS11930,2025,29774.0,348981
348981,GS11931,2025,29831.0,348982
348982,GS11932,2025,28009.0,348983
348983,GS11933,2025,64227.0,348984
348985,GS11935,2025,13600.0,348986
348991,GS11945,2025,30555.0,348992
348992,GS11947,2025,27219.0,348993
348993,GS11948,2025,6888.0,348994
349011,GS11983,2025,289009.0,349012
349015,GS11987,2025,18.0,349016
349016,GS11988,2025,71540.0,349017
349024,GS11996,2025,19924.0,349025
349025,GS11998,2025,17273.0,349026
349026,GS11999,2025,18230.0,349027
349027,GS12000,2025,14283.0,349028
349028,GS12001,2025,16040.0,349029
349029,GS12002,2025,20464.0,349030
349030,GS12003,2025,20268.0,349031
349032,GS12005,2025,14934.0,349033
349033,GS12006,2025,22901.0,349034
349034,GS12007,2025,20871.0,349035
349035,GS12008,2025,22360.0,349036
349036,GS12009,2025,21890.0,349037
349037,GS12010,2025,9374.0,349038
349038,GS12011,2025,19142.0,349039
349042,GS12017,2025,63029.0,349043
349043,GS12018,2025,34540.0,349044
349044,GS12019,2025,67752.0,349045
349045,GS12020,2025,73623.0,349046
349054,GS12031,2025,72398.0,349055
349070,GS12047,2025,466834.0,349071
349071,GS12048,2025,10171.0,349072
349077,GS12054,2025,15513.0,349078
349081,GS12062,2025,823843.0,349082
349083,GS12064,2025,21251.0,349084
349088,GS12069,2025,6396.0,349089
349091,GS12073,2025,155800.0,349092
349100,GS12082,2025,1401.0,349101
349102,GS12084,2025,24535.0,349103
349104,GS12088,2025,10010.0,349105
349119,GS12111,2025,99757.0,349120
349122,GS12114,2025,336581.0,349123
349127,GS12119,2025,614606.0,349128
349128,GS12120,2025,178795.0,349129
349131,GS12123,2025,37240.0,349132
349132,GS12124,2025,37240.0,349133
349133,GS12125,2025,37240.0,349134
349134,GS12126,2025,37240.0,349135
349135,GS12127,2025,37240.0,349136
349136,GS12128,2025,37240.0,349137
349137,GS12129,2025,37240.0,349138
349138,GS12130,2025,37240.0,349139
349139,GS12131,2025,37240.0,349140
349140,GS12132,2025,43644.0,349141
349148,GS12141,2025,39542.0,349149
349150,GS12143,2025,55000.0,349151
349158,GS12155,2025,11781.0,349159
349159,GS12156,2025,12349.0,349160
349160,GS12157,2025,14289.0,349161
349161,GS12158,2025,12814.0,349162
349162,GS12160,2025,11912.0,349163
349163,GS12161,2025,11269.0,349164
349193,GS12197,2025,5212.0,349194
349195,GS12199,2025,263040.0,349196
349201,GS12205,2025,372397.0,349202
349206,GS12212,2025,69330.0,349207
349214,GS12220,2025,3155.0,349215
349220,GS12227,2025,58393.0,349221
349221,GS12228,2025,58393.0,349222
349226,GS12233,2025,229019.0,349227
349232,GS12240,2025,23818.0,349233
349233,GS12241,2025,257670.0,349234
349234,GS12242,2025,126188.0,349235
349238,GS12247,2025,3723.0,349239
349240,GS12251,2025,41919.0,349241
349241,GS12252,2025,37790.0,349242
349242,GS12253,2025,49793.0,349243
349243,GS12254,2025,49795.0,349244
349244,GS12255,2025,51515.0,349245
349245,GS12256,2025,58348.0,349246
349246,GS12257,2025,53528.0,349247
349247,GS12258,2025,37036.0,349248
349248,GS12259,2025,42940.0,349249
349249,GS12260,2025,47685.0,349250
349250,GS12261,2025,43273.0,349251
349251,GS12262,2025,45799.0,349252
349252,GS12263,2025,43430.0,349253
349272,GS12285,2025,269440.0,349273
349274,GS12287,2025,29368.0,349275
349275,GS12289,2025,77230.0,349276
349279,GS12293,2025,100701.0,349280
349289,GS12307,2025,448526.0,349290
349293,GS12311,2025,114253.0,349294
349299,GS12317,2025,26943.0,349300
349306,GS12327,2025,546.0,349307
349307,GS12329,2025,10.0,349308
349308,GS12330,2025,156.0,349309
349309,GS12331,2025,8.0,349310
349310,GS12332,2025,541.0,349311
349311,GS12333,2025,10.0,349312
349313,GS12335,2025,99.0,349314
349322,GS12347,2025,43793.0,349323
349324,GS12350,2025,82660.0,349325
349330,GS12357,2025,61358.0,349331
349331,GS12358,2025,61335.0,349332
349332,GS12360,2025,65963.0,349333
349336,GS12364,2025,33666.0,349337
349337,GS12365,2025,30401.0,349338
349338,GS12366,2025,28188.0,349339
349339,GS12367,2025,25749.0,349340
349340,GS12368,2025,23427.0,349341
349341,GS12369,2025,21043.0,349342
349342,GS12370,2025,17417.0,349343
349343,GS12371,2025,5793.0,349344
349357,GS12390,2025,47160.0,349358
349358,GS12391,2025,45152.0,349359
349359,GS12392,2025,42976.0,349360
349360,GS12393,2025,43372.0,349361
349361,GS12394,2025,41290.0,349362
349362,GS12395,2025,35403.0,349363
349363,GS12396,2025,35834.0,349364
349364,GS12397,2025,31326.0,349365
349365,GS12398,2025,28707.0,349366
349366,GS12399,2025,27916.0,349367
349367,GS12400,2025,27657.0,349368
349368,GS12401,2025,28913.0,349369
349369,GS12402,2025,27601.0,349370
349370,GS12403,2025,26783.0,349371
349371,GS12404,2025,28210.0,349372
349372,GS12405,2025,28304.0,349373
349373,GS12406,2025,25904.0,349374
349374,GS12407,2025,25706.0,349375
349375,GS12408,2025,23338.0,349376
349376,GS12409,2025,20519.0,349377
349377,GS12410,2025,18710.0,349378
349378,GS12411,2025,19228.0,349379
349379,GS12412,2025,18398.0,349380
349380,GS12413,2025,18648.0,349381
349381,GS12414,2025,17080.0,349382
349382,GS12415,2025,15330.0,349383
349383,GS12416,2025,15180.0,349384
349384,GS12417,2025,14750.0,349385
349385,GS12418,2025,10451.0,349386
349407,GS12441,2025,248876.0,349408
349414,GS12448,2025,23451.0,349415
349423,GS12462,2025,101335.0,349424
349427,GS12467,2025,7491.0,349428
349428,GS12468,2025,3579.0,349429
349430,GS12470,2025,31917.0,349431
349434,GS12474,2025,46185.0,349435
349442,GS12486,2025,43395.0,349443
349450,GS12495,2025,13977.0,349451
349470,GS12533,2025,44926.0,349471
349495,GS12570,2025,28003.0,349496
349518,GS12615,2025,2256.0,349519
349519,GS12616,2025,62567.0,349520
349520,GS12617,2025,44577.0,349521
349521,GS12618,2025,5860.0,349522
349527,GS12626,2025,278230.0,349528
349528,GS12627,2025,257911.0,349529
349561,GS12668,2025,11337.0,349562
349583,GS12701,2025,12012.0,349584
349584,GS12702,2025,11936.0,349585
349585,GS12703,2025,11809.0,349586
349586,GS12704,2025,11605.0,349587
349587,GS12705,2025,11530.0,349588
349588,GS12706,2025,11402.0,349589
349589,GS12707,2025,10738.0,349590
349590,GS12708,2025,10207.0,349591
349591,GS12709,2025,9615.0,349592
349592,GS12710,2025,9344.0,349593
349593,GS12711,2025,9425.0,349594
349594,GS12712,2025,9186.0,349595
349595,GS12713,2025,8854.0,349596
349596,GS12714,2025,8725.0,349597
349597,GS12715,2025,8513.0,349598
349598,GS12716,2025,8404.0,349599
349599,GS12717,2025,7951.0,349600
349600,GS12718,2025,7924.0,349601
349601,GS12719,2025,7153.0,349602
349603,GS12721,2025,7471.0,349604
349604,GS12722,2025,7608.0,349605
349605,GS12723,2025,7479.0,349606
349606,GS12724,2025,7394.0,349607
349607,GS12725,2025,7144.0,349608
349608,GS12726,2025,7041.0,349609
349609,GS12727,2025,7011.0,349610
349610,GS12728,2025,6808.0,349611
349611,GS12729,2025,6499.0,349612
349612,GS12730,2025,6250.0,349613
349613,GS12731,2025,5988.0,349614
349614,GS12732,2025,5788.0,349615
349615,GS12733,2025,5737.0,349616
349616,GS12734,2025,5421.0,349617
349617,GS12735,2025,5383.0,349618
349618,GS12736,2025,5370.0,349619
349619,GS12737,2025,5096.0,349620
349620,GS12738,2025,4994.0,349621
349621,GS12739,2025,4755.0,349622
349622,GS12740,2025,4826.0,349623
349623,GS12741,2025,4742.0,349624
349624,GS12742,2025,4672.0,349625
349625,GS12743,2025,4621.0,349626
349626,GS12744,2025,4596.0,349627
349627,GS12745,2025,4519.0,349628
349628,GS12746,2025,4467.0,349629
349629,GS12747,2025,4442.0,349630
349630,GS12748,2025,4340.0,349631
349631,GS12749,2025,4212.0,349632
349632,GS12750,2025,4134.0,349633
349633,GS12751,2025,3478.0,349634
349634,GS12752,2025,3375.0,349635
349635,GS12753,2025,3341.0,349636
349636,GS12754,2025,3092.0,349637
349637,GS12755,2025,3040.0,349638
349638,GS12756,2025,2860.0,349639
349639,GS12757,2025,2637.0,349640
349640,GS12758,2025,2645.0,349641
349641,GS12759,2025,2395.0,349642
349658,GS12786,2025,35418.0,349659
349689,GS12829,2025,55765.0,349690
349690,GS12830,2025,35222.0,349691
349813,GS13020,2025,16639.0,349814
349814,GS13021,2025,14729.0,349815
349827,GS13045,2025,12384.0,349828
349879,GS13130,2025,29427.0,349880
349883,GS13135,2025,114.0,349884
349964,GS23187,2025,17758.0,349965
350324,ISOprj_1H502CZZH1S0VMYW,2025,3256.804,350325
350326,ISOprj_1HHYZFVGW1S044ZY,2025,24325.941,350327
350327,ISOprj_1HZSSWBQM1S08H83,2025,4340.492,350328
350328,ISOprj_1J4P33N6W1S0RKE2,2025,9560.393,350329
350332,ISOprj_1JFA3YY9P1S0YVKR,2025,467.377,350333
350335,ISOprj_1JN6XNWDQ1S0BSN7,2025,3.449,350336
350338,ISOprj_1JQ775W7D1S0WYSA,2025,313.57,350339
350340,ISOprj_1JQEQKCF91S06HAJ,2025,347.34,350341
350346,ISOprj_1JXCRW5ST1S0EEKH,2025,2981.463,350347
350348,ISOprj_1JYCV03BW1S0RTE5,2025,216.923,350349
350363,ISOprj_1K3S0527T1S0KYXT,2025,48.539,350364
350425,VCS33,2025,50763.0,350426
350457,VCS65,2025,7717.0,350458
350483,VCS92,2025,2346049.0,350484
350527,VCS138,2025,32417.0,350528
350532,VCS143,2025,4323.0,350533
350547,VCS158,2025,37412.0,350548
350581,VCS195,2025,90089.0,350582
350583,VCS197,2025,107416.0,350584
350703,VCS318,2025,142584.0,350704
350720,VCS335,2025,17873.0,350721
350721,VCS336,2025,15201.0,350722
350722,VCS337,2025,21119.0,350723
350800,VCS415,2025,3853.0,350801
350801,VCS416,2025,38379.0,350802
350833,VCS448,2025,31783.0,350834
350840,VCS455,2025,27245.0,350841
350893,VCS508,2025,1016350.0,350894
350895,VCS510,2025,5372.0,350896
350898,VCS513,2025,262040.0,350899
350899,VCS514,2025,119072.0,350900
350919,VCS534,2025,210923.0,350920
350921,VCS536,2025,123752.0,350922
350928,VCS543,2025,196890.0,350929
350943,VCS558,2025,21610.0,350944
350988,VCS603,2025,25064.0,350989
351023,VCS638,2025,66100.0,351024
351130,VCS747,2025,71855.0,351131
351179,VCS796,2025,19688.0,351180
351193,VCS810,2025,216365.0,351194
351217,VCS834,2025,38969.0,351218
351256,VCS873,2025,24161.0,351257
351258,VCS875,2025,362080.0,351259
351262,VCS879,2025,19498.0,351263
351292,VCS909,2025,40308.0,351293
351293,VCS910,2025,100997.0,351294
351294,VCS911,2025,75849.0,351295
351311,VCS928,2025,140710.0,351312
351312,VCS929,2025,1380891.0,351313
351317,VCS934,2025,2604452.0,351318
351345,VCS962,2025,3339006.0,351346
351348,VCS965,2025,2232.0,351349
351377,VCS994,2025,12333.0,351378
351394,VCS1012,2025,15827.0,351395
351408,VCS1026,2025,14350.0,351409
351432,VCS1050,2025,49061.0,351433
351434,VCS1052,2025,556706.0,351435
351457,VCS1075,2025,82027.0,351458
351486,VCS1104,2025,1496.0,351487
351523,VCS1141,2025,57756.0,351524
351526,VCS1144,2025,2938.0,351527
351535,VCS1153,2025,3406.0,351536
351565,VCS1184,2025,100132.0,351566
351567,VCS1186,2025,327312.0,351568
351583,VCS1202,2025,192361.0,351584
351599,VCS1218,2025,358109.0,351600
351621,VCS1240,2025,206392.0,351622
351638,VCS1257,2025,285053.0,351639
351639,VCS1258,2025,298571.0,351640
351670,VCS1289,2025,225435.0,351671
351699,VCS1319,2025,101630.0,351700
351702,VCS1322,2025,361957.0,351703
351708,VCS1328,2025,328001.0,351709
351720,VCS1340,2025,1454054.0,351721
351728,VCS1348,2025,103182.0,351729
351729,VCS1349,2025,184207.0,351730
351742,VCS1362,2025,135619.0,351743
351757,VCS1377,2025,12989.0,351758
351760,VCS1380,2025,162941.0,351761
351766,VCS1386,2025,58375.0,351767
351771,VCS1391,2025,328667.0,351772
351775,VCS1395,2025,530794.0,351776
351779,VCS1399,2025,111568.0,351780
351780,VCS1400,2025,183240.0,351781
351784,VCS1404,2025,10999.0,351785
351798,VCS1418,2025,18977.0,351799
351843,VCS1465,2025,264474.0,351844
351855,VCS1480,2025,196023.0,351856
351856,VCS1481,2025,113226.0,351857
351857,VCS1482,2025,95825.0,351858
351868,VCS1495,2025,88146.0,351869
351869,VCS1496,2025,154864.0,351870
351870,VCS1497,2025,285158.0,351871
351872,VCS1499,2025,7481.0,351873
351873,VCS1500,2025,37611.0,351874
351879,VCS1506,2025,1645.0,351880
351919,VCS1549,2025,14051.0,351920
351928,VCS1560,2025,300372.0,351929
351938,VCS1571,2025,216756.0,351939
351944,VCS1580,2025,56350.0,351945
351954,VCS1644,2025,201848.0,351955
351985,VCS1683,2025,28002.0,351986
351992,VCS1691,2025,117512.0,351993
352011,VCS1716,2025,89106.0,352012
352018,VCS1728,2025,188688.0,352019
352022,VCS1733,2025,45909.0,352023
352023,VCS1734,2025,37018.0,352024
352028,VCS1740,2025,249972.0,352029
352030,VCS1742,2025,1361528.0,352031
352033,VCS1745,2025,58171.0,352034
352040,VCS1754,2025,456149.0,352041
352045,VCS1764,2025,78389.0,352046
352047,VCS1766,2025,20217.0,352048
352051,VCS1770,2025,295745.0,352052
352055,VCS1775,2025,2468500.0,352056
352056,VCS1776,2025,48161.0,352057
352075,VCS1800,2025,34893.0,352076
352085,VCS1812,2025,382112.0,352086
352089,VCS1817,2025,46104.0,352090
352091,VCS1820,2025,261415.0,352092
352120,VCS1851,2025,1785811.0,352121
352121,VCS1852,2025,44844.0,352122
352122,VCS1853,2025,49618.0,352123
352123,VCS1854,2025,37091.0,352124
352125,VCS1856,2025,155226.0,352126
352126,VCS1857,2025,2214.0,352127
352135,VCS1867,2025,493731.0,352136
352148,VCS1883,2025,58034.0,352149
352160,VCS1897,2025,398808.0,352161
352161,VCS1898,2025,152550.0,352162
352163,VCS1900,2025,214080.0,352164
352166,VCS1903,2025,221062.0,352167
352167,VCS1904,2025,845230.0,352168
352168,VCS1905,2025,62784.0,352169
352169,VCS1906,2025,75042.0,352170
352170,VCS1907,2025,189127.0,352171
352171,VCS1908,2025,103639.0,352172
352178,VCS1915,2025,21338.0,352179
352184,VCS1921,2025,66006.0,352185
352186,VCS1923,2025,40618.0,352187
352188,VCS1925,2025,57575.0,352189
352189,VCS1926,2025,20585.0,352190
352192,VCS1931,2025,1371980.0,352193
352216,VCS1958,2025,58508.0,352217
352217,VCS1959,2025,14424.0,352218
352222,VCS1964,2025,35870.0,352223
352223,VCS1965,2025,26380.0,352224
352228,VCS1970,2025,95447.0,352229
352230,VCS1972,2025,41920.0,352231
352232,VCS1974,2025,53026.0,352233
352233,VCS1975,2025,67726.0,352234
352240,VCS1982,2025,133553.0,352241
352245,VCS1987,2025,402681.0,352246
352247,VCS1989,2025,24128.0,352248
352254,VCS1996,2025,91398.0,352255
352255,VCS1997,2025,64599.0,352256
352257,VCS1999,2025,49939.0,352258
352297,VCS2039,2025,287345.0,352298
352323,VCS2065,2025,300189.0,352324
352327,VCS2069,2025,287746.0,352328
352331,VCS2073,2025,218534.0,352332
352340,VCS2085,2025,5459.0,352341
352374,VCS2259,2025,49673.0,352375
352379,VCS2278,2025,190309.0,352380
352386,VCS2297,2025,1416568.0,352387
352396,VCS2307,2025,105430.0,352397
352397,VCS2308,2025,21847.0,352398
352400,VCS2311,2025,17115.0,352401
352401,VCS2312,2025,18217.0,352402
352402,VCS2313,2025,18177.0,352403
352403,VCS2314,2025,18807.0,352404
352404,VCS2315,2025,20790.0,352405
352406,VCS2317,2025,3880.0,352407
352421,VCS2335,2025,116014.0,352422
352423,VCS2337,2025,46083.0,352424
352433,VCS2348,2025,20305.0,352434
352438,VCS2353,2025,95812.0,352439
352439,VCS2354,2025,127328.0,352440
352440,VCS2355,2025,180876.0,352441
352443,VCS2358,2025,35208.0,352444
352449,VCS2365,2025,47870.0,352450
352451,VCS2367,2025,146768.0,352452
352492,VCS2409,2025,224788.0,352493
352494,VCS2411,2025,4453.0,352495
352497,VCS2414,2025,51238.0,352498
352542,VCS2464,2025,154775.0,352543
352546,VCS2468,2025,128590.0,352547
352559,VCS2483,2025,746372.0,352560
352565,VCS2490,2025,9206.0,352566
352577,VCS2502,2025,941666.0,352578
352580,VCS2505,2025,3563519.0,352581
352585,VCS2510,2025,798283.0,352586
352587,VCS2512,2025,127375.0,352588
352595,VCS2521,2025,276765.0,352596
352604,VCS2532,2025,767691.0,352605
352607,VCS2535,2025,9687.0,352608
352617,VCS2551,2025,2012831.0,352618
352620,VCS2554,2025,39206.0,352621
352623,VCS2557,2025,274174.0,352624
352624,VCS2558,2025,679366.0,352625
352639,VCS2581,2025,2737359.0,352640
352640,VCS2582,2025,17952.0,352641
352645,VCS2588,2025,455193.0,352646
352650,VCS2594,2025,34951.0,352651
352651,VCS2595,2025,34778.0,352652
352657,VCS2601,2025,77574.0,352658
352664,VCS2609,2025,1574813.0,352665
352665,VCS2610,2025,8160.0,352666
352666,VCS2611,2025,1119766.0,352667
352669,VCS2614,2025,76591.0,352670
352677,VCS2623,2025,83335.0,352678
352688,VCS2635,2025,596191.0,352689
352695,VCS2647,2025,29419.0,352696
352696,VCS2649,2025,30756.0,352697
352702,VCS2656,2025,225056.0,352703
352728,VCS2685,2025,19372.0,352729
352729,VCS2687,2025,21026.0,352730
352730,VCS2688,2025,19392.0,352731
352731,VCS2689,2025,21242.0,352732
352732,VCS2690,2025,19436.0,352733
352748,VCS2706,2025,118757.0,352749
352750,VCS2708,2025,3203.0,352751
352751,VCS2709,2025,25726.0,352752
352752,VCS2710,2025,805971.0,352753
352776,VCS2736,2025,1479035.0,352777
352777,VCS2737,2025,1124521.0,352778
352779,VCS2739,2025,371861.0,352780
352784,VCS2744,2025,7319.0,352785
352786,VCS2746,2025,312451.0,352787
352789,VCS2750,2025,2598.0,352790
352790,VCS2751,2025,8037.0,352791
352810,VCS2772,2025,104781.0,352811
352811,VCS2773,2025,119548.0,352812
352812,VCS2774,2025,91829.0,352813
352813,VCS2775,2025,106285.0,352814
352814,VCS2776,2025,77594.0,352815
352815,VCS2777,2025,96284.0,352816
352816,VCS2778,2025,67986.0,352817
352817,VCS2779,2025,85969.0,352818
352818,VCS2780,2025,57722.0,352819
352826,VCS2789,2025,370214.0,352827
352830,VCS2794,2025,692366.0,352831
352860,VCS2825,2025,119387.0,352861
352861,VCS2826,2025,120542.0,352862
352862,VCS2827,2025,127734.0,352863
352869,VCS2835,2025,104807.0,352870
352870,VCS2836,2025,50824.0,352871
352871,VCS2837,2025,54526.0,352872
352872,VCS2838,2025,11318.0,352873
352873,VCS2839,2025,23119.0,352874
352874,VCS2840,2025,56460.0,352875
352895,VCS2861,2025,74293.0,352896
352896,VCS2862,2025,93555.0,352897
352898,VCS2864,2025,40943.0,352899
352900,VCS2866,2025,44058.0,352901
352902,VCS2868,2025,529504.0,352903
352912,VCS2878,2025,1364118.0,352913
352930,VCS2897,2025,531422.0,352931
352952,VCS2923,2025,1315358.0,352953
352953,VCS2924,2025,716418.0,352954
352969,VCS2941,2025,264045.0,352970
352971,VCS2943,2025,556554.0,352972
352987,VCS2960,2025,140363.0,352988
352994,VCS2971,2025,14284.0,352995
353009,VCS2989,2025,39225.0,353010
353016,VCS2998,2025,99467.0,353017
353029,VCS3011,2025,118654.0,353030
353039,VCS3021,2025,975895.0,353040
353045,VCS3031,2025,15754.0,353046
353055,VCS3041,2025,1835.0,353056
353063,VCS3052,2025,625909.0,353064
353102,VCS3092,2025,62487.0,353103
353105,VCS3095,2025,44005.0,353106
353106,VCS3096,2025,85096.0,353107
353123,VCS3115,2025,996583.0,353124
353124,VCS3116,2025,115514.0,353125
353142,VCS3134,2025,93200.0,353143
353208,VCS3204,2025,150896.0,353209
353211,VCS3207,2025,14554.0,353212
353225,VCS3222,2025,29652.0,353226
353228,VCS3225,2025,197066.0,353229
353242,VCS3239,2025,162144.0,353243
353243,VCS3240,2025,310762.0,353244
353247,VCS3244,2025,97357.0,353248
353297,VCS3298,2025,44551.0,353298
353340,VCS3342,2025,84598.0,353341
353346,VCS3350,2025,663539.0,353347
353348,VCS3352,2025,390652.0,353349
353352,VCS3356,2025,488799.0,353353
353363,VCS3368,2025,160159.0,353364
353439,VCS3448,2025,123918.0,353440
353509,VCS3534,2025,17798.0,353510
353517,VCS3544,2025,65611.0,353518
353531,VCS3562,2025,21097.0,353532
353539,VCS3570,2025,120862.0,353540
353567,VCS3599,2025,303694.0,353568
353569,VCS3601,2025,47568.0,353570
353572,VCS3604,2025,22220.0,353573
353582,VCS3616,2025,89606.0,353583
353596,VCS3630,2025,137742.0,353597
353624,VCS3662,2025,9518.0,353625
353631,VCS3669,2025,57955.0,353632
353651,VCS3691,2025,43884.0,353652
353659,VCS3699,2025,1911382.0,353660
353694,VCS3739,2025,376114.0,353695
353700,VCS3746,2025,5623.0,353701
353721,VCS3767,2025,113593.0,353722
353739,VCS3786,2025,312.0,353740
353741,VCS3788,2025,7074.0,353742
353753,VCS3801,2025,64855.0,353754
353776,VCS3835,2025,50394.0,353777
353778,VCS3837,2025,193952.0,353779
353788,VCS3851,2025,123622.0,353789
353798,VCS3861,2025,31131.0,353799
353824,VCS3889,2025,5974.0,353825
353835,VCS3901,2025,14387.0,353836
353849,VCS3917,2025,98536.0,353850
353866,VCS3935,2025,17266.0,353867
353920,VCS3996,2025,18326.0,353921
353921,VCS3997,2025,631603.0,353922
353923,VCS4000,2025,543966.0,353924
353936,VCS4014,2025,43752.0,353937
353937,VCS4015,2025,27820.0,353938
353939,VCS4018,2025,41083.0,353940
353940,VCS4019,2025,60999.0,353941
353941,VCS4020,2025,8147.0,353942
353943,VCS4022,2025,2324712.0,353944
353973,VCS4058,2025,62082.0,353974
353974,VCS4059,2025,108417.0,353975
354002,VCS4090,2025,180330.0,354003
354008,VCS4097,2025,14895.0,354009
354013,VCS4102,2025,233274.0,354014
354045,VCS4138,2025,65023.0,354046
354046,VCS4139,2025,26567.0,354047
354049,VCS4143,2025,175376.0,354050
354050,VCS4144,2025,38218.0,354051
354051,VCS4145,2025,967.0,354052
354056,VCS4150,2025,1885894.0,354057
354084,VCS4180,2025,9195.0,354085
354085,VCS4182,2025,41525.0,354086
354090,VCS4187,2025,36174.0,354091
354091,VCS4188,2025,5655.0,354092
354097,VCS4195,2025,2542.0,354098
354098,VCS4196,2025,35257.0,354099
354106,VCS4206,2025,94653.0,354107
354110,VCS4216,2025,68047.0,354111
354117,VCS4223,2025,136453.0,354118
354119,VCS4225,2025,73371.0,354120
354120,VCS4226,2025,75269.0,354121
354151,VCS4260,2025,97085.0,354152
354159,VCS4268,2025,88496.0,354160
354179,VCS4288,2025,51514.0,354180
354180,VCS4289,2025,52511.0,354181
354267,VCS4382,2025,7335.0,354268
354274,VCS4389,2025,27097.0,354275
354296,VCS4413,2025,11395.0,354297
354298,VCS4416,2025,13443.0,354299
354305,VCS4423,2025,51033.0,354306
354309,VCS4429,2025,608724.0,354310
354317,VCS4443,2025,39676.0,354318
354340,VCS4469,2025,124559.0,354341
354344,VCS4475,2025,259.0,354345
354359,VCS4493,2025,2736.0,354360
354383,VCS4519,2025,11016.0,354384
354392,VCS4531,2025,3849288.0,354393
354406,VCS4546,2025,39680.0,354407
354407,VCS4547,2025,136176.0,354408
354410,VCS4550,2025,28670.0,354411
354437,VCS4578,2025,10.0,354438
354454,VCS4600,2025,17423.0,354455
354464,VCS4612,2025,48260.0,354465
354513,VCS4667,2025,4375.0,354514
354520,VCS4675,2025,102268.0,354521
354523,VCS4679,2025,115103.0,354524
354603,VCS4784,2025,252983.0,354604
354630,VCS4818,2025,27939.0,354631
354638,VCS4830,2025,22827.0,354639
354732,VCS4950,2025,980.0,354733
354755,VCS4982,2025,2888.0,354756
354774,VCS5011,2025,587773.0,354775
354828,VCS5082,2025,20231.0,354829
354833,VCS5089,2025,163156.0,354834
354875,VCS5138,2025,22359.0,354876
354913,VCS5186,2025,39375.0,354914
354933,VCS5210,2025,37793.0,354934
355759,ACR0189,2026,20441.0,355760
355762,ACR0192,2026,68231.0,355763
355783,ACR0222,2026,50827.0,355784
355808,ACR0248,2026,121288.0,355809
355819,ACR0259,2026,11662.0,355820
355825,ACR0265,2026,46824.0,355826
355828,ACR0268,2026,128847.0,355829
355829,ACR0269,2026,66415.0,355830
355834,ACR0274,2026,103242.0,355835
355841,ACR0281,2026,36380.0,355842
355844,ACR0284,2026,9284.0,355845
355861,ACR0303,2026,366105.0,355862
355871,ACR0313,2026,1577.0,355872
355898,ACR0367,2026,61081.0,355899
355907,ACR0376,2026,301536.0,355908
355917,ACR0388,2026,238331.0,355918
355929,ACR0403,2026,11585.0,355930
355932,ACR0407,2026,105698.0,355933
355949,ACR0428,2026,32240.0,355950
355976,ACR0458,2026,196668.0,355977
355987,ACR0470,2026,3683.0,355988
356006,ACR0493,2026,68494.0,356007
356016,ACR0505,2026,7641.0,356017
356049,ACR0544,2026,41560.0,356050
356054,ACR0549,2026,19963.0,356055
356066,ACR0562,2026,16466.0,356067
356070,ACR0569,2026,32855.0,356071
356108,ACR0609,2026,54063.0,356109
356109,ACR0610,2026,50993.0,356110
356110,ACR0611,2026,7493.0,356111
356127,ACR0630,2026,66491.0,356128
356131,ACR0634,2026,16613.0,356132
356146,ACR0650,2026,40364.0,356147
356147,ACR0651,2026,64866.0,356148
356166,ACR0672,2026,26105.0,356167
356175,ACR0681,2026,113912.0,356176
356176,ACR0682,2026,32222.0,356177
356189,ACR0699,2026,43189.0,356190
356190,ACR0701,2026,389242.0,356191
356192,ACR0704,2026,90545.0,356193
356198,ACR0710,2026,145362.0,356199
356201,ACR0720,2026,73697.0,356202
356211,ACR0735,2026,52080.0,356212
356217,ACR0741,2026,41121.0,356218
356221,ACR0745,2026,45218.0,356222
356224,ACR0751,2026,201040.0,356225
356225,ACR0752,2026,37201.0,356226
356247,ACR0778,2026,228670.0,356248
356251,ACR0783,2026,331733.0,356252
356252,ACR0785,2026,128314.0,356253
356256,ACR0792,2026,84395.0,356257
356263,ACR0800,2026,54736.0,356264
356264,ACR0801,2026,163149.0,356265
356274,ACR0811,2026,99196.0,356275
356293,ACR0831,2026,33784.0,356294
356303,ACR0842,2026,30565.0,356304
356306,ACR0845,2026,130468.0,356307
356311,ACR0850,2026,193430.0,356312
356330,ACR0873,2026,124429.0,356331
356331,ACR0874,2026,58135.0,356332
356336,ACR0879,2026,137944.0,356337
356340,ACR0883,2026,49196.0,356341
356345,ACR0888,2026,252740.0,356346
356354,ACR0897,2026,553668.0,356355
356355,ACR0899,2026,74377.0,356356
356362,ACR0906,2026,62269.0,356363
356363,ACR0908,2026,288730.0,356364
356377,ACR0923,2026,37426.0,356378
356385,ACR0931,2026,147508.0,356386
356393,ACR0940,2026,81569.0,356394
356404,ACR0956,2026,107698.0,356405
356405,ACR0958,2026,188551.0,356406
356412,ACR0967,2026,34396.0,356413
356422,ACR0981,2026,113401.0,356423
356425,ACR0984,2026,140565.0,356426
356426,ACR0988,2026,254349.0,356427
356427,ACR0989,2026,567155.0,356428
356452,ACR1015,2026,1347257.0,356453
356464,ACR1029,2026,43766.0,356465
356466,ACR1031,2026,88669.0,356467
356472,ACR1037,2026,46997.0,356473
356484,ACR1051,2026,14653.0,356485
356485,ACR1053,2026,18470.0,356486
356487,ACR1055,2026,86807.0,356488
356488,ACR1056,2026,62175.0,356489
356493,ACR1063,2026,561093.0,356494
356500,ACR1072,2026,1368286.0,356501
356502,ACR1074,2026,943346.0,356503
356510,ACR1089,2026,109143.0,356511
356514,ACR1094,2026,299315.0,356515
356515,ACR1095,2026,44793.0,356516
356517,ACR1098,2026,164752.0,356518
356518,ACR1099,2026,168770.0,356519
356538,ACR1123,2026,129908.0,356539
356542,ACR1128,2026,26915.0,356543
356568,ACR1154,2026,126952.0,356569
356569,ACR1156,2026,39684.0,356570
356570,ACR1157,2026,54682.0,356571
356580,ACR1167,2026,49757.0,356581
356583,ACR1171,2026,53139.0,356584
356586,ACR1174,2026,57830.0,356587
356587,ACR1175,2026,348666.0,356588
356588,ACR1176,2026,53739.0,356589
356590,ACR1178,2026,77915.0,356591
356591,ACR1179,2026,148248.0,356592
356593,ACR1181,2026,30942.0,356594
356594,ACR1182,2026,102726.0,356595
356595,ACR1183,2026,193401.0,356596
356596,ACR1184,2026,43305.0,356597
356597,ACR1185,2026,85847.0,356598
356599,ACR1187,2026,47249.0,356600
356600,ACR1188,2026,44902.0,356601
356601,ACR1189,2026,19194.0,356602
356602,ACR1190,2026,215169.0,356603
356610,ACR1199,2026,541151.0,356611
356612,ACR1201,2026,151077.0,356613
356613,ACR1202,2026,8959.0,356614
356614,ACR1203,2026,39047.0,356615
356615,ACR1204,2026,43779.0,356616
356616,ACR1205,2026,300634.0,356617
356621,ACR1210,2026,83227.0,356622
356626,ACR1215,2026,154904.0,356627
356627,ACR1216,2026,30791.0,356628
356628,ACR1217,2026,70432.0,356629
356629,ACR1218,2026,28062.0,356630
356630,ACR1219,2026,19376.0,356631
356632,ACR1221,2026,81276.0,356633
356635,ACR1224,2026,27431.0,356636
356640,ACR1231,2026,163963.0,356641
356648,ACR1240,2026,52857.0,356649
356653,ACR1245,2026,105672.0,356654
356660,ACR1253,2026,44494.0,356661
356678,ART0101,2026,1095881.0,356679
356705,ART0130,2026,429590.0,356706
356706,ART0131,2026,1669630.0,356707
356713,CAR398,2026,134130.0,356714
356717,CAR403,2026,65612.0,356718
356726,CAR422,2026,17531.0,356727
356735,CAR436,2026,51271.0,356736
356740,CAR443,2026,199848.0,356741
356741,CAR444,2026,60083.0,356742
356757,CAR466,2026,18324.0,356758
356762,CAR473,2026,126378.0,356763
356791,CAR509,2026,8024.0,356792
356792,CAR512,2026,73948.0,356793
356794,CAR514,2026,44163.0,356795
356795,CAR515,2026,16342.0,356796
356796,CAR516,2026,28580.0,356797
356800,CAR531,2026,22790.0,356801
356810,CAR560,2026,43657.0,356811
356841,CAR635,2026,156760.0,356842
356842,CAR639,2026,586647.0,356843
356854,CAR674,2026,214333.0,356855
356904,CAR825,2026,11910.0,356905
356906,CAR829,2026,23268.0,356907
356913,CAR838,2026,79790.0,356914
356918,CAR866,2026,23827.0,356919
356921,CAR880,2026,36140.0,356922
356922,CAR881,2026,16280.0,356923
356935,CAR917,2026,5961.0,356936
356950,CAR957,2026,10470.0,356951
356965,CAR989,2026,16463.0,356966
356981,CAR1008,2026,3000.0,356982
356988,CAR1015,2026,32350.0,356989
356997,CAR1027,2026,228349.0,356998
357049,CAR1095,2026,79478.0,357050
357050,CAR1096,2026,11463.0,357051
357052,CAR1098,2026,27818.0,357053
357053,CAR1099,2026,18962.0,357054
357059,CAR1105,2026,348037.0,357060
357088,CAR1136,2026,89102.0,357089
357091,CAR1139,2026,106050.0,357092
357097,CAR1145,2026,13749.0,357098
357101,CAR1152,2026,38681.0,357102
357122,CAR1174,2026,20033.0,357123
357123,CAR1175,2026,92544.0,357124
357138,CAR1190,2026,93471.0,357139
357139,CAR1191,2026,8606.0,357140
357144,CAR1197,2026,21185.0,357145
357154,CAR1208,2026,94281.0,357155
357161,CAR1215,2026,110233.0,357162
357181,CAR1246,2026,2682.0,357182
357194,CAR1261,2026,3853.0,357195
357198,CAR1265,2026,110645.0,357199
357206,CAR1275,2026,7778.0,357207
357212,CAR1281,2026,16462.0,357213
357216,CAR1285,2026,14227.0,357217
357244,CAR1315,2026,31754.0,357245
357245,CAR1316,2026,25411.0,357246
357246,CAR1317,2026,32624.0,357247
357249,CAR1321,2026,8808.0,357250
357252,CAR1325,2026,56459.0,357253
357262,CAR1335,2026,138565.0,357263
357263,CAR1336,2026,41291.0,357264
357264,CAR1337,2026,12124.0,357265
357266,CAR1340,2026,32654.0,357267
357269,CAR1344,2026,9286.0,357270
357291,CAR1368,2026,213346.0,357292
357292,CAR1372,2026,88666.0,357293
357303,CAR1384,2026,70163.0,357304
357323,CAR1409,2026,125287.0,357324
357331,CAR1428,2026,43529.0,357332
357344,CAR1445,2026,2258.0,357345
357345,CAR1446,2026,2865.0,357346
357346,CAR1447,2026,3769.0,357347
357347,CAR1448,2026,14522.0,357348
357348,CAR1449,2026,4613.0,357349
357349,CAR1450,2026,10035.0,357350
357350,CAR1451,2026,6084.0,357351
357351,CAR1452,2026,933.0,357352
357352,CAR1453,2026,7764.0,357353
357353,CAR1454,2026,5479.0,357354
357357,CAR1459,2026,1023594.0,357358
357370,CAR1480,2026,2130260.0,357371
357382,CAR1494,2026,7917.0,357383
357383,CAR1495,2026,21378.0,357384
357384,CAR1496,2026,5913.0,357385
357385,CAR1497,2026,33597.0,357386
357391,CAR1507,2026,240060.0,357392
357396,CAR1513,2026,105965.0,357397
357397,CAR1514,2026,28244.0,357398
357400,CAR1521,2026,51338.0,357401
357401,CAR1522,2026,32557.0,357402
357402,CAR1523,2026,33810.0,357403
357403,CAR1524,2026,31409.0,357404
357404,CAR1525,2026,4440.0,357405
357405,CAR1526,2026,3412.0,357406
357406,CAR1527,2026,4497.0,357407
357407,CAR1528,2026,4224.0,357408
357408,CAR1529,2026,3472.0,357409
357417,CAR1542,2026,8269.0,357418
357419,CAR1544,2026,9706.0,357420
357420,CAR1545,2026,77439.0,357421
357438,CAR1566,2026,105964.0,357439
357439,CAR1567,2026,105589.0,357440
357444,CAR1572,2026,6144.0,357445
357447,CAR1576,2026,7328.0,357448
357453,CAR1584,2026,141387.0,357454
357456,CAR1587,2026,208.0,357457
357457,CAR1588,2026,2717.0,357458
357458,CAR1589,2026,478.0,357459
357459,CAR1590,2026,2744.0,357460
357460,CAR1591,2026,495.0,357461
357480,CAR1614,2026,189478.0,357481
357486,CAR1620,2026,60168.0,357487
357490,CAR1624,2026,186844.0,357491
357493,CAR1627,2026,102080.0,357494
357494,CAR1629,2026,4904.0,357495
357496,CAR1632,2026,3010.0,357497
357497,CAR1633,2026,3146.0,357498
357498,CAR1635,2026,49909.0,357499
357499,CAR1636,2026,26657.0,357500
357500,CAR1637,2026,78240.0,357501
357501,CAR1638,2026,117897.0,357502
357505,CAR1644,2026,9929.0,357506
357514,CAR1655,2026,40176.0,357515
357521,CAR1663,2026,242258.0,357522
357528,CAR1675,2026,65088.0,357529
357534,CAR1686,2026,8230.0,357535
357535,CAR1687,2026,7327.0,357536
357536,CAR1688,2026,8736.0,357537
357537,CAR1689,2026,9063.0,357538
357541,CAR1696,2026,113887.0,357542
357542,CAR1704,2026,105444.0,357543
357543,CAR1710,2026,57746.0,357544
357569,CAR1744,2026,27775.0,357570
357592,CAR1789,2026,11291.0,357593
357593,CAR1790,2026,22381.0,357594
357594,CAR1792,2026,3588.0,357595
357595,CAR1793,2026,6556.0,357596
357596,CAR1794,2026,1566.0,357597
357597,CAR1797,2026,11165.0,357598
357598,CAR1798,2026,2132.0,357599
357599,CAR1799,2026,1815.0,357600
357600,CAR1800,2026,32747.0,357601
357614,CAR1819,2026,110136.0,357615
357616,CAR1822,2026,382584.0,357617
357617,CAR1823,2026,11008.0,357618
357618,CAR1824,2026,12474.0,357619
357619,CAR1825,2026,63902.0,357620
357620,CAR1826,2026,34158.0,357621
357621,CAR1827,2026,39458.0,357622
357622,CAR1828,2026,1320.0,357623
357623,CAR1829,2026,128769.0,357624
357631,CAR1844,2026,15151.0,357632
357632,CAR1847,2026,87423.0,357633
357636,CAR1852,2026,33420.0,357637
357643,CAR1859,2026,80614.0,357644
357645,CAR1861,2026,1106.0,357646
357647,CAR1863,2026,400605.0,357648
357648,CAR1864,2026,372856.0,357649
357649,CAR1865,2026,411369.0,357650
357651,CAR1868,2026,13831.0,357652
357652,CAR1869,2026,36622.0,357653
357653,CAR1870,2026,21305.0,357654
357654,CAR1871,2026,33800.0,357655
357663,CAR1888,2026,19258.0,357664
357673,CAR1906,2026,4706.0,357674
357674,CAR1907,2026,20417.0,357675
357679,CAR1921,2026,13382.0,357680
357680,CAR1922,2026,24034.0,357681
357681,CAR1924,2026,36638.0,357682
357682,CAR1925,2026,9341.0,357683
357683,CAR1926,2026,6084.0,357684
357684,CAR1927,2026,15626.0,357685
357685,CAR1928,2026,29430.0,357686
357686,CAR1929,2026,15973.0,357687
357687,CAR1931,2026,7334.0,357688
357688,CAR1932,2026,5614.0,357689
357689,CAR1933,2026,10925.0,357690
357690,CAR1934,2026,3204.0,357691
357691,CAR1935,2026,3810.0,357692
357692,CAR1936,2026,1892.0,357693
357693,CAR1937,2026,4812.0,357694
357694,CAR1938,2026,1849.0,357695
357695,CAR1939,2026,12012.0,357696
357696,CAR1941,2026,205776.0,357697
357697,CAR1942,2026,64288.0,357698
357701,CAR1946,2026,73491.0,357702
357703,CAR1949,2026,1481.0,357704
357713,CAR1959,2026,265962.0,357714
357714,CAR1960,2026,20128.0,357715
357716,CAR1962,2026,19001.0,357717
357717,CAR1963,2026,394606.0,357718
357729,CAR1979,2026,5859.0,357730
357736,CAR1989,2026,56652.0,357737
357738,CAR1991,2026,5047.0,357739
357745,CAR2004,2026,23307.0,357746
357746,CAR2005,2026,15414.0,357747
357747,CAR2006,2026,17345.0,357748
357775,CAR2039,2026,158921.0,357776
357777,CAR2041,2026,352.0,357778
357778,CAR2042,2026,568.0,357779
357779,CAR2043,2026,1003385.0,357780
357781,CAR2045,2026,1217.0,357782
357782,CAR2046,2026,9306.0,357783
357789,CAR2054,2026,250957.0,357790
357790,CAR2055,2026,6144.0,357791
357791,CAR2056,2026,255867.0,357792
357792,CAR2057,2026,95234.0,357793
357793,CAR2058,2026,120289.0,357794
357795,CAR2060,2026,332636.0,357796
357796,CAR2061,2026,237792.0,357797
357820,CAR2087,2026,10055.0,357821
357822,CAR2089,2026,39724.0,357823
357823,CAR2090,2026,16064.0,357824
357842,CAR2110,2026,63979.0,357843
357843,CAR2111,2026,159383.0,357844
357847,CAR2115,2026,77071.0,357848
357852,CAR2121,2026,47331.0,357853
357859,CAR2129,2026,64379.0,357860
357861,CAR2131,2026,19593.0,357862
357865,CAR2135,2026,32794.0,357866
357868,CAR2139,2026,1506.0,357869
357888,CAR2167,2026,86782.0,357889
357892,CAR2171,2026,27792.0,357893
357924,CAR2211,2026,39953.0,357925
357930,CAR2217,2026,32223.0,357931
357931,CAR2218,2026,11452.0,357932
357943,CAR2245,2026,70202.0,357944
357947,CAR2251,2026,78861.0,357948
357949,CAR2253,2026,93013.0,357950
357950,CAR2254,2026,54283.0,357951
357951,CAR2255,2026,78357.0,357952
357953,CAR2257,2026,87092.0,357954
357959,CAR2264,2026,9166.0,357960
357969,CAR2278,2026,126429.0,357970
357973,CAR2283,2026,96054.0,357974
357974,CAR2284,2026,50902.0,357975
357977,CAR2291,2026,59723.0,357978
357978,CAR2294,2026,98854.0,357979
357982,CAR2312,2026,126136.0,357983
357997,GS351,2026,63327.0,357998
358008,GS390,2026,149697.0,358009
358027,GS436,2026,95214.0,358028
358031,GS440,2026,285445.0,358032
358034,GS447,2026,994730.0,358035
358083,GS601,2026,47199.0,358084
358113,GS655,2026,450242.0,358114
358121,GS672,2026,165526.0,358122
358122,GS675,2026,165979.0,358123
358124,GS683,2026,207677.0,358125
358133,GS707,2026,552495.0,358134
358137,GS715,2026,46760.0,358138
358145,GS735,2026,399955.0,358146
358154,GS751,2026,29396.0,358155
358155,GS753,2026,159353.0,358156
358191,GS828,2026,32437.0,358192
358224,GS879,2026,306908.0,358225
358234,GS905,2026,290808.0,358235
358263,GS961,2026,24660.0,358264
358275,GS980,2026,13607.0,358276
358294,GS1013,2026,194114.0,358295
358299,GS1018,2026,78985.0,358300
358301,GS1021,2026,34813.0,358302
358314,GS1034,2026,206109.0,358315
358338,GS1068,2026,213038.0,358339
358367,GS1109,2026,73653.0,358368
358378,GS1138,2026,395353.0,358379
358411,GS1199,2026,20960.0,358412
358434,GS1235,2026,160583.0,358435
358436,GS1237,2026,131553.0,358437
358481,GS1318,2026,143765.0,358482
358492,GS1333,2026,38959.0,358493
358502,GS1347,2026,73705.0,358503
358503,GS1348,2026,256658.0,358504
358528,GS1383,2026,150844.0,358529
358612,GS2296,2026,843008.0,358613
358613,GS2297,2026,164622.0,358614
358643,GS2429,2026,8256.0,358644
358708,GS2525,2026,8277.0,358709
358731,GS2566,2026,1739.0,358732
358732,GS2567,2026,1671.0,358733
358733,GS2568,2026,1671.0,358734
358734,GS2569,2026,1671.0,358735
358735,GS2570,2026,1671.0,358736
358736,GS2571,2026,1671.0,358737
358737,GS2572,2026,1671.0,358738
358738,GS2573,2026,1671.0,358739
358739,GS2574,2026,1671.0,358740
358740,GS2575,2026,1671.0,358741
358741,GS2576,2026,1739.0,358742
358742,GS2577,2026,1739.0,358743
358743,GS2578,2026,1671.0,358744
358744,GS2579,2026,1671.0,358745
358745,GS2580,2026,1657.0,358746
358746,GS2581,2026,1671.0,358747
358747,GS2582,2026,1702.0,358748
358748,GS2583,2026,1677.0,358749
358749,GS2584,2026,1708.0,358750
358750,GS2585,2026,1266.0,358751
358804,GS2750,2026,41959.0,358805
358806,GS2758,2026,124527.0,358807
358823,GS2913,2026,41093.0,358824
358922,GS3445,2026,6137.0,358923
358935,GS3493,2026,208667.0,358936
358937,GS3509,2026,11425.0,358938
358969,GS3588,2026,7746.0,358970
358970,GS3589,2026,7746.0,358971
358971,GS3590,2026,7746.0,358972
358972,GS3591,2026,8048.0,358973
358973,GS3592,2026,8048.0,358974
358974,GS3593,2026,7746.0,358975
358975,GS3594,2026,8048.0,358976
358976,GS3595,2026,8048.0,358977
358977,GS3596,2026,6162.0,358978
358978,GS3597,2026,7763.0,358979
358979,GS3598,2026,8048.0,358980
358980,GS3599,2026,7816.0,358981
358981,GS3600,2026,7918.0,358982
358982,GS3601,2026,7886.0,358983
358996,GS3705,2026,44304.0,358997
358998,GS3852,2026,88445.0,358999
359021,GS3971,2026,37701.0,359022
359024,GS3976,2026,178952.0,359025
359047,GS4236,2026,33460.0,359048
359070,GS4364,2026,13658.0,359071
359113,GS4446,2026,39291.0,359114
359121,GS4533,2026,21674.0,359122
359135,GS4593,2026,2451.0,359136
359163,GS4823,2026,7635.0,359164
359197,GS5038,2026,3341.0,359198
359198,GS5039,2026,3341.0,359199
359199,GS5040,2026,3331.0,359200
359200,GS5041,2026,3147.0,359201
359201,GS5042,2026,3092.0,359202
359202,GS5043,2026,3341.0,359203
359206,GS5052,2026,25615.0,359207
359211,GS5099,2026,70746.0,359212
359247,GS5314,2026,37428.0,359248
359248,GS5315,2026,9326.0,359249
359250,GS5317,2026,111981.0,359251
359251,GS5322,2026,2229.0,359252
359252,GS5323,2026,2226.0,359253
359253,GS5324,2026,2266.0,359254
359314,GS5642,2026,82027.0,359315
359325,GS5699,2026,133367.0,359326
359335,GS5802,2026,16593.0,359336
359337,GS5825,2026,4678.0,359338
359338,GS5826,2026,4011.0,359339
359339,GS5827,2026,4011.0,359340
359361,GS5951,2026,2114.0,359362
359362,GS5952,2026,1637.0,359363
359363,GS5953,2026,1630.0,359364
359364,GS5954,2026,1518.0,359365
359365,GS5955,2026,1406.0,359366
359376,GS6037,2026,2212.0,359377
359377,GS6038,2026,2266.0,359378
359378,GS6041,2026,2826.0,359379
359379,GS6042,2026,2519.0,359380
359411,GS6152,2026,4529.0,359412
359420,GS6256,2026,98689.0,359421
359437,GS6393,2026,52422.0,359438
359438,GS6394,2026,54658.0,359439
359439,GS6395,2026,72685.0,359440
359443,GS6419,2026,9850.0,359444
359444,GS6420,2026,9858.0,359445
359448,GS6460,2026,730.0,359449
359462,GS6588,2026,62278.0,359463
359464,GS6598,2026,42068.0,359465
359465,GS6599,2026,2650.0,359466
359466,GS6600,2026,3024.0,359467
359478,GS6760,2026,234877.0,359479
359479,GS6783,2026,3670.0,359480
359480,GS6784,2026,4660.0,359481
359490,GS6836,2026,5829.0,359491
359503,GS6887,2026,32808.0,359504
359507,GS7002,2026,63455.0,359508
359509,GS7071,2026,651477.0,359510
359512,GS7080,2026,321592.0,359513
359514,GS7091,2026,143470.0,359515
359527,GS7138,2026,279409.0,359528
359535,GS7151,2026,123720.0,359536
359536,GS7152,2026,256868.0,359537
359538,GS7154,2026,417782.0,359539
359541,GS7288,2026,1939.0,359542
359542,GS7289,2026,1807.0,359543
359552,GS7330,2026,3863.0,359553
359553,GS7331,2026,3109.0,359554
359554,GS7332,2026,4011.0,359555
359555,GS7333,2026,4011.0,359556
359556,GS7334,2026,3341.0,359557
359557,GS7335,2026,3341.0,359558
359558,GS7336,2026,3120.0,359559
359578,GS7394,2026,4083.0,359579
359594,GS7444,2026,21881.0,359595
359595,GS7448,2026,7180.0,359596
359596,GS7449,2026,13149.0,359597
359597,GS7450,2026,9903.0,359598
359598,GS7451,2026,13554.0,359599
359599,GS7452,2026,7652.0,359600
359600,GS7453,2026,14145.0,359601
359601,GS7454,2026,13760.0,359602
359611,GS7465,2026,4434.0,359612
359614,GS7468,2026,276267.0,359615
359615,GS7469,2026,258392.0,359616
359618,GS7472,2026,2534.0,359619
359619,GS7473,2026,2892.0,359620
359620,GS7474,2026,2574.0,359621
359640,GS7495,2026,523364.0,359641
359655,GS7512,2026,2850.0,359656
359667,GS7524,2026,8371.0,359668
359675,GS7532,2026,335456.0,359676
359681,GS7539,2026,2812.0,359682
359691,GS7549,2026,106790.0,359692
359694,GS7552,2026,21516.0,359695
359696,GS7554,2026,6239.0,359697
359699,GS7557,2026,60000.0,359700
359708,GS7566,2026,7369.0,359709
359709,GS7567,2026,6926.0,359710
359715,GS7574,2026,3116.0,359716
359720,GS7579,2026,56159.0,359721
359759,GS7620,2026,282173.0,359760
359760,GS7621,2026,262301.0,359761
359766,GS7627,2026,303160.0,359767
359770,GS7631,2026,78648.0,359771
359791,GS7652,2026,130832.0,359792
359797,GS7671,2026,4876.0,359798
359798,GS7672,2026,6275.0,359799
359802,GS7676,2026,70368.0,359803
359813,GS7687,2026,69813.0,359814
359814,GS7688,2026,63206.0,359815
359815,GS7689,2026,65542.0,359816
359816,GS7690,2026,64923.0,359817
359817,GS7691,2026,65328.0,359818
359852,GS7726,2026,800728.0,359853
359854,GS7731,2026,23271.0,359855
359859,GS7736,2026,136047.0,359860
359863,GS7740,2026,201899.0,359864
359873,GS7750,2026,349686.0,359874
359882,GS7761,2026,1082635.0,359883
359898,GS7792,2026,43046.0,359899
359906,GS7800,2026,68699.0,359907
359928,GS10657,2026,7596.0,359929
359929,GS10658,2026,5900.0,359930
359930,GS10659,2026,7729.0,359931
359949,GS10712,2026,159016.0,359950
359955,GS10718,2026,9035.0,359956
359975,GS10740,2026,10000.0,359976
359976,GS10741,2026,10000.0,359977
359977,GS10742,2026,10000.0,359978
359979,GS10777,2026,5187.0,359980
359980,GS10778,2026,10000.0,359981
359981,GS10779,2026,10000.0,359982
359982,GS10780,2026,10000.0,359983
359983,GS10781,2026,10000.0,359984
359984,GS10782,2026,62256.0,359985
359985,GS10783,2026,7328.0,359986
359986,GS10784,2026,6986.0,359987
359992,GS10791,2026,299036.0,359993
359993,GS10792,2026,96459.0,359994
359994,GS10793,2026,45394.0,359995
359999,GS10798,2026,143979.0,360000
360007,GS10806,2026,10000.0,360008
360008,GS10807,2026,10000.0,360009
360013,GS10812,2026,57570.0,360014
360014,GS10813,2026,56112.0,360015
360040,GS10878,2026,111882.0,360041
360050,GS10897,2026,2940.0,360051
360075,GS10922,2026,10000.0,360076
360076,GS10923,2026,10000.0,360077
360077,GS10924,2026,10000.0,360078
360078,GS10925,2026,10000.0,360079
360079,GS10926,2026,10000.0,360080
360080,GS10927,2026,4836.0,360081
360081,GS10928,2026,3754.0,360082
360090,GS10968,2026,55175.0,360091
360127,GS11007,2026,64082.0,360128
360130,GS11010,2026,50595.0,360131
360131,GS11011,2026,56712.0,360132
360132,GS11012,2026,10000.0,360133
360133,GS11013,2026,10000.0,360134
360134,GS11014,2026,10000.0,360135
360135,GS11015,2026,10000.0,360136
360136,GS11016,2026,10000.0,360137
360137,GS11017,2026,21490.0,360138
360138,GS11018,2026,21065.0,360139
360139,GS11019,2026,19122.0,360140
360140,GS11020,2026,18749.0,360141
360141,GS11021,2026,16094.0,360142
360142,GS11022,2026,15756.0,360143
360143,GS11023,2026,14538.0,360144
360144,GS11024,2026,13987.0,360145
360145,GS11025,2026,12314.0,360146
360146,GS11026,2026,6097.0,360147
360157,GS11041,2026,7016.0,360158
360158,GS11042,2026,6475.0,360159
360159,GS11043,2026,8548.0,360160
360160,GS11044,2026,7032.0,360161
360188,GS11074,2026,10000.0,360189
360211,GS11098,2026,85162.0,360212
360213,GS11133,2026,78816.0,360214
360214,GS11134,2026,80408.0,360215
360215,GS11135,2026,86391.0,360216
360216,GS11136,2026,84205.0,360217
360217,GS11137,2026,81375.0,360218
360218,GS11138,2026,61000.0,360219
360220,GS11140,2026,521743.0,360221
360225,GS11145,2026,293245.0,360226
360240,GS11166,2026,689.0,360241
360245,GS11173,2026,48952.0,360246
360260,GS11190,2026,16539.0,360261
360271,GS11201,2026,3432.0,360272
360279,GS11209,2026,101450.0,360280
360280,GS11210,2026,31969.0,360281
360281,GS11211,2026,60585.0,360282
360294,GS11226,2026,395906.0,360295
360295,GS11227,2026,23767.0,360296
360296,GS11228,2026,23006.0,360297
360297,GS11229,2026,20269.0,360298
360298,GS11230,2026,20931.0,360299
360299,GS11231,2026,22585.0,360300
360300,GS11232,2026,19783.0,360301
360301,GS11233,2026,2440.0,360302
360302,GS11234,2026,2362.0,360303
360303,GS11235,2026,2497.0,360304
360304,GS11236,2026,19149.0,360305
360305,GS11237,2026,171092.0,360306
360309,GS11241,2026,48470.0,360310
360324,GS11259,2026,35036.0,360325
360325,GS11260,2026,41300.0,360326
360326,GS11261,2026,37483.0,360327
360327,GS11262,2026,33729.0,360328
360328,GS11263,2026,45471.0,360329
360329,GS11264,2026,34454.0,360330
360330,GS11265,2026,51419.0,360331
360331,GS11266,2026,37860.0,360332
360332,GS11267,2026,37727.0,360333
360333,GS11268,2026,44574.0,360334
360334,GS11269,2026,38140.0,360335
360335,GS11270,2026,42521.0,360336
360336,GS11271,2026,43532.0,360337
360337,GS11272,2026,46691.0,360338
360338,GS11273,2026,51446.0,360339
360339,GS11274,2026,45110.0,360340
360340,GS11275,2026,46130.0,360341
360341,GS11276,2026,47826.0,360342
360342,GS11277,2026,50264.0,360343
360343,GS11278,2026,43682.0,360344
360344,GS11279,2026,48945.0,360345
360345,GS11280,2026,46927.0,360346
360346,GS11281,2026,42706.0,360347
360347,GS11282,2026,46584.0,360348
360348,GS11283,2026,38809.0,360349
360349,GS11284,2026,37224.0,360350
360350,GS11285,2026,37316.0,360351
360351,GS11286,2026,39817.0,360352
360352,GS11287,2026,27466.0,360353
360353,GS11288,2026,34009.0,360354
360354,GS11289,2026,52216.0,360355
360355,GS11290,2026,54612.0,360356
360356,GS11291,2026,49062.0,360357
360357,GS11292,2026,55509.0,360358
360358,GS11293,2026,53097.0,360359
360359,GS11294,2026,57996.0,360360
360360,GS11295,2026,53279.0,360361
360361,GS11296,2026,51117.0,360362
360362,GS11297,2026,49764.0,360363
360363,GS11298,2026,48754.0,360364
360364,GS11299,2026,45869.0,360365
360365,GS11300,2026,55060.0,360366
360366,GS11301,2026,52149.0,360367
360367,GS11302,2026,49934.0,360368
360368,GS11303,2026,47677.0,360369
360369,GS11304,2026,20567.0,360370
360370,GS11305,2026,15971.0,360371
360371,GS11306,2026,116093.0,360372
360373,GS11308,2026,8251.0,360374
360383,GS11319,2026,56041.0,360384
360395,GS11331,2026,227552.0,360396
360402,GS11339,2026,45082.0,360403
360403,GS11341,2026,87891.0,360404
360405,GS11344,2026,415327.0,360406
360424,GS11401,2026,66811.0,360425
360427,GS11404,2026,36187.0,360428
360428,GS11405,2026,61617.0,360429
360436,GS11414,2026,335240.0,360437
360437,GS11415,2026,370095.0,360438
360446,GS11424,2026,76340.0,360447
360450,GS11432,2026,55809.0,360451
360459,GS11441,2026,60112.0,360460
360464,GS11451,2026,60278.0,360465
360469,GS11466,2026,12434.0,360470
360484,GS11484,2026,70875.0,360485
360486,GS11486,2026,56065.0,360487
360495,GS11496,2026,49816.0,360496
360537,GS11544,2026,8296.0,360538
360544,GS11551,2026,593281.0,360545
360551,GS11561,2026,241484.0,360552
360580,GS11603,2026,29732.0,360581
360583,GS11606,2026,50615.0,360584
360600,GS11627,2026,903.0,360601
360610,GS11639,2026,47139.0,360611
360611,GS11640,2026,45107.0,360612
360631,GS11667,2026,25642.0,360632
360633,GS11671,2026,2794310.0,360634
360634,GS11672,2026,28294.0,360635
360646,GS11691,2026,8347.0,360647
360647,GS11692,2026,2429.0,360648
360648,GS11693,2026,44662.0,360649
360670,GS11721,2026,10449.0,360671
360676,GS11728,2026,342833.0,360677
360681,GS11736,2026,190203.0,360682
360684,GS11741,2026,69900.0,360685
360727,GS11786,2026,22148.0,360728
360728,GS11787,2026,22148.0,360729
360729,GS11788,2026,22148.0,360730
360730,GS11789,2026,22148.0,360731
360747,GS11817,2026,1250.0,360748
360773,GS11861,2026,32270.0,360774
360851,GS11950,2026,10000.0,360852
360852,GS11951,2026,10000.0,360853
360853,GS11952,2026,10000.0,360854
360854,GS11953,2026,10000.0,360855
360855,GS11954,2026,9088.0,360856
360864,GS11980,2026,1441.0,360865
360873,GS11989,2026,2199.0,360874
360880,GS11996,2026,8739.0,360881
360881,GS11998,2026,6821.0,360882
360882,GS11999,2026,7165.0,360883
360883,GS12000,2026,7046.0,360884
360884,GS12001,2026,6553.0,360885
360885,GS12002,2026,7948.0,360886
360886,GS12003,2026,7514.0,360887
360887,GS12004,2026,9380.0,360888
360888,GS12005,2026,4504.0,360889
360889,GS12006,2026,10391.0,360890
360890,GS12007,2026,8480.0,360891
360891,GS12008,2026,11169.0,360892
360892,GS12009,2026,8824.0,360893
360893,GS12010,2026,6317.0,360894
360894,GS12011,2026,10000.0,360895
360899,GS12018,2026,31255.0,360900
360903,GS12023,2026,56416.0,360904
360912,GS12033,2026,148558.0,360913
360926,GS12047,2026,1341274.0,360927
360929,GS12050,2026,47249.0,360930
360931,GS12052,2026,34185.0,360932
360939,GS12064,2026,47302.0,360940
360940,GS12065,2026,282181.0,360941
360956,GS12082,2026,10985.0,360957
360976,GS12112,2026,746233.0,360977
360979,GS12115,2026,54989.0,360980
361001,GS12137,2026,28674.0,361002
361007,GS12144,2026,668346.0,361008
361008,GS12146,2026,642.0,361009
361009,GS12147,2026,49903.0,361010
361045,GS12193,2026,1016.0,361046
361051,GS12199,2026,207681.0,361052
361057,GS12205,2026,235036.0,361058
361063,GS12213,2026,3895.0,361064
361066,GS12216,2026,8003.0,361067
361067,GS12217,2026,8607.0,361068
361096,GS12251,2026,41197.0,361097
361097,GS12252,2026,38062.0,361098
361098,GS12253,2026,46940.0,361099
361099,GS12254,2026,48396.0,361100
361100,GS12255,2026,49131.0,361101
361101,GS12256,2026,55006.0,361102
361102,GS12257,2026,51573.0,361103
361103,GS12258,2026,37514.0,361104
361104,GS12259,2026,42688.0,361105
361105,GS12260,2026,46243.0,361106
361106,GS12261,2026,41017.0,361107
361107,GS12262,2026,44936.0,361108
361108,GS12263,2026,44479.0,361109
361121,GS12276,2026,58661.0,361122
361126,GS12282,2026,119441.0,361127
361128,GS12285,2026,500651.0,361129
361136,GS12295,2026,111159.0,361137
361138,GS12299,2026,14302.0,361139
361140,GS12302,2026,70431.0,361141
361141,GS12303,2026,20601.0,361142
361146,GS12308,2026,76016.0,361147
361171,GS12339,2026,204060.0,361172
361173,GS12342,2026,2095.0,361174
361180,GS12350,2026,80505.0,361181
361203,GS12377,2026,63250.0,361204
361207,GS12383,2026,18053.0,361208
361213,GS12390,2026,48388.0,361214
361214,GS12391,2026,50381.0,361215
361215,GS12392,2026,50005.0,361216
361216,GS12393,2026,51114.0,361217
361217,GS12394,2026,48669.0,361218
361218,GS12395,2026,48091.0,361219
361219,GS12396,2026,47175.0,361220
361220,GS12397,2026,46871.0,361221
361221,GS12398,2026,51901.0,361222
361222,GS12399,2026,53639.0,361223
361223,GS12400,2026,52907.0,361224
361224,GS12401,2026,54734.0,361225
361225,GS12402,2026,55653.0,361226
361226,GS12403,2026,52015.0,361227
361227,GS12404,2026,54603.0,361228
361228,GS12405,2026,55801.0,361229
361229,GS12406,2026,57011.0,361230
361230,GS12407,2026,54566.0,361231
361231,GS12408,2026,49879.0,361232
361232,GS12409,2026,55441.0,361233
361233,GS12410,2026,56283.0,361234
361234,GS12411,2026,55753.0,361235
361235,GS12412,2026,53223.0,361236
361236,GS12413,2026,51327.0,361237
361237,GS12414,2026,54007.0,361238
361238,GS12415,2026,53204.0,361239
361239,GS12416,2026,52696.0,361240
361240,GS12417,2026,52053.0,361241
361241,GS12418,2026,41054.0,361242
361277,GS12460,2026,40832.0,361278
361278,GS12461,2026,28263.0,361279
361286,GS12470,2026,44064.0,361287
361291,GS12476,2026,40199.0,361292
361295,GS12482,2026,188595.0,361296
361311,GS12505,2026,185574.0,361312
361381,GS12624,2026,10745.0,361382
361392,GS12638,2026,43642.0,361393
361402,GS12653,2026,23927.0,361403
361403,GS12654,2026,18255.0,361404
361414,GS12665,2026,7276.0,361415
361419,GS12670,2026,1299593.0,361420
361510,GS12779,2026,42077.0,361511
361519,GS12794,2026,11484.0,361520
361522,GS12798,2026,5751.0,361523
361525,GS12801,2026,30472.0,361526
361579,GS12871,2026,1735.0,361580
361580,GS12875,2026,420504.0,361581
361629,GS12954,2026,59384.0,361630
361648,GS12979,2026,44123.0,361649
361658,GS12995,2026,392.0,361659
361714,GS13107,2026,234215.0,361715
361715,GS13108,2026,15507.0,361716
361717,GS13110,2026,148388.0,361718
361725,GS13120,2026,40562.0,361726
361805,GS23170,2026,10714.0,361806
361819,GS23186,2026,1899.0,361820
361873,GS23254,2026,299766.0,361874
361885,GS23271,2026,13342.0,361886
361913,GS23309,2026,41008.0,361914
361934,GS23339,2026,17594.0,361935
362180,ISOprj_1H502CZZH1S0VMYW,2026,1499.721,362181
362181,ISOprj_1HCHT9G2H1S05MYP,2026,2.959,362182
362182,ISOprj_1HHYZFVGW1S044ZY,2026,32919.556,362183
362183,ISOprj_1HZSSWBQM1S08H83,2026,3665.405,362184
362184,ISOprj_1J4P33N6W1S0RKE2,2026,8978.884,362185
362185,ISOprj_1J7NQMR9V1S04P0D,2026,150.812,362186
362188,ISOprj_1JFA3YY9P1S0YVKR,2026,879.849,362189
362189,ISOprj_1JKR5RQG81S0Y2CZ,2026,492.4,362190
362191,ISOprj_1JN6XNWDQ1S0BSN7,2026,46.768,362192
362196,ISOprj_1JQEQKCF91S06HAJ,2026,1041.306,362197
362201,ISOprj_1JWX91R5E1S00PN0,2026,4.87,362202
362202,ISOprj_1JXCRW5ST1S0EEKH,2026,3847.144,362203
362203,ISOprj_1JY1YXDBS1S01Y05,2026,12086.289,362204
362204,ISOprj_1JYCV03BW1S0RTE5,2026,2710.062,362205
362208,ISOprj_1JZ0ZD3JN1S0SHW9,2026,46.001,362209
362209,ISOprj_1JZJY8NY61S0RH07,2026,6448.34,362210
362212,ISOprj_1K10D531D1S0DEV9,2026,200.851,362213
362217,ISOprj_1K39D0N8S1S0TMKX,2026,75.156,362218
362218,ISOprj_1K3MGXD4A1S0S3H8,2026,316.089,362219
362220,ISOprj_1K3VWSDS61S0QKV7,2026,1.44,362221
362228,ISOprj_1K7HK8Q4S1S0D4W4,2026,418.869,362229
362233,ISOprj_1KA95092G1S093EM,2026,21771.53,362234
362235,ISOprj_1KC8T0EGS1S0H36R,2026,5.488,362236
362238,ISOprj_1KESD32TS1S0ZHGV,2026,2765.471,362239
362239,ISOprj_1KFDNVSDZ1S0QA39,2026,103.467,362240
362245,ISOprj_1KP390EAC1S0WTMV,2026,6004.706,362246
362248,ISOprj_1KRAVH8Y81S0WQ8Z,2026,2089.21,362249
362255,VCS5,2026,15561.0,362256
362260,VCS10,2026,20408.0,362261
362383,VCS138,2026,110197.0,362384
362439,VCS197,2026,55010.0,362440
362646,VCS405,2026,24813.0,362647
362799,VCS558,2026,5805.0,362800
362817,VCS576,2026,11378.0,362818
362859,VCS618,2026,111276.0,362860
362881,VCS640,2026,79943.0,362882
362913,VCS672,2026,980580.0,362914
362947,VCS706,2026,10000.0,362948
363073,VCS834,2026,48232.0,363074
363111,VCS872,2026,25860.0,363112
363118,VCS879,2026,10869.0,363119
363148,VCS909,2026,43501.0,363149
363149,VCS910,2026,80769.0,363150
363168,VCS929,2026,578457.0,363169
363200,VCS961,2026,3137.0,363201
363321,VCS1083,2026,39823.0,363322
363352,VCS1114,2026,13036.0,363353
363371,VCS1133,2026,48633.0,363372
363435,VCS1198,2026,33366.0,363436
363452,VCS1215,2026,466636.0,363453
363477,VCS1240,2026,227834.0,363478
363478,VCS1241,2026,26836.0,363479
363494,VCS1257,2026,229568.0,363495
363495,VCS1258,2026,228628.0,363496
363544,VCS1308,2026,198128.0,363545
363581,VCS1345,2026,544660.0,363582
363590,VCS1354,2026,88713.0,363591
363598,VCS1362,2026,68148.0,363599
363600,VCS1364,2026,229440.0,363601
363616,VCS1380,2026,5856.0,363617
363627,VCS1391,2026,10000.0,363628
363628,VCS1392,2026,216758.0,363629
363635,VCS1399,2026,5000.0,363636
363708,VCS1477,2026,10893200.0,363709
363712,VCS1481,2026,90250.0,363713
363713,VCS1482,2026,67436.0,363714
363732,VCS1503,2026,5000.0,363733
363794,VCS1571,2026,100000.0,363795
363795,VCS1572,2026,214050.0,363796
363799,VCS1579,2026,99424.0,363800
363801,VCS1582,2026,218032.0,363802
363872,VCS1723,2026,241995.0,363873
363907,VCS1770,2026,149345.0,363908
363929,VCS1798,2026,346141.0,363930
363936,VCS1806,2026,255609.0,363937
363941,VCS1812,2026,215791.0,363942
363976,VCS1851,2026,638028.0,363977
363991,VCS1867,2026,513361.0,363992
364006,VCS1885,2026,23430.0,364007
364016,VCS1897,2026,306545.0,364017
364019,VCS1900,2026,261981.0,364020
364022,VCS1903,2026,279596.0,364023
364023,VCS1904,2026,324433.0,364024
364030,VCS1911,2026,53708.0,364031
364032,VCS1913,2026,15951.0,364033
364033,VCS1914,2026,389365.0,364034
364034,VCS1915,2026,23012.0,364035
364061,VCS1946,2026,29982.0,364062
364072,VCS1958,2026,24627.0,364073
364073,VCS1959,2026,14628.0,364074
364074,VCS1960,2026,3515.0,364075
364082,VCS1968,2026,649828.0,364083
364084,VCS1970,2026,81639.0,364085
364088,VCS1974,2026,24030.0,364089
364089,VCS1975,2026,35734.0,364090
364101,VCS1987,2026,391812.0,364102
364110,VCS1996,2026,91674.0,364111
364111,VCS1997,2026,64504.0,364112
364113,VCS1999,2026,53247.0,364114
364114,VCS2000,2026,124339.0,364115
364118,VCS2004,2026,338175.0,364119
364172,VCS2058,2026,15000.0,364173
364183,VCS2069,2026,574786.0,364184
364203,VCS2093,2026,13624.0,364204
364232,VCS2261,2026,20107.0,364233
364247,VCS2302,2026,94669.0,364248
364256,VCS2311,2026,51815.0,364257
364257,VCS2312,2026,43941.0,364258
364258,VCS2313,2026,44032.0,364259
364259,VCS2314,2026,44641.0,364260
364260,VCS2315,2026,52843.0,364261
364264,VCS2319,2026,46342.0,364265
364267,VCS2322,2026,28166.0,364268
364286,VCS2345,2026,120629.0,364287
364289,VCS2348,2026,54061.0,364290
364290,VCS2349,2026,16591.0,364291
364322,VCS2383,2026,60032.0,364323
364323,VCS2384,2026,403302.0,364324
364351,VCS2412,2026,34002.0,364352
364372,VCS2434,2026,22113.0,364373
364405,VCS2471,2026,4692.0,364406
364433,VCS2502,2026,527068.0,364434
364436,VCS2505,2026,4052309.0,364437
364471,VCS2548,2026,53632.0,364472
364480,VCS2558,2026,20718.0,364481
364490,VCS2573,2026,211606.0,364491
364502,VCS2590,2026,57463.0,364503
364513,VCS2601,2026,97211.0,364514
364552,VCS2649,2026,30000.0,364553
364572,VCS2673,2026,40188.0,364573
364575,VCS2676,2026,425316.0,364576
364584,VCS2685,2026,42333.0,364585
364585,VCS2687,2026,53578.0,364586
364586,VCS2688,2026,46944.0,364587
364587,VCS2689,2026,53726.0,364588
364588,VCS2690,2026,47871.0,364589
364590,VCS2692,2026,367.0,364591
364605,VCS2707,2026,88027.0,364606
364646,VCS2751,2026,7648.0,364647
364647,VCS2752,2026,7999.0,364648
364657,VCS2762,2026,361856.0,364658
364666,VCS2772,2026,48200.0,364667
364667,VCS2773,2026,43202.0,364668
364668,VCS2774,2026,47700.0,364669
364669,VCS2775,2026,44093.0,364670
364670,VCS2776,2026,48560.0,364671
364671,VCS2777,2026,45146.0,364672
364672,VCS2778,2026,48853.0,364673
364673,VCS2779,2026,45613.0,364674
364674,VCS2780,2026,48983.0,364675
364686,VCS2794,2026,838810.0,364687
364716,VCS2825,2026,39454.0,364717
364717,VCS2826,2026,40138.0,364718
364718,VCS2827,2026,47187.0,364719
364753,VCS2863,2026,240287.0,364754
364777,VCS2887,2026,3033077.0,364778
364785,VCS2895,2026,104873.0,364786
364807,VCS2922,2026,1508.0,364808
364809,VCS2924,2026,776147.0,364810
364810,VCS2925,2026,2912866.0,364811
364814,VCS2930,2026,4111740.0,364815
364815,VCS2931,2026,266254.0,364816
364843,VCS2960,2026,259705.0,364844
364857,VCS2980,2026,59249.0,364858
364861,VCS2984,2026,484726.0,364862
364865,VCS2989,2026,63629.0,364866
364867,VCS2992,2026,2812.0,364868
364874,VCS3000,2026,405915.0,364875
364876,VCS3002,2026,97323.0,364877
364893,VCS3019,2026,3296.0,364894
364895,VCS3021,2026,718503.0,364896
364919,VCS3052,2026,198312.0,364920
364928,VCS3061,2026,20010.0,364929
364962,VCS3096,2026,79644.0,364963
364966,VCS3101,2026,24263.0,364967
365064,VCS3204,2026,134200.0,365065
365066,VCS3206,2026,5138.0,365067
365067,VCS3207,2026,24411.0,365068
365079,VCS3220,2026,13852.0,365080
365103,VCS3244,2026,224177.0,365104
365198,VCS3344,2026,561023.0,365199
365199,VCS3346,2026,399018.0,365200
365202,VCS3350,2026,355951.0,365203
365204,VCS3352,2026,504264.0,365205
365214,VCS3363,2026,14228.0,365215
365273,VCS3425,2026,12418.0,365274
365279,VCS3432,2026,209224.0,365280
365297,VCS3450,2026,19871.0,365298
365415,VCS3590,2026,48996.0,365416
365423,VCS3599,2026,283908.0,365424
365425,VCS3601,2026,62315.0,365426
365494,VCS3677,2026,25408.0,365495
365515,VCS3699,2026,722111.0,365516
365554,VCS3743,2026,36877.0,365555
365581,VCS3772,2026,65274.0,365582
365619,VCS3820,2026,255234.0,365620
365634,VCS3837,2026,1095135.0,365635
365662,VCS3869,2026,3894.0,365663
365663,VCS3870,2026,20517.0,365664
365664,VCS3871,2026,61024.0,365665
365666,VCS3873,2026,2091.0,365667
365672,VCS3880,2026,103290.0,365673
365680,VCS3889,2026,17865.0,365681
365691,VCS3901,2026,12523.0,365692
365704,VCS3916,2026,61412.0,365705
365717,VCS3929,2026,128435.0,365718
365723,VCS3936,2026,13565.0,365724
365747,VCS3963,2026,7000.0,365748
365761,VCS3980,2026,13678.0,365762
365779,VCS4000,2026,234717.0,365780
365795,VCS4018,2026,30554.0,365796
365797,VCS4020,2026,14443.0,365798
365811,VCS4036,2026,42837.0,365812
365815,VCS4043,2026,29073.0,365816
365816,VCS4044,2026,30350.0,365817
365820,VCS4048,2026,101808.0,365821
365822,VCS4050,2026,81829.0,365823
365828,VCS4057,2026,214716.0,365829
365906,VCS4144,2026,5332.0,365907
365912,VCS4150,2026,1597918.0,365913
365913,VCS4151,2026,922902.0,365914
365957,VCS4201,2026,137177.0,365958
365975,VCS4225,2026,113853.0,365976
365976,VCS4226,2026,114132.0,365977
365981,VCS4231,2026,143567.0,365982
365998,VCS4249,2026,47526.0,365999
366015,VCS4268,2026,107938.0,366016
366065,VCS4324,2026,27481.0,366066
366079,VCS4338,2026,71420.0,366080
366088,VCS4347,2026,5639.0,366089
366185,VCS4456,2026,68259.0,366186
366186,VCS4457,2026,172045.0,366187
366220,VCS4499,2026,757901.0,366221
366248,VCS4531,2026,7940198.0,366249
366260,VCS4544,2026,68811.0,366261
366262,VCS4546,2026,5280.0,366263
366266,VCS4550,2026,62349.0,366267
366273,VCS4558,2026,30382.0,366274
366293,VCS4578,2026,785.0,366294
366301,VCS4587,2026,116836.0,366302
366356,VCS4654,2026,57433.0,366357
366443,VCS4763,2026,678.0,366444
366484,VCS4816,2026,42272.0,366485
366498,VCS4835,2026,29456.0,366499
366532,VCS4873,2026,27330.0,366533
366533,VCS4874,2026,8223.0,366534
366534,VCS4875,2026,10360.0,366535
366537,VCS4878,2026,49915.0,366538
366538,VCS4879,2026,22224.0,366539
366544,VCS4885,2026,19568.0,366545
366547,VCS4888,2026,339638.0,366548
366590,VCS4952,2026,46344.0,366591
366600,VCS4970,2026,47428.0,366601
366622,VCS4997,2026,119833.0,366623
366624,VCS5003,2026,39555.0,366625
366626,VCS5005,2026,26546.0,366627
366634,VCS5016,2026,35465.0,366635
366710,VCS5114,2026,22619.0,366711
366711,VCS5115,2026,12653.0,366712
366734,VCS5141,2026,314450.0,366735
366781,VCS5199,2026,318.0,366782
366808,VCS5237,2026,26460.0,366809
366829,VCS5275,2026,3893.0,366830
366837,VCS5286,2026,21560.0,366838
366902,VCS5362,2026,35266.0,366903
366906,VCS5366,2026,35043.0,366907
366957,VCS5424,2026,3637.0,366958
366982,VCS5454,2026,2260.0,366983
367011,VCS5488,2026,1266749.0,367012
367016,VCS5498,2026,13563.0,367017
367025,VCS5511,2026,230119.0,367026
367054,VCS5542,2026,215319.0,367055
367081,VCS5574,2026,69729.0,367082
367087,VCS5582,2026,186558.0,367088
