,Project ID,Year,Issuance,Retirement/cancellation
52,ACR0103,2017,0.0,32.0
83,ACR0105,2017,0.0,2571555.0
115,ACR0106,2018,0.0,54000.0
116,ACR0106,2019,0.0,41330.0
119,ACR0106,2022,0.0,14122.0
175,ACR0109,2016,0.0,1118.0
176,ACR0109,2017,0.0,118311.0
177,ACR0109,2018,0.0,80571.0
213,ACR0110,2023,0.0,52219.0
271,ACR0112,2019,0.0,33422.0
272,ACR0112,2020,0.0,55387.0
275,ACR0112,2023,0.0,22044.0
276,ACR0112,2024,0.0,3607.0
277,ACR0112,2025,0.0,30929.0
299,ACR0113,2016,0.0,500.0
300,ACR0113,2017,0.0,655.0
301,ACR0113,2018,0.0,2500.0
330,ACR0114,2016,0.0,100160.0
331,ACR0114,2017,1054928.0,226398.0
332,ACR0114,2018,1273866.0,330063.0
333,ACR0114,2019,0.0,381181.0
334,ACR0114,2020,1670155.0,1139192.0
335,ACR0114,2021,1179164.0,346341.0
336,ACR0114,2022,0.0,506841.0
337,ACR0114,2023,0.0,437290.0
338,ACR0114,2024,1521929.0,413387.0
339,ACR0114,2025,0.0,343984.0
340,ACR0114,2026,0.0,183775.0
396,ACR0117,2020,0.0,40907.0
397,ACR0117,2021,0.0,60842.0
398,ACR0117,2022,0.0,2053891.0
399,ACR0117,2023,0.0,258622.0
401,ACR0117,2025,0.0,10285.0
427,ACR0118,2020,0.0,883500.0
455,ACR0119,2017,0.0,885.0
457,ACR0119,2019,0.0,1320.0
459,ACR0119,2021,0.0,28750.0
461,ACR0119,2023,0.0,2130.0
491,ACR0120,2022,0.0,719748.0
492,ACR0120,2023,0.0,363944.0
493,ACR0120,2024,0.0,260055.0
521,ACR0121,2021,0.0,7466.0
522,ACR0121,2022,0.0,537731.0
523,ACR0121,2023,0.0,971685.0
525,ACR0121,2025,0.0,242.0
550,ACR0122,2019,0.0,1614.0
552,ACR0122,2021,0.0,2404.0
553,ACR0122,2022,0.0,10978.0
555,ACR0122,2024,0.0,13.0
556,ACR0122,2025,0.0,37487.0
582,ACR0123,2020,0.0,6390607.0
671,ACR0126,2016,189668.0,310599.0
672,ACR0126,2017,470530.0,160360.0
673,ACR0126,2018,0.0,248104.0
674,ACR0126,2019,0.0,197455.0
675,ACR0126,2020,0.0,224645.0
676,ACR0126,2021,0.0,161585.0
677,ACR0126,2022,0.0,87094.0
678,ACR0126,2023,0.0,72727.0
679,ACR0126,2024,0.0,155.0
680,ACR0126,2025,0.0,72.0
681,ACR0126,2026,0.0,41.0
737,ACR0128,2020,0.0,32696.0
739,ACR0128,2022,0.0,7895.0
741,ACR0128,2024,0.0,1206.0
742,ACR0128,2025,0.0,4948.0
795,ACR0130,2016,5588.0,1198.0
796,ACR0130,2017,0.0,837.0
797,ACR0130,2018,0.0,429.0
799,ACR0130,2020,0.0,921.0
800,ACR0130,2021,0.0,2992.0
803,ACR0130,2024,0.0,226.0
826,ACR0131,2016,8826.0,0.0
827,ACR0131,2017,0.0,1663.0
828,ACR0131,2018,0.0,193.0
829,ACR0131,2019,0.0,2183.0
830,ACR0131,2020,0.0,3636.0
831,ACR0131,2021,0.0,761.0
832,ACR0131,2022,0.0,415.0
834,ACR0131,2024,0.0,925.0
836,ACR0131,2026,0.0,575.0
857,ACR0132,2016,18196.0,0.0
858,ACR0132,2017,0.0,650.0
859,ACR0132,2018,0.0,4507.0
861,ACR0132,2020,0.0,9616.0
862,ACR0132,2021,0.0,649.0
863,ACR0132,2022,0.0,3424.0
888,ACR0133,2016,8253.0,0.0
919,ACR0134,2016,2914.0,28.0
923,ACR0134,2020,0.0,133.0
924,ACR0134,2021,0.0,792.0
925,ACR0134,2022,0.0,189.0
950,ACR0135,2016,6231.0,1026.0
951,ACR0135,2017,0.0,157.0
952,ACR0135,2018,0.0,522.0
954,ACR0135,2020,0.0,100.0
955,ACR0135,2021,0.0,3357.0
956,ACR0135,2022,0.0,819.0
958,ACR0135,2024,0.0,250.0
981,ACR0136,2016,11068.0,3276.0
982,ACR0136,2017,0.0,89.0
983,ACR0136,2018,0.0,2586.0
985,ACR0136,2020,0.0,4575.0
986,ACR0136,2021,0.0,3907.0
989,ACR0136,2024,0.0,305.0
990,ACR0136,2025,0.0,638.0
1012,ACR0137,2016,18185.0,0.0
1013,ACR0137,2017,0.0,1926.0
1014,ACR0137,2018,0.0,4271.0
1015,ACR0137,2019,0.0,1.0
1016,ACR0137,2020,0.0,8096.0
1017,ACR0137,2021,0.0,1817.0
1018,ACR0137,2022,0.0,55.0
1020,ACR0137,2024,0.0,108.0
1022,ACR0137,2026,0.0,3392.0
1043,ACR0138,2016,10193.0,0.0
1044,ACR0138,2017,0.0,1837.0
1045,ACR0138,2018,0.0,2260.0
1047,ACR0138,2020,0.0,1818.0
1048,ACR0138,2021,0.0,4755.0
1049,ACR0138,2022,0.0,1100.0
1074,ACR0139,2016,3278.0,0.0
1075,ACR0139,2017,0.0,26.0
1076,ACR0139,2018,0.0,786.0
1077,ACR0139,2019,0.0,52.0
1078,ACR0139,2020,0.0,400.0
1080,ACR0139,2022,0.0,2014.0
1105,ACR0140,2016,9318.0,0.0
1106,ACR0140,2017,0.0,3112.0
1107,ACR0140,2018,0.0,1236.0
1109,ACR0140,2020,0.0,400.0
1110,ACR0140,2021,0.0,4311.0
1111,ACR0140,2022,0.0,544.0
1136,ACR0141,2016,9206.0,1223.0
1138,ACR0141,2018,0.0,3546.0
1139,ACR0141,2019,0.0,2000.0
1140,ACR0141,2020,0.0,3300.0
1141,ACR0141,2021,0.0,200.0
1142,ACR0141,2022,0.0,323.0
1144,ACR0141,2024,0.0,1300.0
1167,ACR0142,2016,3729.0,276.0
1169,ACR0142,2018,0.0,727.0
1170,ACR0142,2019,0.0,78.0
1171,ACR0142,2020,0.0,185.0
1172,ACR0142,2021,0.0,115.0
1173,ACR0142,2022,0.0,624.0
1175,ACR0142,2024,0.0,1868.0
1198,ACR0143,2016,1765.0,0.0
1200,ACR0143,2018,0.0,409.0
1202,ACR0143,2020,0.0,175.0
1203,ACR0143,2021,0.0,166.0
1204,ACR0143,2022,0.0,415.0
1229,ACR0144,2016,3243.0,473.0
1231,ACR0144,2018,0.0,802.0
1233,ACR0144,2020,0.0,144.0
1234,ACR0144,2021,0.0,832.0
1235,ACR0144,2022,0.0,865.0
1260,ACR0145,2016,4376.0,0.0
1261,ACR0145,2017,0.0,648.0
1262,ACR0145,2018,0.0,1134.0
1264,ACR0145,2020,0.0,200.0
1265,ACR0145,2021,0.0,1598.0
1266,ACR0145,2022,0.0,1428.0
1269,ACR0145,2025,0.0,16.0
1291,ACR0146,2016,2475.0,0.0
1293,ACR0146,2018,0.0,1111.0
1295,ACR0146,2020,0.0,284.0
1296,ACR0146,2021,0.0,568.0
1297,ACR0146,2022,0.0,950.0
1322,ACR0147,2016,4041.0,947.0
1323,ACR0147,2017,0.0,902.0
1325,ACR0147,2019,0.0,550.0
1326,ACR0147,2020,0.0,255.0
1327,ACR0147,2021,0.0,1236.0
1330,ACR0147,2024,0.0,1482.0
1353,ACR0148,2016,7986.0,0.0
1354,ACR0148,2017,0.0,1269.0
1355,ACR0148,2018,0.0,2079.0
1357,ACR0148,2020,0.0,100.0
1358,ACR0148,2021,0.0,4043.0
1359,ACR0148,2022,0.0,564.0
1361,ACR0148,2024,0.0,1200.0
1384,ACR0149,2016,5363.0,1109.0
1385,ACR0149,2017,0.0,883.0
1386,ACR0149,2018,0.0,1302.0
1388,ACR0149,2020,0.0,374.0
1389,ACR0149,2021,0.0,3687.0
1415,ACR0150,2016,1348.0,3.0
1417,ACR0150,2018,0.0,333.0
1419,ACR0150,2020,0.0,100.0
1421,ACR0150,2022,0.0,393.0
1446,ACR0151,2016,23841.0,137.0
1447,ACR0151,2017,0.0,2580.0
1449,ACR0151,2019,0.0,3217.0
1450,ACR0151,2020,0.0,11948.0
1451,ACR0151,2021,0.0,600.0
1452,ACR0151,2022,0.0,1068.0
1454,ACR0151,2024,0.0,93.0
1456,ACR0151,2026,0.0,4307.0
1477,ACR0152,2016,6368.0,2.0
1479,ACR0152,2018,0.0,1683.0
1481,ACR0152,2020,0.0,213.0
1482,ACR0152,2021,0.0,1200.0
1483,ACR0152,2022,0.0,3272.0
1508,ACR0153,2016,5081.0,0.0
1511,ACR0153,2019,0.0,967.0
1512,ACR0153,2020,0.0,100.0
1513,ACR0153,2021,0.0,430.0
1514,ACR0153,2022,0.0,2002.0
1515,ACR0153,2023,0.0,53.0
1516,ACR0153,2024,0.0,759.0
1539,ACR0154,2016,18046.0,2568.0
1542,ACR0154,2019,0.0,10094.0
1543,ACR0154,2020,0.0,4300.0
1544,ACR0154,2021,0.0,5456.0
1549,ACR0154,2026,0.0,120.0
1570,ACR0155,2016,3783.0,576.0
1572,ACR0155,2018,0.0,100.0
1573,ACR0155,2019,0.0,1439.0
1574,ACR0155,2020,0.0,100.0
1575,ACR0155,2021,0.0,935.0
1578,ACR0155,2024,0.0,1801.0
1601,ACR0156,2016,11872.0,1945.0
1604,ACR0156,2019,0.0,1246.0
1605,ACR0156,2020,0.0,865.0
1606,ACR0156,2021,0.0,1827.0
1607,ACR0156,2022,0.0,739.0
1609,ACR0156,2024,0.0,5550.0
1632,ACR0157,2016,60155.0,6966.0
1633,ACR0157,2017,0.0,10068.0
1634,ACR0157,2018,0.0,21360.0
1635,ACR0157,2019,0.0,22430.0
1636,ACR0157,2020,0.0,1793.0
1637,ACR0157,2021,0.0,4653.0
1638,ACR0157,2022,0.0,2769.0
1640,ACR0157,2024,0.0,199.0
1641,ACR0157,2025,0.0,957.0
1663,ACR0158,2016,3407.0,92.0
1667,ACR0158,2020,0.0,862.0
1668,ACR0158,2021,0.0,2545.0
1694,ACR0159,2016,2021.0,0.0
1697,ACR0159,2019,0.0,909.0
1698,ACR0159,2020,0.0,100.0
1699,ACR0159,2021,0.0,582.0
1700,ACR0159,2022,0.0,20.0
1759,ACR0161,2019,0.0,23622.0
1760,ACR0161,2020,0.0,10000.0
1762,ACR0161,2022,0.0,4172.0
1763,ACR0161,2023,0.0,1609.0
1764,ACR0161,2024,0.0,1150.0
1765,ACR0161,2025,0.0,7241.0
1851,ACR0164,2018,0.0,6513.0
1852,ACR0164,2019,0.0,21284.0
1853,ACR0164,2020,0.0,17141.0
1854,ACR0164,2021,0.0,119.0
1855,ACR0164,2022,0.0,28946.0
1856,ACR0164,2023,0.0,25339.0
1857,ACR0164,2024,0.0,575.0
1858,ACR0164,2025,0.0,3620.0
1882,ACR0165,2018,0.0,150000.0
1883,ACR0165,2019,0.0,72991.0
1884,ACR0165,2020,0.0,3900.0
1885,ACR0165,2021,0.0,5000.0
1943,ACR0170,2017,0.0,171709.0
2005,ACR0172,2017,0.0,10848.0
2036,ACR0173,2017,45888.0,130493.0
2038,ACR0173,2019,2926.0,0.0
2041,ACR0173,2022,0.0,30854.0
2042,ACR0173,2023,0.0,32430.0
2043,ACR0173,2024,0.0,34939.0
2044,ACR0173,2025,5783.0,0.0
2045,ACR0173,2026,0.0,30052.0
2129,ACR0176,2017,0.0,27420.0
2132,ACR0176,2020,0.0,62.0
2160,ACR0177,2017,0.0,4000.0
2163,ACR0177,2020,0.0,14563.0
2164,ACR0177,2021,0.0,22503.0
2222,ACR0179,2017,0.0,600.0
2225,ACR0179,2020,0.0,50000.0
2253,ACR0181,2017,0.0,6035.0
2256,ACR0181,2020,0.0,45829.0
2283,ACR0182,2016,16242.0,0.0
2284,ACR0182,2017,0.0,7169.0
2288,ACR0182,2021,27668.0,27150.0
2291,ACR0182,2024,8299.0,4331.0
2315,ACR0183,2017,0.0,3.0
2346,ACR0184,2017,0.0,116308.0
2353,ACR0184,2024,0.0,1791.0
2440,ACR0188,2018,0.0,37.0
2441,ACR0188,2019,0.0,4.0
2443,ACR0188,2021,0.0,775.0
2444,ACR0188,2022,20492.0,0.0
2445,ACR0188,2023,0.0,20492.0
2469,ACR0189,2016,11716.0,0.0
2470,ACR0189,2017,12401.0,12267.0
2473,ACR0189,2020,10837.0,11850.0
2474,ACR0189,2021,12228.0,0.0
2477,ACR0189,2024,0.0,11761.0
2479,ACR0189,2026,20441.0,0.0
2500,ACR0190,2016,24558.0,0.0
2501,ACR0190,2017,23610.0,53433.0
2502,ACR0190,2018,46906.0,0.0
2504,ACR0190,2020,50217.0,51752.0
2505,ACR0190,2021,29681.0,0.0
2508,ACR0190,2024,0.0,75052.0
2536,ACR0191,2021,587064.0,0.0
2537,ACR0191,2022,23129.0,3640.0
2538,ACR0191,2023,0.0,10360.0
2540,ACR0191,2025,0.0,8095.0
2541,ACR0191,2026,0.0,5613.0
2566,ACR0192,2020,39656.0,39656.0
2572,ACR0192,2026,68231.0,0.0
2594,ACR0193,2017,0.0,14864.0
2656,ACR0196,2017,0.0,43904.0
2718,ACR0199,2017,0.0,25557.0
2719,ACR0199,2018,341589.0,0.0
2721,ACR0199,2020,0.0,207441.0
2723,ACR0199,2022,460685.0,400000.0
2724,ACR0199,2023,138123.0,11236.0
2725,ACR0199,2024,0.0,584739.0
2726,ACR0199,2025,0.0,23418.0
2727,ACR0199,2026,0.0,40134.0
2748,ACR0200,2016,53171.0,0.0
2749,ACR0200,2017,0.0,53171.0
2750,ACR0200,2018,18416.0,0.0
2752,ACR0200,2020,29904.0,10176.0
2754,ACR0200,2022,9914.0,0.0
2755,ACR0200,2023,8032.0,770.0
2756,ACR0200,2024,8940.0,51746.0
2757,ACR0200,2025,8540.0,0.0
2758,ACR0200,2026,0.0,4010.0
2780,ACR0202,2017,38113.0,731728.0
2782,ACR0202,2019,89768.0,0.0
2783,ACR0202,2020,26394.0,52955.0
2785,ACR0202,2022,0.0,10993.0
2787,ACR0202,2024,0.0,52214.0
2873,ACR0205,2017,202.0,202.0
2904,ACR0206,2017,0.0,64671.0
2966,ACR0208,2017,0.0,255013.0
3030,ACR0210,2019,1099667.0,0.0
3031,ACR0210,2020,0.0,574167.0
3035,ACR0210,2024,135088.0,590588.0
3059,ACR0211,2017,247605.0,3011454.0
3062,ACR0211,2020,148272.0,295227.0
3064,ACR0211,2022,0.0,12304.0
3065,ACR0211,2023,0.0,6460.0
3066,ACR0211,2024,109503.0,279592.0
3068,ACR0211,2026,0.0,351336.0
3089,ACR0212,2016,178907.0,0.0
3090,ACR0212,2017,0.0,31100.0
3091,ACR0212,2018,0.0,65506.0
3092,ACR0212,2019,545078.0,147908.0
3093,ACR0212,2020,663903.0,228556.0
3094,ACR0212,2021,0.0,369528.0
3095,ACR0212,2022,0.0,183153.0
3096,ACR0212,2023,0.0,279061.0
3097,ACR0212,2024,0.0,109226.0
3098,ACR0212,2025,0.0,117442.0
3099,ACR0212,2026,0.0,7924.0
3121,ACR0213,2017,0.0,35299.0
3124,ACR0213,2020,0.0,92365.0
3152,ACR0214,2017,0.0,145580.0
3215,ACR0222,2018,37238.0,1919.0
3217,ACR0222,2020,0.0,22216.0
3218,ACR0222,2021,84280.0,12251.0
3219,ACR0222,2022,0.0,32665.0
3220,ACR0222,2023,0.0,43135.0
3221,ACR0222,2024,0.0,2432.0
3222,ACR0222,2025,0.0,858.0
3223,ACR0222,2026,50827.0,20559.0
3244,ACR0223,2016,165754.0,0.0
3245,ACR0223,2017,0.0,2000.0
3246,ACR0223,2018,0.0,148754.0
3247,ACR0223,2019,147243.0,121027.0
3248,ACR0223,2020,25534.0,0.0
3250,ACR0223,2022,18844.0,10670.0
3251,ACR0223,2023,21186.0,57500.0
3280,ACR0224,2021,344550.0,0.0
3281,ACR0224,2022,123503.0,0.0
3282,ACR0224,2023,0.0,172275.0
3283,ACR0224,2024,0.0,14035.0
3284,ACR0224,2025,0.0,10319.0
3285,ACR0224,2026,0.0,17234.0
3307,ACR0225,2017,0.0,3949.0
3337,ACR0226,2016,224038.0,0.0
3338,ACR0226,2017,271395.0,741923.0
3339,ACR0226,2018,269823.0,0.0
3340,ACR0226,2019,225935.0,0.0
3341,ACR0226,2020,127576.0,298395.0
3342,ACR0226,2021,105538.0,0.0
3343,ACR0226,2022,115309.0,0.0
3344,ACR0226,2023,40026.0,36118.0
3345,ACR0226,2024,0.0,509141.0
3347,ACR0226,2026,0.0,11080.0
3462,ACR0230,2017,395.0,395.0
3492,ACR0232,2016,43254.0,0.0
3493,ACR0232,2017,50088.0,43254.0
3494,ACR0232,2018,55174.0,0.0
3495,ACR0232,2019,53275.0,0.0
3496,ACR0232,2020,59299.0,229654.0
3497,ACR0232,2021,37114.0,0.0
3500,ACR0232,2024,0.0,25296.0
3523,ACR0233,2016,60194.0,0.0
3524,ACR0233,2017,54602.0,61080.0
3525,ACR0233,2018,55058.0,0.0
3526,ACR0233,2019,57195.0,0.0
3527,ACR0233,2020,67734.0,69033.0
3529,ACR0233,2022,0.0,20668.0
3530,ACR0233,2023,0.0,22455.0
3531,ACR0233,2024,0.0,121547.0
3554,ACR0234,2016,12382.0,0.0
3555,ACR0234,2017,14787.0,27169.0
3557,ACR0234,2019,29918.0,0.0
3558,ACR0234,2020,10809.0,40727.0
3560,ACR0234,2022,16323.0,0.0
3562,ACR0234,2024,0.0,16323.0
3586,ACR0235,2017,14985.0,6904.0
3587,ACR0235,2018,7020.0,0.0
3588,ACR0235,2019,6257.0,0.0
3589,ACR0235,2020,6216.0,14297.0
3591,ACR0235,2022,13931.0,0.0
3592,ACR0235,2023,0.0,637.0
3593,ACR0235,2024,0.0,19551.0
3595,ACR0235,2026,0.0,14040.0
3621,ACR0236,2021,5816.0,0.0
3623,ACR0236,2023,13436.0,0.0
3624,ACR0236,2024,0.0,19252.0
3679,ACR0238,2017,32509.0,17350.0
3680,ACR0238,2018,14212.0,0.0
3681,ACR0238,2019,16178.0,0.0
3682,ACR0238,2020,15442.0,40545.0
3683,ACR0238,2021,14662.0,0.0
3684,ACR0238,2022,21737.0,0.0
3686,ACR0238,2024,0.0,42633.0
3688,ACR0238,2026,0.0,11432.0
3709,ACR0239,2016,8746.0,0.0
3710,ACR0239,2017,8392.0,8746.0
3711,ACR0239,2018,8424.0,0.0
3712,ACR0239,2019,7390.0,0.0
3713,ACR0239,2020,5349.0,29555.0
3715,ACR0239,2022,1790.0,0.0
3716,ACR0239,2023,2636.0,2636.0
3717,ACR0239,2024,0.0,1790.0
3741,ACR0240,2017,0.0,90000.0
3748,ACR0240,2024,0.0,39700.0
3771,ACR0241,2016,14179.0,0.0
3772,ACR0241,2017,14760.0,14179.0
3773,ACR0241,2018,13612.0,0.0
3774,ACR0241,2019,13636.0,0.0
3775,ACR0241,2020,11149.0,20121.0
3776,ACR0241,2021,10957.0,0.0
3777,ACR0241,2022,13549.0,0.0
3779,ACR0241,2024,0.0,56994.0
3781,ACR0241,2026,0.0,1096.0
3805,ACR0242,2019,22118.0,0.0
3806,ACR0242,2020,43213.0,335.0
3807,ACR0242,2021,40242.0,0.0
3808,ACR0242,2022,47616.0,25000.0
3809,ACR0242,2023,35423.0,0.0
3810,ACR0242,2024,32529.0,105854.0
3812,ACR0242,2026,0.0,4000.0
3833,ACR0243,2016,266263.0,0.0
3834,ACR0243,2017,0.0,29248.0
3837,ACR0243,2020,0.0,83477.0
3841,ACR0243,2024,0.0,153538.0
3865,ACR0244,2017,0.0,45549.0
3961,ACR0247,2020,630062.0,630062.0
3966,ACR0247,2025,47543.0,0.0
3988,ACR0248,2016,2384535.0,0.0
3989,ACR0248,2017,0.0,1511423.0
3991,ACR0248,2019,353432.0,0.0
3992,ACR0248,2020,0.0,539859.0
3995,ACR0248,2023,331424.0,192000.0
3996,ACR0248,2024,0.0,814685.0
3997,ACR0248,2025,0.0,50.0
3998,ACR0248,2026,121288.0,0.0
4019,ACR0249,2016,662617.0,0.0
4020,ACR0249,2017,3615158.0,3663126.0
4021,ACR0249,2018,233244.0,0.0
4023,ACR0249,2020,331306.0,337614.0
4024,ACR0249,2021,59275.0,0.0
4027,ACR0249,2024,0.0,238243.0
4028,ACR0249,2025,125410.0,0.0
4081,ACR0251,2016,347614.0,0.0
4090,ACR0251,2025,0.0,347614.0
4112,ACR0252,2016,140736.0,0.0
4113,ACR0252,2017,0.0,140736.0
4143,ACR0253,2016,135017.0,0.0
4144,ACR0253,2017,0.0,135017.0
4174,ACR0254,2016,39036.0,0.0
4175,ACR0254,2017,0.0,39036.0
4206,ACR0255,2017,12163578.0,4553727.0
4207,ACR0255,2018,172632.0,0.0
4209,ACR0255,2020,0.0,3150441.0
4211,ACR0255,2022,0.0,33426.0
4212,ACR0255,2023,354409.0,28056.0
4213,ACR0255,2024,0.0,2448522.0
4214,ACR0255,2025,0.0,87409.0
4215,ACR0255,2026,0.0,16768.0
4236,ACR0256,2016,272988.0,0.0
4237,ACR0256,2017,0.0,219981.0
4238,ACR0256,2018,25684.0,0.0
4240,ACR0256,2020,24082.0,102773.0
4241,ACR0256,2021,13539.0,0.0
4244,ACR0256,2024,8556.0,20010.0
4271,ACR0257,2020,180282.0,180282.0
4274,ACR0257,2023,15039.0,0.0
4275,ACR0257,2024,0.0,2379.0
4277,ACR0257,2026,0.0,572.0
4330,ACR0259,2017,11533.0,18254.0
4331,ACR0259,2018,6721.0,0.0
4332,ACR0259,2019,5491.0,0.0
4333,ACR0259,2020,8029.0,19523.0
4334,ACR0259,2021,9205.0,0.0
4335,ACR0259,2022,11091.0,0.0
4336,ACR0259,2023,12310.0,0.0
4337,ACR0259,2024,12401.0,15152.0
4338,ACR0259,2025,7908.0,0.0
4339,ACR0259,2026,11662.0,0.0
4362,ACR0260,2018,1813212.0,0.0
4364,ACR0260,2020,439432.0,629738.0
4367,ACR0260,2023,22696.0,0.0
4368,ACR0260,2024,0.0,1244751.0
4370,ACR0260,2026,0.0,208476.0
4391,ACR0261,2016,152040.0,0.0
4422,ACR0262,2016,546264.0,0.0
4423,ACR0262,2017,0.0,97881.0
4425,ACR0262,2019,170139.0,0.0
4426,ACR0262,2020,0.0,8336.0
4428,ACR0262,2022,0.0,4000.0
4429,ACR0262,2023,0.0,16317.0
4430,ACR0262,2024,248581.0,370336.0
4432,ACR0262,2026,0.0,43838.0
4453,ACR0263,2016,1657.0,0.0
4455,ACR0263,2018,0.0,500.0
4456,ACR0263,2019,0.0,204.0
4457,ACR0263,2020,0.0,100.0
4458,ACR0263,2021,0.0,569.0
4461,ACR0263,2024,0.0,284.0
4484,ACR0264,2016,240.0,0.0
4485,ACR0264,2017,0.0,10.0
4486,ACR0264,2018,0.0,230.0
4516,ACR0265,2017,199588.0,147442.0
4518,ACR0265,2019,29344.0,0.0
4519,ACR0265,2020,17192.0,62387.0
4520,ACR0265,2021,18351.0,2500.0
4521,ACR0265,2022,19587.0,0.0
4522,ACR0265,2023,20906.0,0.0
4523,ACR0265,2024,0.0,78849.0
4525,ACR0265,2026,46824.0,0.0
4547,ACR0266,2017,440786.0,266561.0
4548,ACR0266,2018,302260.0,0.0
4549,ACR0266,2019,210635.0,0.0
4550,ACR0266,2020,22175.0,307069.0
4551,ACR0266,2021,19910.0,0.0
4552,ACR0266,2022,18624.0,0.0
4553,ACR0266,2023,12032.0,1.0
4554,ACR0266,2024,19056.0,300636.0
4556,ACR0266,2026,0.0,20.0
4578,ACR0267,2017,0.0,95083.0
4579,ACR0267,2018,1251198.0,0.0
4581,ACR0267,2020,189132.0,406648.0
4582,ACR0267,2021,86201.0,0.0
4583,ACR0267,2022,108814.0,92767.0
4584,ACR0267,2023,0.0,1208.0
4585,ACR0267,2024,247107.0,770056.0
4587,ACR0267,2026,0.0,6144.0
4609,ACR0268,2017,0.0,518798.0
4610,ACR0268,2018,729216.0,0.0
4611,ACR0268,2019,813211.0,0.0
4612,ACR0268,2020,797716.0,2166008.0
4613,ACR0268,2021,701479.0,0.0
4614,ACR0268,2022,675257.0,1870.0
4615,ACR0268,2023,634079.0,57879.0
4616,ACR0268,2024,0.0,731561.0
4617,ACR0268,2025,3231263.0,452118.0
4618,ACR0268,2026,128847.0,102968.0
4642,ACR0269,2019,548909.0,0.0
4643,ACR0269,2020,343165.0,1127815.0
4644,ACR0269,2021,343195.0,0.0
4645,ACR0269,2022,355488.0,22516.0
4646,ACR0269,2023,6927.0,2566.0
4647,ACR0269,2024,0.0,275433.0
4648,ACR0269,2025,232882.0,0.0
4649,ACR0269,2026,66415.0,63898.0
4701,ACR0271,2016,124882.0,0.0
4702,ACR0271,2017,0.0,124882.0
4732,ACR0272,2016,262154.0,122500.0
4733,ACR0272,2017,0.0,123253.0
4734,ACR0272,2018,0.0,50.0
4735,ACR0272,2019,0.0,59.0
4736,ACR0272,2020,113496.0,124443.0
4737,ACR0272,2021,0.0,27047.0
4738,ACR0272,2022,0.0,500.0
4739,ACR0272,2023,0.0,12215.0
4740,ACR0272,2024,0.0,1332.0
4764,ACR0273,2017,0.0,136805.0
4765,ACR0273,2018,136805.0,0.0
4766,ACR0273,2019,285782.0,0.0
4767,ACR0273,2020,223360.0,50000.0
4768,ACR0273,2021,291837.0,169712.0
4769,ACR0273,2022,0.0,38992.0
4770,ACR0273,2023,0.0,15524.0
4771,ACR0273,2024,0.0,141492.0
4773,ACR0273,2026,0.0,24528.0
4795,ACR0274,2017,62905.0,62905.0
4797,ACR0274,2019,97806.0,0.0
4798,ACR0274,2020,99929.0,0.0
4799,ACR0274,2021,134036.0,233965.0
4800,ACR0274,2022,122623.0,208167.0
4801,ACR0274,2023,207883.0,120000.0
4802,ACR0274,2024,119544.0,107590.0
4803,ACR0274,2025,204023.0,0.0
4804,ACR0274,2026,103242.0,120000.0
4825,ACR0275,2016,116836.0,0.0
4826,ACR0275,2017,0.0,65257.0
4829,ACR0275,2020,0.0,22358.0
4833,ACR0275,2024,0.0,29221.0
4857,ACR0276,2017,0.0,1553955.0
4858,ACR0276,2018,1711529.0,0.0
4860,ACR0276,2020,78690.0,206453.0
4862,ACR0276,2022,71204.0,3622.0
4863,ACR0276,2023,73429.0,75990.0
4864,ACR0276,2024,0.0,89425.0
4865,ACR0276,2025,38493.0,13909.0
4866,ACR0276,2026,0.0,6996.0
4952,ACR0279,2019,447124.0,0.0
4953,ACR0279,2020,82610.0,429101.0
4954,ACR0279,2021,40938.0,15000.0
4955,ACR0279,2022,41944.0,54088.0
4957,ACR0279,2024,0.0,100633.0
4958,ACR0279,2025,15707.0,0.0
4983,ACR0280,2019,823265.0,0.0
4984,ACR0280,2020,110450.0,539360.0
4985,ACR0280,2021,17991.0,0.0
4986,ACR0280,2022,64031.0,15411.0
4987,ACR0280,2023,40056.0,27380.0
4988,ACR0280,2024,0.0,287680.0
4989,ACR0280,2025,81653.0,81653.0
4990,ACR0280,2026,0.0,9204.0
5013,ACR0281,2018,305122.0,0.0
5015,ACR0281,2020,0.0,41207.0
5017,ACR0281,2022,26584.0,0.0
5018,ACR0281,2023,0.0,26584.0
5019,ACR0281,2024,0.0,263915.0
5021,ACR0281,2026,36380.0,0.0
5043,ACR0282,2017,436608.0,620072.0
5044,ACR0282,2018,183464.0,0.0
5045,ACR0282,2019,70531.0,0.0
5046,ACR0282,2020,200463.0,0.0
5047,ACR0282,2021,0.0,10000.0
5048,ACR0282,2022,95203.0,30000.0
5049,ACR0282,2023,103097.0,80000.0
5050,ACR0282,2024,93564.0,289485.0
5051,ACR0282,2025,0.0,85423.0
5052,ACR0282,2026,0.0,6794.0
5073,ACR0283,2016,28911.0,0.0
5074,ACR0283,2017,36380.0,65291.0
5075,ACR0283,2018,29410.0,0.0
5081,ACR0283,2024,0.0,29410.0
5105,ACR0284,2017,0.0,580002.0
5106,ACR0284,2018,640002.0,0.0
5107,ACR0284,2019,15721.0,0.0
5108,ACR0284,2020,33788.0,62228.0
5112,ACR0284,2024,9284.0,28713.0
5114,ACR0284,2026,9284.0,3348.0
5135,ACR0285,2016,45663.0,0.0
5136,ACR0285,2017,0.0,45663.0
5200,ACR0287,2019,391928.0,0.0
5201,ACR0287,2020,35335.0,368227.0
5202,ACR0287,2021,14669.0,0.0
5205,ACR0287,2024,0.0,73705.0
5206,ACR0287,2025,171568.0,0.0
5229,ACR0288,2017,18683.0,0.0
5231,ACR0288,2019,7091.0,0.0
5232,ACR0288,2020,0.0,7091.0
5235,ACR0288,2023,5321.0,0.0
5236,ACR0288,2024,0.0,18683.0
5353,ACR0292,2017,94711.0,94711.0
5356,ACR0292,2020,29456.0,0.0
5357,ACR0292,2021,0.0,20297.0
5358,ACR0292,2022,44676.0,0.0
5359,ACR0292,2023,13824.0,0.0
5360,ACR0292,2024,0.0,14841.0
5387,ACR0293,2020,373932.0,373932.0
5632,ACR0303,2017,0.0,1632854.0
5633,ACR0303,2018,5159212.0,0.0
5635,ACR0303,2020,0.0,2455980.0
5637,ACR0303,2022,463530.0,348989.0
5639,ACR0303,2024,0.0,511166.0
5641,ACR0303,2026,366105.0,0.0
5848,ACR0310,2016,8468.0,5848.0
5850,ACR0310,2018,0.0,2500.0
5879,ACR0311,2016,107264.0,0.0
5880,ACR0311,2017,0.0,107264.0
5910,ACR0312,2016,140871.0,0.0
5914,ACR0312,2020,0.0,112871.0
5918,ACR0312,2024,0.0,28000.0
5941,ACR0313,2016,21886.0,0.0
5942,ACR0313,2017,15385.0,21886.0
5943,ACR0313,2018,14815.0,0.0
5944,ACR0313,2019,15347.0,0.0
5945,ACR0313,2020,15533.0,30880.0
5946,ACR0313,2021,15646.0,0.0
5947,ACR0313,2022,19151.0,0.0
5948,ACR0313,2023,19105.0,19105.0
5949,ACR0313,2024,19520.0,64458.0
5950,ACR0313,2025,9150.0,0.0
5951,ACR0313,2026,1577.0,1078.0
5972,ACR0314,2016,111977.0,0.0
5973,ACR0314,2017,0.0,97508.0
5976,ACR0314,2020,0.0,12680.0
5978,ACR0314,2022,0.0,83.0
5980,ACR0314,2024,0.0,1706.0
6003,ACR0315,2016,86839.0,0.0
6004,ACR0315,2017,0.0,86839.0
6034,ACR0316,2016,104897.0,0.0
6035,ACR0316,2017,0.0,100002.0
6038,ACR0316,2020,0.0,4895.0
6066,ACR0322,2017,10926.0,10926.0
6068,ACR0322,2019,9196.0,0.0
6069,ACR0322,2020,0.0,9196.0
6097,ACR0323,2017,20009.0,20009.0
6099,ACR0323,2019,15226.0,0.0
6100,ACR0323,2020,0.0,15226.0
6128,ACR0324,2017,0.0,4574762.0
6129,ACR0324,2018,9599861.0,0.0
6131,ACR0324,2020,329350.0,3243245.0
6132,ACR0324,2021,357365.0,239.0
6133,ACR0324,2022,0.0,61453.0
6134,ACR0324,2023,649696.0,11199.0
6135,ACR0324,2024,0.0,2173267.0
6137,ACR0324,2026,0.0,11766.0
6159,ACR0342,2017,2236.0,2236.0
6189,ACR0343,2016,93298.0,0.0
6190,ACR0343,2017,0.0,93298.0
6221,ACR0348,2017,13399.0,0.0
6224,ACR0348,2020,0.0,11356.0
6227,ACR0348,2023,0.0,2043.0
6252,ACR0349,2017,19666.0,26127.0
6253,ACR0349,2018,24220.0,0.0
6254,ACR0349,2019,24674.0,0.0
6255,ACR0349,2020,22981.0,29146.0
6256,ACR0349,2021,11508.0,0.0
6257,ACR0349,2022,0.0,24693.0
6258,ACR0349,2023,0.0,30.0
6259,ACR0349,2024,0.0,23053.0
6282,ACR0350,2016,116741.0,0.0
6283,ACR0350,2017,0.0,107157.0
6286,ACR0350,2020,0.0,9584.0
6313,ACR0351,2016,28562.0,0.0
6321,ACR0351,2024,0.0,28562.0
6344,ACR0352,2016,68637.0,0.0
6352,ACR0352,2024,0.0,68637.0
6376,ACR0353,2017,7781.0,7737.0
6382,ACR0353,2023,0.0,39.0
6406,ACR0354,2016,103357.0,0.0
6407,ACR0354,2017,0.0,103357.0
6438,ACR0355,2017,8240.0,8240.0
6439,ACR0355,2018,7495.0,0.0
6440,ACR0355,2019,9311.0,0.0
6441,ACR0355,2020,0.0,16806.0
6442,ACR0355,2021,7320.0,0.0
6443,ACR0355,2022,9850.0,0.0
6444,ACR0355,2023,18934.0,0.0
6445,ACR0355,2024,0.0,35316.0
6446,ACR0355,2025,6083.0,6083.0
6447,ACR0355,2026,0.0,600.0
6469,ACR0356,2017,110720.0,110720.0
6500,ACR0357,2017,84131.0,61737.0
6503,ACR0357,2020,0.0,15184.0
6507,ACR0357,2024,0.0,7210.0
6531,ACR0358,2017,60749.0,60749.0
6562,ACR0359,2017,97813.0,0.0
6569,ACR0359,2024,0.0,97813.0
6593,ACR0360,2017,0.0,4440686.0
6594,ACR0360,2018,12502637.0,0.0
6596,ACR0360,2020,541553.0,6930256.0
6597,ACR0360,2021,287456.0,0.0
6598,ACR0360,2022,286891.0,982.0
6599,ACR0360,2023,0.0,9754.0
6600,ACR0360,2024,0.0,1654268.0
6602,ACR0360,2026,0.0,13664.0
6626,ACR0361,2019,1956370.0,0.0
6627,ACR0361,2020,0.0,1387115.0
6628,ACR0361,2021,84821.0,0.0
6629,ACR0361,2022,0.0,18080.0
6630,ACR0361,2023,0.0,19541.0
6631,ACR0361,2024,0.0,580910.0
6656,ACR0362,2018,106024.0,0.0
6658,ACR0362,2020,0.0,106024.0
6686,ACR0363,2017,91819.0,0.0
6689,ACR0363,2020,0.0,91819.0
6718,ACR0365,2018,5967.0,0.0
6720,ACR0365,2020,0.0,5967.0
6749,ACR0366,2018,28770.0,0.0
6751,ACR0366,2020,0.0,28770.0
6779,ACR0367,2017,230848.0,19482.0
6780,ACR0367,2018,189550.0,0.0
6781,ACR0367,2019,114279.0,0.0
6782,ACR0367,2020,94217.0,260829.0
6783,ACR0367,2021,75723.0,229.0
6784,ACR0367,2022,0.0,1016.0
6785,ACR0367,2023,0.0,903.0
6786,ACR0367,2024,54293.0,316814.0
6787,ACR0367,2025,104011.0,0.0
6788,ACR0367,2026,61081.0,0.0
6811,ACR0368,2018,30069.0,0.0
6812,ACR0368,2019,23815.0,13835.0
6813,ACR0368,2020,24185.0,19752.0
6814,ACR0368,2021,24217.0,7966.0
6815,ACR0368,2022,0.0,49412.0
6816,ACR0368,2023,36410.0,10354.0
6817,ACR0368,2024,0.0,470.0
6818,ACR0368,2025,0.0,29873.0
6841,ACR0369,2017,113546.0,0.0
6844,ACR0369,2020,0.0,20700.0
6845,ACR0369,2021,0.0,3656.0
6846,ACR0369,2022,0.0,21977.0
6847,ACR0369,2023,0.0,67213.0
6872,ACR0370,2017,121455.0,121455.0
6905,ACR0371,2019,293972.0,0.0
6906,ACR0371,2020,20834.0,214806.0
6907,ACR0371,2021,7628.0,0.0
6908,ACR0371,2022,10915.0,0.0
6909,ACR0371,2023,10687.0,0.0
6910,ACR0371,2024,0.0,129229.0
6967,ACR0373,2019,325415.0,0.0
6968,ACR0373,2020,65878.0,101592.0
6969,ACR0373,2021,19948.0,0.0
6972,ACR0373,2024,0.0,309649.0
6973,ACR0373,2025,71010.0,0.0
6997,ACR0374,2018,101502.0,25000.0
6999,ACR0374,2020,125899.0,0.0
7001,ACR0374,2022,0.0,123572.0
7002,ACR0374,2023,44160.0,0.0
7003,ACR0374,2024,0.0,80413.0
7028,ACR0375,2018,47996.0,0.0
7029,ACR0375,2019,46175.0,61103.0
7030,ACR0375,2020,46175.0,69575.0
7031,ACR0375,2021,50457.0,26336.0
7032,ACR0375,2022,0.0,26020.0
7033,ACR0375,2023,30286.0,0.0
7034,ACR0375,2024,0.0,4000.0
7060,ACR0376,2019,245235.0,3122.0
7061,ACR0376,2020,0.0,68341.0
7062,ACR0376,2021,293012.0,45033.0
7063,ACR0376,2022,0.0,271176.0
7064,ACR0376,2023,0.0,7493.0
7065,ACR0376,2024,0.0,26622.0
7066,ACR0376,2025,0.0,6959.0
7067,ACR0376,2026,301536.0,2206.0
7090,ACR0377,2018,302769.0,0.0
7092,ACR0377,2020,0.0,2769.0
7093,ACR0377,2021,24971.0,2000.0
7094,ACR0377,2022,0.0,51420.0
7095,ACR0377,2023,0.0,21833.0
7096,ACR0377,2024,0.0,233244.0
7098,ACR0377,2026,0.0,21682.0
7121,ACR0378,2018,290915.0,0.0
7123,ACR0378,2020,0.0,56725.0
7124,ACR0378,2021,9533.0,0.0
7125,ACR0378,2022,0.0,37706.0
7126,ACR0378,2023,0.0,480.0
7127,ACR0378,2024,5391.0,159839.0
7151,ACR0379,2017,120918.0,42955.0
7158,ACR0379,2024,0.0,77963.0
7184,ACR0380,2019,70.0,70.0
7216,ACR0382,2020,67470.0,0.0
7217,ACR0382,2021,0.0,12106.0
7218,ACR0382,2022,49875.0,38681.0
7220,ACR0382,2024,57748.0,49875.0
7221,ACR0382,2025,84884.0,17868.0
7222,ACR0382,2026,0.0,3753.0
7244,ACR0383,2017,138972.0,138972.0
7275,ACR0385,2017,138331.0,26676.0
7278,ACR0385,2020,0.0,111655.0
7308,ACR0386,2019,48096.0,423.0
7309,ACR0386,2020,52600.0,24411.0
7310,ACR0386,2021,52401.0,31603.0
7311,ACR0386,2022,76567.0,66887.0
7312,ACR0386,2023,0.0,43466.0
7313,ACR0386,2024,0.0,5780.0
7314,ACR0386,2025,0.0,4820.0
7337,ACR0387,2017,0.0,129854.0
7338,ACR0387,2018,129854.0,0.0
7368,ACR0388,2017,0.0,623.0
7369,ACR0388,2018,205323.0,0.0
7370,ACR0388,2019,195079.0,0.0
7371,ACR0388,2020,181946.0,353503.0
7372,ACR0388,2021,133327.0,0.0
7373,ACR0388,2022,149451.0,0.0
7374,ACR0388,2023,150000.0,0.0
7375,ACR0388,2024,170540.0,527638.0
7377,ACR0388,2026,238331.0,44912.0
7400,ACR0389,2018,357071.0,0.0
7401,ACR0389,2019,0.0,220227.0
7402,ACR0389,2020,353785.0,88515.0
7403,ACR0389,2021,0.0,239795.0
7404,ACR0389,2022,70419.0,49617.0
7405,ACR0389,2023,0.0,66118.0
7406,ACR0389,2024,0.0,18954.0
7407,ACR0389,2025,0.0,2809.0
7432,ACR0390,2019,17208.0,0.0
7433,ACR0390,2020,13996.0,12543.0
7434,ACR0390,2021,16643.0,0.0
7435,ACR0390,2022,0.0,4100.0
7437,ACR0390,2024,0.0,31204.0
7495,ACR0393,2020,142237.0,92454.0
7499,ACR0393,2024,0.0,49783.0
7524,ACR0394,2018,12968.0,0.0
7526,ACR0394,2020,15468.0,15438.0
7528,ACR0394,2022,0.0,7734.0
7529,ACR0394,2023,20398.0,0.0
7530,ACR0394,2024,0.0,8500.0
7531,ACR0394,2025,0.0,14628.0
7532,ACR0394,2026,0.0,500.0
7557,ACR0395,2020,826273.0,733874.0
7558,ACR0395,2021,10606.0,0.0
7559,ACR0395,2022,0.0,18299.0
7560,ACR0395,2023,0.0,3000.0
7561,ACR0395,2024,0.0,52010.0
7562,ACR0395,2025,0.0,618.0
7618,ACR0398,2019,153475.0,26390.0
7619,ACR0398,2020,154770.0,97105.0
7620,ACR0398,2021,155038.0,38425.0
7621,ACR0398,2022,155714.0,127050.0
7622,ACR0398,2023,0.0,154158.0
7623,ACR0398,2024,0.0,60409.0
7624,ACR0398,2025,10727.0,2712.0
7625,ACR0398,2026,0.0,40.0
7678,ACR0401,2017,0.0,137262.0
7679,ACR0401,2018,137262.0,0.0
7742,ACR0403,2019,59904.0,0.0
7743,ACR0403,2020,11021.0,83996.0
7744,ACR0403,2021,13071.0,0.0
7745,ACR0403,2022,19458.0,0.0
7746,ACR0403,2023,14429.0,0.0
7747,ACR0403,2024,13140.0,37385.0
7748,ACR0403,2025,8731.0,17825.0
7749,ACR0403,2026,11585.0,0.0
7771,ACR0404,2017,0.0,112738.0
7772,ACR0404,2018,118326.0,0.0
7776,ACR0404,2022,0.0,5588.0
7835,ACR0407,2019,36759.0,0.0
7836,ACR0407,2020,157720.0,0.0
7837,ACR0407,2021,221888.0,0.0
7838,ACR0407,2022,244391.0,1289.0
7839,ACR0407,2023,255190.0,1250.0
7840,ACR0407,2024,237504.0,1023753.0
7841,ACR0407,2025,179663.0,0.0
7842,ACR0407,2026,105698.0,0.0
7867,ACR0408,2020,11295.0,11295.0
7898,ACR0410,2020,52405.0,0.0
7904,ACR0410,2026,0.0,751.0
7928,ACR0411,2019,36604.0,36604.0
7929,ACR0411,2020,50086.0,0.0
7930,ACR0411,2021,0.0,50086.0
7931,ACR0411,2022,119923.0,62370.0
7932,ACR0411,2023,0.0,57553.0
7933,ACR0411,2024,65753.0,65753.0
7934,ACR0411,2025,76503.0,0.0
7992,ACR0413,2021,1074205.0,0.0
7993,ACR0413,2022,0.0,1400.0
7994,ACR0413,2023,0.0,10825.0
7995,ACR0413,2024,0.0,921785.0
7997,ACR0413,2026,0.0,3192.0
8022,ACR0416,2020,2683458.0,1951806.0
8023,ACR0416,2021,578954.0,288.0
8024,ACR0416,2022,0.0,68929.0
8025,ACR0416,2023,0.0,102328.0
8026,ACR0416,2024,0.0,773193.0
8027,ACR0416,2025,0.0,195411.0
8028,ACR0416,2026,0.0,36288.0
8052,ACR0417,2019,695969.0,0.0
8053,ACR0417,2020,0.0,396047.0
8054,ACR0417,2021,215603.0,0.0
8055,ACR0417,2022,0.0,10334.0
8056,ACR0417,2023,0.0,2890.0
8057,ACR0417,2024,0.0,460870.0
8059,ACR0417,2026,0.0,1800.0
8083,ACR0418,2019,23060.0,0.0
8084,ACR0418,2020,10442.0,5702.0
8085,ACR0418,2021,4402.0,0.0
8086,ACR0418,2022,0.0,23060.0
8088,ACR0418,2024,0.0,9142.0
8089,ACR0418,2025,6472.0,0.0
8112,ACR0419,2017,0.0,18067.0
8113,ACR0419,2018,132126.0,0.0
8115,ACR0419,2020,0.0,10965.0
8117,ACR0419,2022,0.0,5595.0
8118,ACR0419,2023,0.0,6835.0
8119,ACR0419,2024,0.0,20904.0
8121,ACR0419,2026,0.0,14524.0
8145,ACR0420,2019,-183198.0,0.0
8146,ACR0420,2020,2336583.0,2200739.0
8148,ACR0420,2022,0.0,24406.0
8150,ACR0420,2024,0.0,108784.0
8176,ACR0422,2019,11139.0,0.0
8178,ACR0422,2021,55057.0,0.0
8179,ACR0422,2022,0.0,11139.0
8180,ACR0422,2023,23998.0,0.0
8182,ACR0422,2025,91333.0,421.0
8183,ACR0422,2026,0.0,54911.0
8208,ACR0423,2020,23112.0,0.0
8212,ACR0423,2024,0.0,23112.0
8238,ACR0424,2019,33831.0,21500.0
8239,ACR0424,2020,33410.0,20285.0
8240,ACR0424,2021,39228.0,12456.0
8241,ACR0424,2022,39228.0,3358.0
8242,ACR0424,2023,39228.0,11167.0
8243,ACR0424,2024,0.0,55601.0
8244,ACR0424,2025,25312.0,27398.0
8245,ACR0424,2026,0.0,3940.0
8270,ACR0425,2020,368959.0,117686.0
8271,ACR0425,2021,25235.0,0.0
8272,ACR0425,2022,0.0,14465.0
8273,ACR0425,2023,0.0,16517.0
8274,ACR0425,2024,0.0,276823.0
8298,ACR0426,2017,0.0,109231.0
8299,ACR0426,2018,140145.0,0.0
8332,ACR0427,2020,1020684.0,742485.0
8333,ACR0427,2021,269939.0,0.0
8334,ACR0427,2022,119647.0,28390.0
8335,ACR0427,2023,139987.0,29103.0
8336,ACR0427,2024,0.0,737922.0
8363,ACR0428,2020,938531.0,938531.0
8369,ACR0428,2026,32240.0,0.0
8391,ACR0429,2017,0.0,100000.0
8392,ACR0429,2018,141087.0,0.0
8394,ACR0429,2020,0.0,41087.0
8455,ACR0431,2019,52322.0,0.0
8486,ACR0432,2019,21967.0,0.0
8487,ACR0432,2020,0.0,19469.0
8491,ACR0432,2024,0.0,2498.0
8517,ACR0433,2019,148592.0,0.0
8518,ACR0433,2020,0.0,100000.0
8520,ACR0433,2022,0.0,914.0
8548,ACR0435,2019,105029.0,0.0
8553,ACR0435,2024,0.0,38107.0
8555,ACR0435,2026,0.0,133844.0
8579,ACR0436,2019,96146.0,0.0
8584,ACR0436,2024,0.0,96146.0
8611,ACR0437,2020,5147001.0,159820.0
8613,ACR0437,2022,0.0,8646.0
8614,ACR0437,2023,0.0,235026.0
8615,ACR0437,2024,1458502.0,4671797.0
8616,ACR0437,2025,0.0,454047.0
8617,ACR0437,2026,0.0,136348.0
8673,ACR0439,2020,0.0,252396.0
8674,ACR0439,2021,564282.0,712.0
8675,ACR0439,2022,58690.0,0.0
8677,ACR0439,2024,60360.0,369508.0
8679,ACR0439,2026,0.0,3000.0
8704,ACR0440,2020,127682.0,0.0
8707,ACR0440,2023,0.0,127682.0
8734,ACR0441,2019,141710.0,0.0
8735,ACR0441,2020,76574.0,51608.0
8736,ACR0441,2021,80086.0,23874.0
8737,ACR0441,2022,82815.0,123341.0
8738,ACR0441,2023,0.0,19069.0
8740,ACR0441,2025,0.0,21718.0
8741,ACR0441,2026,0.0,40000.0
8765,ACR0442,2019,113564.0,0.0
8766,ACR0442,2020,0.0,1805.0
8796,ACR0443,2019,114871.0,0.0
8801,ACR0443,2024,0.0,114871.0
8827,ACR0444,2019,88307.0,0.0
8828,ACR0444,2020,0.0,39529.0
8830,ACR0444,2022,0.0,29110.0
8831,ACR0444,2023,0.0,8301.0
8832,ACR0444,2024,0.0,11367.0
8858,ACR0445,2019,54157.0,0.0
8859,ACR0445,2020,0.0,41266.0
8863,ACR0445,2024,0.0,12891.0
8890,ACR0446,2020,63104.0,35000.0
8892,ACR0446,2022,0.0,694.0
8893,ACR0446,2023,0.0,27410.0
8921,ACR0447,2020,93458.0,0.0
8922,ACR0447,2021,0.0,18570.0
8923,ACR0447,2022,0.0,21896.0
8925,ACR0447,2024,0.0,12500.0
8952,ACR0448,2020,85790.0,0.0
8953,ACR0448,2021,0.0,500.0
8954,ACR0448,2022,0.0,500.0
8955,ACR0448,2023,0.0,6158.0
8956,ACR0448,2024,0.0,78632.0
8983,ACR0449,2020,110988.0,14040.0
8984,ACR0449,2021,0.0,19730.0
8986,ACR0449,2023,0.0,15210.0
9014,ACR0450,2020,110310.0,110310.0
9045,ACR0451,2020,105696.0,105696.0
9076,ACR0454,2020,291983.0,33503.0
9077,ACR0454,2021,0.0,8480.0
9078,ACR0454,2022,0.0,18517.0
9079,ACR0454,2023,0.0,291.0
9080,ACR0454,2024,0.0,17097.0
9081,ACR0454,2025,0.0,19411.0
9082,ACR0454,2026,0.0,7429.0
9107,ACR0455,2020,520153.0,0.0
9108,ACR0455,2021,0.0,20817.0
9110,ACR0455,2023,0.0,7051.0
9111,ACR0455,2024,0.0,25325.0
9112,ACR0455,2025,0.0,11165.0
9168,ACR0457,2019,46868.0,0.0
9169,ACR0457,2020,0.0,1.0
9170,ACR0457,2021,0.0,45604.0
9173,ACR0457,2024,0.0,1263.0
9200,ACR0458,2020,304810.0,310849.0
9201,ACR0458,2021,19547.0,0.0
9202,ACR0458,2022,0.0,1.0
9203,ACR0458,2023,0.0,13507.0
9206,ACR0458,2026,196668.0,0.0
9231,ACR0459,2020,84546.0,63766.0
9232,ACR0459,2021,170927.0,52447.0
9233,ACR0459,2022,0.0,4395.0
9234,ACR0459,2023,86151.0,52636.0
9235,ACR0459,2024,0.0,18362.0
9236,ACR0459,2025,109332.0,25015.0
9237,ACR0459,2026,0.0,39213.0
9261,ACR0461,2019,85284.0,0.0
9262,ACR0461,2020,0.0,63979.0
9266,ACR0461,2024,0.0,12853.0
9292,ACR0462,2019,60655.0,0.0
9293,ACR0462,2020,0.0,1.0
9294,ACR0462,2021,0.0,59019.0
9297,ACR0462,2024,0.0,1635.0
9323,ACR0463,2019,63778.0,61316.0
9324,ACR0463,2020,0.0,1.0
9325,ACR0463,2021,0.0,742.0
9328,ACR0463,2024,0.0,524.0
9354,ACR0464,2019,66273.0,8684.0
9356,ACR0464,2021,0.0,55801.0
9358,ACR0464,2023,0.0,1788.0
9385,ACR0465,2019,67092.0,0.0
9386,ACR0465,2020,0.0,26448.0
9387,ACR0465,2021,0.0,38834.0
9389,ACR0465,2023,0.0,1810.0
9416,ACR0466,2019,68943.0,0.0
9417,ACR0466,2020,0.0,67083.0
9420,ACR0466,2023,0.0,1860.0
9447,ACR0467,2019,20949.0,0.0
9448,ACR0467,2020,16367.0,0.0
9452,ACR0467,2024,0.0,37316.0
9478,ACR0468,2019,83032.0,0.0
9479,ACR0468,2020,0.0,7779.0
9483,ACR0468,2024,0.0,72433.0
9509,ACR0469,2019,44551.0,0.0
9514,ACR0469,2024,0.0,44551.0
9541,ACR0470,2020,9329.0,0.0
9543,ACR0470,2022,35956.0,0.0
9544,ACR0470,2023,13254.0,0.0
9545,ACR0470,2024,6917.0,58539.0
9546,ACR0470,2025,6928.0,0.0
9547,ACR0470,2026,3683.0,0.0
9571,ACR0471,2019,35887.0,0.0
9572,ACR0471,2020,0.0,35877.0
9576,ACR0471,2024,0.0,10.0
9602,ACR0472,2019,83594.0,0.0
9603,ACR0472,2020,0.0,362.0
9607,ACR0472,2024,0.0,33232.0
9633,ACR0473,2019,125403.0,0.0
9634,ACR0473,2020,0.0,125403.0
9664,ACR0474,2019,149835.0,0.0
9665,ACR0474,2020,0.0,124597.0
9669,ACR0474,2024,0.0,25238.0
9695,ACR0475,2019,91017.0,0.0
9700,ACR0475,2024,0.0,90023.0
9790,ACR0479,2021,199624.0,0.0
9792,ACR0479,2023,0.0,5000.0
9821,ACR0480,2021,324357.0,0.0
9822,ACR0480,2022,0.0,3100.0
9823,ACR0480,2023,0.0,1860.0
9824,ACR0480,2024,0.0,225541.0
9852,ACR0481,2021,371461.0,0.0
9855,ACR0481,2024,0.0,248218.0
9856,ACR0481,2025,0.0,100.0
9881,ACR0482,2019,101230.0,0.0
9886,ACR0482,2024,0.0,30000.0
9913,ACR0483,2020,34662.0,0.0
9914,ACR0483,2021,69808.0,0.0
9915,ACR0483,2022,0.0,34662.0
9916,ACR0483,2023,69808.0,0.0
9918,ACR0483,2025,11728.0,0.0
9919,ACR0483,2026,0.0,69808.0
9944,ACR0485,2020,125302.0,0.0
9947,ACR0485,2023,0.0,8200.0
9948,ACR0485,2024,0.0,8000.0
9975,ACR0486,2020,119102.0,0.0
10006,ACR0487,2020,66579.0,0.0
10036,ACR0488,2019,83226.0,0.0
10041,ACR0488,2024,0.0,83226.0
10068,ACR0491,2020,25094.0,0.0
10069,ACR0491,2021,0.0,24819.0
10072,ACR0491,2024,0.0,2.0
10098,ACR0492,2019,84831.0,0.0
10102,ACR0492,2023,0.0,9621.0
10103,ACR0492,2024,0.0,75210.0
10130,ACR0493,2020,36033.0,34327.0
10131,ACR0493,2021,65942.0,0.0
10132,ACR0493,2022,79907.0,0.0
10133,ACR0493,2023,79813.0,4476.0
10134,ACR0493,2024,89244.0,113744.0
10135,ACR0493,2025,79369.0,0.0
10136,ACR0493,2026,68494.0,154016.0
10160,ACR0495,2019,84842.0,0.0
10163,ACR0495,2022,0.0,24351.0
10164,ACR0495,2023,0.0,56112.0
10165,ACR0495,2024,0.0,4379.0
10191,ACR0496,2019,51610.0,0.0
10196,ACR0496,2024,0.0,49622.0
10223,ACR0497,2020,42038.0,42038.0
10285,ACR0499,2020,150215.0,110563.0
10286,ACR0499,2021,173810.0,162133.0
10287,ACR0499,2022,145951.0,40166.0
10288,ACR0499,2023,166902.0,196068.0
10289,ACR0499,2024,0.0,11597.0
10290,ACR0499,2025,320054.0,22681.0
10291,ACR0499,2026,0.0,27210.0
10315,ACR0500,2019,106355.0,0.0
10318,ACR0500,2022,0.0,3643.0
10319,ACR0500,2023,0.0,2263.0
10320,ACR0500,2024,0.0,8353.0
10347,ACR0501,2020,22304.0,0.0
10348,ACR0501,2021,0.0,22304.0
10378,ACR0502,2020,26208.0,0.0
10379,ACR0502,2021,0.0,26208.0
10409,ACR0503,2020,136444.0,76631.0
10413,ACR0503,2024,0.0,59813.0
10442,ACR0505,2022,49066.0,10000.0
10443,ACR0505,2023,24813.0,6619.0
10444,ACR0505,2024,25033.0,20000.0
10445,ACR0505,2025,14315.0,11000.0
10446,ACR0505,2026,7641.0,10000.0
10472,ACR0506,2021,380315.0,0.0
10473,ACR0506,2022,0.0,12234.0
10474,ACR0506,2023,346224.0,16466.0
10475,ACR0506,2024,0.0,4851.0
10476,ACR0506,2025,112991.0,19418.0
10477,ACR0506,2026,0.0,17887.0
10502,ACR0507,2020,55933.0,0.0
10503,ACR0507,2021,56155.0,0.0
10504,ACR0507,2022,56383.0,0.0
10505,ACR0507,2023,0.0,168471.0
10535,ACR0508,2022,81486.0,5349.0
10536,ACR0508,2023,0.0,33489.0
10537,ACR0508,2024,78571.0,3858.0
10538,ACR0508,2025,0.0,755.0
10539,ACR0508,2026,0.0,35282.0
10566,ACR0509,2022,117490.0,0.0
10567,ACR0509,2023,0.0,9823.0
10568,ACR0509,2024,108142.0,6611.0
10570,ACR0509,2026,0.0,98694.0
10594,ACR0510,2019,70400.0,0.0
10595,ACR0510,2020,0.0,70400.0
10626,ACR0514,2020,55566.0,5126.0
10627,ACR0514,2021,0.0,3842.0
10628,ACR0514,2022,0.0,46598.0
10657,ACR0515,2020,121764.0,0.0
10658,ACR0515,2021,0.0,8972.0
10659,ACR0515,2022,0.0,36968.0
10660,ACR0515,2023,0.0,65212.0
10661,ACR0515,2024,0.0,9641.0
10662,ACR0515,2025,0.0,816.0
10663,ACR0515,2026,0.0,155.0
10688,ACR0516,2020,130336.0,0.0
10690,ACR0516,2022,0.0,8171.0
10691,ACR0516,2023,0.0,58217.0
10692,ACR0516,2024,0.0,41783.0
10718,ACR0517,2019,129697.0,0.0
10719,ACR0517,2020,0.0,7962.0
10723,ACR0517,2024,0.0,13730.0
10750,ACR0518,2020,49800.0,0.0
10751,ACR0518,2021,49926.0,66480.0
10752,ACR0518,2022,49397.0,26440.0
10753,ACR0518,2023,0.0,6063.0
10754,ACR0518,2024,75092.0,14240.0
10755,ACR0518,2025,0.0,2297.0
10756,ACR0518,2026,0.0,8000.0
10782,ACR0519,2021,53556.0,1800.0
10783,ACR0519,2022,61575.0,31200.0
10784,ACR0519,2023,58347.0,18765.0
10785,ACR0519,2024,58623.0,33736.0
10786,ACR0519,2025,58478.0,57401.0
10787,ACR0519,2026,0.0,25171.0
10812,ACR0520,2020,79438.0,0.0
10818,ACR0520,2026,0.0,100000.0
10843,ACR0521,2020,62007.0,42007.0
10847,ACR0521,2024,0.0,12285.0
10874,ACR0522,2020,94565.0,0.0
10877,ACR0522,2023,0.0,94565.0
10905,ACR0523,2020,118763.0,118757.0
10937,ACR0526,2021,21141.0,0.0
10968,ACR0527,2021,17453.0,0.0
10971,ACR0527,2024,0.0,3179.0
10972,ACR0527,2025,0.0,825.0
10999,ACR0528,2021,41381.0,0.0
11001,ACR0528,2023,0.0,5276.0
11030,ACR0529,2021,32468.0,0.0
11032,ACR0529,2023,0.0,32468.0
11061,ACR0530,2021,52251.0,0.0
11092,ACR0531,2021,37043.0,0.0
11094,ACR0531,2023,0.0,36311.0
11122,ACR0532,2020,108679.0,108679.0
11153,ACR0533,2020,81042.0,70062.0
11155,ACR0533,2022,0.0,2347.0
11156,ACR0533,2023,0.0,62.0
11157,ACR0533,2024,0.0,283.0
11159,ACR0533,2026,0.0,138.0
11185,ACR0534,2021,98604.0,97604.0
11186,ACR0534,2022,99050.0,67294.0
11187,ACR0534,2023,99729.0,59686.0
11188,ACR0534,2024,100130.0,15899.0
11189,ACR0534,2025,0.0,77977.0
11190,ACR0534,2026,0.0,15000.0
11215,ACR0535,2020,89632.0,39632.0
11219,ACR0535,2024,0.0,50000.0
11246,ACR0536,2020,89898.0,89898.0
11277,ACR0537,2020,48826.0,0.0
11278,ACR0537,2021,18225.0,0.0
11280,ACR0537,2023,5562.0,0.0
11281,ACR0537,2024,0.0,68151.0
11282,ACR0537,2025,146099.0,0.0
11308,ACR0538,2020,58481.0,14690.0
11310,ACR0538,2022,0.0,7373.0
11311,ACR0538,2023,0.0,3253.0
11312,ACR0538,2024,0.0,24227.0
11340,ACR0539,2021,274101.0,0.0
11345,ACR0539,2026,0.0,274101.0
11370,ACR0540,2020,0.0,15657.0
11371,ACR0540,2021,15657.0,0.0
11401,ACR0542,2020,0.0,10532.0
11402,ACR0542,2021,23277.0,0.0
11404,ACR0542,2023,19398.0,0.0
11405,ACR0542,2024,42947.0,44187.0
11407,ACR0542,2026,0.0,3000.0
11432,ACR0543,2020,71885.0,5397.0
11434,ACR0543,2022,0.0,4951.0
11435,ACR0543,2023,0.0,4676.0
11436,ACR0543,2024,0.0,42844.0
11438,ACR0543,2026,0.0,130.0
11463,ACR0544,2020,0.0,51649.0
11464,ACR0544,2021,51681.0,0.0
11465,ACR0544,2022,53968.0,32.0
11466,ACR0544,2023,57053.0,0.0
11467,ACR0544,2024,56919.0,95276.0
11468,ACR0544,2025,42571.0,0.0
11469,ACR0544,2026,41560.0,0.0
11499,ACR0545,2025,57887.0,0.0
11525,ACR0546,2020,10640.0,0.0
11526,ACR0546,2021,8285.0,0.0
11527,ACR0546,2022,16484.0,0.0
11529,ACR0546,2024,43527.0,40944.0
11556,ACR0547,2020,56697.0,0.0
11558,ACR0547,2022,0.0,7066.0
11560,ACR0547,2024,0.0,33068.0
11618,ACR0549,2020,0.0,254998.0
11619,ACR0549,2021,530326.0,0.0
11620,ACR0549,2022,0.0,5613.0
11621,ACR0549,2023,0.0,5712.0
11622,ACR0549,2024,0.0,188611.0
11624,ACR0549,2026,19963.0,30114.0
11649,ACR0550,2020,59364.0,0.0
11651,ACR0550,2022,0.0,48053.0
11655,ACR0550,2026,0.0,22622.0
11681,ACR0551,2021,87801.0,15270.0
11682,ACR0551,2022,438302.0,1000.0
11683,ACR0551,2023,0.0,469557.0
11684,ACR0551,2024,0.0,1.0
11711,ACR0552,2020,105885.0,0.0
11712,ACR0552,2021,0.0,56000.0
11713,ACR0552,2022,227614.0,41000.0
11714,ACR0552,2023,0.0,223944.0
11715,ACR0552,2024,0.0,600.0
11716,ACR0552,2025,0.0,6505.0
11775,ACR0554,2022,327085.0,0.0
11776,ACR0554,2023,58944.0,0.0
11777,ACR0554,2024,0.0,93396.0
11778,ACR0554,2025,40509.0,0.0
11779,ACR0554,2026,0.0,6800.0
11809,ACR0555,2025,4373651.0,0.0
11810,ACR0555,2026,0.0,3500.0
11835,ACR0556,2020,529192.0,0.0
11836,ACR0556,2021,0.0,27453.0
11837,ACR0556,2022,1137557.0,99875.0
11838,ACR0556,2023,0.0,91348.0
11839,ACR0556,2024,0.0,21064.0
11840,ACR0556,2025,0.0,14411.0
11841,ACR0556,2026,0.0,17708.0
11866,ACR0557,2020,189916.0,0.0
11867,ACR0557,2021,0.0,15052.0
11868,ACR0557,2022,79887.0,40133.0
11869,ACR0557,2023,0.0,10243.0
11870,ACR0557,2024,0.0,99731.0
11872,ACR0557,2026,0.0,35000.0
11899,ACR0558,2022,106355.0,0.0
11900,ACR0558,2023,200923.0,2963.0
11901,ACR0558,2024,26912.0,0.0
11902,ACR0558,2025,16522.0,0.0
11903,ACR0558,2026,0.0,18475.0
11928,ACR0560,2020,0.0,70251.0
11929,ACR0560,2021,70251.0,0.0
11930,ACR0560,2022,103750.0,0.0
11932,ACR0560,2024,236589.0,99056.0
11934,ACR0560,2026,0.0,2.0
11959,ACR0561,2020,101273.0,0.0
11991,ACR0562,2021,271071.0,0.0
11992,ACR0562,2022,0.0,5730.0
11993,ACR0562,2023,215778.0,160000.0
11994,ACR0562,2024,27606.0,6272.0
11995,ACR0562,2025,0.0,26372.0
11996,ACR0562,2026,16466.0,0.0
12022,ACR0564,2021,7313.0,0.0
12023,ACR0564,2022,3039.0,8005.0
12024,ACR0564,2023,0.0,2347.0
12054,ACR0566,2022,103103.0,4844.0
12055,ACR0566,2023,0.0,4244.0
12056,ACR0566,2024,0.0,2298.0
12057,ACR0566,2025,0.0,29503.0
12058,ACR0566,2026,0.0,20829.0
12084,ACR0568,2021,208325.0,0.0
12085,ACR0568,2022,522644.0,0.0
12086,ACR0568,2023,0.0,539686.0
12087,ACR0568,2024,0.0,441.0
12088,ACR0568,2025,0.0,32133.0
12089,ACR0568,2026,0.0,11770.0
12116,ACR0569,2022,105623.0,0.0
12117,ACR0569,2023,0.0,463.0
12118,ACR0569,2024,50941.0,1788.0
12119,ACR0569,2025,47565.0,2257.0
12120,ACR0569,2026,32855.0,2445.0
12148,ACR0570,2023,30279.0,0.0
12179,ACR0571,2023,732351.0,0.0
12180,ACR0571,2024,0.0,20350.0
12181,ACR0571,2025,205113.0,80205.0
12182,ACR0571,2026,0.0,43331.0
12207,ACR0572,2020,0.0,13824.0
12208,ACR0572,2021,13824.0,0.0
12209,ACR0572,2022,32325.0,0.0
12210,ACR0572,2023,35680.0,0.0
12211,ACR0572,2024,30181.0,94831.0
12212,ACR0572,2025,67054.0,0.0
12213,ACR0572,2026,0.0,1800.0
12238,ACR0573,2020,83702.0,0.0
12240,ACR0573,2022,0.0,12601.0
12241,ACR0573,2023,0.0,24903.0
12242,ACR0573,2024,0.0,36630.0
12243,ACR0573,2025,0.0,2402.0
12270,ACR0574,2021,18944.0,18944.0
12271,ACR0574,2022,54913.0,47551.0
12272,ACR0574,2023,41840.0,47362.0
12273,ACR0574,2024,45525.0,27241.0
12274,ACR0574,2025,49675.0,20000.0
12303,ACR0576,2023,38312.0,0.0
12304,ACR0576,2024,0.0,24860.0
12305,ACR0576,2025,64663.0,6083.0
12306,ACR0576,2026,0.0,14153.0
12331,ACR0577,2020,80326.0,0.0
12335,ACR0577,2024,0.0,30122.0
12363,ACR0578,2021,94880.0,0.0
12364,ACR0578,2022,77171.0,0.0
12366,ACR0578,2024,68914.0,82012.0
12367,ACR0578,2025,220262.0,0.0
12395,ACR0579,2022,136682.0,0.0
12396,ACR0579,2023,0.0,8498.0
12397,ACR0579,2024,0.0,47965.0
12424,ACR0580,2020,0.0,7471.0
12425,ACR0580,2021,7471.0,0.0
12486,ACR0582,2020,56334.0,0.0
12489,ACR0582,2023,0.0,29157.0
12490,ACR0582,2024,0.0,21504.0
12492,ACR0582,2026,0.0,11346.0
12517,ACR0583,2020,23045.0,0.0
12520,ACR0583,2023,0.0,10299.0
12521,ACR0583,2024,0.0,9903.0
12522,ACR0583,2025,0.0,843.0
12549,ACR0584,2021,16515.0,0.0
12552,ACR0584,2024,0.0,2954.0
12580,ACR0585,2021,94592.0,0.0
12581,ACR0585,2022,0.0,5000.0
12582,ACR0585,2023,0.0,33153.0
12583,ACR0585,2024,0.0,19303.0
12584,ACR0585,2025,0.0,697.0
12612,ACR0586,2022,302408.0,22638.0
12613,ACR0586,2023,137185.0,29498.0
12614,ACR0586,2024,0.0,17402.0
12615,ACR0586,2025,110776.0,12698.0
12616,ACR0586,2026,0.0,66563.0
12643,ACR0587,2022,428360.0,1000.0
12644,ACR0587,2023,0.0,222832.0
12645,ACR0587,2024,0.0,15637.0
12646,ACR0587,2025,366061.0,127174.0
12647,ACR0587,2026,0.0,174426.0
12674,ACR0588,2022,137875.0,63500.0
12675,ACR0588,2023,137166.0,45350.0
12676,ACR0588,2024,0.0,25494.0
12677,ACR0588,2025,0.0,68412.0
12678,ACR0588,2026,0.0,801.0
12703,ACR0589,2020,0.0,1.0
12704,ACR0589,2021,133145.0,0.0
12705,ACR0589,2022,0.0,69486.0
12706,ACR0589,2023,0.0,33793.0
12707,ACR0589,2024,0.0,9022.0
12709,ACR0589,2026,0.0,30054.0
12736,ACR0590,2022,61730.0,41175.0
12737,ACR0590,2023,61997.0,7245.0
12738,ACR0590,2024,0.0,4363.0
12739,ACR0590,2025,0.0,6028.0
12740,ACR0590,2026,0.0,950.0
12766,ACR0591,2021,57243.0,0.0
12767,ACR0591,2022,143611.0,57243.0
12768,ACR0591,2023,0.0,129611.0
12769,ACR0591,2024,0.0,5893.0
12770,ACR0591,2025,0.0,1986.0
12798,ACR0592,2022,370088.0,15000.0
12799,ACR0592,2023,176276.0,123433.0
12800,ACR0592,2024,359215.0,170854.0
12801,ACR0592,2025,0.0,49997.0
12802,ACR0592,2026,0.0,2185.0
12827,ACR0593,2020,0.0,5104.0
12828,ACR0593,2021,5715.0,0.0
12829,ACR0593,2022,17296.0,0.0
12830,ACR0593,2023,10096.0,1800.0
12831,ACR0593,2024,13640.0,611.0
12833,ACR0593,2026,0.0,20192.0
12859,ACR0594,2021,9405.0,0.0
12860,ACR0594,2022,24949.0,0.0
12862,ACR0594,2024,2019.0,990.0
12863,ACR0594,2025,19733.0,0.0
12864,ACR0594,2026,0.0,1196.0
12891,ACR0595,2022,207730.0,4000.0
12892,ACR0595,2023,182467.0,6052.0
12893,ACR0595,2024,242241.0,9263.0
12894,ACR0595,2025,0.0,2616.0
12895,ACR0595,2026,0.0,1149.0
12922,ACR0596,2022,469231.0,31840.0
12923,ACR0596,2023,422642.0,36136.0
12924,ACR0596,2024,485455.0,247045.0
12925,ACR0596,2025,0.0,63434.0
12926,ACR0596,2026,0.0,945.0
12952,ACR0597,2021,3384.0,729.0
12953,ACR0597,2022,0.0,2409.0
12954,ACR0597,2023,2320.0,2566.0
12983,ACR0598,2021,401452.0,0.0
12984,ACR0598,2022,0.0,7110.0
12985,ACR0598,2023,0.0,232890.0
12986,ACR0598,2024,0.0,8021.0
12987,ACR0598,2025,0.0,1569.0
12988,ACR0598,2026,0.0,8559.0
13014,ACR0599,2021,44571.0,0.0
13045,ACR0600,2021,34725.0,0.0
13139,ACR0603,2022,3900.0,0.0
13140,ACR0603,2023,0.0,3900.0
13170,ACR0604,2022,134756.0,0.0
13171,ACR0604,2023,135954.0,44149.0
13172,ACR0604,2024,0.0,127283.0
13173,ACR0604,2025,0.0,9907.0
13174,ACR0604,2026,0.0,6458.0
13200,ACR0606,2021,49520.0,0.0
13201,ACR0606,2022,241777.0,4697.0
13202,ACR0606,2023,0.0,73295.0
13203,ACR0606,2024,0.0,40069.0
13204,ACR0606,2025,0.0,34118.0
13230,ACR0607,2020,0.0,201.0
13231,ACR0607,2021,17318.0,0.0
13232,ACR0607,2022,32294.0,0.0
13233,ACR0607,2023,28722.0,0.0
13234,ACR0607,2024,51262.0,104787.0
13235,ACR0607,2025,109696.0,0.0
13236,ACR0607,2026,0.0,10.0
13261,ACR0608,2020,0.0,86100.0
13262,ACR0608,2021,100810.0,0.0
13264,ACR0608,2023,0.0,5709.0
13265,ACR0608,2024,0.0,4891.0
13267,ACR0608,2026,0.0,144.0
13293,ACR0609,2021,49358.0,0.0
13294,ACR0609,2022,64529.0,0.0
13295,ACR0609,2023,57326.0,0.0
13296,ACR0609,2024,54435.0,68421.0
13297,ACR0609,2025,53060.0,0.0
13298,ACR0609,2026,54063.0,183028.0
13324,ACR0610,2021,18450.0,0.0
13325,ACR0610,2022,29604.0,0.0
13327,ACR0610,2024,31288.0,7351.0
13328,ACR0610,2025,30703.0,0.0
13329,ACR0610,2026,50993.0,59208.0
13357,ACR0611,2023,95698.0,0.0
13358,ACR0611,2024,0.0,84953.0
13359,ACR0611,2025,80515.0,0.0
13360,ACR0611,2026,7493.0,80318.0
13389,ACR0613,2024,247819.0,0.0
13418,ACR0614,2022,342994.0,0.0
13419,ACR0614,2023,234502.0,87.0
13420,ACR0614,2024,192845.0,0.0
13421,ACR0614,2025,167883.0,0.0
13482,ACR0616,2024,47307.0,0.0
13483,ACR0616,2025,228380.0,34577.0
13484,ACR0616,2026,0.0,93911.0
13511,ACR0617,2022,75583.0,0.0
13512,ACR0617,2023,78711.0,1000.0
13513,ACR0617,2024,0.0,133309.0
13514,ACR0617,2025,21130.0,35115.0
13515,ACR0617,2026,0.0,2597.0
13544,ACR0618,2024,564652.0,0.0
13545,ACR0618,2025,0.0,5414.0
13571,ACR0619,2020,0.0,60000.0
13572,ACR0619,2021,163910.0,0.0
13575,ACR0619,2024,0.0,54751.0
13577,ACR0619,2026,0.0,4298.0
13603,ACR0620,2021,87326.0,0.0
13604,ACR0620,2022,219086.0,52294.0
13605,ACR0620,2023,0.0,119117.0
13606,ACR0620,2024,0.0,135001.0
13635,ACR0621,2022,1610884.0,5000.0
13636,ACR0621,2023,0.0,182498.0
13637,ACR0621,2024,0.0,503.0
13638,ACR0621,2025,0.0,2247.0
13639,ACR0621,2026,0.0,2273.0
13665,ACR0622,2021,614148.0,25000.0
13666,ACR0622,2022,1320179.0,90403.0
13667,ACR0622,2023,0.0,206241.0
13668,ACR0622,2024,0.0,308646.0
13669,ACR0622,2025,0.0,173164.0
13670,ACR0622,2026,0.0,37981.0
13696,ACR0623,2021,102145.0,0.0
13697,ACR0623,2022,219573.0,0.0
13698,ACR0623,2023,0.0,219572.0
13699,ACR0623,2024,0.0,1.0
13727,ACR0624,2021,71920.0,0.0
13728,ACR0624,2022,360119.0,0.0
13729,ACR0624,2023,0.0,260119.0
13730,ACR0624,2024,0.0,100000.0
13758,ACR0625,2021,136658.0,0.0
13789,ACR0627,2021,4520.0,0.0
13792,ACR0627,2024,0.0,4520.0
13822,ACR0628,2023,56774.0,0.0
13823,ACR0628,2024,78537.0,105633.0
13824,ACR0628,2025,48584.0,59429.0
13851,ACR0629,2021,593326.0,0.0
13852,ACR0629,2022,310242.0,37969.0
13853,ACR0629,2023,0.0,41787.0
13854,ACR0629,2024,0.0,144582.0
13855,ACR0629,2025,0.0,33261.0
13856,ACR0629,2026,0.0,64045.0
13883,ACR0630,2022,100641.0,0.0
13885,ACR0630,2024,44401.0,66313.0
13886,ACR0630,2025,70862.0,0.0
13887,ACR0630,2026,66491.0,0.0
13914,ACR0631,2022,156893.0,774.0
13915,ACR0631,2023,0.0,2500.0
13946,ACR0632,2023,48460.0,2293.0
13947,ACR0632,2024,48175.0,39517.0
13948,ACR0632,2025,0.0,22613.0
13949,ACR0632,2026,0.0,8016.0
13977,ACR0633,2023,79478.0,0.0
13978,ACR0633,2024,0.0,4899.0
13979,ACR0633,2025,139846.0,0.0
13980,ACR0633,2026,0.0,11728.0
14007,ACR0634,2022,173717.0,16116.0
14008,ACR0634,2023,89980.0,47455.0
14009,ACR0634,2024,0.0,38716.0
14010,ACR0634,2025,97573.0,180699.0
14011,ACR0634,2026,16613.0,0.0
14037,ACR0636,2021,93755.0,0.0
14039,ACR0636,2023,0.0,93745.0
14040,ACR0636,2024,0.0,10.0
14069,ACR0637,2022,368277.0,9466.0
14070,ACR0637,2023,111078.0,50466.0
14071,ACR0637,2024,0.0,47264.0
14072,ACR0637,2025,235905.0,40297.0
14073,ACR0637,2026,0.0,48168.0
14101,ACR0638,2023,1794450.0,0.0
14102,ACR0638,2024,0.0,1381929.0
14103,ACR0638,2025,827892.0,73721.0
14104,ACR0638,2026,0.0,167236.0
14132,ACR0639,2023,52239.0,0.0
14133,ACR0639,2024,0.0,857.0
14134,ACR0639,2025,0.0,1789.0
14162,ACR0640,2022,367047.0,0.0
14193,ACR0641,2022,18605.0,0.0
14224,ACR0642,2022,16102.0,0.0
14256,ACR0643,2023,558755.0,523.0
14257,ACR0643,2024,0.0,3503.0
14258,ACR0643,2025,0.0,55022.0
14259,ACR0643,2026,0.0,1449.0
14286,ACR0644,2022,33491.0,0.0
14287,ACR0644,2023,73501.0,0.0
14288,ACR0644,2024,97223.0,88009.0
14289,ACR0644,2025,71960.0,0.0
14290,ACR0644,2026,0.0,1626.0
14316,ACR0645,2021,72142.0,0.0
14318,ACR0645,2023,0.0,26528.0
14319,ACR0645,2024,0.0,17719.0
14347,ACR0646,2021,568863.0,0.0
14348,ACR0646,2022,185621.0,31077.0
14349,ACR0646,2023,0.0,144695.0
14350,ACR0646,2024,0.0,154286.0
14351,ACR0646,2025,0.0,10069.0
14352,ACR0646,2026,0.0,28726.0
14380,ACR0647,2023,211034.0,0.0
14381,ACR0647,2024,0.0,8000.0
14382,ACR0647,2025,0.0,19036.0
14383,ACR0647,2026,0.0,8600.0
14410,ACR0648,2022,688636.0,0.0
14411,ACR0648,2023,0.0,122425.0
14412,ACR0648,2024,0.0,20783.0
14413,ACR0648,2025,0.0,107131.0
14414,ACR0648,2026,0.0,30543.0
14441,ACR0649,2022,85100.0,0.0
14443,ACR0649,2024,0.0,44080.0
14445,ACR0649,2026,0.0,4266.0
14472,ACR0650,2022,14977.0,0.0
14473,ACR0650,2023,29960.0,362.0
14474,ACR0650,2024,35259.0,76026.0
14475,ACR0650,2025,37778.0,0.0
14476,ACR0650,2026,40364.0,7380.0
14503,ACR0651,2022,16986.0,4946.0
14504,ACR0651,2023,29277.0,3952.0
14505,ACR0651,2024,17950.0,45202.0
14506,ACR0651,2025,40664.0,0.0
14507,ACR0651,2026,64866.0,36550.0
14535,ACR0652,2023,282972.0,0.0
14537,ACR0652,2025,0.0,78160.0
14566,ACR0653,2023,46257.0,0.0
14627,ACR0656,2022,2149053.0,0.0
14628,ACR0656,2023,0.0,172420.0
14629,ACR0656,2024,0.0,133805.0
14630,ACR0656,2025,0.0,170048.0
14631,ACR0656,2026,0.0,101413.0
14658,ACR0657,2022,106140.0,0.0
14660,ACR0657,2024,1592111.0,0.0
14662,ACR0657,2026,0.0,10549.0
14689,ACR0658,2022,414184.0,0.0
14690,ACR0658,2023,0.0,67896.0
14691,ACR0658,2024,0.0,30958.0
14692,ACR0658,2025,0.0,9510.0
14693,ACR0658,2026,0.0,33262.0
14720,ACR0659,2022,26358.0,0.0
14722,ACR0659,2024,395375.0,10533.0
14723,ACR0659,2025,0.0,15825.0
14751,ACR0660,2022,91477.0,0.0
14752,ACR0660,2023,1372156.0,291477.0
14754,ACR0660,2025,0.0,13983.0
14755,ACR0660,2026,0.0,13813.0
14782,ACR0661,2022,93109.0,0.0
14783,ACR0661,2023,0.0,8523.0
14784,ACR0661,2024,1396648.0,0.0
14813,ACR0662,2022,129653.0,0.0
14815,ACR0662,2024,1944806.0,5087.0
14844,ACR0663,2022,93571.0,0.0
14845,ACR0663,2023,0.0,34201.0
14846,ACR0663,2024,0.0,39242.0
14847,ACR0663,2025,0.0,19187.0
14848,ACR0663,2026,0.0,821.0
14878,ACR0664,2025,197380.0,0.0
14936,ACR0666,2021,93937.0,0.0
14939,ACR0666,2024,0.0,9327.0
14970,ACR0668,2024,30260.0,0.0
14971,ACR0668,2025,0.0,1674.0
14972,ACR0668,2026,0.0,1812.0
14999,ACR0669,2022,62598.0,0.0
15001,ACR0669,2024,49560.0,112158.0
15002,ACR0669,2025,62542.0,0.0
15029,ACR0670,2021,9480.0,0.0
15030,ACR0670,2022,7758.0,9480.0
15031,ACR0670,2023,0.0,2379.0
15033,ACR0670,2025,0.0,177.0
15034,ACR0670,2026,0.0,89.0
15061,ACR0671,2022,73042.0,18464.0
15062,ACR0671,2023,0.0,27.0
15063,ACR0671,2024,0.0,50826.0
15093,ACR0672,2023,252216.0,0.0
15096,ACR0672,2026,26105.0,15000.0
15124,ACR0673,2023,146731.0,24310.0
15125,ACR0673,2024,0.0,1360.0
15154,ACR0674,2022,55569.0,0.0
15155,ACR0674,2023,41618.0,0.0
15156,ACR0674,2024,32075.0,128592.0
15157,ACR0674,2025,22981.0,0.0
15185,ACR0675,2022,64387.0,1025.0
15186,ACR0675,2023,65587.0,178.0
15187,ACR0675,2024,66930.0,61826.0
15188,ACR0675,2025,87803.0,0.0
15189,ACR0675,2026,0.0,103308.0
15216,ACR0676,2022,1908868.0,35.0
15217,ACR0676,2023,0.0,1459985.0
15218,ACR0676,2024,0.0,157887.0
15219,ACR0676,2025,0.0,13222.0
15220,ACR0676,2026,0.0,14564.0
15248,ACR0677,2023,92970.0,0.0
15251,ACR0677,2026,0.0,555.0
15278,ACR0678,2022,186441.0,6190.0
15279,ACR0678,2023,0.0,31251.0
15280,ACR0678,2024,0.0,42346.0
15281,ACR0678,2025,0.0,17309.0
15282,ACR0678,2026,0.0,5769.0
15312,ACR0679,2025,263714.0,1769.0
15342,ACR0680,2024,544244.0,61528.0
15343,ACR0680,2025,0.0,123888.0
15344,ACR0680,2026,0.0,119354.0
15372,ACR0681,2023,72536.0,0.0
15374,ACR0681,2025,0.0,58336.0
15375,ACR0681,2026,113912.0,39143.0
15405,ACR0682,2025,26209.0,0.0
15406,ACR0682,2026,32222.0,0.0
15435,ACR0683,2024,53723.0,0.0
15436,ACR0683,2025,0.0,16766.0
15437,ACR0683,2026,0.0,10322.0
15467,ACR0684,2025,261614.0,0.0
15497,ACR0685,2024,435200.0,40000.0
15498,ACR0685,2025,0.0,23000.0
15499,ACR0685,2026,0.0,10000.0
15526,ACR0686,2022,89712.0,13617.0
15527,ACR0686,2023,0.0,1249.0
15528,ACR0686,2024,0.0,38340.0
15530,ACR0686,2026,0.0,47002.0
15558,ACR0687,2023,41263.0,0.0
15559,ACR0687,2024,0.0,1000.0
15560,ACR0687,2025,0.0,11166.0
15561,ACR0687,2026,0.0,3050.0
15590,ACR0690,2024,260638.0,3055.0
15591,ACR0690,2025,308861.0,1648.0
15650,ACR0692,2022,58191.0,0.0
15682,ACR0693,2023,13250.0,0.0
15712,ACR0694,2022,14188.0,0.0
15713,ACR0694,2023,14745.0,0.0
15714,ACR0694,2024,10202.0,24947.0
15715,ACR0694,2025,11103.0,0.0
15743,ACR0695,2022,10451.0,0.0
15744,ACR0695,2023,16644.0,0.0
15745,ACR0695,2024,14186.0,30830.0
15747,ACR0695,2026,0.0,5512.0
15775,ACR0698,2023,770071.0,0.0
15776,ACR0698,2024,0.0,753582.0
15806,ACR0699,2023,45641.0,0.0
15807,ACR0699,2024,0.0,45641.0
15808,ACR0699,2025,39365.0,39365.0
15809,ACR0699,2026,43189.0,40259.0
15836,ACR0701,2022,752021.0,0.0
15837,ACR0701,2023,720990.0,5617.0
15838,ACR0701,2024,747430.0,54917.0
15839,ACR0701,2025,0.0,185.0
15840,ACR0701,2026,389242.0,495096.0
15868,ACR0702,2023,30331.0,0.0
15869,ACR0702,2024,0.0,30331.0
15901,ACR0704,2025,69486.0,47.0
15902,ACR0704,2026,90545.0,16149.0
15930,ACR0705,2023,287968.0,0.0
15931,ACR0705,2024,267373.0,12000.0
15932,ACR0705,2025,276646.0,39745.0
15933,ACR0705,2026,0.0,12961.0
15961,ACR0706,2023,306989.0,0.0
15963,ACR0706,2025,0.0,20300.0
15964,ACR0706,2026,0.0,32000.0
15992,ACR0707,2023,25376.0,0.0
16023,ACR0708,2023,18868.0,0.0
16056,ACR0709,2025,159331.0,0.0
16057,ACR0709,2026,0.0,2250.0
16088,ACR0710,2026,145362.0,0.0
16117,ACR0716,2024,175467.0,28485.0
16118,ACR0716,2025,183578.0,103054.0
16119,ACR0716,2026,0.0,100763.0
16149,ACR0718,2025,230747.0,897.0
16150,ACR0718,2026,0.0,33985.0
16180,ACR0720,2025,39140.0,194.0
16181,ACR0720,2026,73697.0,10000.0
16209,ACR0721,2023,31754.0,31754.0
16210,ACR0721,2024,50245.0,50245.0
16211,ACR0721,2025,54245.0,54245.0
16241,ACR0722,2024,28666.0,0.0
16242,ACR0722,2025,0.0,28666.0
16301,ACR0729,2022,12956.0,0.0
16302,ACR0729,2023,16804.0,22456.0
16304,ACR0729,2025,112381.0,0.0
16305,ACR0729,2026,0.0,59254.0
16333,ACR0730,2023,22161.0,9500.0
16334,ACR0730,2024,0.0,250.0
16364,ACR0731,2023,63520.0,0.0
16365,ACR0731,2024,58991.0,0.0
16366,ACR0731,2025,67734.0,0.0
16395,ACR0732,2023,31248.0,31248.0
16396,ACR0732,2024,62726.0,7500.0
16426,ACR0733,2023,59532.0,4878.0
16427,ACR0733,2024,119311.0,17292.0
16428,ACR0733,2025,0.0,110444.0
16429,ACR0733,2026,0.0,34793.0
16457,ACR0734,2023,20613.0,0.0
16458,ACR0734,2024,55428.0,2500.0
16459,ACR0734,2025,0.0,23169.0
16460,ACR0734,2026,0.0,31260.0
16488,ACR0735,2023,54571.0,0.0
16489,ACR0735,2024,52369.0,0.0
16490,ACR0735,2025,70815.0,700.0
16491,ACR0735,2026,52080.0,8176.0
16518,ACR0736,2022,27748.0,8692.0
16519,ACR0736,2023,4070.0,4399.0
16520,ACR0736,2024,0.0,3504.0
16521,ACR0736,2025,0.0,2215.0
16522,ACR0736,2026,0.0,11556.0
16549,ACR0737,2022,44458.0,0.0
16551,ACR0737,2024,0.0,26598.0
16552,ACR0737,2025,0.0,16507.0
16553,ACR0737,2026,0.0,2.0
16674,ACR0741,2023,42075.0,0.0
16675,ACR0741,2024,0.0,6211.0
16676,ACR0741,2025,40141.0,164.0
16677,ACR0741,2026,41121.0,0.0
16704,ACR0742,2022,39881.0,0.0
16705,ACR0742,2023,0.0,22764.0
16706,ACR0742,2024,0.0,17117.0
16735,ACR0743,2022,3665.0,0.0
16736,ACR0743,2023,9378.0,0.0
16737,ACR0743,2024,8807.0,15841.0
16766,ACR0744,2022,75576.0,0.0
16768,ACR0744,2024,0.0,683.0
16801,ACR0745,2026,45218.0,1801.0
16828,ACR0746,2022,42364.0,0.0
16829,ACR0746,2023,77370.0,0.0
16830,ACR0746,2024,0.0,43770.0
16859,ACR0747,2022,32742.0,0.0
16860,ACR0747,2023,0.0,19622.0
16861,ACR0747,2024,0.0,560.0
16862,ACR0747,2025,0.0,12560.0
16891,ACR0751,2023,632591.0,0.0
16892,ACR0751,2024,372735.0,187216.0
16893,ACR0751,2025,0.0,323454.0
16894,ACR0751,2026,201040.0,63232.0
16922,ACR0752,2023,34902.0,0.0
16923,ACR0752,2024,39057.0,71539.0
16924,ACR0752,2025,36038.0,0.0
16925,ACR0752,2026,37201.0,0.0
16953,ACR0753,2023,4039.0,0.0
16954,ACR0753,2024,6748.0,0.0
16984,ACR0754,2023,85662.0,0.0
16985,ACR0754,2024,0.0,5475.0
16986,ACR0754,2025,112206.0,8585.0
16987,ACR0754,2026,0.0,11775.0
17014,ACR0755,2022,76661.0,0.0
17015,ACR0755,2023,0.0,569.0
17016,ACR0755,2024,0.0,30372.0
17018,ACR0755,2026,0.0,8844.0
17076,ACR0758,2022,20952.0,17067.0
17077,ACR0758,2023,3342.0,7227.0
17139,ACR0760,2023,80697.0,4.0
17140,ACR0760,2024,0.0,6.0
17141,ACR0760,2025,0.0,71649.0
17142,ACR0760,2026,0.0,9038.0
17170,ACR0761,2023,436803.0,0.0
17171,ACR0761,2024,0.0,384423.0
17172,ACR0761,2025,331363.0,0.0
17173,ACR0761,2026,0.0,14506.0
17200,ACR0762,2022,114791.0,601.0
17201,ACR0762,2023,0.0,2461.0
17202,ACR0762,2024,0.0,33048.0
17204,ACR0762,2026,0.0,4038.0
17232,ACR0764,2023,1439650.0,17200.0
17234,ACR0764,2025,0.0,46490.0
17235,ACR0764,2026,0.0,35000.0
17262,ACR0765,2022,318479.0,0.0
17263,ACR0765,2023,0.0,41845.0
17294,ACR0766,2023,790397.0,90186.0
17295,ACR0766,2024,0.0,114033.0
17296,ACR0766,2025,0.0,6002.0
17325,ACR0767,2023,804831.0,399831.0
17326,ACR0767,2024,0.0,10000.0
17327,ACR0767,2025,0.0,85000.0
17355,ACR0768,2022,212324.0,25000.0
17357,ACR0768,2024,0.0,109500.0
17358,ACR0768,2025,0.0,500.0
17387,ACR0771,2023,108948.0,0.0
17388,ACR0771,2024,53297.0,42693.0
17390,ACR0771,2026,0.0,36752.0
17418,ACR0772,2023,110016.0,0.0
17419,ACR0772,2024,0.0,50342.0
17420,ACR0772,2025,0.0,58485.0
17421,ACR0772,2026,0.0,602.0
17448,ACR0773,2022,1368452.0,0.0
17449,ACR0773,2023,0.0,414237.0
17450,ACR0773,2024,0.0,233036.0
17451,ACR0773,2025,0.0,96326.0
17452,ACR0773,2026,0.0,21180.0
17479,ACR0774,2022,154340.0,0.0
17480,ACR0774,2023,0.0,23770.0
17481,ACR0774,2024,0.0,34436.0
17482,ACR0774,2025,0.0,42620.0
17483,ACR0774,2026,0.0,36332.0
17511,ACR0775,2023,343908.0,21262.0
17512,ACR0775,2024,0.0,52623.0
17513,ACR0775,2025,0.0,900.0
17542,ACR0776,2023,90374.0,0.0
17543,ACR0776,2024,0.0,46517.0
17544,ACR0776,2025,0.0,19363.0
17573,ACR0777,2023,51793.0,2055.0
17574,ACR0777,2024,0.0,360.0
17576,ACR0777,2026,0.0,65.0
17604,ACR0778,2023,115823.0,0.0
17605,ACR0778,2024,0.0,73600.0
17606,ACR0778,2025,245934.0,0.0
17607,ACR0778,2026,228670.0,85140.0
17635,ACR0780,2023,129471.0,57880.0
17636,ACR0780,2024,0.0,71591.0
17667,ACR0781,2024,315158.0,0.0
17668,ACR0781,2025,0.0,137.0
17669,ACR0781,2026,0.0,2000.0
17698,ACR0782,2024,378622.0,61645.0
17699,ACR0782,2025,180383.0,119404.0
17700,ACR0782,2026,0.0,21032.0
17729,ACR0783,2024,597902.0,33727.0
17730,ACR0783,2025,0.0,20242.0
17731,ACR0783,2026,331733.0,8329.0
17760,ACR0785,2024,115742.0,0.0
17761,ACR0785,2025,0.0,21596.0
17762,ACR0785,2026,128314.0,25800.0
17791,ACR0786,2024,106246.0,0.0
17822,ACR0790,2024,92190.0,88486.0
17823,ACR0790,2025,44384.0,48088.0
17851,ACR0791,2022,13360.0,0.0
17852,ACR0791,2023,0.0,13360.0
17886,ACR0792,2026,84395.0,0.0
17916,ACR0793,2025,161712.0,5961.0
17917,ACR0793,2026,0.0,26854.0
17947,ACR0794,2025,904574.0,0.0
17978,ACR0795,2025,294699.0,0.0
18009,ACR0796,2025,1107195.0,0.0
18040,ACR0797,2025,1712931.0,0.0
18068,ACR0799,2022,61861.0,3820.0
18069,ACR0799,2023,0.0,27284.0
18070,ACR0799,2024,0.0,5438.0
18071,ACR0799,2025,0.0,22.0
18072,ACR0799,2026,0.0,102.0
18100,ACR0800,2023,33888.0,0.0
18101,ACR0800,2024,20777.0,37712.0
18102,ACR0800,2025,25279.0,0.0
18103,ACR0800,2026,54736.0,9138.0
18133,ACR0801,2025,99096.0,0.0
18134,ACR0801,2026,163149.0,0.0
18164,ACR0802,2025,555753.0,0.0
18165,ACR0802,2026,0.0,1740.0
18255,ACR0805,2023,178538.0,0.0
18286,ACR0806,2023,49803.0,0.0
18287,ACR0806,2024,57293.0,102417.0
18288,ACR0806,2025,74391.0,0.0
18289,ACR0806,2026,0.0,4104.0
18318,ACR0807,2024,120166.0,91787.0
18320,ACR0807,2026,0.0,780.0
18349,ACR0808,2024,112376.0,85699.0
18350,ACR0808,2025,40053.0,0.0
18381,ACR0809,2025,305869.0,0.0
18410,ACR0810,2023,52817.0,0.0
18411,ACR0810,2024,0.0,20262.0
18442,ACR0811,2024,134887.0,46286.0
18443,ACR0811,2025,121261.0,0.0
18444,ACR0811,2026,99196.0,0.0
18472,ACR0812,2023,2060.0,0.0
18473,ACR0812,2024,2956.0,0.0
18474,ACR0812,2025,0.0,715.0
18475,ACR0812,2026,0.0,4301.0
18503,ACR0813,2023,257840.0,0.0
18504,ACR0813,2024,0.0,253515.0
18506,ACR0813,2026,0.0,4325.0
18534,ACR0814,2023,192244.0,13206.0
18535,ACR0814,2024,0.0,8701.0
18536,ACR0814,2025,0.0,5800.0
18565,ACR0815,2023,19002.0,0.0
18566,ACR0815,2024,0.0,11924.0
18567,ACR0815,2025,0.0,7077.0
18628,ACR0817,2024,169066.0,0.0
18658,ACR0818,2023,1259253.0,1500.0
18659,ACR0818,2024,0.0,136251.0
18660,ACR0818,2025,0.0,178774.0
18661,ACR0818,2026,0.0,187388.0
18689,ACR0819,2023,292094.0,0.0
18690,ACR0819,2024,0.0,3225.0
18691,ACR0819,2025,0.0,28869.0
18720,ACR0820,2023,26898.0,0.0
18721,ACR0820,2024,0.0,26898.0
18753,ACR0821,2025,183881.0,74334.0
18754,ACR0821,2026,0.0,544.0
18784,ACR0822,2025,182169.0,0.0
18813,ACR0823,2023,88945.0,0.0
18814,ACR0823,2024,0.0,1113.0
18815,ACR0823,2025,0.0,14989.0
18816,ACR0823,2026,0.0,17115.0
18844,ACR0824,2023,55015.0,3.0
18845,ACR0824,2024,0.0,4.0
18846,ACR0824,2025,0.0,52541.0
18847,ACR0824,2026,0.0,129.0
18875,ACR0826,2023,132823.0,27101.0
18876,ACR0826,2024,0.0,100903.0
18906,ACR0827,2023,937572.0,332.0
18907,ACR0827,2024,0.0,59194.0
18908,ACR0827,2025,0.0,86292.0
18909,ACR0827,2026,0.0,1520.0
18938,ACR0828,2024,121574.0,0.0
18969,ACR0829,2024,134047.0,10000.0
18970,ACR0829,2025,0.0,27058.0
18971,ACR0829,2026,0.0,4800.0
18999,ACR0830,2023,47025.0,14521.0
19000,ACR0830,2024,0.0,13223.0
19001,ACR0830,2025,0.0,2000.0
19002,ACR0830,2026,0.0,17281.0
19033,ACR0831,2026,33784.0,0.0
19061,ACR0832,2023,1102120.0,0.0
19062,ACR0832,2024,0.0,113.0
19063,ACR0832,2025,0.0,30000.0
19064,ACR0832,2026,0.0,17588.0
19092,ACR0833,2023,1016515.0,0.0
19093,ACR0833,2024,0.0,62001.0
19094,ACR0833,2025,0.0,107500.0
19095,ACR0833,2026,0.0,157078.0
19123,ACR0834,2023,305601.0,0.0
19154,ACR0835,2023,239150.0,0.0
19155,ACR0835,2024,0.0,239150.0
19185,ACR0836,2023,675572.0,0.0
19187,ACR0836,2025,0.0,25000.0
19247,ACR0839,2023,193364.0,23364.0
19248,ACR0839,2024,0.0,3000.0
19279,ACR0840,2024,331994.0,0.0
19280,ACR0840,2025,0.0,5000.0
19281,ACR0840,2026,0.0,10160.0
19309,ACR0841,2023,113844.0,0.0
19310,ACR0841,2024,179435.0,118003.0
19341,ACR0842,2024,72468.0,2182.0
19342,ACR0842,2025,67192.0,0.0
19343,ACR0842,2026,30565.0,9844.0
19402,ACR0844,2023,192051.0,37051.0
19403,ACR0844,2024,0.0,151000.0
19434,ACR0845,2024,68393.0,31128.0
19435,ACR0845,2025,64444.0,0.0
19436,ACR0845,2026,130468.0,0.0
19464,ACR0846,2023,151019.0,0.0
19495,ACR0847,2023,1038402.0,0.0
19496,ACR0847,2024,0.0,45535.0
19497,ACR0847,2025,0.0,81979.0
19498,ACR0847,2026,0.0,900.0
19527,ACR0848,2024,400213.0,0.0
19528,ACR0848,2025,422844.0,20392.0
19529,ACR0848,2026,0.0,32796.0
19557,ACR0849,2023,15943.0,15943.0
19589,ACR0850,2024,116527.0,0.0
19590,ACR0850,2025,107916.0,0.0
19591,ACR0850,2026,193430.0,0.0
19620,ACR0851,2024,741450.0,0.0
19621,ACR0851,2025,697611.0,91001.0
19651,ACR0852,2024,299809.0,0.0
19652,ACR0852,2025,320017.0,86912.0
19653,ACR0852,2026,0.0,17000.0
19714,ACR0855,2025,373528.0,0.0
19745,ACR0856,2025,135097.0,0.0
19838,ACR0860,2025,114291.0,0.0
19931,ACR0863,2025,143190.0,0.0
19962,ACR0864,2025,83544.0,0.0
19992,ACR0865,2024,742967.0,0.0
19993,ACR0865,2025,931747.0,85408.0
20023,ACR0866,2024,680517.0,57.0
20024,ACR0866,2025,1339545.0,0.0
20055,ACR0867,2025,149783.0,0.0
20084,ACR0868,2023,20230.0,0.0
20085,ACR0868,2024,0.0,20230.0
20115,ACR0869,2023,1855393.0,0.0
20116,ACR0869,2024,0.0,123740.0
20117,ACR0869,2025,0.0,679102.0
20118,ACR0869,2026,0.0,97642.0
20146,ACR0872,2023,86994.0,647.0
20147,ACR0872,2024,0.0,982.0
20149,ACR0872,2026,0.0,36.0
20178,ACR0873,2024,158548.0,10782.0
20179,ACR0873,2025,179825.0,14634.0
20180,ACR0873,2026,124429.0,21270.0
20211,ACR0874,2026,58135.0,58054.0
20239,ACR0875,2023,67967.0,10878.0
20240,ACR0875,2024,0.0,57029.0
20241,ACR0875,2025,0.0,60.0
20270,ACR0876,2023,64135.0,0.0
20271,ACR0876,2024,0.0,47020.0
20272,ACR0876,2025,0.0,16296.0
20273,ACR0876,2026,0.0,149.0
20301,ACR0877,2023,71350.0,0.0
20302,ACR0877,2024,0.0,16328.0
20304,ACR0877,2026,0.0,9096.0
20333,ACR0878,2024,6733.0,0.0
20334,ACR0878,2025,150607.0,15260.0
20335,ACR0878,2026,0.0,45391.0
20364,ACR0879,2024,145576.0,0.0
20365,ACR0879,2025,197727.0,3024.0
20366,ACR0879,2026,137944.0,31850.0
20396,ACR0880,2025,96868.0,0.0
20456,ACR0882,2023,74831.0,0.0
20458,ACR0882,2025,0.0,71000.0
20488,ACR0883,2024,20928.0,0.0
20489,ACR0883,2025,70766.0,0.0
20490,ACR0883,2026,49196.0,0.0
20518,ACR0884,2023,42364.0,0.0
20519,ACR0884,2024,0.0,42364.0
20551,ACR0885,2025,355305.0,48528.0
20552,ACR0885,2026,0.0,84545.0
20580,ACR0886,2023,189460.0,0.0
20581,ACR0886,2024,0.0,15000.0
20582,ACR0886,2025,0.0,164460.0
20583,ACR0886,2026,0.0,8690.0
20611,ACR0887,2023,154417.0,0.0
20613,ACR0887,2025,0.0,154417.0
20643,ACR0888,2024,200500.0,0.0
20644,ACR0888,2025,184218.0,191917.0
20645,ACR0888,2026,252740.0,1800.0
20674,ACR0889,2024,71037.0,500.0
20675,ACR0889,2025,0.0,10537.0
20676,ACR0889,2026,0.0,54678.0
20705,ACR0890,2024,80782.0,52993.0
20706,ACR0890,2025,0.0,6109.0
20707,ACR0890,2026,0.0,4096.0
20766,ACR0892,2023,139956.0,0.0
20798,ACR0893,2024,40402.0,4175.0
20799,ACR0893,2025,0.0,36227.0
20830,ACR0894,2025,457725.0,234635.0
20831,ACR0894,2026,0.0,80556.0
20860,ACR0895,2024,39414.0,39414.0
20861,ACR0895,2025,129558.0,0.0
20890,ACR0896,2023,84269.0,0.0
20892,ACR0896,2025,0.0,19495.0
20924,ACR0897,2026,553668.0,1175.0
20953,ACR0899,2024,52625.0,27306.0
20954,ACR0899,2025,87294.0,0.0
20955,ACR0899,2026,74377.0,0.0
20985,ACR0900,2025,673227.0,9999.0
20986,ACR0900,2026,0.0,116400.0
21045,ACR0902,2023,109180.0,0.0
21076,ACR0903,2023,189561.0,0.0
21077,ACR0903,2024,0.0,136345.0
21078,ACR0903,2025,0.0,53216.0
21107,ACR0904,2023,164129.0,0.0
21108,ACR0904,2024,0.0,75652.0
21109,ACR0904,2025,0.0,73310.0
21110,ACR0904,2026,0.0,14747.0
21138,ACR0905,2023,2220554.0,0.0
21139,ACR0905,2024,0.0,553351.0
21140,ACR0905,2025,0.0,218110.0
21141,ACR0905,2026,0.0,21528.0
21171,ACR0906,2025,64336.0,0.0
21172,ACR0906,2026,62269.0,0.0
21201,ACR0908,2024,264861.0,264653.0
21202,ACR0908,2025,91778.0,0.0
21203,ACR0908,2026,288730.0,0.0
21264,ACR0910,2025,212143.0,0.0
21294,ACR0911,2024,23653.0,23653.0
21418,ACR0915,2024,813632.0,60278.0
21419,ACR0915,2025,0.0,457159.0
21420,ACR0915,2026,0.0,59482.0
21449,ACR0917,2024,14106.0,0.0
21450,ACR0917,2025,29602.0,0.0
21480,ACR0918,2024,61130.0,0.0
21510,ACR0919,2023,166106.0,0.0
21511,ACR0919,2024,0.0,159251.0
21543,ACR0920,2025,80536.0,0.0
21544,ACR0920,2026,0.0,20000.0
21572,ACR0921,2023,41444.0,0.0
21604,ACR0922,2024,776865.0,0.0
21605,ACR0922,2025,0.0,102.0
21606,ACR0922,2026,0.0,1000.0
21635,ACR0923,2024,228572.0,440.0
21636,ACR0923,2025,0.0,12814.0
21637,ACR0923,2026,37426.0,51663.0
21665,ACR0924,2023,191104.0,0.0
21666,ACR0924,2024,0.0,9072.0
21667,ACR0924,2025,0.0,169782.0
21668,ACR0924,2026,0.0,12250.0
21698,ACR0925,2025,278358.0,0.0
21699,ACR0925,2026,0.0,14862.0
21728,ACR0926,2024,230064.0,0.0
21759,ACR0927,2024,71852.0,0.0
21790,ACR0928,2024,1974.0,0.0
21792,ACR0928,2026,0.0,300.0
21820,ACR0929,2023,20124.0,0.0
21821,ACR0929,2024,0.0,6006.0
21822,ACR0929,2025,0.0,2531.0
21853,ACR0930,2025,78007.0,17144.0
21884,ACR0931,2025,118530.0,118530.0
21885,ACR0931,2026,147508.0,0.0
21914,ACR0933,2024,21498.0,21498.0
21946,ACR0934,2025,59517.0,0.0
21947,ACR0934,2026,0.0,12792.0
21976,ACR0935,2024,867204.0,545694.0
21977,ACR0935,2025,0.0,61510.0
21978,ACR0935,2026,0.0,110000.0
22007,ACR0936,2024,27780.0,27459.0
22008,ACR0936,2025,0.0,321.0
22038,ACR0937,2024,157691.0,135834.0
22039,ACR0937,2025,0.0,14830.0
22040,ACR0937,2026,0.0,375.0
22133,ACR0940,2026,81569.0,0.0
22162,ACR0941,2024,70323.0,51865.0
22163,ACR0941,2025,0.0,436.0
22164,ACR0941,2026,0.0,1000.0
22194,ACR0942,2025,233509.0,0.0
22224,ACR0945,2024,205798.0,0.0
22255,ACR0947,2024,29969.0,0.0
22287,ACR0948,2025,153840.0,0.0
22317,ACR0949,2024,32691.0,0.0
22348,ACR0952,2024,15171.0,0.0
22379,ACR0953,2024,9507.0,0.0
22474,ACR0956,2026,107698.0,0.0
22505,ACR0958,2026,188551.0,269.0
22535,ACR0959,2025,92956.0,8852.0
22536,ACR0959,2026,0.0,1038.0
22597,ACR0963,2025,558048.0,0.0
22659,ACR0965,2025,8962.0,2012.0
22660,ACR0965,2026,0.0,3945.0
22689,ACR0966,2024,1891423.0,0.0
22690,ACR0966,2025,0.0,27650.0
22691,ACR0966,2026,0.0,2000.0
22722,ACR0967,2026,34396.0,0.0
22783,ACR0972,2025,68038.0,0.0
22813,ACR0973,2024,1538940.0,0.0
22814,ACR0973,2025,0.0,926398.0
22815,ACR0973,2026,0.0,36113.0
22844,ACR0974,2024,932934.0,0.0
22845,ACR0974,2025,0.0,28000.0
22875,ACR0975,2024,2047598.0,0.0
22876,ACR0975,2025,0.0,6233.0
22877,ACR0975,2026,0.0,24701.0
22906,ACR0976,2024,1304139.0,0.0
22907,ACR0976,2025,0.0,24191.0
22908,ACR0976,2026,0.0,383330.0
22937,ACR0977,2024,131409.0,472.0
22938,ACR0977,2025,0.0,24433.0
22939,ACR0977,2026,0.0,92490.0
22969,ACR0978,2025,85145.0,0.0
22999,ACR0979,2024,74143.0,0.0
23000,ACR0979,2025,0.0,7148.0
23001,ACR0979,2026,0.0,5323.0
23032,ACR0981,2026,113401.0,0.0
23125,ACR0984,2026,140565.0,0.0
23156,ACR0988,2026,254349.0,0.0
23187,ACR0989,2026,567155.0,0.0
23247,ACR0992,2024,1198824.0,0.0
23248,ACR0992,2025,0.0,22312.0
23249,ACR0992,2026,0.0,12500.0
23278,ACR0993,2024,144031.0,0.0
23310,ACR0994,2025,770381.0,0.0
23341,ACR0995,2025,282587.0,0.0
23372,ACR0996,2025,1150192.0,0.0
23403,ACR0997,2025,1603000.0,0.0
23434,ACR0998,2025,731785.0,0.0
23465,ACR0999,2025,230632.0,0.0
23496,ACR1000,2025,1090133.0,0.0
23527,ACR1001,2025,1568319.0,0.0
23650,ACR1005,2024,30694.0,0.0
23651,ACR1005,2025,0.0,30694.0
23682,ACR1006,2025,27116.0,0.0
23712,ACR1007,2024,79565.0,79565.0
23743,ACR1008,2024,26766.0,0.0
23775,ACR1009,2025,31850.0,0.0
23837,ACR1011,2025,6631.0,0.0
23898,ACR1013,2024,92445.0,0.0
23929,ACR1014,2024,121144.0,11845.0
23930,ACR1014,2025,0.0,66018.0
23931,ACR1014,2026,0.0,18390.0
23962,ACR1015,2026,1347257.0,91270.0
24053,ACR1020,2024,83176.0,0.0
24055,ACR1020,2026,0.0,48508.0
24084,ACR1021,2024,454639.0,3720.0
24085,ACR1021,2025,0.0,235900.0
24086,ACR1021,2026,0.0,53926.0
24115,ACR1022,2024,78611.0,0.0
24147,ACR1023,2025,989735.0,0.0
24178,ACR1024,2025,78857.0,0.0
24334,ACR1029,2026,43766.0,0.0
24396,ACR1031,2026,88669.0,0.0
24426,ACR1032,2025,83607.0,0.0
24427,ACR1032,2026,0.0,1043.0
24457,ACR1033,2025,61396.0,0.0
24487,ACR1034,2024,29119.0,0.0
24488,ACR1034,2025,0.0,12452.0
24519,ACR1035,2025,25306.0,0.0
24520,ACR1035,2026,0.0,8106.0
24549,ACR1036,2024,43156.0,0.0
24550,ACR1036,2025,0.0,28608.0
24582,ACR1037,2026,46997.0,0.0
24611,ACR1039,2024,46631.0,0.0
24612,ACR1039,2025,0.0,19752.0
24613,ACR1039,2026,0.0,1942.0
24642,ACR1040,2024,130298.0,42649.0
24673,ACR1041,2024,30485.0,0.0
24675,ACR1041,2026,0.0,155.0
24704,ACR1042,2024,92278.0,0.0
24706,ACR1042,2026,0.0,2000.0
24736,ACR1043,2025,271319.0,95208.0
24766,ACR1045,2024,25510.0,0.0
24767,ACR1045,2025,0.0,23568.0
24828,ACR1047,2024,117659.0,0.0
24830,ACR1047,2026,0.0,17612.0
24860,ACR1048,2025,59991.0,0.0
24891,ACR1049,2025,128198.0,0.0
24892,ACR1049,2026,0.0,37382.0
24921,ACR1050,2024,42686.0,0.0
24953,ACR1051,2025,6045.0,0.0
24954,ACR1051,2026,14653.0,0.0
24984,ACR1053,2025,386234.0,0.0
24985,ACR1053,2026,18470.0,0.0
25015,ACR1054,2025,153390.0,86484.0
25047,ACR1055,2026,86807.0,9688.0
25078,ACR1056,2026,62175.0,15312.0
25108,ACR1057,2025,57164.0,0.0
25169,ACR1060,2024,179549.0,0.0
25170,ACR1060,2025,0.0,112927.0
25171,ACR1060,2026,0.0,48640.0
25233,ACR1063,2026,561093.0,0.0
25263,ACR1064,2025,1977.0,1148.0
25294,ACR1065,2025,31849.0,0.0
25295,ACR1065,2026,0.0,252.0
25325,ACR1066,2025,1785534.0,60300.0
25326,ACR1066,2026,0.0,264778.0
25355,ACR1067,2024,63169.0,0.0
25450,ACR1072,2026,1368286.0,0.0
25512,ACR1074,2026,943346.0,0.0
25542,ACR1076,2025,120685.0,0.0
25604,ACR1078,2025,300953.0,0.0
25728,ACR1088,2025,92410.0,27500.0
25760,ACR1089,2026,109143.0,0.0
25790,ACR1090,2025,67943.0,0.0
25821,ACR1092,2025,15664.0,5677.0
25822,ACR1092,2026,0.0,8700.0
25852,ACR1093,2025,77942.0,0.0
25883,ACR1094,2025,65523.0,0.0
25884,ACR1094,2026,299315.0,0.0
25915,ACR1095,2026,44793.0,0.0
25945,ACR1097,2025,38162.0,0.0
25977,ACR1098,2026,164752.0,0.0
26008,ACR1099,2026,168770.0,0.0
26038,ACR1100,2025,153201.0,0.0
26069,ACR1102,2025,518943.0,35000.0
26100,ACR1103,2025,67978.0,0.0
26131,ACR1104,2025,44918.0,0.0
26132,ACR1104,2026,0.0,14007.0
26162,ACR1106,2025,33727.0,0.0
26193,ACR1107,2025,68178.0,9438.0
26194,ACR1107,2026,0.0,26718.0
26224,ACR1108,2025,183975.0,21147.0
26225,ACR1108,2026,0.0,162498.0
26255,ACR1109,2025,45693.0,0.0
26286,ACR1110,2025,53346.0,0.0
26317,ACR1111,2025,832441.0,0.0
26318,ACR1111,2026,0.0,16456.0
26348,ACR1113,2025,85269.0,0.0
26379,ACR1114,2025,190939.0,600.0
26380,ACR1114,2026,0.0,35012.0
26441,ACR1116,2025,37975.0,7122.0
26442,ACR1116,2026,0.0,500.0
26472,ACR1117,2025,133280.0,31790.0
26473,ACR1117,2026,0.0,79812.0
26503,ACR1118,2025,14773.0,0.0
26627,ACR1123,2025,75540.0,0.0
26628,ACR1123,2026,129908.0,0.0
26658,ACR1124,2025,198196.0,4365.0
26659,ACR1124,2026,0.0,118954.0
26689,ACR1125,2025,2538235.0,0.0
26752,ACR1128,2026,26915.0,0.0
26782,ACR1129,2025,261826.0,4750.0
26783,ACR1129,2026,0.0,29893.0
26813,ACR1130,2025,55715.0,0.0
26906,ACR1133,2025,77286.0,0.0
26907,ACR1133,2026,0.0,20875.0
27061,ACR1138,2025,29038.0,0.0
27123,ACR1140,2025,82296.0,0.0
27340,ACR1147,2025,59104.0,0.0
27371,ACR1148,2025,38309.0,23337.0
27372,ACR1148,2026,0.0,3043.0
27402,ACR1149,2025,82618.0,0.0
27433,ACR1150,2025,33705.0,0.0
27434,ACR1150,2026,0.0,5717.0
27464,ACR1151,2025,122026.0,0.0
27495,ACR1152,2025,881920.0,0.0
27496,ACR1152,2026,0.0,71500.0
27558,ACR1154,2026,126952.0,0.0
27589,ACR1156,2026,39684.0,0.0
27620,ACR1157,2026,54682.0,0.0
27650,ACR1158,2025,23812.0,0.0
27805,ACR1163,2025,61040.0,0.0
27836,ACR1164,2025,35871.0,0.0
27867,ACR1165,2025,161985.0,0.0
27930,ACR1167,2026,49757.0,0.0
27991,ACR1169,2025,284077.0,0.0
27992,ACR1169,2026,0.0,1275.0
28023,ACR1171,2026,53139.0,0.0
28053,ACR1172,2025,48686.0,1663.0
28054,ACR1172,2026,0.0,1366.0
28084,ACR1173,2025,87275.0,0.0
28116,ACR1174,2026,57830.0,8000.0
28147,ACR1175,2026,348666.0,0.0
28178,ACR1176,2026,53739.0,0.0
28240,ACR1178,2026,77915.0,0.0
28271,ACR1179,2026,148248.0,1584.0
28333,ACR1181,2026,30942.0,0.0
28364,ACR1182,2026,102726.0,253.0
28395,ACR1183,2026,193401.0,0.0
28426,ACR1184,2026,43305.0,0.0
28457,ACR1185,2026,85847.0,0.0
28519,ACR1187,2026,47249.0,0.0
28550,ACR1188,2026,44902.0,173.0
28581,ACR1189,2026,19194.0,0.0
28612,ACR1190,2026,215169.0,52183.0
28735,ACR1194,2025,161385.0,12087.0
28736,ACR1194,2026,0.0,139114.0
28797,ACR1196,2025,35413.0,0.0
28860,ACR1199,2026,541151.0,0.0
28890,ACR1200,2025,1690094.0,0.0
28891,ACR1200,2026,0.0,2561.0
28922,ACR1201,2026,151077.0,0.0
28953,ACR1202,2026,8959.0,0.0
28984,ACR1203,2026,39047.0,0.0
29015,ACR1204,2026,43779.0,0.0
29046,ACR1205,2026,300634.0,0.0
29201,ACR1210,2026,83227.0,0.0
29356,ACR1215,2026,154904.0,1680.0
29387,ACR1216,2026,30791.0,0.0
29418,ACR1217,2026,70432.0,0.0
29449,ACR1218,2026,28062.0,0.0
29480,ACR1219,2026,19376.0,0.0
29542,ACR1221,2026,81276.0,0.0
29635,ACR1224,2026,27431.0,0.0
29790,ACR1231,2026,163963.0,2262.0
30038,ACR1240,2026,52857.0,0.0
30193,ACR1245,2026,105672.0,0.0
30410,ACR1253,2026,44494.0,0.0
30968,ART0101,2026,1095881.0,367186.0
30995,ART0102,2022,33470599.0,0.0
30996,ART0102,2023,0.0,1408.0
30997,ART0102,2024,7144362.0,0.0
30998,ART0102,2025,17818852.0,101100.0
30999,ART0102,2026,0.0,12568592.0
31679,ART0126,2024,100000.0,100000.0
31805,ART0130,2026,429590.0,279590.0
31836,ART0131,2026,1669630.0,0.0
31889,CAR1000,2017,0.0,1348.0
31920,CAR1001,2017,0.0,9092.0
31951,CAR1002,2017,7101.0,3521.0
31953,CAR1002,2019,8112.0,0.0
31954,CAR1002,2020,0.0,23791.0
31955,CAR1002,2021,10847.0,0.0
31957,CAR1002,2023,12733.0,570.0
31958,CAR1002,2024,0.0,10674.0
31960,CAR1002,2026,0.0,150.0
31982,CAR1003,2017,0.0,1407.0
31985,CAR1003,2020,0.0,2661.0
32074,CAR1007,2016,20464.0,0.0
32075,CAR1007,2017,0.0,20464.0
32105,CAR1008,2016,18798.0,10153.0
32106,CAR1008,2017,16249.0,16249.0
32107,CAR1008,2018,11806.0,40522.0
32108,CAR1008,2019,14823.0,19424.0
32109,CAR1008,2020,18159.0,0.0
32110,CAR1008,2021,19959.0,3118.0
32111,CAR1008,2022,18652.0,0.0
32112,CAR1008,2023,22257.0,15642.0
32113,CAR1008,2024,33085.0,443.0
32114,CAR1008,2025,22770.0,75994.0
32115,CAR1008,2026,3000.0,21971.0
32136,CAR1009,2016,0.0,107781.0
32167,CAR101,2016,310888.0,0.0
32168,CAR101,2017,0.0,188349.0
32175,CAR101,2024,0.0,61927.0
32177,CAR101,2026,0.0,14192.0
32206,CAR1010,2024,0.0,8642.0
32230,CAR1011,2017,0.0,3619.0
32261,CAR1012,2017,0.0,7407.0
32291,CAR1013,2016,95539.0,0.0
32292,CAR1013,2017,79600.0,274000.0
32293,CAR1013,2018,58030.0,0.0
32294,CAR1013,2019,95801.0,0.0
32295,CAR1013,2020,101395.0,52060.0
32296,CAR1013,2021,106375.0,6451.0
32297,CAR1013,2022,110099.0,2395.0
32298,CAR1013,2023,0.0,22887.0
32299,CAR1013,2024,0.0,292993.0
32323,CAR1014,2017,0.0,17339.0
32353,CAR1015,2016,98751.0,0.0
32357,CAR1015,2020,44443.0,50450.0
32358,CAR1015,2021,0.0,18943.0
32360,CAR1015,2023,0.0,50.0
32362,CAR1015,2025,0.0,25000.0
32363,CAR1015,2026,32350.0,22159.0
32448,CAR1019,2018,12501.0,0.0
32449,CAR1019,2019,9600.0,0.0
32450,CAR1019,2020,12166.0,1346.0
32451,CAR1019,2021,0.0,15584.0
32453,CAR1019,2023,28478.0,11963.0
32454,CAR1019,2024,0.0,4015.0
32455,CAR1019,2025,0.0,1349.0
32477,CAR102,2016,256513.0,208314.0
32478,CAR102,2017,0.0,461451.0
32479,CAR102,2018,0.0,55353.0
32480,CAR102,2019,0.0,80064.0
32481,CAR102,2020,0.0,89359.0
32482,CAR102,2021,0.0,21161.0
32483,CAR102,2022,0.0,800.0
32484,CAR102,2023,0.0,23.0
32485,CAR102,2024,0.0,20000.0
32509,CAR1021,2017,0.0,53680.0
32539,CAR1022,2016,41572.0,0.0
32540,CAR1022,2017,37836.0,134591.0
32541,CAR1022,2018,39743.0,0.0
32542,CAR1022,2019,33297.0,0.0
32545,CAR1022,2022,0.0,5809.0
32547,CAR1022,2024,0.0,33602.0
32602,CAR1025,2017,0.0,12409.0
32633,CAR1026,2017,0.0,33214.0
32663,CAR1027,2016,117814.0,117814.0
32664,CAR1027,2017,154012.0,154012.0
32665,CAR1027,2018,283570.0,142630.0
32666,CAR1027,2019,135195.0,140940.0
32667,CAR1027,2020,141930.0,135195.0
32668,CAR1027,2021,0.0,141930.0
32669,CAR1027,2022,149983.0,149983.0
32670,CAR1027,2023,114288.0,114288.0
32671,CAR1027,2024,113935.0,0.0
32673,CAR1027,2026,228349.0,0.0
32757,CAR1032,2017,0.0,100000.0
32761,CAR1032,2021,125410.0,88000.0
32762,CAR1032,2022,25262.0,61873.0
32763,CAR1032,2023,0.0,799.0
32764,CAR1032,2024,26462.0,78667.0
32787,CAR1033,2016,4727.0,0.0
32788,CAR1033,2017,0.0,20788.0
32789,CAR1033,2018,10677.0,0.0
32791,CAR1033,2020,5186.0,6831.0
32793,CAR1033,2022,0.0,1311.0
32794,CAR1033,2023,0.0,1284.0
32795,CAR1033,2024,0.0,765.0
32818,CAR1035,2016,18328.0,0.0
32819,CAR1035,2017,20421.0,38241.0
32821,CAR1035,2019,15697.0,0.0
32822,CAR1035,2020,18657.0,53009.0
32823,CAR1035,2021,38570.0,0.0
32824,CAR1035,2022,9879.0,10386.0
32825,CAR1035,2023,21172.0,0.0
32826,CAR1035,2024,0.0,59447.0
32849,CAR1036,2016,17237.0,0.0
32850,CAR1036,2017,17178.0,51176.0
32851,CAR1036,2018,16761.0,0.0
32852,CAR1036,2019,16411.0,0.0
32853,CAR1036,2020,0.0,29399.0
32854,CAR1036,2021,34742.0,0.0
32855,CAR1036,2022,17497.0,18005.0
32856,CAR1036,2023,6170.0,0.0
32857,CAR1036,2024,0.0,40404.0
32912,CAR1041,2017,585412.0,5819.0
32913,CAR1041,2018,67491.0,0.0
32915,CAR1041,2020,0.0,150000.0
32917,CAR1041,2022,0.0,36491.0
32918,CAR1041,2023,0.0,20477.0
32919,CAR1041,2024,0.0,277672.0
32921,CAR1041,2026,0.0,1098.0
33005,CAR1046,2017,0.0,52331.0
33010,CAR1046,2022,0.0,72063.0
33012,CAR1046,2024,0.0,212543.0
33036,CAR1047,2017,0.0,3720.0
33067,CAR1049,2017,0.0,60088.0
33068,CAR1049,2018,67461.0,0.0
33069,CAR1049,2019,2648.0,0.0
33070,CAR1049,2020,0.0,10021.0
33097,CAR1050,2016,50298.0,0.0
33098,CAR1050,2017,23124.0,50298.0
33099,CAR1050,2018,45140.0,68264.0
33101,CAR1050,2020,53860.0,53860.0
33103,CAR1050,2022,65414.0,23878.0
33104,CAR1050,2023,59943.0,96536.0
33105,CAR1050,2024,40063.0,40063.0
33106,CAR1050,2025,22452.0,0.0
33129,CAR1051,2017,0.0,72434.0
33159,CAR1055,2016,4377.0,0.0
33160,CAR1055,2017,16596.0,36339.0
33161,CAR1055,2018,9230.0,0.0
33162,CAR1055,2019,14687.0,0.0
33163,CAR1055,2020,10392.0,25079.0
33167,CAR1055,2024,0.0,4857.0
33190,CAR1056,2016,12450.0,0.0
33191,CAR1056,2017,16008.0,30533.0
33192,CAR1056,2018,15018.0,0.0
33193,CAR1056,2019,6045.0,0.0
33194,CAR1056,2020,0.0,18495.0
33200,CAR1056,2026,0.0,535.0
33221,CAR1057,2016,8823.0,0.0
33222,CAR1057,2017,13140.0,25799.0
33223,CAR1057,2018,3944.0,0.0
33224,CAR1057,2019,7879.0,0.0
33225,CAR1057,2020,7463.0,25855.0
33226,CAR1057,2021,10513.0,0.0
33227,CAR1057,2022,3147.0,0.0
33229,CAR1057,2024,0.0,3210.0
33231,CAR1057,2026,0.0,45.0
33252,CAR1058,2016,19635.0,0.0
33253,CAR1058,2017,24418.0,67375.0
33254,CAR1058,2018,24044.0,0.0
33255,CAR1058,2019,19801.0,0.0
33256,CAR1058,2020,13253.0,33054.0
33262,CAR1058,2026,0.0,639.0
33321,CAR1062,2023,23852.0,0.0
33349,CAR1063,2020,94078.0,23519.0
33352,CAR1063,2023,51429.0,13933.0
33353,CAR1063,2024,0.0,82702.0
33377,CAR1064,2017,6298.0,10037.0
33408,CAR1065,2017,4978.0,4082.0
33439,CAR1066,2017,278813.0,194181.0
33440,CAR1066,2018,33892.0,0.0
33446,CAR1066,2024,0.0,50000.0
33469,CAR1067,2016,3509.0,0.0
33470,CAR1067,2017,0.0,3509.0
33501,CAR1068,2017,0.0,126314.0
33565,CAR1070,2019,461526.0,0.0
33566,CAR1070,2020,136406.0,0.0
33570,CAR1070,2024,0.0,530545.0
33571,CAR1070,2025,722459.0,0.0
33572,CAR1070,2026,0.0,1400.0
33594,CAR1071,2017,0.0,2834.0
33655,CAR1074,2016,57134.0,0.0
33656,CAR1074,2017,0.0,57134.0
33717,CAR1076,2016,23595.0,0.0
33718,CAR1076,2017,14915.0,55181.0
33719,CAR1076,2018,13633.0,0.0
33720,CAR1076,2019,14732.0,0.0
33721,CAR1076,2020,0.0,42105.0
33722,CAR1076,2021,22242.0,0.0
33723,CAR1076,2022,0.0,8430.0
33725,CAR1076,2024,0.0,72.0
33749,CAR1077,2017,1523.0,2975.0
33779,CAR1078,2016,27058.0,0.0
33780,CAR1078,2017,16401.0,42384.0
33782,CAR1078,2019,37193.0,0.0
33783,CAR1078,2020,0.0,60738.0
33784,CAR1078,2021,24565.0,0.0
33785,CAR1078,2022,0.0,1020.0
33787,CAR1078,2024,0.0,13506.0
33810,CAR1080,2016,18652.0,0.0
33811,CAR1080,2017,10280.0,28932.0
33814,CAR1080,2020,0.0,16917.0
33815,CAR1080,2021,16917.0,0.0
33844,CAR1081,2019,32105.0,0.0
33845,CAR1081,2020,0.0,32105.0
33903,CAR1083,2016,19648.0,0.0
33904,CAR1083,2017,0.0,34906.0
33905,CAR1083,2018,15258.0,0.0
33906,CAR1083,2019,47714.0,0.0
33907,CAR1083,2020,16679.0,47714.0
33911,CAR1083,2024,0.0,16679.0
33996,CAR1086,2016,57872.0,0.0
33997,CAR1086,2017,0.0,57872.0
33999,CAR1086,2019,44382.0,0.0
34000,CAR1086,2020,0.0,44382.0
34001,CAR1086,2021,32532.0,0.0
34004,CAR1086,2024,0.0,4879.0
34005,CAR1086,2025,56887.0,0.0
34028,CAR1087,2017,0.0,47000.0
34058,CAR1088,2016,695618.0,0.0
34059,CAR1088,2017,148483.0,825519.0
34060,CAR1088,2018,25811.0,0.0
34061,CAR1088,2019,19973.0,0.0
34062,CAR1088,2020,0.0,45784.0
34063,CAR1088,2021,29259.0,0.0
34065,CAR1088,2023,0.0,17160.0
34066,CAR1088,2024,0.0,30681.0
34183,CAR1092,2017,52124.0,0.0
34191,CAR1092,2025,0.0,52124.0
34213,CAR1093,2016,148331.0,0.0
34214,CAR1093,2017,0.0,148331.0
34244,CAR1094,2016,37875.0,37000.0
34245,CAR1094,2017,0.0,800.0
34250,CAR1094,2022,11526.0,11601.0
34275,CAR1095,2016,145410.0,0.0
34276,CAR1095,2017,81728.0,1250441.0
34277,CAR1095,2018,60036.0,0.0
34278,CAR1095,2019,66289.0,0.0
34279,CAR1095,2020,73862.0,0.0
34280,CAR1095,2021,76663.0,0.0
34281,CAR1095,2022,171143.0,0.0
34283,CAR1095,2024,0.0,112230.0
34285,CAR1095,2026,79478.0,10253.0
34306,CAR1096,2016,17911.0,25.0
34307,CAR1096,2017,9610.0,18907.0
34308,CAR1096,2018,11898.0,24949.0
34309,CAR1096,2019,11052.0,14911.0
34310,CAR1096,2020,9035.0,11325.0
34311,CAR1096,2021,9534.0,9534.0
34313,CAR1096,2023,22506.0,0.0
34314,CAR1096,2024,21388.0,28506.0
34315,CAR1096,2025,13261.0,15388.0
34316,CAR1096,2026,11463.0,0.0
34337,CAR1097,2016,18620.0,0.0
34338,CAR1097,2017,24473.0,60092.0
34339,CAR1097,2018,16999.0,0.0
34340,CAR1097,2019,5277.0,0.0
34345,CAR1097,2024,0.0,5277.0
34369,CAR1098,2017,82509.0,82055.0
34370,CAR1098,2018,126781.0,300.0
34371,CAR1098,2019,140308.0,0.0
34372,CAR1098,2020,110461.0,212078.0
34373,CAR1098,2021,0.0,1500.0
34374,CAR1098,2022,0.0,5359.0
34375,CAR1098,2023,387907.0,4742.0
34376,CAR1098,2024,110724.0,209591.0
34377,CAR1098,2025,101728.0,0.0
34378,CAR1098,2026,27818.0,6481.0
34400,CAR1099,2017,89607.0,60000.0
34401,CAR1099,2018,68596.0,0.0
34402,CAR1099,2019,77637.0,500.0
34403,CAR1099,2020,57295.0,106877.0
34404,CAR1099,2021,35099.0,0.0
34405,CAR1099,2022,52469.0,20568.0
34406,CAR1099,2023,0.0,23989.0
34407,CAR1099,2024,128810.0,118055.0
34408,CAR1099,2025,78266.0,0.0
34409,CAR1099,2026,18962.0,9221.0
34431,CAR1100,2017,73667.0,0.0
34432,CAR1100,2018,57954.0,0.0
34433,CAR1100,2019,66028.0,0.0
34434,CAR1100,2020,58837.0,885.0
34435,CAR1100,2021,68526.0,8.0
34436,CAR1100,2022,73440.0,104502.0
34437,CAR1100,2023,0.0,24380.0
34438,CAR1100,2024,72380.0,150416.0
34439,CAR1100,2025,64989.0,0.0
34440,CAR1100,2026,0.0,5769.0
34461,CAR1101,2016,5146.0,0.0
34462,CAR1101,2017,0.0,5146.0
34463,CAR1101,2018,4053.0,0.0
34465,CAR1101,2020,0.0,4053.0
34494,CAR1102,2018,176441.0,0.0
34497,CAR1102,2021,13961.0,0.0
34498,CAR1102,2022,0.0,13353.0
34499,CAR1102,2023,1440.0,9000.0
34500,CAR1102,2024,0.0,150115.0
34523,CAR1103,2016,218922.0,0.0
34524,CAR1103,2017,0.0,96632.0
34528,CAR1103,2021,16176.0,0.0
34529,CAR1103,2022,0.0,15613.0
34531,CAR1103,2024,0.0,61509.0
34532,CAR1103,2025,38902.0,0.0
34555,CAR1104,2017,231958.0,0.0
34558,CAR1104,2020,22880.0,24890.0
34560,CAR1104,2022,0.0,6122.0
34562,CAR1104,2024,0.0,178411.0
34564,CAR1104,2026,0.0,1796.0
34585,CAR1105,2016,189455.0,0.0
34586,CAR1105,2017,234621.0,424076.0
34587,CAR1105,2018,320214.0,0.0
34588,CAR1105,2019,283656.0,0.0
34589,CAR1105,2020,193290.0,382239.0
34590,CAR1105,2021,182382.0,0.0
34591,CAR1105,2022,346846.0,6320.0
34592,CAR1105,2023,261720.0,39840.0
34593,CAR1105,2024,329027.0,815522.0
34594,CAR1105,2025,301169.0,0.0
34595,CAR1105,2026,348037.0,0.0
34616,CAR1106,2016,30890.0,0.0
34617,CAR1106,2017,0.0,47014.0
34618,CAR1106,2018,36064.0,0.0
34620,CAR1106,2020,17016.0,0.0
34621,CAR1106,2021,22562.0,0.0
34622,CAR1106,2022,23606.0,19940.0
34623,CAR1106,2023,0.0,945.0
34624,CAR1106,2024,0.0,59350.0
34625,CAR1106,2025,0.0,825.0
34626,CAR1106,2026,0.0,619.0
34647,CAR1108,2016,31704.0,0.0
34648,CAR1108,2017,32279.0,0.0
34649,CAR1108,2018,5309.0,0.0
34651,CAR1108,2020,19362.0,40328.0
34653,CAR1108,2022,0.0,16047.0
34655,CAR1108,2024,0.0,32279.0
34678,CAR1109,2016,74798.0,0.0
34679,CAR1109,2017,43045.0,107088.0
34680,CAR1109,2018,42424.0,0.0
34681,CAR1109,2019,42846.0,0.0
34682,CAR1109,2020,7616.0,96217.0
34683,CAR1109,2021,8203.0,0.0
34686,CAR1109,2024,18795.0,15627.0
34718,CAR1110,2025,271855.0,0.0
34719,CAR1110,2026,0.0,41761.0
34834,CAR1114,2017,356040.0,0.0
34842,CAR1114,2025,0.0,356040.0
35019,CAR1120,2016,56790.0,0.0
35020,CAR1120,2017,67868.0,56790.0
35021,CAR1120,2018,34795.0,0.0
35022,CAR1120,2019,52589.0,0.0
35023,CAR1120,2020,0.0,67868.0
35025,CAR1120,2022,0.0,45921.0
35027,CAR1120,2024,0.0,11598.0
35050,CAR1121,2016,7421.0,0.0
35051,CAR1121,2017,0.0,7421.0
35081,CAR1122,2016,23762.0,0.0
35082,CAR1122,2017,9075.0,11633.0
35084,CAR1122,2019,28168.0,0.0
35085,CAR1122,2020,0.0,15546.0
35087,CAR1122,2022,7505.0,0.0
35089,CAR1122,2024,0.0,41331.0
35112,CAR1123,2016,13102.0,0.0
35113,CAR1123,2017,0.0,29344.0
35114,CAR1123,2018,48687.0,0.0
35116,CAR1123,2020,0.0,32445.0
35118,CAR1123,2022,13040.0,0.0
35119,CAR1123,2023,0.0,13040.0
35143,CAR1124,2016,31392.0,0.0
35144,CAR1124,2017,0.0,12678.0
35145,CAR1124,2018,33941.0,0.0
35146,CAR1124,2019,16113.0,0.0
35147,CAR1124,2020,0.0,51047.0
35148,CAR1124,2021,32470.0,0.0
35149,CAR1124,2022,11736.0,494.0
35151,CAR1124,2024,0.0,44009.0
35153,CAR1124,2026,0.0,1375.0
35174,CAR1125,2016,36268.0,0.0
35175,CAR1125,2017,0.0,36268.0
35205,CAR1126,2016,22396.0,0.0
35206,CAR1126,2017,20998.0,60461.0
35207,CAR1126,2018,17067.0,0.0
35236,CAR1127,2016,22318.0,0.0
35237,CAR1127,2017,23396.0,59593.0
35238,CAR1127,2018,13879.0,0.0
35267,CAR1128,2016,22901.0,0.0
35268,CAR1128,2017,9488.0,41736.0
35269,CAR1128,2018,9347.0,0.0
35270,CAR1128,2019,9600.0,0.0
35271,CAR1128,2020,6501.0,16101.0
35329,CAR1130,2016,7873.0,0.0
35330,CAR1130,2017,0.0,1968.0
35332,CAR1130,2019,27406.0,0.0
35333,CAR1130,2020,0.0,25119.0
35335,CAR1130,2022,79644.0,0.0
35336,CAR1130,2023,0.0,18332.0
35337,CAR1130,2024,0.0,69504.0
35360,CAR1132,2016,9251.0,0.0
35361,CAR1132,2017,10526.0,22162.0
35362,CAR1132,2018,11750.0,0.0
35363,CAR1132,2019,8358.0,0.0
35364,CAR1132,2020,0.0,3369.0
35365,CAR1132,2021,3369.0,0.0
35366,CAR1132,2022,4546.0,0.0
35367,CAR1132,2023,5980.0,0.0
35368,CAR1132,2024,0.0,30634.0
35369,CAR1132,2025,5145.0,0.0
35391,CAR1133,2016,6340.0,0.0
35392,CAR1133,2017,5934.0,17258.0
35393,CAR1133,2018,6549.0,0.0
35394,CAR1133,2019,4928.0,0.0
35395,CAR1133,2020,0.0,909.0
35396,CAR1133,2021,909.0,0.0
35397,CAR1133,2022,1398.0,0.0
35398,CAR1133,2023,1646.0,0.0
35399,CAR1133,2024,0.0,14521.0
35400,CAR1133,2025,1890.0,0.0
35424,CAR1134,2018,22953.0,0.0
35426,CAR1134,2020,0.0,22953.0
35454,CAR1135,2017,0.0,4057.0
35455,CAR1135,2018,4057.0,0.0
35456,CAR1135,2019,28129.0,0.0
35457,CAR1135,2020,16872.0,14241.0
35459,CAR1135,2022,0.0,19.0
35461,CAR1135,2024,0.0,30666.0
35485,CAR1136,2017,0.0,25189.0
35486,CAR1136,2018,74174.0,0.0
35487,CAR1136,2019,45371.0,0.0
35488,CAR1136,2020,50107.0,43993.0
35489,CAR1136,2021,51095.0,0.0
35492,CAR1136,2024,0.0,64473.0
35494,CAR1136,2026,89102.0,2404.0
35515,CAR1137,2016,8379.0,0.0
35516,CAR1137,2017,5921.0,18283.0
35517,CAR1137,2018,3983.0,0.0
35547,CAR1138,2017,0.0,51298.0
35548,CAR1138,2018,51607.0,0.0
35549,CAR1138,2019,25363.0,0.0
35550,CAR1138,2020,29482.0,68336.0
35551,CAR1138,2021,31207.0,0.0
35552,CAR1138,2022,68948.0,0.0
35553,CAR1138,2023,40519.0,0.0
35554,CAR1138,2024,41616.0,86973.0
35578,CAR1139,2017,248509.0,299094.0
35579,CAR1139,2018,235963.0,0.0
35580,CAR1139,2019,250962.0,0.0
35581,CAR1139,2020,418384.0,35779.0
35582,CAR1139,2021,252917.0,16900.0
35583,CAR1139,2022,228567.0,14393.0
35584,CAR1139,2023,206767.0,2337.0
35585,CAR1139,2024,105634.0,708135.0
35586,CAR1139,2025,169679.0,0.0
35587,CAR1139,2026,106050.0,2250.0
35609,CAR1140,2017,328088.0,0.0
35615,CAR1140,2023,0.0,445.0
35616,CAR1140,2024,411345.0,60748.0
35617,CAR1140,2025,0.0,20700.0
35618,CAR1140,2026,0.0,47354.0
35642,CAR1141,2019,8426.0,0.0
35645,CAR1141,2022,28788.0,1371.0
35647,CAR1141,2024,13123.0,27423.0
35648,CAR1141,2025,0.0,161.0
35671,CAR1142,2017,7922.0,3961.0
35672,CAR1142,2018,3175.0,0.0
35674,CAR1142,2020,0.0,1587.0
35676,CAR1142,2022,9478.0,0.0
35702,CAR1143,2017,25570.0,42450.0
35703,CAR1143,2018,16880.0,0.0
35704,CAR1143,2019,15998.0,0.0
35705,CAR1143,2020,15789.0,34422.0
35706,CAR1143,2021,18424.0,0.0
35709,CAR1143,2024,0.0,15789.0
35763,CAR1145,2016,7334.0,0.0
35764,CAR1145,2017,7838.0,15172.0
35765,CAR1145,2018,13603.0,0.0
35767,CAR1145,2020,0.0,13603.0
35768,CAR1145,2021,8816.0,0.0
35769,CAR1145,2022,26770.0,79.0
35770,CAR1145,2023,14908.0,1482.0
35771,CAR1145,2024,13075.0,41484.0
35772,CAR1145,2025,12757.0,13075.0
35773,CAR1145,2026,13749.0,1271.0
35794,CAR1146,2016,8393.0,0.0
35795,CAR1146,2017,9525.0,17918.0
35796,CAR1146,2018,8724.0,0.0
35798,CAR1146,2020,0.0,8724.0
35826,CAR1147,2017,0.0,5283.0
35827,CAR1147,2018,61714.0,0.0
35828,CAR1147,2019,33378.0,0.0
35829,CAR1147,2020,71719.0,56431.0
35830,CAR1147,2021,35008.0,128361.0
35831,CAR1147,2022,0.0,11744.0
35857,CAR1151,2017,40236.0,40236.0
35858,CAR1151,2018,18331.0,0.0
35860,CAR1151,2020,11888.0,10150.0
35862,CAR1151,2022,0.0,1738.0
35864,CAR1151,2024,0.0,18331.0
35888,CAR1152,2017,24217.0,37580.0
35889,CAR1152,2018,26716.0,0.0
35890,CAR1152,2019,11450.0,0.0
35891,CAR1152,2020,0.0,13353.0
35892,CAR1152,2021,11975.0,0.0
35893,CAR1152,2022,13994.0,0.0
35894,CAR1152,2023,16676.0,0.0
35895,CAR1152,2024,13790.0,54095.0
35896,CAR1152,2025,17909.0,31699.0
35897,CAR1152,2026,38681.0,0.0
35919,CAR1153,2017,21782.0,35292.0
35920,CAR1153,2018,13510.0,0.0
35921,CAR1153,2019,13189.0,0.0
35922,CAR1153,2020,11739.0,24928.0
35923,CAR1153,2021,7054.0,0.0
35926,CAR1153,2024,0.0,7054.0
35949,CAR1154,2016,15841.0,0.0
35950,CAR1154,2017,16023.0,40457.0
35951,CAR1154,2018,13973.0,0.0
35952,CAR1154,2019,9087.0,0.0
35953,CAR1154,2020,14790.0,23877.0
35954,CAR1154,2021,13104.0,0.0
35957,CAR1154,2024,0.0,18484.0
35981,CAR1155,2017,14935.0,29096.0
35982,CAR1155,2018,26075.0,0.0
35984,CAR1155,2020,23428.0,11914.0
35986,CAR1155,2022,0.0,15562.0
35988,CAR1155,2024,0.0,7866.0
36012,CAR1156,2017,15123.0,7720.0
36013,CAR1156,2018,7128.0,0.0
36015,CAR1156,2020,685.0,7813.0
36019,CAR1156,2024,0.0,7403.0
36105,CAR1159,2017,0.0,9077.0
36106,CAR1159,2018,41473.0,0.0
36107,CAR1159,2019,19194.0,16000.0
36108,CAR1159,2020,41788.0,16396.0
36109,CAR1159,2021,15271.0,76253.0
36137,CAR1160,2018,25146.0,0.0
36138,CAR1160,2019,11791.0,12261.0
36139,CAR1160,2020,22607.0,12885.0
36140,CAR1160,2021,9211.0,43609.0
36169,CAR1161,2019,6271.0,0.0
36170,CAR1161,2020,0.0,6271.0
36174,CAR1161,2024,4978.0,0.0
36201,CAR1162,2020,627.0,627.0
36205,CAR1162,2024,6794.0,0.0
36415,CAR1169,2017,40632.0,25000.0
36416,CAR1169,2018,54717.0,0.0
36417,CAR1169,2019,67489.0,0.0
36418,CAR1169,2020,75488.0,186971.0
36419,CAR1169,2021,0.0,120.0
36420,CAR1169,2022,0.0,72.0
36421,CAR1169,2023,0.0,165.0
36422,CAR1169,2024,0.0,21442.0
36424,CAR1169,2026,0.0,3841.0
36446,CAR1171,2017,0.0,102460.0
36449,CAR1171,2020,0.0,30440.0
36453,CAR1171,2024,0.0,1518.0
36477,CAR1172,2017,0.0,113829.0
36480,CAR1172,2020,0.0,17166.0
36510,CAR1173,2019,303715.0,0.0
36511,CAR1173,2020,0.0,288529.0
36513,CAR1173,2022,45577.0,0.0
36514,CAR1173,2023,0.0,15234.0
36515,CAR1173,2024,0.0,32482.0
36541,CAR1174,2019,222177.0,0.0
36542,CAR1174,2020,0.0,172177.0
36543,CAR1174,2021,4783.0,0.0
36546,CAR1174,2024,0.0,32631.0
36548,CAR1174,2026,20033.0,15578.0
36569,CAR1175,2016,482770.0,0.0
36570,CAR1175,2017,2839697.0,3105987.0
36571,CAR1175,2018,107913.0,0.0
36573,CAR1175,2020,259612.0,672216.0
36574,CAR1175,2021,123365.0,0.0
36576,CAR1175,2023,73636.0,0.0
36577,CAR1175,2024,-9106.0,35154.0
36578,CAR1175,2025,210575.0,8824.0
36579,CAR1175,2026,92544.0,1025.0
36634,CAR1177,2019,22375.0,0.0
36635,CAR1177,2020,0.0,14597.0
36639,CAR1177,2024,0.0,3000.0
36641,CAR1177,2026,0.0,184.0
36663,CAR1178,2017,18782.0,18753.0
36664,CAR1178,2018,22684.0,0.0
36665,CAR1178,2019,21275.0,0.0
36668,CAR1178,2022,0.0,4819.0
36670,CAR1178,2024,0.0,16485.0
36693,CAR1179,2016,135577.0,0.0
36694,CAR1179,2017,0.0,135577.0
36725,CAR1180,2017,763870.0,763870.0
36727,CAR1180,2019,81149.0,0.0
36728,CAR1180,2020,67556.0,0.0
36730,CAR1180,2022,61408.0,0.0
36731,CAR1180,2023,10662.0,500.0
36732,CAR1180,2024,0.0,113008.0
36733,CAR1180,2025,72445.0,0.0
36734,CAR1180,2026,0.0,2116.0
36786,CAR1182,2016,245946.0,0.0
36787,CAR1182,2017,0.0,245946.0
36818,CAR1183,2017,0.0,1776456.0
36819,CAR1183,2018,3719171.0,0.0
36821,CAR1183,2020,0.0,1298881.0
36822,CAR1183,2021,82292.0,0.0
36823,CAR1183,2022,53752.0,248184.0
36824,CAR1183,2023,0.0,4909.0
36825,CAR1183,2024,0.0,332125.0
36827,CAR1183,2026,0.0,3688.0
36849,CAR1184,2017,8956.0,15531.0
36850,CAR1184,2018,6575.0,0.0
36851,CAR1184,2019,2289.0,0.0
36852,CAR1184,2020,11332.0,22014.0
36853,CAR1184,2021,8393.0,0.0
36854,CAR1184,2022,11869.0,0.0
36856,CAR1184,2024,0.0,11869.0
37037,CAR1190,2019,267975.0,0.0
37041,CAR1190,2023,140989.0,0.0
37044,CAR1190,2026,93471.0,0.0
37068,CAR1191,2019,795647.0,0.0
37071,CAR1191,2022,168978.0,31509.0
37072,CAR1191,2023,0.0,1752.0
37073,CAR1191,2024,0.0,597721.0
37074,CAR1191,2025,0.0,10000.0
37075,CAR1191,2026,8606.0,6412.0
37223,CAR1197,2019,1228906.0,0.0
37224,CAR1197,2020,78691.0,564899.0
37225,CAR1197,2021,72575.0,0.0
37226,CAR1197,2022,0.0,217669.0
37227,CAR1197,2023,112821.0,23252.0
37228,CAR1197,2024,0.0,661427.0
37230,CAR1197,2026,21185.0,10830.0
37408,CAR1204,2018,139152.0,0.0
37410,CAR1204,2020,0.0,120317.0
37414,CAR1204,2024,0.0,18835.0
37415,CAR1204,2025,8370.0,0.0
37441,CAR1205,2020,2523876.0,1844383.0
37442,CAR1205,2021,126875.0,0.0
37443,CAR1205,2022,125568.0,0.0
37444,CAR1205,2023,78327.0,0.0
37445,CAR1205,2024,0.0,928552.0
37470,CAR1206,2018,260490.0,0.0
37474,CAR1206,2022,86.0,0.0
37534,CAR1208,2020,521086.0,50255.0
37535,CAR1208,2021,57896.0,0.0
37536,CAR1208,2022,0.0,1394.0
37537,CAR1208,2023,0.0,33793.0
37538,CAR1208,2024,43121.0,526221.0
37539,CAR1208,2025,-2292.0,0.0
37540,CAR1208,2026,94281.0,1266.0
37562,CAR1209,2017,0.0,307930.0
37563,CAR1209,2018,478930.0,0.0
37564,CAR1209,2019,16976.0,0.0
37565,CAR1209,2020,0.0,171000.0
37567,CAR1209,2022,48939.0,0.0
37568,CAR1209,2023,7789.0,0.0
37569,CAR1209,2024,0.0,65915.0
37570,CAR1209,2025,21051.0,0.0
37687,CAR1213,2018,903035.0,0.0
37688,CAR1213,2019,21450.0,0.0
37689,CAR1213,2020,19795.0,414286.0
37690,CAR1213,2021,30231.0,0.0
37691,CAR1213,2022,0.0,33274.0
37693,CAR1213,2024,0.0,526951.0
37750,CAR1215,2019,2669549.0,0.0
37751,CAR1215,2020,121165.0,2018379.0
37752,CAR1215,2021,105660.0,93696.0
37753,CAR1215,2022,85518.0,74077.0
37754,CAR1215,2023,0.0,286423.0
37755,CAR1215,2024,0.0,460471.0
37757,CAR1215,2026,110233.0,345.0
37809,CAR1217,2016,484167.0,0.0
37810,CAR1217,2017,0.0,484167.0
37812,CAR1217,2019,52057.0,0.0
37813,CAR1217,2020,6589.0,53374.0
37816,CAR1217,2023,30489.0,6998.0
37817,CAR1217,2024,0.0,6097.0
37840,CAR1219,2016,108622.0,0.0
37841,CAR1219,2017,0.0,108622.0
37902,CAR1222,2016,145594.0,0.0
37906,CAR1222,2020,0.0,145594.0
37934,CAR1232,2017,9696.0,0.0
37936,CAR1232,2019,14155.0,0.0
37937,CAR1232,2020,0.0,26532.0
37938,CAR1232,2021,7681.0,5000.0
37965,CAR1233,2017,20133.0,20133.0
37973,CAR1233,2025,5078.0,0.0
37995,CAR1234,2016,22548.0,0.0
37996,CAR1234,2017,0.0,22548.0
38026,CAR1235,2016,101950.0,0.0
38027,CAR1235,2017,0.0,101950.0
38057,CAR1236,2016,181190.0,0.0
38058,CAR1236,2017,0.0,181190.0
38090,CAR1237,2018,4803.0,1983.0
38091,CAR1237,2019,0.0,2820.0
38092,CAR1237,2020,3774.0,1889.0
38093,CAR1237,2021,0.0,1885.0
38094,CAR1237,2022,3601.0,0.0
38095,CAR1237,2023,0.0,3530.0
38096,CAR1237,2024,1776.0,41.0
38097,CAR1237,2025,0.0,740.0
38121,CAR1238,2018,11955.0,2804.0
38122,CAR1238,2019,0.0,3419.0
38123,CAR1238,2020,12511.0,11017.0
38124,CAR1238,2021,0.0,6346.0
38125,CAR1238,2022,12018.0,94.0
38126,CAR1238,2023,0.0,12211.0
38127,CAR1238,2024,6012.0,175.0
38128,CAR1238,2025,0.0,235.0
38129,CAR1238,2026,0.0,34.0
38150,CAR1239,2016,133239.0,0.0
38151,CAR1239,2017,0.0,133239.0
38181,CAR1240,2016,111348.0,0.0
38182,CAR1240,2017,0.0,111348.0
38244,CAR1242,2017,42233.0,40000.0
38247,CAR1242,2020,0.0,2233.0
38275,CAR1243,2017,54382.0,0.0
38278,CAR1243,2020,0.0,54382.0
38306,CAR1244,2017,110990.0,110990.0
38337,CAR1245,2017,0.0,2262.0
38338,CAR1245,2018,5572.0,0.0
38340,CAR1245,2020,2842.0,2842.0
38344,CAR1245,2024,0.0,3310.0
38369,CAR1246,2018,18113.0,0.0
38370,CAR1246,2019,10162.0,0.0
38371,CAR1246,2020,0.0,12134.0
38372,CAR1246,2021,12134.0,0.0
38373,CAR1246,2022,11043.0,0.0
38374,CAR1246,2023,16329.0,0.0
38375,CAR1246,2024,7859.0,58935.0
38376,CAR1246,2025,7229.0,0.0
38377,CAR1246,2026,2682.0,0.0
38401,CAR1247,2019,35565.0,23710.0
38402,CAR1247,2020,11888.0,23417.0
38403,CAR1247,2021,10718.0,326.0
38404,CAR1247,2022,10182.0,9606.0
38405,CAR1247,2023,0.0,11294.0
38407,CAR1247,2025,20018.0,0.0
38408,CAR1247,2026,0.0,1829.0
38430,CAR1248,2017,96564.0,87771.0
38437,CAR1248,2024,0.0,8793.0
38461,CAR1249,2017,141207.0,73506.0
38464,CAR1249,2020,0.0,62905.0
38468,CAR1249,2024,0.0,4796.0
38492,CAR1250,2017,226896.0,71599.0
38495,CAR1250,2020,0.0,107081.0
38497,CAR1250,2022,0.0,1.0
38499,CAR1250,2024,0.0,48002.0
38523,CAR1251,2017,55471.0,55471.0
38554,CAR1252,2017,140916.0,40916.0
38561,CAR1252,2024,0.0,1000.0
38585,CAR1253,2017,0.0,16113.0
38586,CAR1253,2018,16113.0,0.0
38587,CAR1253,2019,13090.0,0.0
38588,CAR1253,2020,13376.0,11691.0
38592,CAR1253,2024,0.0,14775.0
38616,CAR1254,2017,140698.0,140698.0
38647,CAR1257,2017,0.0,18867.0
38649,CAR1257,2019,1586877.0,0.0
38650,CAR1257,2020,91631.0,1525044.0
38651,CAR1257,2021,94840.0,0.0
38652,CAR1257,2022,0.0,4885.0
38653,CAR1257,2023,111370.0,0.0
38654,CAR1257,2024,0.0,261023.0
38678,CAR1258,2017,72606.0,70000.0
38685,CAR1258,2024,0.0,2606.0
38711,CAR1259,2019,8189.0,0.0
38713,CAR1259,2021,0.0,3470.0
38714,CAR1259,2022,9092.0,4719.0
38715,CAR1259,2023,8602.0,50.0
38716,CAR1259,2024,0.0,70.0
38717,CAR1259,2025,8676.0,2294.0
38718,CAR1259,2026,0.0,10256.0
38742,CAR1260,2019,2648.0,0.0
38744,CAR1260,2021,0.0,1024.0
38745,CAR1260,2022,2920.0,1624.0
38746,CAR1260,2023,3134.0,0.0
38747,CAR1260,2024,0.0,2224.0
38748,CAR1260,2025,2983.0,207.0
38749,CAR1260,2026,0.0,6606.0
38772,CAR1261,2018,10399.0,4144.0
38773,CAR1261,2019,9512.0,11859.0
38774,CAR1261,2020,9512.0,5582.0
38775,CAR1261,2021,9432.0,8420.0
38776,CAR1261,2022,9401.0,6094.0
38777,CAR1261,2023,8382.0,1515.0
38778,CAR1261,2024,8887.0,1437.0
38779,CAR1261,2025,0.0,13484.0
38780,CAR1261,2026,3853.0,1104.0
38802,CAR1262,2017,17061.0,0.0
38803,CAR1262,2018,0.0,17005.0
38804,CAR1262,2019,11807.0,3448.0
38805,CAR1262,2020,0.0,3334.0
38806,CAR1262,2021,17074.0,0.0
38807,CAR1262,2022,0.0,7158.0
38811,CAR1262,2026,0.0,14842.0
38833,CAR1263,2017,122129.0,72128.0
38840,CAR1263,2024,0.0,50000.0
38867,CAR1264,2020,6386504.0,4912160.0
38869,CAR1264,2022,119846.0,47607.0
38870,CAR1264,2023,255675.0,1395.0
38871,CAR1264,2024,0.0,1461748.0
38873,CAR1264,2026,0.0,3955.0
38896,CAR1265,2018,49518.0,0.0
38897,CAR1265,2019,40057.0,0.0
38898,CAR1265,2020,41346.0,78510.0
38899,CAR1265,2021,43554.0,0.0
38900,CAR1265,2022,49659.0,215.0
38901,CAR1265,2023,53995.0,1767.0
38902,CAR1265,2024,0.0,8989.0
38903,CAR1265,2025,60487.0,0.0
38904,CAR1265,2026,110645.0,1.0
38926,CAR1267,2017,0.0,50793.0
38927,CAR1267,2018,50793.0,0.0
38957,CAR1268,2017,55404.0,55404.0
38988,CAR1269,2017,33184.0,8184.0
38991,CAR1269,2020,0.0,25000.0
39019,CAR1270,2017,223464.0,111732.0
39022,CAR1270,2020,0.0,111732.0
39050,CAR1271,2017,0.0,140452.0
39051,CAR1271,2018,140452.0,0.0
39081,CAR1272,2017,0.0,51298.0
39082,CAR1272,2018,51298.0,0.0
39115,CAR1274,2020,13637.0,13113.0
39116,CAR1274,2021,275.0,0.0
39117,CAR1274,2022,19466.0,0.0
39119,CAR1274,2024,0.0,12920.0
39146,CAR1275,2020,0.0,5997.0
39147,CAR1275,2021,6285.0,0.0
39148,CAR1275,2022,10731.0,164.0
39150,CAR1275,2024,0.0,10855.0
39151,CAR1275,2025,18508.0,6247.0
39152,CAR1275,2026,7778.0,0.0
39205,CAR1277,2017,0.0,53956.0
39206,CAR1277,2018,53956.0,0.0
39236,CAR1278,2017,0.0,42054.0
39237,CAR1278,2018,44681.0,0.0
39239,CAR1278,2020,0.0,2627.0
39267,CAR1279,2017,0.0,49107.0
39268,CAR1279,2018,56727.0,0.0
39270,CAR1279,2020,0.0,7620.0
39298,CAR1280,2017,0.0,70454.0
39299,CAR1280,2018,71572.0,0.0
39332,CAR1281,2020,0.0,17767.0
39333,CAR1281,2021,17767.0,0.0
39334,CAR1281,2022,14452.0,0.0
39336,CAR1281,2024,0.0,14452.0
39337,CAR1281,2025,23098.0,0.0
39338,CAR1281,2026,16462.0,0.0
39363,CAR1282,2020,6332.0,0.0
39364,CAR1282,2021,12247.0,8497.0
39365,CAR1282,2022,4369.0,10082.0
39366,CAR1282,2023,0.0,4360.0
39367,CAR1282,2024,0.0,9.0
39393,CAR1283,2019,6519.0,0.0
39394,CAR1283,2020,6845.0,0.0
39398,CAR1283,2024,0.0,13364.0
39424,CAR1284,2019,5843.0,0.0
39426,CAR1284,2021,0.0,1013.0
39427,CAR1284,2022,9974.0,4830.0
39428,CAR1284,2023,9398.0,0.0
39429,CAR1284,2024,0.0,4621.0
39430,CAR1284,2025,9531.0,2.0
39431,CAR1284,2026,0.0,13754.0
39455,CAR1285,2019,7884.0,2284.0
39456,CAR1285,2020,6255.0,7377.0
39457,CAR1285,2021,17850.0,14662.0
39458,CAR1285,2022,5543.0,7666.0
39459,CAR1285,2023,0.0,2865.0
39460,CAR1285,2024,0.0,2678.0
39461,CAR1285,2025,3579.0,3579.0
39462,CAR1285,2026,14227.0,0.0
39484,CAR1286,2017,0.0,154972.0
39485,CAR1286,2018,154972.0,0.0
39515,CAR1287,2017,0.0,52930.0
39516,CAR1287,2018,52930.0,0.0
39548,CAR1288,2019,27942.0,0.0
39549,CAR1288,2020,21734.0,49676.0
39579,CAR1289,2019,8330.0,0.0
39608,CAR1290,2017,0.0,62851.0
39609,CAR1290,2018,119844.0,0.0
39611,CAR1290,2020,0.0,56993.0
39642,CAR1291,2020,33561.0,0.0
39644,CAR1291,2022,38893.0,0.0
39645,CAR1291,2023,7716.0,0.0
39675,CAR1292,2022,1318537.0,0.0
39676,CAR1292,2023,109302.0,0.0
39677,CAR1292,2024,0.0,1076009.0
39678,CAR1292,2025,0.0,23000.0
39706,CAR1293,2022,1109602.0,0.0
39707,CAR1293,2023,130014.0,1751.0
39708,CAR1293,2024,0.0,947272.0
39709,CAR1293,2025,0.0,11209.0
39710,CAR1293,2026,0.0,15791.0
39735,CAR1294,2020,14632.0,0.0
39739,CAR1294,2024,0.0,14632.0
39764,CAR1295,2018,97831.0,0.0
39766,CAR1295,2020,0.0,775.0
39768,CAR1295,2022,0.0,83431.0
39769,CAR1295,2023,0.0,2461.0
39770,CAR1295,2024,0.0,4428.0
39772,CAR1295,2026,0.0,2019.0
39794,CAR1296,2017,0.0,95290.0
39795,CAR1296,2018,110290.0,0.0
39797,CAR1296,2020,0.0,13896.0
39827,CAR1297,2019,252639.0,0.0
39828,CAR1297,2020,0.0,141572.0
39830,CAR1297,2022,0.0,10987.0
39832,CAR1297,2024,0.0,100080.0
39858,CAR1298,2019,6955.0,0.0
39859,CAR1298,2020,23301.0,0.0
39860,CAR1298,2021,20205.0,0.0
39861,CAR1298,2022,22576.0,0.0
39862,CAR1298,2023,4526.0,0.0
39863,CAR1298,2024,0.0,36496.0
39889,CAR1299,2019,842.0,0.0
39890,CAR1299,2020,4869.0,3281.0
39891,CAR1299,2021,0.0,2430.0
39892,CAR1299,2022,4713.0,0.0
39893,CAR1299,2023,0.0,4713.0
39894,CAR1299,2024,2349.0,0.0
39920,CAR1300,2019,123703.0,0.0
39921,CAR1300,2020,0.0,46243.0
39923,CAR1300,2022,0.0,2002.0
39925,CAR1300,2024,0.0,74378.0
39951,CAR1301,2019,50473.0,0.0
39956,CAR1301,2024,0.0,50473.0
39982,CAR1302,2019,58745.0,0.0
39983,CAR1302,2020,0.0,58745.0
40011,CAR1303,2017,0.0,76653.0
40012,CAR1303,2018,102700.0,0.0
40014,CAR1303,2020,0.0,3347.0
40016,CAR1303,2022,0.0,22700.0
40042,CAR1305,2017,0.0,159218.0
40043,CAR1305,2018,159218.0,0.0
40074,CAR1306,2018,3909.0,3909.0
40104,CAR1308,2017,0.0,26236.0
40105,CAR1308,2018,60855.0,0.0
40107,CAR1308,2020,0.0,34619.0
40137,CAR1309,2019,97696.0,0.0
40138,CAR1309,2020,0.0,50000.0
40142,CAR1309,2024,0.0,24696.0
40168,CAR1310,2019,140146.0,0.0
40169,CAR1310,2020,0.0,68990.0
40171,CAR1310,2022,0.0,91.0
40172,CAR1310,2023,0.0,872.0
40173,CAR1310,2024,0.0,24849.0
40198,CAR1311,2018,128012.0,0.0
40204,CAR1311,2024,0.0,21497.0
40229,CAR1312,2018,93703.0,0.0
40235,CAR1312,2024,0.0,50218.0
40262,CAR1313,2020,370976.0,0.0
40266,CAR1313,2024,0.0,370976.0
40293,CAR1314,2020,1409512.0,57936.0
40295,CAR1314,2022,0.0,12903.0
40296,CAR1314,2023,0.0,25564.0
40297,CAR1314,2024,0.0,1147068.0
40323,CAR1315,2019,25185.0,0.0
40324,CAR1315,2020,24654.0,0.0
40325,CAR1315,2021,21907.0,0.0
40327,CAR1315,2023,23571.0,0.0
40328,CAR1315,2024,60528.0,25185.0
40330,CAR1315,2026,31754.0,0.0
40354,CAR1316,2019,17312.0,0.0
40355,CAR1316,2020,16994.0,0.0
40356,CAR1316,2021,23755.0,0.0
40357,CAR1316,2022,0.0,17312.0
40358,CAR1316,2023,23716.0,0.0
40359,CAR1316,2024,49334.0,16994.0
40360,CAR1316,2025,1.0,1.0
40361,CAR1316,2026,25411.0,0.0
40385,CAR1317,2019,28166.0,0.0
40386,CAR1317,2020,19752.0,0.0
40387,CAR1317,2021,23325.0,0.0
40389,CAR1317,2023,32266.0,0.0
40390,CAR1317,2024,59151.0,62324.0
40392,CAR1317,2026,32624.0,0.0
40416,CAR1318,2019,138241.0,0.0
40417,CAR1318,2020,0.0,100000.0
40421,CAR1318,2024,0.0,38241.0
40479,CAR1321,2020,2040.0,1550.0
40481,CAR1321,2022,6351.0,0.0
40483,CAR1321,2024,9059.0,6843.0
40485,CAR1321,2026,8808.0,0.0
40543,CAR1324,2022,1934.0,1321.0
40544,CAR1324,2023,1976.0,0.0
40545,CAR1324,2024,3209.0,2063.0
40573,CAR1325,2021,3352.0,3352.0
40574,CAR1325,2022,5825.0,0.0
40575,CAR1325,2023,0.0,4259.0
40576,CAR1325,2024,0.0,1566.0
40578,CAR1325,2026,56459.0,0.0
40602,CAR1326,2019,56139.0,0.0
40603,CAR1326,2020,0.0,26719.0
40607,CAR1326,2024,0.0,29420.0
40633,CAR1327,2019,65097.0,0.0
40665,CAR1328,2020,611.0,0.0
40666,CAR1328,2021,0.0,20.0
40667,CAR1328,2022,1389.0,50.0
40668,CAR1328,2023,0.0,35.0
40669,CAR1328,2024,694.0,0.0
40670,CAR1328,2025,0.0,51.0
40696,CAR1329,2020,445192.0,29538.0
40698,CAR1329,2022,0.0,11840.0
40699,CAR1329,2023,9273.0,7644.0
40700,CAR1329,2024,0.0,185001.0
40702,CAR1329,2026,0.0,2.0
40728,CAR1330,2021,202313.0,0.0
40729,CAR1330,2022,12369.0,3802.0
40730,CAR1330,2023,0.0,6650.0
40731,CAR1330,2024,3947.0,11938.0
40733,CAR1330,2026,0.0,6753.0
40789,CAR1332,2020,0.0,505000.0
40790,CAR1332,2021,651698.0,0.0
40793,CAR1332,2024,976.0,0.0
40794,CAR1332,2025,8787.0,0.0
40819,CAR1333,2019,3972.0,0.0
40821,CAR1333,2021,0.0,3972.0
40822,CAR1333,2022,9690.0,0.0
40823,CAR1333,2023,0.0,9690.0
40882,CAR1335,2020,355684.0,160614.0
40883,CAR1335,2021,391286.0,351953.0
40884,CAR1335,2022,293788.0,371917.0
40885,CAR1335,2023,203691.0,156274.0
40886,CAR1335,2024,332032.0,203691.0
40887,CAR1335,2025,323015.0,5000.0
40888,CAR1335,2026,138565.0,70458.0
40913,CAR1336,2020,0.0,697185.0
40914,CAR1336,2021,702185.0,0.0
40917,CAR1336,2024,0.0,5000.0
40918,CAR1336,2025,170232.0,0.0
40919,CAR1336,2026,41291.0,0.0
40944,CAR1337,2020,10562.0,0.0
40947,CAR1337,2023,15734.0,9970.0
40948,CAR1337,2024,13335.0,15734.0
40950,CAR1337,2026,12124.0,0.0
40975,CAR1339,2020,2430904.0,644674.0
40977,CAR1339,2022,0.0,48781.0
40978,CAR1339,2023,0.0,153797.0
40979,CAR1339,2024,273527.0,1193410.0
40981,CAR1339,2026,0.0,4958.0
41006,CAR1340,2020,20517.0,16953.0
41007,CAR1340,2021,15122.0,0.0
41009,CAR1340,2023,16586.0,0.0
41010,CAR1340,2024,16311.0,17627.0
41012,CAR1340,2026,32654.0,0.0
41036,CAR1341,2019,73462.0,0.0
41037,CAR1341,2020,0.0,73462.0
41104,CAR1344,2025,33370.0,12500.0
41105,CAR1344,2026,9286.0,13769.0
41131,CAR1345,2021,1959.0,1959.0
41132,CAR1345,2022,812.0,0.0
41133,CAR1345,2023,0.0,520.0
41134,CAR1345,2024,0.0,5.0
41135,CAR1345,2025,0.0,5.0
41162,CAR1347,2021,5280.0,5280.0
41163,CAR1347,2022,3932.0,0.0
41166,CAR1347,2025,0.0,500.0
41193,CAR1348,2021,1638.0,1638.0
41194,CAR1348,2022,824.0,514.0
41195,CAR1348,2023,0.0,61.0
41196,CAR1348,2024,0.0,238.0
41224,CAR1350,2021,1442.0,1442.0
41225,CAR1350,2022,489.0,305.0
41226,CAR1350,2023,0.0,25.0
41227,CAR1350,2024,0.0,46.0
41255,CAR1351,2021,781.0,781.0
41256,CAR1351,2022,243.0,243.0
41286,CAR1352,2021,4090.0,4090.0
41287,CAR1352,2022,2165.0,0.0
41288,CAR1352,2023,0.0,1420.0
41317,CAR1353,2021,1109.0,1109.0
41318,CAR1353,2022,365.0,228.0
41319,CAR1353,2023,0.0,25.0
41320,CAR1353,2024,0.0,42.0
41348,CAR1354,2021,3738.0,3738.0
41349,CAR1354,2022,2192.0,0.0
41379,CAR1355,2021,1254.0,1254.0
41380,CAR1355,2022,607.0,379.0
41410,CAR1356,2021,1214.0,1214.0
41411,CAR1356,2022,678.0,423.0
41441,CAR1357,2021,1807.0,1807.0
41442,CAR1357,2022,1189.0,238.0
41443,CAR1357,2023,0.0,434.0
41444,CAR1357,2024,0.0,230.0
41445,CAR1357,2025,0.0,45.0
41472,CAR1358,2021,852.0,852.0
41473,CAR1358,2022,535.0,334.0
41475,CAR1358,2024,0.0,14.0
41503,CAR1359,2021,971.0,971.0
41504,CAR1359,2022,442.0,276.0
41505,CAR1359,2023,0.0,15.0
41534,CAR1360,2021,1289.0,1289.0
41535,CAR1360,2022,399.0,249.0
41565,CAR1361,2021,2291.0,2291.0
41566,CAR1361,2022,916.0,571.0
41568,CAR1361,2024,0.0,24.0
41596,CAR1362,2021,3293.0,3293.0
41597,CAR1362,2022,1598.0,0.0
41598,CAR1362,2023,0.0,997.0
41627,CAR1363,2021,2537.0,2537.0
41628,CAR1363,2022,805.0,502.0
41629,CAR1363,2023,0.0,258.0
41630,CAR1363,2024,0.0,45.0
41658,CAR1364,2021,768.0,768.0
41659,CAR1364,2022,641.0,0.0
41720,CAR1366,2021,777.0,777.0
41721,CAR1366,2022,187.0,0.0
41722,CAR1366,2023,0.0,117.0
41749,CAR1367,2019,58918.0,0.0
41756,CAR1367,2026,0.0,58313.0
41781,CAR1368,2020,397099.0,0.0
41783,CAR1368,2022,0.0,128850.0
41784,CAR1368,2023,0.0,109731.0
41785,CAR1368,2024,0.0,122727.0
41787,CAR1368,2026,213346.0,1271.0
41812,CAR1372,2020,98685.0,34820.0
41813,CAR1372,2021,69928.0,55875.0
41814,CAR1372,2022,85131.0,13459.0
41815,CAR1372,2023,106207.0,66368.0
41816,CAR1372,2024,97786.0,113653.0
41817,CAR1372,2025,0.0,3568.0
41818,CAR1372,2026,88666.0,762.0
41843,CAR1373,2020,0.0,494524.0
41844,CAR1373,2021,498025.0,0.0
41846,CAR1373,2023,28074.0,0.0
41847,CAR1373,2024,0.0,23529.0
41874,CAR1374,2020,0.0,414633.0
41875,CAR1374,2021,421762.0,0.0
41877,CAR1374,2023,31660.0,0.0
41878,CAR1374,2024,0.0,28592.0
41906,CAR1375,2021,4130.0,0.0
41908,CAR1375,2023,0.0,3381.0
41936,CAR1376,2020,96280.0,0.0
41967,CAR1377,2020,1887.0,0.0
41968,CAR1377,2021,0.0,1867.0
41970,CAR1377,2023,11148.0,8969.0
41971,CAR1377,2024,0.0,2179.0
42094,CAR1381,2023,1587095.0,2570.0
42095,CAR1381,2024,0.0,860279.0
42096,CAR1381,2025,473696.0,0.0
42097,CAR1381,2026,0.0,150.0
42126,CAR1382,2024,162370.0,76861.0
42128,CAR1382,2026,0.0,568.0
42157,CAR1384,2024,432232.0,174534.0
42158,CAR1384,2025,171792.0,0.0
42159,CAR1384,2026,70163.0,45827.0
42246,CAR1387,2020,10534.0,0.0
42247,CAR1387,2021,0.0,530.0
42248,CAR1387,2022,23229.0,17603.0
42249,CAR1387,2023,0.0,15626.0
42277,CAR1388,2020,13288.0,0.0
42278,CAR1388,2021,0.0,10876.0
42279,CAR1388,2022,29422.0,17831.0
42280,CAR1388,2023,0.0,14000.0
42309,CAR1389,2021,3.0,0.0
42312,CAR1389,2024,0.0,3.0
42339,CAR1391,2020,0.0,597423.0
42340,CAR1391,2021,840423.0,0.0
42342,CAR1391,2023,0.0,236.0
42343,CAR1391,2024,0.0,237357.0
42370,CAR1392,2020,9127.0,0.0
42371,CAR1392,2021,0.0,8438.0
42372,CAR1392,2022,31967.0,20149.0
42373,CAR1392,2023,141459.0,13207.0
42374,CAR1392,2024,0.0,140759.0
42432,CAR1396,2020,3476.0,0.0
42433,CAR1396,2021,0.0,3476.0
42466,CAR1398,2023,10632.0,10632.0
42467,CAR1398,2024,11702.0,11174.0
42468,CAR1398,2025,0.0,52.0
42495,CAR1399,2021,10740.0,10740.0
42496,CAR1399,2022,7556.0,5872.0
42497,CAR1399,2023,3897.0,2813.0
42498,CAR1399,2024,0.0,2768.0
42525,CAR1401,2020,119156.0,743.0
42529,CAR1401,2024,0.0,19.0
42746,CAR1408,2024,601493.0,150241.0
42748,CAR1408,2026,0.0,30029.0
42778,CAR1409,2025,1058456.0,0.0
42779,CAR1409,2026,125287.0,165990.0
42805,CAR1411,2021,13784.0,13784.0
42806,CAR1411,2022,24881.0,19442.0
42807,CAR1411,2023,6304.0,7452.0
42808,CAR1411,2024,0.0,4291.0
42835,CAR1412,2020,24304.0,0.0
42866,CAR1413,2020,87667.0,0.0
42868,CAR1413,2022,0.0,13940.0
42898,CAR1415,2021,11435.0,9540.0
42899,CAR1415,2022,5124.0,6251.0
42900,CAR1415,2023,5054.0,3291.0
42901,CAR1415,2024,0.0,2531.0
42929,CAR1418,2021,49687.0,0.0
42930,CAR1418,2022,0.0,24687.0
42932,CAR1418,2024,0.0,25000.0
42990,CAR1425,2020,1363.0,0.0
42992,CAR1425,2022,8337.0,303.0
42994,CAR1425,2024,4241.0,0.0
43023,CAR1428,2022,10368.0,0.0
43024,CAR1428,2023,1999.0,10368.0
43025,CAR1428,2024,0.0,1999.0
43027,CAR1428,2026,43529.0,39700.0
43054,CAR1429,2022,4792.0,0.0
43056,CAR1429,2024,0.0,2168.0
43057,CAR1429,2025,5255.0,4164.0
43058,CAR1429,2026,0.0,3215.0
43084,CAR1432,2021,1290.0,0.0
43085,CAR1432,2022,1322.0,0.0
43086,CAR1432,2023,0.0,2158.0
43087,CAR1432,2024,0.0,454.0
43115,CAR1433,2021,2328.0,0.0
43116,CAR1433,2022,2588.0,0.0
43117,CAR1433,2023,0.0,4027.0
43118,CAR1433,2024,0.0,833.0
43119,CAR1433,2025,0.0,56.0
43146,CAR1434,2021,904.0,0.0
43147,CAR1434,2022,1029.0,0.0
43148,CAR1434,2023,0.0,1580.0
43177,CAR1435,2021,1512.0,0.0
43178,CAR1435,2022,1784.0,0.0
43179,CAR1435,2023,0.0,2684.0
43207,CAR1436,2020,0.0,1282518.0
43208,CAR1436,2021,1282518.0,0.0
43210,CAR1436,2023,41564.0,0.0
43211,CAR1436,2024,12596.0,41564.0
43239,CAR1437,2021,462.0,0.0
43240,CAR1437,2022,511.0,0.0
43241,CAR1437,2023,0.0,798.0
43270,CAR1438,2021,1199.0,0.0
43271,CAR1438,2022,1398.0,0.0
43272,CAR1438,2023,0.0,2117.0
43273,CAR1438,2024,0.0,480.0
43331,CAR1441,2020,78211.0,1262.0
43333,CAR1441,2022,0.0,18901.0
43334,CAR1441,2023,0.0,4881.0
43335,CAR1441,2024,0.0,11287.0
43337,CAR1441,2026,0.0,1058.0
43366,CAR1442,2024,221430.0,0.0
43367,CAR1442,2025,221914.0,0.0
43394,CAR1443,2021,19992.0,19992.0
43395,CAR1443,2022,11882.0,8769.0
43396,CAR1443,2023,7830.0,5113.0
43397,CAR1443,2024,0.0,5830.0
43425,CAR1445,2021,881.0,0.0
43427,CAR1445,2023,0.0,881.0
43430,CAR1445,2026,2258.0,0.0
43458,CAR1446,2023,3003.0,1430.0
43461,CAR1446,2026,2865.0,0.0
43487,CAR1447,2021,1403.0,0.0
43489,CAR1447,2023,0.0,1403.0
43492,CAR1447,2026,3769.0,0.0
43518,CAR1448,2021,7572.0,0.0
43520,CAR1448,2023,0.0,7572.0
43523,CAR1448,2026,14522.0,0.0
43549,CAR1449,2021,6984.0,0.0
43551,CAR1449,2023,0.0,6984.0
43554,CAR1449,2026,4613.0,0.0
43580,CAR1450,2021,6125.0,0.0
43582,CAR1450,2023,0.0,6125.0
43585,CAR1450,2026,10035.0,0.0
43611,CAR1451,2021,3018.0,0.0
43613,CAR1451,2023,0.0,3018.0
43616,CAR1451,2026,6084.0,0.0
43642,CAR1452,2021,605.0,0.0
43644,CAR1452,2023,0.0,605.0
43647,CAR1452,2026,933.0,0.0
43673,CAR1453,2021,2977.0,0.0
43675,CAR1453,2023,0.0,2977.0
43678,CAR1453,2026,7764.0,0.0
43704,CAR1454,2021,4886.0,0.0
43706,CAR1454,2023,0.0,4886.0
43709,CAR1454,2026,5479.0,0.0
43735,CAR1455,2021,32986.0,29.0
43736,CAR1455,2022,38049.0,21006.0
43737,CAR1455,2023,0.0,50000.0
43739,CAR1455,2025,119602.0,0.0
43740,CAR1455,2026,0.0,47421.0
43766,CAR1456,2021,127338.0,0.0
43797,CAR1458,2021,84267.0,0.0
43798,CAR1458,2022,0.0,84267.0
43829,CAR1459,2022,18934.0,15996.0
43830,CAR1459,2023,92840.0,71014.0
43831,CAR1459,2024,137183.0,141728.0
43832,CAR1459,2025,539060.0,142259.0
43833,CAR1459,2026,1023594.0,73265.0
43890,CAR1461,2021,32609.0,0.0
43891,CAR1461,2022,22792.0,50941.0
43892,CAR1461,2023,32184.0,15604.0
43893,CAR1461,2024,0.0,21040.0
43922,CAR1462,2022,7893.0,6418.0
43923,CAR1462,2023,4558.0,6033.0
43953,CAR1463,2022,47195.0,28430.0
43954,CAR1463,2023,26814.0,44710.0
43955,CAR1463,2024,0.0,869.0
43985,CAR1464,2023,81405.0,8780.0
43986,CAR1464,2024,0.0,41165.0
43987,CAR1464,2025,0.0,31297.0
44015,CAR1465,2022,29873.0,0.0
44016,CAR1465,2023,0.0,29873.0
44231,CAR1480,2021,1268775.0,216555.0
44232,CAR1480,2022,4122894.0,479879.0
44233,CAR1480,2023,2466943.0,1315627.0
44234,CAR1480,2024,6656477.0,2026762.0
44235,CAR1480,2025,6665413.0,3640152.0
44236,CAR1480,2026,2130260.0,2675144.0
44261,CAR1481,2020,0.0,12234.0
44262,CAR1481,2021,56964.0,0.0
44263,CAR1481,2022,0.0,22509.0
44264,CAR1481,2023,0.0,1288.0
44265,CAR1481,2024,0.0,56.0
44357,CAR1486,2023,9662.0,0.0
44358,CAR1486,2024,0.0,1665.0
44572,CAR1493,2021,70708.0,0.0
44575,CAR1493,2024,0.0,6183.0
44577,CAR1493,2026,0.0,2463.0
44604,CAR1494,2022,13923.0,0.0
44605,CAR1494,2023,0.0,2447.0
44606,CAR1494,2024,59340.0,35391.0
44607,CAR1494,2025,12951.0,11309.0
44608,CAR1494,2026,7917.0,18649.0
44635,CAR1495,2022,18545.0,0.0
44637,CAR1495,2024,76226.0,0.0
44638,CAR1495,2025,6311.0,13000.0
44639,CAR1495,2026,21378.0,38561.0
44666,CAR1496,2022,9405.0,0.0
44668,CAR1496,2024,41770.0,0.0
44669,CAR1496,2025,14441.0,0.0
44670,CAR1496,2026,5913.0,0.0
44697,CAR1497,2022,32379.0,0.0
44698,CAR1497,2023,0.0,17791.0
44699,CAR1497,2024,119645.0,0.0
44700,CAR1497,2025,38991.0,39939.0
44701,CAR1497,2026,33597.0,6778.0
44728,CAR1498,2022,60731.0,0.0
44730,CAR1498,2024,0.0,60731.0
44759,CAR1499,2022,8272.0,0.0
44761,CAR1499,2024,0.0,1765.0
44762,CAR1499,2025,0.0,2001.0
44763,CAR1499,2026,0.0,2662.0
44790,CAR1500,2022,1677.0,0.0
44821,CAR1505,2022,2577.0,0.0
44823,CAR1505,2024,2969.0,2960.0
44825,CAR1505,2026,0.0,1560.0
44852,CAR1506,2022,610.0,0.0
44854,CAR1506,2024,1300.0,1300.0
44856,CAR1506,2026,0.0,610.0
44883,CAR1507,2022,19064.0,0.0
44884,CAR1507,2023,0.0,9637.0
44885,CAR1507,2024,21413.0,0.0
44886,CAR1507,2025,0.0,4500.0
44887,CAR1507,2026,240060.0,20310.0
44914,CAR1508,2022,7490.0,0.0
44916,CAR1508,2024,0.0,7490.0
44917,CAR1508,2025,13913.0,0.0
44918,CAR1508,2026,0.0,2185.0
44945,CAR1509,2022,10085.0,0.0
44948,CAR1509,2025,19318.0,199.0
44949,CAR1509,2026,0.0,12762.0
44976,CAR1510,2022,7158.0,0.0
44979,CAR1510,2025,17656.0,0.0
44980,CAR1510,2026,0.0,10991.0
45007,CAR1511,2022,1340.0,0.0
45010,CAR1511,2025,786.0,0.0
45011,CAR1511,2026,0.0,1340.0
45038,CAR1513,2022,32.0,0.0
45040,CAR1513,2024,37615.0,0.0
45041,CAR1513,2025,33996.0,50839.0
45042,CAR1513,2026,105965.0,5288.0
45069,CAR1514,2022,49253.0,4353.0
45070,CAR1514,2023,0.0,26641.0
45071,CAR1514,2024,45662.0,0.0
45072,CAR1514,2025,0.0,16651.0
45073,CAR1514,2026,28244.0,5619.0
45100,CAR1515,2022,122101.0,0.0
45104,CAR1515,2026,0.0,1291.0
45131,CAR1517,2022,15158.0,0.0
45134,CAR1517,2025,14335.0,935.0
45163,CAR1521,2023,13341.0,6707.0
45164,CAR1521,2024,0.0,6634.0
45166,CAR1521,2026,51338.0,0.0
45194,CAR1522,2023,2827.0,2827.0
45197,CAR1522,2026,32557.0,0.0
45225,CAR1523,2023,2951.0,2951.0
45228,CAR1523,2026,33810.0,0.0
45256,CAR1524,2023,2388.0,2388.0
45259,CAR1524,2026,31409.0,0.0
45287,CAR1525,2023,1034.0,1034.0
45290,CAR1525,2026,4440.0,0.0
45318,CAR1526,2023,483.0,483.0
45321,CAR1526,2026,3412.0,0.0
45349,CAR1527,2023,516.0,516.0
45352,CAR1527,2026,4497.0,0.0
45380,CAR1528,2023,194.0,194.0
45383,CAR1528,2026,4224.0,0.0
45411,CAR1529,2023,326.0,326.0
45414,CAR1529,2026,3472.0,0.0
45441,CAR1531,2022,13060.0,9891.0
45442,CAR1531,2023,3226.0,3284.0
45443,CAR1531,2024,0.0,3111.0
45472,CAR1532,2022,45277.0,0.0
45473,CAR1532,2023,24811.0,36740.0
45474,CAR1532,2024,0.0,33348.0
45503,CAR1535,2022,580.0,0.0
45504,CAR1535,2023,0.0,90.0
45505,CAR1535,2024,252.0,0.0
45506,CAR1535,2025,476.0,0.0
45534,CAR1536,2022,650.0,0.0
45535,CAR1536,2023,0.0,101.0
45536,CAR1536,2024,383.0,0.0
45537,CAR1536,2025,808.0,0.0
45565,CAR1537,2022,5424.0,0.0
45566,CAR1537,2023,0.0,842.0
45567,CAR1537,2024,2587.0,0.0
45568,CAR1537,2025,6296.0,0.0
45596,CAR1538,2022,294.0,0.0
45597,CAR1538,2023,0.0,46.0
45598,CAR1538,2024,201.0,0.0
45599,CAR1538,2025,337.0,0.0
45628,CAR1539,2023,522.0,0.0
45629,CAR1539,2024,541.0,0.0
45631,CAR1539,2026,0.0,1063.0
45658,CAR1540,2022,144.0,0.0
45659,CAR1540,2023,0.0,22.0
45660,CAR1540,2024,82.0,0.0
45661,CAR1540,2025,137.0,0.0
45689,CAR1542,2022,5192.0,39.0
45690,CAR1542,2023,0.0,5153.0
45692,CAR1542,2025,15139.0,15139.0
45693,CAR1542,2026,8269.0,0.0
45720,CAR1543,2022,969.0,0.0
45721,CAR1543,2023,0.0,969.0
45723,CAR1543,2025,4788.0,0.0
45751,CAR1544,2022,3492.0,0.0
45752,CAR1544,2023,0.0,3492.0
45754,CAR1544,2025,12970.0,12970.0
45755,CAR1544,2026,9706.0,0.0
45782,CAR1545,2022,28320.0,0.0
45783,CAR1545,2023,0.0,28320.0
45786,CAR1545,2026,77439.0,0.0
45813,CAR1546,2022,3162.0,0.0
45844,CAR1547,2022,6935.0,0.0
45875,CAR1548,2022,1570.0,0.0
45968,CAR1551,2022,18376.0,0.0
45999,CAR1552,2022,13150.0,0.0
46030,CAR1553,2022,5548.0,0.0
46063,CAR1554,2024,396414.0,0.0
46064,CAR1554,2025,80033.0,0.0
46186,CAR1559,2023,588.0,588.0
46216,CAR1560,2022,59147.0,0.0
46218,CAR1560,2024,0.0,59147.0
46249,CAR1562,2024,21786.0,0.0
46250,CAR1562,2025,31088.0,0.0
46251,CAR1562,2026,0.0,6871.0
46279,CAR1564,2023,6696.0,6696.0
46309,CAR1565,2022,14764.0,0.0
46310,CAR1565,2023,77415.0,87504.0
46311,CAR1565,2024,0.0,4675.0
46340,CAR1566,2022,37084.0,0.0
46341,CAR1566,2023,0.0,31981.0
46342,CAR1566,2024,119885.0,1498.0
46343,CAR1566,2025,0.0,55802.0
46344,CAR1566,2026,105964.0,2251.0
46372,CAR1567,2023,68696.0,29000.0
46373,CAR1567,2024,0.0,24207.0
46374,CAR1567,2025,0.0,13891.0
46375,CAR1567,2026,105589.0,20340.0
46404,CAR1568,2024,81477.0,11365.0
46405,CAR1568,2025,776306.0,314200.0
46406,CAR1568,2026,0.0,207312.0
46434,CAR1569,2023,27477.0,7454.0
46435,CAR1569,2024,0.0,20008.0
46436,CAR1569,2025,0.0,10.0
46530,CAR1572,2026,6144.0,0.0
46560,CAR1573,2025,8663.0,0.0
46589,CAR1574,2023,114626.0,0.0
46591,CAR1574,2025,0.0,26472.0
46592,CAR1574,2026,0.0,39813.0
46620,CAR1576,2023,19358.0,0.0
46623,CAR1576,2026,7328.0,2229.0
46651,CAR1577,2023,46812.0,0.0
46681,CAR1578,2022,102599.0,0.0
46683,CAR1578,2024,0.0,75000.0
46714,CAR1579,2024,248672.0,0.0
46745,CAR1580,2024,8992.0,0.0
46774,CAR1582,2022,20687.0,0.0
46775,CAR1582,2023,12978.0,0.0
46777,CAR1582,2025,0.0,12975.0
46778,CAR1582,2026,0.0,3.0
46806,CAR1584,2023,208800.0,0.0
46807,CAR1584,2024,221087.0,351230.0
46808,CAR1584,2025,159111.0,205897.0
46809,CAR1584,2026,141387.0,8446.0
46838,CAR1585,2024,52814.0,0.0
46839,CAR1585,2025,18433.0,0.0
46868,CAR1586,2023,34383.0,0.0
46869,CAR1586,2024,0.0,320.0
46870,CAR1586,2025,0.0,16369.0
46899,CAR1587,2023,4631.0,0.0
46900,CAR1587,2024,0.0,4631.0
46902,CAR1587,2026,208.0,0.0
46930,CAR1588,2023,7924.0,0.0
46931,CAR1588,2024,0.0,7924.0
46933,CAR1588,2026,2717.0,0.0
46961,CAR1589,2023,4077.0,0.0
46962,CAR1589,2024,0.0,4077.0
46964,CAR1589,2026,478.0,0.0
46992,CAR1590,2023,5107.0,0.0
46993,CAR1590,2024,0.0,5107.0
46995,CAR1590,2026,2744.0,0.0
47023,CAR1591,2023,2352.0,0.0
47024,CAR1591,2024,0.0,2352.0
47026,CAR1591,2026,495.0,0.0
47053,CAR1593,2022,18042.0,0.0
47054,CAR1593,2023,0.0,18042.0
47056,CAR1593,2025,90487.0,80.0
47057,CAR1593,2026,0.0,1254.0
47086,CAR1594,2024,112836.0,0.0
47087,CAR1594,2025,32674.0,0.0
47117,CAR1595,2024,33340.0,0.0
47118,CAR1595,2025,9644.0,0.0
47148,CAR1596,2024,19770.0,0.0
47149,CAR1596,2025,6762.0,0.0
47179,CAR1597,2024,5357.0,0.0
47395,CAR1606,2023,35036.0,2219.0
47396,CAR1606,2024,13051.0,675.0
47397,CAR1606,2025,17481.0,31876.0
47398,CAR1606,2026,0.0,30532.0
47426,CAR1607,2023,38466.0,2500.0
47427,CAR1607,2024,11110.0,3996.0
47428,CAR1607,2025,0.0,31875.0
47429,CAR1607,2026,0.0,11110.0
47457,CAR1608,2023,42408.0,2500.0
47458,CAR1608,2024,12765.0,4405.0
47459,CAR1608,2025,18071.0,35483.0
47460,CAR1608,2026,0.0,30836.0
47551,CAR1611,2024,13998.0,0.0
47552,CAR1611,2025,0.0,8100.0
47553,CAR1611,2026,0.0,2165.0
47582,CAR1612,2024,15767.0,0.0
47583,CAR1612,2025,0.0,14334.0
47584,CAR1612,2026,0.0,1.0
47613,CAR1613,2024,14278.0,0.0
47615,CAR1613,2026,0.0,5990.0
47645,CAR1614,2025,315950.0,0.0
47646,CAR1614,2026,189478.0,0.0
47830,CAR1620,2024,1917.0,0.0
47832,CAR1620,2026,60168.0,0.0
47861,CAR1621,2024,10343.0,4140.0
47862,CAR1621,2025,19306.0,0.0
47863,CAR1621,2026,0.0,6203.0
47892,CAR1622,2024,27585.0,5300.0
47893,CAR1622,2025,61113.0,0.0
47894,CAR1622,2026,0.0,320.0
47923,CAR1623,2024,24520.0,5300.0
47924,CAR1623,2025,48259.0,0.0
47925,CAR1623,2026,0.0,15696.0
47953,CAR1624,2023,248056.0,0.0
47954,CAR1624,2024,122755.0,185096.0
47955,CAR1624,2025,140843.0,256916.0
47956,CAR1624,2026,186844.0,186844.0
47984,CAR1625,2023,22057.0,0.0
47985,CAR1625,2024,0.0,1277.0
47986,CAR1625,2025,0.0,4004.0
48015,CAR1626,2023,79049.0,0.0
48016,CAR1626,2024,0.0,7103.0
48017,CAR1626,2025,0.0,1031.0
48018,CAR1626,2026,0.0,25508.0
48047,CAR1627,2024,14346.0,0.0
48048,CAR1627,2025,0.0,1035.0
48049,CAR1627,2026,102080.0,1368.0
48079,CAR1629,2025,9498.0,0.0
48080,CAR1629,2026,4904.0,0.0
48141,CAR1632,2025,4679.0,0.0
48142,CAR1632,2026,3010.0,0.0
48172,CAR1633,2025,5922.0,718.0
48173,CAR1633,2026,3146.0,0.0
48201,CAR1635,2023,6796.0,0.0
48204,CAR1635,2026,49909.0,0.0
48232,CAR1636,2023,2375.0,0.0
48235,CAR1636,2026,26657.0,0.0
48263,CAR1637,2023,2659.0,0.0
48266,CAR1637,2026,78240.0,0.0
48294,CAR1638,2023,5827.0,0.0
48297,CAR1638,2026,117897.0,0.0
48325,CAR1641,2023,72.0,30.0
48358,CAR1642,2025,34509.0,0.0
48389,CAR1643,2025,2963.0,0.0
48421,CAR1644,2026,9929.0,0.0
48451,CAR1645,2025,18809.0,0.0
48480,CAR1648,2023,94846.0,0.0
48481,CAR1648,2024,0.0,24400.0
48482,CAR1648,2025,127914.0,42412.0
48483,CAR1648,2026,0.0,159.0
48512,CAR1649,2024,7610.0,0.0
48543,CAR1650,2024,3146.0,0.0
48575,CAR1651,2025,16740.0,0.0
48576,CAR1651,2026,0.0,326.0
48605,CAR1652,2024,7857.0,0.0
48637,CAR1653,2025,14015.0,0.0
48638,CAR1653,2026,0.0,2174.0
48699,CAR1655,2025,491996.0,0.0
48700,CAR1655,2026,40176.0,0.0
48728,CAR1657,2023,27191.0,0.0
48729,CAR1657,2024,18288.0,24146.0
48730,CAR1657,2025,21328.0,42661.0
48759,CAR1658,2023,62829.0,0.0
48760,CAR1658,2024,47677.0,22144.0
48761,CAR1658,2025,0.0,22567.0
48762,CAR1658,2026,0.0,4380.0
48790,CAR1659,2023,44935.0,0.0
48791,CAR1659,2024,25049.0,10064.0
48792,CAR1659,2025,31543.0,81232.0
48793,CAR1659,2026,0.0,3000.0
48821,CAR1660,2023,113837.0,0.0
48822,CAR1660,2024,66356.0,125930.0
48823,CAR1660,2025,95605.0,32625.0
48824,CAR1660,2026,0.0,43418.0
48852,CAR1661,2023,48230.0,0.0
48853,CAR1661,2024,23717.0,22905.0
48854,CAR1661,2025,30933.0,0.0
48855,CAR1661,2026,0.0,6583.0
48883,CAR1662,2023,70833.0,0.0
48884,CAR1662,2024,0.0,32777.0
48914,CAR1663,2023,195693.0,75000.0
48915,CAR1663,2024,248321.0,115314.0
48916,CAR1663,2025,228084.0,177295.0
48917,CAR1663,2026,242258.0,145982.0
48945,CAR1664,2023,51311.0,0.0
48946,CAR1664,2024,24761.0,8246.0
48947,CAR1664,2025,30044.0,0.0
49101,CAR1674,2024,864873.0,301009.0
49102,CAR1674,2025,347400.0,225951.0
49103,CAR1674,2026,0.0,148852.0
49132,CAR1675,2024,20145.0,8908.0
49133,CAR1675,2025,6883.0,0.0
49134,CAR1675,2026,65088.0,0.0
49320,CAR1686,2026,8230.0,0.0
49351,CAR1687,2026,7327.0,0.0
49382,CAR1688,2026,8736.0,0.0
49413,CAR1689,2026,9063.0,0.0
49443,CAR1690,2025,7500.0,0.0
49473,CAR1693,2024,3888.0,0.0
49504,CAR1694,2024,4993.0,0.0
49535,CAR1696,2024,216607.0,24627.0
49536,CAR1696,2025,102609.0,94817.0
49537,CAR1696,2026,113887.0,71015.0
49566,CAR1704,2024,46787.0,21033.0
49567,CAR1704,2025,20764.0,0.0
49568,CAR1704,2026,105444.0,0.0
49596,CAR1710,2023,63039.0,6317.0
49597,CAR1710,2024,0.0,20494.0
49598,CAR1710,2025,62491.0,13479.0
49599,CAR1710,2026,57746.0,54498.0
50092,CAR1728,2023,5707.0,0.0
50093,CAR1728,2024,0.0,3144.0
50094,CAR1728,2025,13230.0,2124.0
50095,CAR1728,2026,0.0,13230.0
50124,CAR1729,2024,10264.0,0.0
50125,CAR1729,2025,0.0,540.0
50126,CAR1729,2026,0.0,173.0
50155,CAR1731,2024,6356.0,2000.0
50156,CAR1731,2025,0.0,4356.0
50217,CAR1735,2024,23259.0,10450.0
50218,CAR1735,2025,8265.0,0.0
50248,CAR1736,2024,4555.0,4455.0
50249,CAR1736,2025,3820.0,0.0
50279,CAR1737,2024,4273.0,4173.0
50280,CAR1737,2025,2960.0,0.0
50310,CAR1739,2024,113128.0,119.0
50311,CAR1739,2025,333554.0,107944.0
50312,CAR1739,2026,0.0,159888.0
50402,CAR1744,2023,43646.0,43646.0
50403,CAR1744,2024,24347.0,0.0
50404,CAR1744,2025,0.0,1300.0
50405,CAR1744,2026,27775.0,0.0
50434,CAR1745,2024,16498.0,0.0
50435,CAR1745,2025,41271.0,0.0
50436,CAR1745,2026,0.0,40000.0
50465,CAR1746,2024,14939.0,0.0
50466,CAR1746,2025,43182.0,0.0
50496,CAR1747,2024,19894.0,0.0
50497,CAR1747,2025,54319.0,0.0
50527,CAR1748,2024,16494.0,0.0
50528,CAR1748,2025,60460.0,0.0
50558,CAR1749,2024,9493.0,0.0
50559,CAR1749,2025,30475.0,3982.0
50560,CAR1749,2026,0.0,219.0
50589,CAR1767,2024,7946.0,0.0
50590,CAR1767,2025,31176.0,3110.0
51118,CAR1789,2026,11291.0,0.0
51147,CAR1790,2024,5678.0,0.0
51148,CAR1790,2025,18230.0,0.0
51149,CAR1790,2026,22381.0,0.0
51180,CAR1792,2026,3588.0,0.0
51211,CAR1793,2026,6556.0,0.0
51242,CAR1794,2026,1566.0,0.0
51273,CAR1797,2026,11165.0,0.0
51304,CAR1798,2026,2132.0,0.0
51335,CAR1799,2026,1815.0,0.0
51366,CAR1800,2026,32747.0,0.0
51396,CAR1801,2025,7794.0,0.0
51427,CAR1802,2025,4413.0,0.0
51457,CAR1804,2024,45007.0,0.0
51458,CAR1804,2025,0.0,2700.0
51459,CAR1804,2026,0.0,12313.0
51520,CAR1808,2025,4046.0,0.0
51735,CAR1817,2023,4315.0,0.0
51736,CAR1817,2024,0.0,2300.0
51737,CAR1817,2025,7877.0,803.0
51738,CAR1817,2026,0.0,7877.0
51767,CAR1818,2024,23996.0,0.0
51800,CAR1819,2026,110136.0,0.0
51829,CAR1820,2024,81113.0,91.0
51830,CAR1820,2025,169012.0,38325.0
51831,CAR1820,2026,0.0,14592.0
51862,CAR1822,2026,382584.0,0.0
51893,CAR1823,2026,11008.0,0.0
51924,CAR1824,2026,12474.0,0.0
51955,CAR1825,2026,63902.0,0.0
51986,CAR1826,2026,34158.0,0.0
52017,CAR1827,2026,39458.0,0.0
52048,CAR1828,2026,1320.0,1038.0
52077,CAR1829,2024,285355.0,48296.0
52078,CAR1829,2025,48822.0,63721.0
52079,CAR1829,2026,128769.0,11000.0
52109,CAR1830,2025,25101.0,0.0
52140,CAR1831,2025,18531.0,0.0
52202,CAR1834,2025,16352.0,0.0
52264,CAR1842,2025,5807.0,0.0
52294,CAR1843,2024,47541.0,0.0
52295,CAR1843,2025,106852.0,0.0
52296,CAR1843,2026,0.0,43435.0
52327,CAR1844,2026,15151.0,10770.0
52356,CAR1847,2024,44572.0,0.0
52357,CAR1847,2025,0.0,9703.0
52358,CAR1847,2026,87423.0,0.0
52419,CAR1850,2025,328654.0,80250.0
52450,CAR1851,2025,90315.0,7500.0
52482,CAR1852,2026,33420.0,0.0
52512,CAR1853,2025,59679.0,0.0
52543,CAR1854,2025,3761.0,0.0
52574,CAR1855,2025,969.0,0.0
52605,CAR1856,2025,6458.0,0.0
52666,CAR1858,2024,27225.0,0.0
52697,CAR1859,2024,128110.0,0.0
52698,CAR1859,2025,66849.0,44082.0
52699,CAR1859,2026,80614.0,0.0
52728,CAR1860,2024,45265.0,45265.0
52760,CAR1861,2025,2921.0,0.0
52761,CAR1861,2026,1106.0,2921.0
52821,CAR1863,2024,387898.0,1000.0
52822,CAR1863,2025,0.0,316495.0
52823,CAR1863,2026,400605.0,18416.0
52852,CAR1864,2024,353872.0,0.0
52853,CAR1864,2025,0.0,10256.0
52854,CAR1864,2026,372856.0,72562.0
52883,CAR1865,2024,387655.0,10.0
52884,CAR1865,2025,0.0,170847.0
52885,CAR1865,2026,411369.0,3500.0
52947,CAR1868,2026,13831.0,0.0
52978,CAR1869,2026,36622.0,0.0
53009,CAR1870,2026,21305.0,0.0
53039,CAR1871,2025,32685.0,0.0
53040,CAR1871,2026,33800.0,0.0
53101,CAR1873,2025,4821.0,0.0
53163,CAR1875,2025,35069.0,0.0
53194,CAR1876,2025,63900.0,0.0
53195,CAR1876,2026,0.0,761.0
53225,CAR1877,2025,20625.0,0.0
53256,CAR1883,2025,8189.0,0.0
53287,CAR1884,2025,8938.0,0.0
53319,CAR1888,2026,19258.0,0.0
53349,CAR1889,2025,35994.0,0.0
53380,CAR1893,2025,40366.0,0.0
53411,CAR1894,2025,47520.0,0.0
53473,CAR1896,2025,59670.0,0.0
53504,CAR1897,2025,69830.0,0.0
53566,CAR1899,2025,36654.0,0.0
53629,CAR1906,2026,4706.0,0.0
53660,CAR1907,2026,20417.0,0.0
53690,CAR1908,2025,1168.0,0.0
53752,CAR1913,2025,428848.0,0.0
53783,CAR1915,2025,9153.0,0.0
53784,CAR1915,2026,0.0,7500.0
53814,CAR1921,2025,29270.0,0.0
53815,CAR1921,2026,13382.0,0.0
53845,CAR1922,2025,32893.0,3000.0
53846,CAR1922,2026,24034.0,0.0
53876,CAR1924,2025,67170.0,0.0
53877,CAR1924,2026,36638.0,0.0
53907,CAR1925,2025,20952.0,0.0
53908,CAR1925,2026,9341.0,0.0
53938,CAR1926,2025,8669.0,0.0
53939,CAR1926,2026,6084.0,0.0
53969,CAR1927,2025,26108.0,0.0
53970,CAR1927,2026,15626.0,0.0
54001,CAR1928,2026,29430.0,14930.0
54032,CAR1929,2026,15973.0,0.0
54063,CAR1931,2026,7334.0,0.0
54094,CAR1932,2026,5614.0,0.0
54125,CAR1933,2026,10925.0,0.0
54156,CAR1934,2026,3204.0,0.0
54187,CAR1935,2026,3810.0,0.0
54218,CAR1936,2026,1892.0,0.0
54249,CAR1937,2026,4812.0,0.0
54280,CAR1938,2026,1849.0,0.0
54311,CAR1939,2026,12012.0,0.0
54340,CAR1941,2024,210227.0,0.0
54341,CAR1941,2025,0.0,25790.0
54342,CAR1941,2026,205776.0,39456.0
54373,CAR1942,2026,64288.0,0.0
54434,CAR1944,2025,51365.0,5223.0
54435,CAR1944,2026,0.0,34777.0
54495,CAR1946,2024,119285.0,0.0
54496,CAR1946,2025,99772.0,9213.0
54497,CAR1946,2026,73491.0,84212.0
54526,CAR1948,2024,72053.0,0.0
54527,CAR1948,2025,10129.0,1556.0
54528,CAR1948,2026,0.0,2251.0
54559,CAR1949,2026,1481.0,0.0
54619,CAR1951,2024,9751.0,0.0
54620,CAR1951,2025,0.0,1900.0
54651,CAR1952,2025,17810.0,40.0
54652,CAR1952,2026,0.0,3820.0
54744,CAR1955,2025,7896.0,0.0
54775,CAR1956,2025,12446.0,0.0
54868,CAR1959,2025,163476.0,0.0
54869,CAR1959,2026,265962.0,5138.0
54900,CAR1960,2026,20128.0,356.0
54961,CAR1962,2025,16433.0,0.0
54962,CAR1962,2026,19001.0,0.0
54993,CAR1963,2026,394606.0,0.0
55023,CAR1964,2025,19679.0,0.0
55365,CAR1979,2026,5859.0,0.0
55426,CAR1982,2025,1184.0,945.0
55427,CAR1982,2026,0.0,132.0
55457,CAR1983,2025,6028.0,3954.0
55488,CAR1984,2025,17835.0,11568.0
55489,CAR1984,2026,0.0,570.0
55519,CAR1985,2025,4543.0,2980.0
55550,CAR1986,2025,2463.0,1582.0
55551,CAR1986,2026,0.0,881.0
55581,CAR1989,2025,64464.0,0.0
55582,CAR1989,2026,56652.0,0.0
55612,CAR1990,2025,66617.0,0.0
55613,CAR1990,2026,0.0,30322.0
55644,CAR1991,2026,5047.0,0.0
55674,CAR1995,2025,60449.0,0.0
55705,CAR1998,2025,13409.0,375.0
55736,CAR1999,2025,12512.0,0.0
55767,CAR2000,2025,9094.0,375.0
55798,CAR2001,2025,6963.0,375.0
55829,CAR2002,2025,2285.0,375.0
55861,CAR2004,2026,23307.0,16194.0
55892,CAR2005,2026,15414.0,14678.0
55923,CAR2006,2026,17345.0,7128.0
56604,CAR2029,2025,105246.0,0.0
56605,CAR2029,2026,0.0,1466.0
56759,CAR2036,2025,3631.0,0.0
56790,CAR2039,2025,198475.0,0.0
56791,CAR2039,2026,158921.0,26263.0
56821,CAR2040,2025,4714.0,7.0
56852,CAR2041,2025,8189.0,0.0
56853,CAR2041,2026,352.0,0.0
56883,CAR2042,2025,5209.0,0.0
56884,CAR2042,2026,568.0,0.0
56915,CAR2043,2026,1003385.0,0.0
56977,CAR2045,2026,1217.0,0.0
57008,CAR2046,2026,9306.0,0.0
57038,CAR2047,2025,11355.0,0.0
57162,CAR2051,2025,4094.0,0.0
57193,CAR2052,2025,3026.0,0.0
57224,CAR2054,2025,183994.0,0.0
57225,CAR2054,2026,250957.0,0.0
57255,CAR2055,2025,5937.0,0.0
57256,CAR2055,2026,6144.0,0.0
57286,CAR2056,2025,260294.0,0.0
57287,CAR2056,2026,255867.0,7000.0
57316,CAR2057,2024,67365.0,0.0
57317,CAR2057,2025,43934.0,1406.0
57318,CAR2057,2026,95234.0,21635.0
57348,CAR2058,2025,71264.0,0.0
57349,CAR2058,2026,120289.0,0.0
57410,CAR2060,2025,266573.0,0.0
57411,CAR2060,2026,332636.0,30.0
57441,CAR2061,2025,73504.0,0.0
57442,CAR2061,2026,237792.0,0.0
57968,CAR2080,2025,1563.0,0.0
58092,CAR2084,2025,15579.0,0.0
58186,CAR2087,2026,10055.0,0.0
58216,CAR2088,2025,36220.0,0.0
58248,CAR2089,2026,39724.0,0.0
58278,CAR2090,2025,29696.0,0.0
58279,CAR2090,2026,16064.0,0.0
58309,CAR2091,2025,337485.0,0.0
58340,CAR2092,2025,220149.0,0.0
58805,CAR2108,2025,36996.0,0.0
58868,CAR2110,2026,63979.0,0.0
58899,CAR2111,2026,159383.0,0.0
58929,CAR2112,2025,147508.0,0.0
58930,CAR2112,2026,0.0,147508.0
58960,CAR2113,2025,73186.0,0.0
58991,CAR2114,2025,286753.0,0.0
59023,CAR2115,2026,77071.0,0.0
59115,CAR2119,2025,36319.0,0.0
59178,CAR2121,2026,47331.0,0.0
59395,CAR2129,2026,64379.0,0.0
59457,CAR2131,2026,19593.0,0.0
59581,CAR2135,2026,32794.0,0.0
59674,CAR2139,2026,1506.0,0.0
59921,CAR2152,2025,138000.0,0.0
59952,CAR2153,2025,315246.0,0.0
60076,CAR2157,2025,51771.0,0.0
60294,CAR2167,2026,86782.0,0.0
60418,CAR2171,2026,27792.0,0.0
61410,CAR2211,2026,39953.0,0.0
61596,CAR2217,2026,32223.0,0.0
61627,CAR2218,2026,11452.0,0.0
61999,CAR2245,2026,70202.0,0.0
62123,CAR2251,2026,78861.0,0.0
62185,CAR2253,2026,93013.0,0.0
62216,CAR2254,2026,54283.0,0.0
62247,CAR2255,2026,78357.0,0.0
62309,CAR2257,2026,87092.0,0.0
62495,CAR2264,2026,9166.0,0.0
62805,CAR2278,2026,126429.0,0.0
62929,CAR2283,2026,96054.0,0.0
62960,CAR2284,2026,50902.0,0.0
63053,CAR2291,2026,59723.0,0.0
63084,CAR2294,2026,98854.0,0.0
63208,CAR2312,2026,126136.0,0.0
63477,CAR393,2016,44675.0,0.0
63478,CAR393,2017,0.0,44675.0
63509,CAR396,2017,0.0,11000.0
63510,CAR396,2018,0.0,140.0
63515,CAR396,2023,0.0,234.0
63539,CAR397,2016,0.0,700.0
63540,CAR397,2017,0.0,7967.0
63541,CAR397,2018,0.0,5.0
63570,CAR398,2016,0.0,109336.0
63571,CAR398,2017,0.0,750.0
63572,CAR398,2018,0.0,1057.0
63573,CAR398,2019,0.0,9750.0
63574,CAR398,2020,0.0,397.0
63575,CAR398,2021,0.0,1000.0
63576,CAR398,2022,0.0,35294.0
63578,CAR398,2024,208691.0,0.0
63579,CAR398,2025,256003.0,76694.0
63580,CAR398,2026,134130.0,0.0
63601,CAR399,2016,0.0,8605.0
63602,CAR399,2017,0.0,26000.0
63603,CAR399,2018,0.0,5562.0
63606,CAR399,2021,0.0,10089.0
63607,CAR399,2022,0.0,65765.0
63608,CAR399,2023,0.0,2075.0
63632,CAR400,2016,0.0,222595.0
63633,CAR400,2017,0.0,49256.0
63634,CAR400,2018,0.0,33597.0
63635,CAR400,2019,0.0,13643.0
63636,CAR400,2020,395850.0,0.0
63637,CAR400,2021,198757.0,8100.0
63638,CAR400,2022,211183.0,3660.0
63639,CAR400,2023,212352.0,18640.0
63640,CAR400,2024,260983.0,274526.0
63641,CAR400,2025,0.0,233689.0
63642,CAR400,2026,0.0,272838.0
63663,CAR402,2016,20812.0,0.0
63664,CAR402,2017,0.0,86722.0
63669,CAR402,2022,0.0,27436.0
63695,CAR403,2017,0.0,67621.0
63698,CAR403,2020,0.0,72618.0
63699,CAR403,2021,0.0,13874.0
63700,CAR403,2022,49488.0,49488.0
63701,CAR403,2023,28499.0,28499.0
63702,CAR403,2024,77401.0,77401.0
63704,CAR403,2026,65612.0,0.0
63725,CAR406,2016,47517.0,47517.0
63726,CAR406,2017,36593.0,0.0
63727,CAR406,2018,54708.0,120781.0
63728,CAR406,2019,48719.0,52772.0
63729,CAR406,2020,47365.0,47365.0
63730,CAR406,2021,40967.0,40967.0
63731,CAR406,2022,48724.0,48724.0
63732,CAR406,2023,42592.0,42592.0
63733,CAR406,2024,37920.0,37920.0
63734,CAR406,2025,43952.0,0.0
63756,CAR408,2016,141017.0,175232.0
63757,CAR408,2017,0.0,745937.0
63758,CAR408,2018,0.0,6870.0
63759,CAR408,2019,0.0,4100.0
63760,CAR408,2020,0.0,13609.0
63761,CAR408,2021,0.0,100.0
63762,CAR408,2022,0.0,32655.0
63763,CAR408,2023,0.0,32003.0
63764,CAR408,2024,0.0,132572.0
63765,CAR408,2025,0.0,1.0
63766,CAR408,2026,0.0,90383.0
63787,CAR409,2016,66642.0,36235.0
63788,CAR409,2017,54112.0,74081.0
63791,CAR409,2020,0.0,51370.0
63818,CAR411,2016,11284.0,15733.0
63824,CAR411,2022,0.0,348.0
63850,CAR412,2017,0.0,1406.0
63851,CAR412,2018,0.0,3855.0
63856,CAR412,2023,0.0,685.0
63880,CAR416,2016,24523.0,24523.0
63882,CAR416,2018,7801.0,7801.0
63883,CAR416,2019,16655.0,16655.0
63884,CAR416,2020,13882.0,13882.0
63885,CAR416,2021,9095.0,0.0
63886,CAR416,2022,7332.0,9095.0
63887,CAR416,2023,0.0,2209.0
63888,CAR416,2024,0.0,5123.0
63889,CAR416,2025,3509.0,3509.0
63911,CAR418,2016,53361.0,0.0
63912,CAR418,2017,0.0,58213.0
63913,CAR418,2018,0.0,100.0
63914,CAR418,2019,0.0,8603.0
63915,CAR418,2020,0.0,11927.0
63916,CAR418,2021,0.0,4721.0
63918,CAR418,2023,0.0,1038.0
63943,CAR419,2017,0.0,23486.0
63973,CAR422,2016,45566.0,45566.0
63974,CAR422,2017,43396.0,17934.0
63975,CAR422,2018,84658.0,0.0
63976,CAR422,2019,0.0,84246.0
63977,CAR422,2020,0.0,24391.0
63978,CAR422,2021,123355.0,79899.0
63979,CAR422,2022,74141.0,176739.0
63980,CAR422,2023,81462.0,63378.0
63981,CAR422,2024,54319.0,77532.0
63982,CAR422,2025,29618.0,707.0
63983,CAR422,2026,17531.0,1533.0
64004,CAR423,2016,14028.0,14028.0
64036,CAR424,2017,0.0,176923.0
64037,CAR424,2018,0.0,66.0
64038,CAR424,2019,0.0,11262.0
64039,CAR424,2020,0.0,101749.0
64069,CAR426,2019,0.0,5264.0
64070,CAR426,2020,0.0,230.0
64072,CAR426,2022,0.0,185.0
64097,CAR429,2016,38047.0,0.0
64098,CAR429,2017,0.0,132887.0
64100,CAR429,2019,163012.0,4056.0
64101,CAR429,2020,0.0,56046.0
64102,CAR429,2021,0.0,20271.0
64103,CAR429,2022,0.0,28820.0
64104,CAR429,2023,0.0,804.0
64105,CAR429,2024,0.0,74.0
64106,CAR429,2025,182085.0,16301.0
64107,CAR429,2026,0.0,11200.0
64129,CAR430,2017,0.0,1537.0
64130,CAR430,2018,0.0,2204.0
64131,CAR430,2019,0.0,396.0
64132,CAR430,2020,0.0,7980.0
64159,CAR432,2016,20239.0,20239.0
64160,CAR432,2017,16236.0,16236.0
64161,CAR432,2018,18302.0,18302.0
64162,CAR432,2019,26791.0,18718.0
64163,CAR432,2020,0.0,8073.0
64190,CAR434,2016,0.0,10997.0
64191,CAR434,2017,0.0,31807.0
64221,CAR435,2016,119218.0,0.0
64222,CAR435,2017,101334.0,220552.0
64223,CAR435,2018,107705.0,107705.0
64225,CAR435,2020,91420.0,91420.0
64252,CAR436,2016,35937.0,0.0
64253,CAR436,2017,28901.0,64838.0
64254,CAR436,2018,34126.0,0.0
64255,CAR436,2019,32050.0,34126.0
64256,CAR436,2020,66395.0,98445.0
64257,CAR436,2021,39232.0,39232.0
64258,CAR436,2022,61627.0,17627.0
64259,CAR436,2023,74990.0,93500.0
64260,CAR436,2024,72019.0,72019.0
64261,CAR436,2025,86699.0,0.0
64262,CAR436,2026,51271.0,6171.0
64287,CAR437,2020,0.0,2500.0
64289,CAR437,2022,0.0,824.0
64290,CAR437,2023,0.0,921.0
64291,CAR437,2024,0.0,660.0
64293,CAR437,2026,0.0,95.0
64314,CAR439,2016,0.0,6056.0
64315,CAR439,2017,0.0,137934.0
64316,CAR439,2018,0.0,10953.0
64317,CAR439,2019,0.0,22151.0
64318,CAR439,2020,0.0,65629.0
64319,CAR439,2021,0.0,6687.0
64376,CAR441,2016,0.0,2208.0
64378,CAR441,2018,0.0,24431.0
64379,CAR441,2019,0.0,23219.0
64407,CAR443,2016,86909.0,65000.0
64408,CAR443,2017,93117.0,65993.0
64409,CAR443,2018,92482.0,49014.0
64410,CAR443,2019,54046.0,79789.0
64411,CAR443,2020,0.0,14096.0
64412,CAR443,2021,0.0,16176.0
64413,CAR443,2022,237472.0,0.0
64414,CAR443,2023,138389.0,260810.0
64415,CAR443,2024,141090.0,141889.0
64416,CAR443,2025,0.0,136619.0
64417,CAR443,2026,199848.0,126398.0
64438,CAR444,2016,0.0,910.0
64439,CAR444,2017,0.0,38000.0
64440,CAR444,2018,80550.0,879.0
64441,CAR444,2019,158080.0,10459.0
64442,CAR444,2020,85846.0,162539.0
64443,CAR444,2021,59296.0,37040.0
64444,CAR444,2022,88350.0,83460.0
64445,CAR444,2023,0.0,30.0
64446,CAR444,2024,128081.0,54217.0
64447,CAR444,2025,0.0,91440.0
64448,CAR444,2026,60083.0,4953.0
64469,CAR445,2016,46635.0,49351.0
64470,CAR445,2017,0.0,98464.0
64471,CAR445,2018,0.0,18368.0
64472,CAR445,2019,0.0,46775.0
64473,CAR445,2020,0.0,28585.0
64474,CAR445,2021,0.0,14000.0
64475,CAR445,2022,0.0,1961.0
64476,CAR445,2023,0.0,1097.0
64477,CAR445,2024,0.0,7997.0
64478,CAR445,2025,0.0,97.0
64531,CAR449,2016,0.0,718.0
64532,CAR449,2017,0.0,64069.0
64533,CAR449,2018,0.0,439.0
64536,CAR449,2021,0.0,74.0
64537,CAR449,2022,0.0,16293.0
64539,CAR449,2024,0.0,9033.0
64562,CAR450,2016,0.0,295.0
64563,CAR450,2017,0.0,40185.0
64568,CAR450,2022,0.0,21045.0
64593,CAR451,2016,0.0,29134.0
64594,CAR451,2017,0.0,14186.0
64595,CAR451,2018,0.0,20499.0
64596,CAR451,2019,0.0,7469.0
64597,CAR451,2020,0.0,10693.0
64598,CAR451,2021,0.0,10000.0
64599,CAR451,2022,0.0,25853.0
64655,CAR454,2016,0.0,23089.0
64686,CAR455,2016,51597.0,28744.0
64687,CAR455,2017,51073.0,44545.0
64688,CAR455,2018,68840.0,46305.0
64689,CAR455,2019,0.0,69068.0
64690,CAR455,2020,0.0,19540.0
64691,CAR455,2021,0.0,1045.0
64692,CAR455,2022,0.0,1000.0
64694,CAR455,2024,0.0,7276.0
64717,CAR456,2016,0.0,1859.0
64748,CAR457,2016,21459.0,21459.0
64751,CAR457,2019,0.0,65.0
64780,CAR459,2017,0.0,43606.0
64781,CAR459,2018,0.0,10619.0
64782,CAR459,2019,0.0,25898.0
64783,CAR459,2020,0.0,55461.0
64784,CAR459,2021,0.0,850.0
64810,CAR462,2016,0.0,41930.0
64815,CAR462,2021,0.0,13426.0
64816,CAR462,2022,0.0,80.0
64817,CAR462,2023,0.0,147.0
64818,CAR462,2024,0.0,624.0
64819,CAR462,2025,0.0,52438.0
64842,CAR463,2017,0.0,42604.0
64843,CAR463,2018,0.0,610.0
64847,CAR463,2022,0.0,3349.0
64903,CAR465,2016,28411.0,77155.0
64904,CAR465,2017,27711.0,56122.0
64905,CAR465,2018,20370.0,20370.0
64906,CAR465,2019,25864.0,25864.0
64907,CAR465,2020,21599.0,21599.0
64908,CAR465,2021,37943.0,37943.0
64910,CAR465,2023,49073.0,49073.0
64912,CAR465,2025,60461.0,0.0
64934,CAR466,2016,43106.0,69584.0
64935,CAR466,2017,0.0,30876.0
64936,CAR466,2018,0.0,18318.0
64937,CAR466,2019,0.0,17183.0
64938,CAR466,2020,0.0,15063.0
64939,CAR466,2021,0.0,149.0
64940,CAR466,2022,0.0,19426.0
64941,CAR466,2023,0.0,3700.0
64942,CAR466,2024,86951.0,47979.0
64943,CAR466,2025,0.0,6458.0
64944,CAR466,2026,18324.0,6197.0
64965,CAR467,2016,60238.0,0.0
64969,CAR467,2020,0.0,69104.0
64970,CAR467,2021,0.0,5951.0
64971,CAR467,2022,0.0,15241.0
64972,CAR467,2023,0.0,9109.0
64973,CAR467,2024,0.0,7416.0
64996,CAR468,2016,0.0,62287.0
64997,CAR468,2017,0.0,106533.0
64998,CAR468,2018,0.0,12205.0
65000,CAR468,2020,0.0,12408.0
65004,CAR468,2024,0.0,5.0
65005,CAR468,2025,0.0,412.0
65027,CAR469,2016,0.0,11344.0
65028,CAR469,2017,0.0,17639.0
65090,CAR473,2017,0.0,1274.0
65091,CAR473,2018,0.0,1500.0
65092,CAR473,2019,99403.0,72904.0
65093,CAR473,2020,93422.0,148573.0
65094,CAR473,2021,118197.0,168254.0
65095,CAR473,2022,139543.0,52110.0
65096,CAR473,2023,121374.0,12911.0
65097,CAR473,2024,152968.0,122413.0
65098,CAR473,2025,81902.0,35719.0
65099,CAR473,2026,126378.0,10096.0
65121,CAR474,2017,0.0,27146.0
65122,CAR474,2018,0.0,3975.0
65151,CAR475,2016,0.0,34065.0
65152,CAR475,2017,175483.0,33510.0
65153,CAR475,2018,122699.0,231098.0
65154,CAR475,2019,78213.0,142140.0
65155,CAR475,2020,126266.0,31303.0
65156,CAR475,2021,110704.0,9289.0
65157,CAR475,2022,100693.0,248884.0
65158,CAR475,2023,115191.0,4765.0
65159,CAR475,2024,104701.0,30539.0
65160,CAR475,2025,98907.0,69246.0
65161,CAR475,2026,0.0,16202.0
65182,CAR476,2016,134324.0,39430.0
65183,CAR476,2017,181537.0,98404.0
65184,CAR476,2018,0.0,192716.0
65185,CAR476,2019,0.0,69945.0
65186,CAR476,2020,0.0,56734.0
65187,CAR476,2021,0.0,40613.0
65188,CAR476,2022,0.0,42461.0
65189,CAR476,2023,0.0,47742.0
65190,CAR476,2024,0.0,166281.0
65191,CAR476,2025,0.0,88032.0
65214,CAR477,2017,0.0,3527.0
65215,CAR477,2018,0.0,1031.0
65245,CAR478,2017,0.0,26503.0
65248,CAR478,2020,0.0,43374.0
65250,CAR478,2022,0.0,5352.0
65252,CAR478,2024,0.0,503.0
65276,CAR479,2017,0.0,877.0
65277,CAR479,2018,0.0,1419.0
65283,CAR479,2024,0.0,11311.0
65337,CAR481,2016,0.0,200719.0
65338,CAR481,2017,0.0,34910.0
65339,CAR481,2018,0.0,36805.0
65342,CAR481,2021,0.0,5000.0
65370,CAR482,2018,0.0,5192.0
65371,CAR482,2019,0.0,10748.0
65399,CAR483,2016,0.0,8605.0
65400,CAR483,2017,0.0,4669.0
65401,CAR483,2018,0.0,55485.0
65402,CAR483,2019,0.0,26.0
65403,CAR483,2020,0.0,45504.0
65404,CAR483,2021,0.0,89.0
65405,CAR483,2022,0.0,391.0
65408,CAR483,2025,0.0,25.0
65409,CAR483,2026,0.0,1080.0
65464,CAR486,2019,0.0,15420.0
65524,CAR488,2017,0.0,31818.0
65527,CAR488,2020,0.0,69.0
65561,CAR489,2023,23788.0,0.0
65562,CAR489,2024,0.0,13129.0
65563,CAR489,2025,0.0,10559.0
65564,CAR489,2026,0.0,10.0
65585,CAR490,2016,0.0,38.0
65586,CAR490,2017,0.0,281.0
65588,CAR490,2019,0.0,11834.0
65589,CAR490,2020,0.0,3535.0
65619,CAR491,2019,54150.0,45815.0
65620,CAR491,2020,23710.0,34193.0
65621,CAR491,2021,52750.0,6798.0
65622,CAR491,2022,62208.0,0.0
65624,CAR491,2024,117757.0,0.0
65625,CAR491,2025,9194.0,0.0
65647,CAR495,2016,147949.0,0.0
65648,CAR495,2017,128926.0,198.0
65649,CAR495,2018,0.0,100081.0
65650,CAR495,2019,0.0,140210.0
65651,CAR495,2020,46531.0,55026.0
65652,CAR495,2021,67395.0,21368.0
65653,CAR495,2022,58992.0,53421.0
65654,CAR495,2023,0.0,77806.0
65655,CAR495,2024,33881.0,43746.0
65656,CAR495,2025,21689.0,75275.0
65657,CAR495,2026,0.0,33732.0
65679,CAR496,2017,0.0,6986.0
65709,CAR497,2016,98265.0,14523.0
65710,CAR497,2017,15777.0,219088.0
65711,CAR497,2018,10189.0,9500.0
65712,CAR497,2019,9470.0,9600.0
65713,CAR497,2020,7074.0,49759.0
65714,CAR497,2021,0.0,3270.0
65715,CAR497,2022,0.0,500.0
65717,CAR497,2024,0.0,200000.0
65719,CAR497,2026,0.0,29000.0
65740,CAR498,2016,118625.0,51528.0
65741,CAR498,2017,0.0,53583.0
65742,CAR498,2018,274023.0,36258.0
65743,CAR498,2019,255728.0,172630.0
65744,CAR498,2020,0.0,93469.0
65745,CAR498,2021,0.0,201610.0
65746,CAR498,2022,0.0,48768.0
65747,CAR498,2023,0.0,66664.0
65748,CAR498,2024,0.0,5874.0
65749,CAR498,2025,0.0,19779.0
65750,CAR498,2026,0.0,1013.0
65777,CAR501,2022,0.0,10169.0
65780,CAR501,2025,0.0,22190.0
65802,CAR502,2016,59997.0,143945.0
65803,CAR502,2017,61127.0,61127.0
65804,CAR502,2018,50770.0,70000.0
65805,CAR502,2019,0.0,50770.0
65807,CAR502,2021,0.0,800.0
65808,CAR502,2022,0.0,607.0
65810,CAR502,2024,0.0,5762.0
65811,CAR502,2025,0.0,33646.0
65812,CAR502,2026,0.0,13655.0
65833,CAR503,2016,10933.0,10933.0
65834,CAR503,2017,8136.0,8136.0
65835,CAR503,2018,8168.0,8168.0
65837,CAR503,2020,0.0,2706.0
65839,CAR503,2022,0.0,4543.0
65864,CAR504,2016,0.0,5088.0
65865,CAR504,2017,0.0,51071.0
65930,CAR507,2020,0.0,5548.0
65988,CAR509,2016,18232.0,5412.0
65989,CAR509,2017,0.0,400.0
65990,CAR509,2018,0.0,12985.0
65991,CAR509,2019,0.0,11222.0
65992,CAR509,2020,0.0,9628.0
65994,CAR509,2022,32229.0,0.0
65995,CAR509,2023,18299.0,0.0
65996,CAR509,2024,16092.0,38513.0
65997,CAR509,2025,0.0,15587.0
65998,CAR509,2026,8024.0,8315.0
66019,CAR512,2016,83795.0,103843.0
66020,CAR512,2017,94661.0,28896.0
66021,CAR512,2018,100993.0,35661.0
66022,CAR512,2019,0.0,1164.0
66023,CAR512,2020,0.0,152714.0
66024,CAR512,2021,0.0,2057.0
66025,CAR512,2022,0.0,28656.0
66026,CAR512,2023,114324.0,0.0
66027,CAR512,2024,90076.0,93389.0
66028,CAR512,2025,88872.0,51430.0
66029,CAR512,2026,73948.0,26183.0
66056,CAR513,2022,0.0,1123.0
66084,CAR514,2019,0.0,12005.0
66085,CAR514,2020,0.0,496.0
66088,CAR514,2023,51121.0,0.0
66089,CAR514,2024,50977.0,40897.0
66090,CAR514,2025,48697.0,6816.0
66091,CAR514,2026,44163.0,0.0
66115,CAR515,2019,0.0,510.0
66116,CAR515,2020,0.0,7573.0
66117,CAR515,2021,0.0,218.0
66120,CAR515,2024,38719.0,13037.0
66121,CAR515,2025,8445.0,90.0
66122,CAR515,2026,16342.0,14701.0
66151,CAR516,2024,47930.0,12722.0
66152,CAR516,2025,26591.0,4744.0
66153,CAR516,2026,28580.0,18481.0
66178,CAR517,2020,34980.0,0.0
66179,CAR517,2021,79248.0,0.0
66180,CAR517,2022,73913.0,4896.0
66181,CAR517,2023,0.0,20243.0
66182,CAR517,2024,201088.0,93975.0
66183,CAR517,2025,75523.0,10.0
66184,CAR517,2026,0.0,5000.0
66205,CAR521,2016,0.0,25000.0
66208,CAR521,2019,0.0,44873.0
66209,CAR521,2020,132276.0,34224.0
66210,CAR521,2021,72535.0,55954.0
66211,CAR521,2022,65770.0,118844.0
66212,CAR521,2023,53713.0,79457.0
66213,CAR521,2024,84189.0,42326.0
66214,CAR521,2025,133738.0,12204.0
66215,CAR521,2026,0.0,28100.0
66242,CAR522,2022,62776.0,6253.0
66243,CAR522,2023,51491.0,114267.0
66244,CAR522,2024,42225.0,42225.0
66245,CAR522,2025,47270.0,0.0
66267,CAR531,2016,66666.0,9910.0
66268,CAR531,2017,0.0,91691.0
66269,CAR531,2018,0.0,23339.0
66271,CAR531,2020,20837.0,0.0
66272,CAR531,2021,65623.0,0.0
66273,CAR531,2022,30521.0,8066.0
66274,CAR531,2023,0.0,16588.0
66275,CAR531,2024,30722.0,16512.0
66276,CAR531,2025,12381.0,59344.0
66277,CAR531,2026,22790.0,13069.0
66299,CAR532,2017,0.0,19415.0
66365,CAR535,2021,0.0,516.0
66369,CAR535,2025,0.0,21502.0
66370,CAR535,2026,0.0,5451.0
66391,CAR540,2016,0.0,2452.0
66392,CAR540,2017,0.0,73302.0
66393,CAR540,2018,0.0,9601.0
66394,CAR540,2019,0.0,30.0
66395,CAR540,2020,0.0,6630.0
66422,CAR545,2016,119138.0,52833.0
66423,CAR545,2017,0.0,66305.0
66424,CAR545,2018,68635.0,68635.0
66425,CAR545,2019,201645.0,201645.0
66426,CAR545,2020,209787.0,209787.0
66484,CAR551,2016,0.0,66905.0
66488,CAR551,2020,0.0,42500.0
66515,CAR557,2016,0.0,2422.0
66547,CAR558,2017,0.0,25229.0
66548,CAR558,2018,0.0,2279.0
66549,CAR558,2019,0.0,24538.0
66551,CAR558,2021,23552.0,0.0
66552,CAR558,2022,74948.0,0.0
66553,CAR558,2023,111738.0,0.0
66554,CAR558,2024,0.0,23552.0
66555,CAR558,2025,170854.0,3660.0
66556,CAR558,2026,0.0,20834.0
66577,CAR560,2016,33367.0,27712.0
66578,CAR560,2017,56392.0,10120.0
66579,CAR560,2018,61256.0,38659.0
66580,CAR560,2019,0.0,29994.0
66581,CAR560,2020,0.0,57469.0
66582,CAR560,2021,128104.0,26389.0
66583,CAR560,2022,0.0,69159.0
66584,CAR560,2023,81150.0,23708.0
66585,CAR560,2024,149542.0,85211.0
66586,CAR560,2025,0.0,22032.0
66587,CAR560,2026,43657.0,0.0
66610,CAR566,2018,0.0,14000.0
66611,CAR566,2019,0.0,245220.0
66612,CAR566,2020,0.0,61955.0
66613,CAR566,2021,0.0,10924.0
66614,CAR566,2022,0.0,24957.0
66615,CAR566,2023,0.0,10243.0
66616,CAR566,2024,0.0,3377.0
66617,CAR566,2025,0.0,2270.0
66618,CAR566,2026,0.0,1442.0
66639,CAR574,2016,12997.0,12997.0
66640,CAR574,2017,10744.0,10744.0
66641,CAR574,2018,12096.0,12096.0
66645,CAR574,2022,17620.0,0.0
66646,CAR574,2023,15193.0,0.0
66647,CAR574,2024,6919.0,0.0
66648,CAR574,2025,7682.0,0.0
66670,CAR575,2016,1079.0,1889.0
66671,CAR575,2017,0.0,16763.0
66672,CAR575,2018,0.0,614.0
66673,CAR575,2019,0.0,455.0
66674,CAR575,2020,4071.0,1220.0
66675,CAR575,2021,0.0,4298.0
66676,CAR575,2022,0.0,788.0
66677,CAR575,2023,0.0,2717.0
66678,CAR575,2024,0.0,758.0
66679,CAR575,2025,0.0,1432.0
66680,CAR575,2026,0.0,427.0
66702,CAR577,2017,0.0,10379.0
66705,CAR577,2020,0.0,42165.0
66732,CAR578,2016,0.0,131.0
66734,CAR578,2018,0.0,27958.0
66735,CAR578,2019,0.0,8677.0
66736,CAR578,2020,0.0,2375.0
66739,CAR578,2023,0.0,3575.0
66740,CAR578,2024,0.0,1011.0
66795,CAR582,2017,0.0,204026.0
66825,CAR588,2016,83057.0,83057.0
66826,CAR588,2017,90646.0,90646.0
66827,CAR588,2018,38045.0,38045.0
66856,CAR589,2016,0.0,50.0
66860,CAR589,2020,0.0,3371.0
66887,CAR590,2016,0.0,885.0
66919,CAR591,2017,0.0,200.0
66949,CAR592,2016,38259.0,0.0
66950,CAR592,2017,0.0,38259.0
66952,CAR592,2019,49640.0,49640.0
66953,CAR592,2020,26095.0,26095.0
66954,CAR592,2021,17023.0,0.0
66955,CAR592,2022,82489.0,82592.0
66956,CAR592,2023,60041.0,14779.0
66957,CAR592,2024,75919.0,61124.0
66958,CAR592,2025,108830.0,60641.0
66959,CAR592,2026,0.0,24268.0
66981,CAR593,2017,67343.0,87946.0
66982,CAR593,2018,55622.0,46.0
66983,CAR593,2019,79701.0,12589.0
66984,CAR593,2020,0.0,54885.0
66985,CAR593,2021,49956.0,88517.0
66986,CAR593,2022,0.0,260.0
66987,CAR593,2023,0.0,55117.0
67014,CAR596,2019,0.0,464784.0
67015,CAR596,2020,0.0,7216.0
67073,CAR599,2016,23308.0,0.0
67074,CAR599,2017,0.0,52456.0
67077,CAR599,2020,0.0,2648.0
67078,CAR599,2021,0.0,532.0
67080,CAR599,2023,0.0,15.0
67081,CAR599,2024,0.0,3864.0
67105,CAR600,2017,0.0,8197.0
67136,CAR601,2017,0.0,5587.0
67143,CAR601,2024,0.0,12146.0
67167,CAR602,2017,0.0,631.0
67170,CAR602,2020,0.0,1787.0
67197,CAR604,2016,75000.0,0.0
67198,CAR604,2017,0.0,644646.0
67229,CAR606,2017,0.0,24214.0
67232,CAR606,2020,0.0,10222.0
67259,CAR607,2016,20818.0,0.0
67260,CAR607,2017,0.0,42642.0
67291,CAR612,2017,0.0,9866.0
67292,CAR612,2018,0.0,16057.0
67294,CAR612,2020,0.0,2843.0
67295,CAR612,2021,0.0,7840.0
67296,CAR612,2022,0.0,908.0
67297,CAR612,2023,0.0,3059.0
67298,CAR612,2024,0.0,13458.0
67326,CAR620,2021,0.0,9005.0
67327,CAR620,2022,0.0,10222.0
67328,CAR620,2023,0.0,2818.0
67329,CAR620,2024,0.0,511.0
67330,CAR620,2025,0.0,720.0
67352,CAR621,2016,128148.0,70506.0
67353,CAR621,2017,135296.0,263444.0
67354,CAR621,2018,164605.0,164605.0
67355,CAR621,2019,107690.0,0.0
67356,CAR621,2020,146875.0,0.0
67357,CAR621,2021,196074.0,0.0
67358,CAR621,2022,177286.0,32500.0
67359,CAR621,2023,149058.0,0.0
67360,CAR621,2024,0.0,164674.0
67361,CAR621,2025,0.0,104362.0
67362,CAR621,2026,0.0,57000.0
67387,CAR627,2020,31094.0,23528.0
67388,CAR627,2021,25816.0,0.0
67389,CAR627,2022,22677.0,0.0
67390,CAR627,2023,13237.0,12407.0
67391,CAR627,2024,0.0,18999.0
67392,CAR627,2025,0.0,4727.0
67415,CAR628,2017,0.0,12510.0
67417,CAR628,2019,0.0,21418.0
67445,CAR629,2016,498654.0,0.0
67446,CAR629,2017,0.0,498654.0
67509,CAR634,2018,0.0,7171.0
67538,CAR635,2016,87502.0,168191.0
67539,CAR635,2017,85383.0,0.0
67540,CAR635,2018,112198.0,197581.0
67542,CAR635,2020,229880.0,120028.0
67543,CAR635,2021,98229.0,109852.0
67544,CAR635,2022,108850.0,98229.0
67545,CAR635,2023,108320.0,108850.0
67546,CAR635,2024,132207.0,108320.0
67548,CAR635,2026,156760.0,0.0
67569,CAR639,2016,509031.0,1025618.0
67570,CAR639,2017,874588.0,886588.0
67571,CAR639,2018,941933.0,715159.0
67572,CAR639,2019,677025.0,501789.0
67573,CAR639,2020,467202.0,405224.0
67574,CAR639,2021,418255.0,891725.0
67575,CAR639,2022,946382.0,651984.0
67576,CAR639,2023,342357.0,637000.0
67577,CAR639,2024,500129.0,0.0
67578,CAR639,2025,759882.0,879698.0
67579,CAR639,2026,586647.0,0.0
67600,CAR644,2016,0.0,89.0
67603,CAR644,2019,0.0,7.0
67609,CAR644,2025,0.0,362.0
67632,CAR645,2017,0.0,72659.0
67664,CAR646,2018,27180.0,9304.0
67665,CAR646,2019,6921.0,17876.0
67666,CAR646,2020,6921.0,0.0
67667,CAR646,2021,0.0,5190.0
67668,CAR646,2022,0.0,2871.0
67669,CAR646,2023,22865.0,0.0
67672,CAR646,2026,0.0,5781.0
67694,CAR648,2017,0.0,9739.0
67724,CAR655,2016,29566.0,0.0
67725,CAR655,2017,0.0,29566.0
67755,CAR657,2016,33848.0,0.0
67756,CAR657,2017,0.0,8462.0
67759,CAR657,2020,0.0,25386.0
67787,CAR658,2017,0.0,263324.0
67817,CAR659,2016,17074.0,10889.0
67818,CAR659,2017,11446.0,60742.0
67819,CAR659,2018,11500.0,0.0
67820,CAR659,2019,11540.0,35575.0
67821,CAR659,2020,11591.0,14.0
67822,CAR659,2021,11642.0,0.0
67823,CAR659,2022,0.0,13737.0
67824,CAR659,2023,0.0,4100.0
67825,CAR659,2024,25738.0,29625.0
67827,CAR659,2026,0.0,11518.0
67849,CAR660,2017,0.0,12546.0
67852,CAR660,2020,0.0,46000.0
67855,CAR660,2023,0.0,2354.0
67880,CAR661,2017,0.0,273321.0
67910,CAR672,2016,55767.0,0.0
67911,CAR672,2017,0.0,7172.0
67914,CAR672,2020,18441.0,0.0
67918,CAR672,2024,0.0,48595.0
67941,CAR674,2016,95888.0,95888.0
67942,CAR674,2017,190117.0,88780.0
67943,CAR674,2018,135325.0,101337.0
67944,CAR674,2019,0.0,135325.0
67945,CAR674,2020,307731.0,307731.0
67946,CAR674,2021,42679.0,42679.0
67947,CAR674,2022,138170.0,138170.0
67948,CAR674,2023,248244.0,248244.0
67949,CAR674,2024,244898.0,235000.0
67950,CAR674,2025,242419.0,5168.0
67951,CAR674,2026,214333.0,26954.0
67973,CAR676,2017,0.0,155878.0
67974,CAR676,2018,6347.0,0.0
67975,CAR676,2019,0.0,10092.0
67976,CAR676,2020,0.0,15.0
67977,CAR676,2021,0.0,985.0
67978,CAR676,2022,0.0,4847.0
67979,CAR676,2023,0.0,500.0
67980,CAR676,2024,0.0,30000.0
67981,CAR676,2025,7685.0,0.0
68003,CAR681,2016,39469.0,0.0
68004,CAR681,2017,0.0,39469.0
68034,CAR683,2016,8522.0,0.0
68035,CAR683,2017,9424.0,7600.0
68036,CAR683,2018,9039.0,5000.0
68037,CAR683,2019,9367.0,31875.0
68038,CAR683,2020,0.0,6079.0
68039,CAR683,2021,142219.0,14778.0
68040,CAR683,2022,9043.0,58256.0
68041,CAR683,2023,11567.0,19857.0
68042,CAR683,2024,11790.0,2621.0
68043,CAR683,2025,12073.0,6052.0
68044,CAR683,2026,0.0,6.0
68067,CAR686,2018,0.0,5831.0
68069,CAR686,2020,0.0,15748.0
68070,CAR686,2021,0.0,11116.0
68071,CAR686,2022,0.0,1471.0
68072,CAR686,2023,0.0,733.0
68073,CAR686,2024,0.0,563.0
68075,CAR686,2026,0.0,421.0
68096,CAR688,2016,4613.0,5830.0
68097,CAR688,2017,4645.0,20598.0
68098,CAR688,2018,4522.0,1626.0
68099,CAR688,2019,4655.0,21311.0
68100,CAR688,2020,4664.0,8059.0
68101,CAR688,2021,4674.0,0.0
68102,CAR688,2022,0.0,4655.0
68103,CAR688,2023,0.0,110.0
68104,CAR688,2024,12419.0,4674.0
68106,CAR688,2026,0.0,4843.0
68127,CAR691,2016,0.0,77000.0
68128,CAR691,2017,0.0,331751.0
68129,CAR691,2018,0.0,1137062.0
68130,CAR691,2019,0.0,439768.0
68131,CAR691,2020,0.0,185079.0
68132,CAR691,2021,0.0,77022.0
68133,CAR691,2022,0.0,61916.0
68134,CAR691,2023,0.0,2868.0
68158,CAR694,2016,1933.0,1933.0
68159,CAR694,2017,1933.0,1933.0
68161,CAR694,2019,0.0,1933.0
68162,CAR694,2020,3496.0,0.0
68164,CAR694,2022,0.0,1748.0
68167,CAR694,2025,0.0,496.0
68168,CAR694,2026,0.0,1252.0
68189,CAR696,2016,74319.0,4338.0
68190,CAR696,2017,0.0,693.0
68191,CAR696,2018,0.0,18320.0
68192,CAR696,2019,0.0,426.0
68193,CAR696,2020,0.0,82299.0
68194,CAR696,2021,0.0,14884.0
68220,CAR697,2016,146492.0,0.0
68221,CAR697,2017,14804.0,131864.0
68222,CAR697,2018,0.0,14151.0
68223,CAR697,2019,0.0,44.0
68224,CAR697,2020,0.0,14141.0
68228,CAR697,2024,0.0,12539.0
68251,CAR730,2016,3166372.0,63030.0
68252,CAR730,2017,0.0,2578367.0
68255,CAR730,2020,0.0,213115.0
68257,CAR730,2022,0.0,22171.0
68259,CAR730,2024,0.0,180548.0
68261,CAR730,2026,0.0,15899.0
68283,CAR749,2017,0.0,174481.0
68313,CAR761,2016,32999.0,0.0
68315,CAR761,2018,0.0,61662.0
68344,CAR762,2016,2762.0,0.0
68345,CAR762,2017,0.0,2762.0
68375,CAR764,2016,0.0,29849.0
68408,CAR766,2018,0.0,79283.0
68409,CAR766,2019,0.0,364516.0
68410,CAR766,2020,0.0,544941.0
68411,CAR766,2021,0.0,234611.0
68412,CAR766,2022,0.0,184455.0
68413,CAR766,2023,0.0,1587015.0
68437,CAR768,2016,352909.0,0.0
68438,CAR768,2017,0.0,6738.0
68439,CAR768,2018,291170.0,36508.0
68440,CAR768,2019,0.0,148461.0
68441,CAR768,2020,302098.0,266551.0
68442,CAR768,2021,0.0,117429.0
68443,CAR768,2022,155386.0,29.0
68444,CAR768,2023,157425.0,1180879.0
68446,CAR768,2025,506446.0,22903.0
68447,CAR768,2026,0.0,20000.0
68469,CAR769,2017,0.0,13595.0
68470,CAR769,2018,0.0,20451.0
68471,CAR769,2019,0.0,600.0
68472,CAR769,2020,0.0,48624.0
68473,CAR769,2021,0.0,6607.0
68476,CAR769,2024,0.0,31645.0
68499,CAR772,2016,22200.0,10527.0
68500,CAR772,2017,0.0,11673.0
68501,CAR772,2018,8372.0,0.0
68502,CAR772,2019,13634.0,239.0
68503,CAR772,2020,8356.0,3900.0
68505,CAR772,2022,0.0,9400.0
68506,CAR772,2023,0.0,3980.0
68507,CAR772,2024,0.0,656.0
68530,CAR773,2016,0.0,24839.0
68539,CAR773,2025,0.0,377.0
68562,CAR775,2017,0.0,15348.0
68592,CAR776,2016,10709.0,10709.0
68593,CAR776,2017,7560.0,7560.0
68594,CAR776,2018,9076.0,9076.0
68623,CAR777,2016,19606.0,0.0
68624,CAR777,2017,0.0,872896.0
68626,CAR777,2019,0.0,1283.0
68627,CAR777,2020,0.0,196084.0
68629,CAR777,2022,0.0,217.0
68631,CAR777,2024,0.0,49497.0
68654,CAR780,2016,13727.0,0.0
68655,CAR780,2017,0.0,123809.0
68656,CAR780,2018,0.0,10873.0
68686,CAR781,2017,0.0,27437.0
68717,CAR782,2017,38000.0,38000.0
68718,CAR782,2018,63960.0,63960.0
68748,CAR784,2017,0.0,83440.0
68781,CAR785,2019,0.0,6097.0
68782,CAR785,2020,132506.0,5000.0
68783,CAR785,2021,57955.0,0.0
68784,CAR785,2022,26125.0,26311.0
68785,CAR785,2023,0.0,1500.0
68786,CAR785,2024,0.0,122851.0
68787,CAR785,2025,0.0,8686.0
68788,CAR785,2026,0.0,114.0
68810,CAR786,2017,0.0,20000.0
68840,CAR790,2016,84384.0,79200.0
68841,CAR790,2017,81560.0,81560.0
68842,CAR790,2018,61562.0,61562.0
68843,CAR790,2019,85883.0,5184.0
68844,CAR790,2020,83545.0,169428.0
68846,CAR790,2022,102406.0,0.0
68847,CAR790,2023,82950.0,0.0
68848,CAR790,2024,88133.0,88133.0
68849,CAR790,2025,73561.0,83950.0
68850,CAR790,2026,0.0,2600.0
68872,CAR793,2017,0.0,41390.0
68902,CAR794,2016,10426.0,0.0
68903,CAR794,2017,0.0,10426.0
68934,CAR795,2017,0.0,9944.0
69026,CAR801,2016,0.0,3780.0
69027,CAR801,2017,0.0,1000.0
69030,CAR801,2020,0.0,50.0
69033,CAR801,2023,0.0,1969.0
69057,CAR802,2016,4440.0,5793.0
69058,CAR802,2017,4465.0,14090.0
69059,CAR802,2018,7859.0,0.0
69060,CAR802,2019,4942.0,20659.0
69061,CAR802,2020,4563.0,10143.0
69062,CAR802,2021,4591.0,0.0
69063,CAR802,2022,0.0,7235.0
69064,CAR802,2023,0.0,514.0
69065,CAR802,2024,0.0,346.0
69066,CAR802,2025,9260.0,783.0
69067,CAR802,2026,0.0,7896.0
69089,CAR804,2017,0.0,319109.0
69181,CAR807,2016,26302.0,26302.0
69183,CAR807,2018,42042.0,42042.0
69185,CAR807,2020,21075.0,21075.0
69186,CAR807,2021,16922.0,0.0
69188,CAR807,2023,0.0,16922.0
69212,CAR811,2016,55988.0,108681.0
69213,CAR811,2017,118869.0,134597.0
69214,CAR811,2018,133957.0,133957.0
69215,CAR811,2019,82516.0,82516.0
69216,CAR811,2020,97208.0,97812.0
69217,CAR811,2021,83028.0,83028.0
69218,CAR811,2022,278291.0,131165.0
69219,CAR811,2023,0.0,147126.0
69220,CAR811,2024,266323.0,0.0
69221,CAR811,2025,84227.0,0.0
69222,CAR811,2026,0.0,1268.0
69243,CAR812,2016,27779.0,27779.0
69244,CAR812,2017,23615.0,23615.0
69245,CAR812,2018,25203.0,25203.0
69275,CAR813,2017,0.0,735.0
69305,CAR814,2016,0.0,607.0
69306,CAR814,2017,0.0,1000.0
69307,CAR814,2018,0.0,20493.0
69308,CAR814,2019,0.0,5900.0
69342,CAR815,2022,0.0,3.0
69343,CAR815,2023,0.0,571.0
69367,CAR817,2016,33373.0,26311.0
69368,CAR817,2017,20585.0,33373.0
69369,CAR817,2018,21606.0,20585.0
69370,CAR817,2019,32071.0,21606.0
69371,CAR817,2020,28407.0,60478.0
69372,CAR817,2021,18726.0,18726.0
69399,CAR818,2017,0.0,165508.0
69430,CAR822,2017,10031.0,0.0
69431,CAR822,2018,0.0,13132.0
69432,CAR822,2019,13307.0,0.0
69433,CAR822,2020,11822.0,0.0
69434,CAR822,2021,0.0,18868.0
69435,CAR822,2022,13787.0,912.0
69436,CAR822,2023,0.0,2788.0
69437,CAR822,2024,0.0,13893.0
69439,CAR822,2026,0.0,761.0
69460,CAR824,2016,0.0,30408.0
69461,CAR824,2017,0.0,116178.0
69462,CAR824,2018,0.0,21621.0
69463,CAR824,2019,0.0,5000.0
69491,CAR825,2016,34034.0,7500.0
69492,CAR825,2017,0.0,25814.0
69493,CAR825,2018,0.0,36441.0
69494,CAR825,2019,0.0,35061.0
69497,CAR825,2022,42763.0,0.0
69498,CAR825,2023,13110.0,20145.0
69499,CAR825,2024,15266.0,22618.0
69500,CAR825,2025,15817.0,28376.0
69501,CAR825,2026,11910.0,0.0
69553,CAR829,2016,23832.0,6843.0
69554,CAR829,2017,0.0,15742.0
69555,CAR829,2018,45245.0,14664.0
69556,CAR829,2019,22286.0,10876.0
69557,CAR829,2020,0.0,34494.0
69558,CAR829,2021,27010.0,21902.0
69559,CAR829,2022,0.0,15581.0
69560,CAR829,2023,18988.0,5.0
69561,CAR829,2024,10019.0,9675.0
69562,CAR829,2025,0.0,11242.0
69563,CAR829,2026,23268.0,9939.0
69616,CAR831,2017,0.0,1047.0
69647,CAR832,2017,0.0,30061.0
69678,CAR833,2017,0.0,213587.0
69711,CAR834,2019,0.0,57575.0
69712,CAR834,2020,0.0,11215.0
69740,CAR836,2017,0.0,3668.0
69770,CAR838,2016,31662.0,31662.0
69771,CAR838,2017,39044.0,0.0
69772,CAR838,2018,71212.0,110256.0
69773,CAR838,2019,51650.0,0.0
69774,CAR838,2020,83348.0,134998.0
69775,CAR838,2021,105419.0,0.0
69776,CAR838,2022,87269.0,105419.0
69777,CAR838,2023,92527.0,0.0
69778,CAR838,2024,0.0,25133.0
69779,CAR838,2025,74956.0,119222.0
69780,CAR838,2026,79790.0,68095.0
69806,CAR839,2021,0.0,64835.0
69807,CAR839,2022,0.0,23198.0
69808,CAR839,2023,0.0,33110.0
69809,CAR839,2024,0.0,2225.0
69810,CAR839,2025,0.0,2738.0
69811,CAR839,2026,0.0,12775.0
69838,CAR843,2022,0.0,5759.0
69839,CAR843,2023,0.0,19612.0
69840,CAR843,2024,0.0,1085.0
69863,CAR844,2016,10399.0,31000.0
69865,CAR844,2018,8330.0,18729.0
69866,CAR844,2019,24069.0,24069.0
69867,CAR844,2020,12660.0,12660.0
69869,CAR844,2022,20412.0,20412.0
69871,CAR844,2024,24645.0,0.0
69895,CAR855,2017,0.0,362.0
69925,CAR866,2016,36256.0,19483.0
69927,CAR866,2018,61086.0,24850.0
69928,CAR866,2019,22672.0,91110.0
69929,CAR866,2020,0.0,28777.0
69930,CAR866,2021,0.0,32985.0
69931,CAR866,2022,49397.0,43823.0
69932,CAR866,2023,28776.0,25574.0
69933,CAR866,2024,43433.0,39965.0
69934,CAR866,2025,29667.0,1555.0
69935,CAR866,2026,23827.0,0.0
69987,CAR878,2016,0.0,66912.0
69988,CAR878,2017,0.0,57273.0
69989,CAR878,2018,0.0,20293.0
69991,CAR878,2020,0.0,220.0
70018,CAR880,2016,0.0,72101.0
70022,CAR880,2020,60093.0,0.0
70023,CAR880,2021,29938.0,0.0
70024,CAR880,2022,41093.0,20178.0
70025,CAR880,2023,38388.0,10725.0
70026,CAR880,2024,23371.0,70895.0
70027,CAR880,2025,0.0,18.0
70028,CAR880,2026,36140.0,500.0
70049,CAR881,2016,0.0,55914.0
70052,CAR881,2019,33330.0,0.0
70053,CAR881,2020,28839.0,0.0
70054,CAR881,2021,30946.0,0.0
70055,CAR881,2022,35242.0,95027.0
70057,CAR881,2024,24896.0,24896.0
70058,CAR881,2025,28060.0,0.0
70059,CAR881,2026,16280.0,0.0
70081,CAR883,2017,0.0,11583.0
70084,CAR883,2020,0.0,1344.0
70112,CAR885,2017,0.0,826.0
70142,CAR886,2016,17868.0,49718.0
70143,CAR886,2017,16840.0,16840.0
70144,CAR886,2018,9633.0,9633.0
70145,CAR886,2019,3231.0,3231.0
70147,CAR886,2021,15226.0,15226.0
70148,CAR886,2022,12179.0,0.0
70149,CAR886,2023,9204.0,3970.0
70151,CAR886,2025,3449.0,20862.0
70173,CAR887,2016,53415.0,53415.0
70174,CAR887,2017,57887.0,57887.0
70175,CAR887,2018,50378.0,50378.0
70176,CAR887,2019,48436.0,0.0
70177,CAR887,2020,43122.0,91558.0
70178,CAR887,2021,33057.0,33057.0
70179,CAR887,2022,32337.0,0.0
70180,CAR887,2023,21441.0,53778.0
70181,CAR887,2024,16160.0,16160.0
70204,CAR888,2016,53045.0,18758.0
70205,CAR888,2017,29158.0,34287.0
70206,CAR888,2018,33333.0,29158.0
70207,CAR888,2019,31976.0,33333.0
70208,CAR888,2020,32385.0,64361.0
70209,CAR888,2021,37233.0,37233.0
70211,CAR888,2023,58700.0,58700.0
70212,CAR888,2024,30894.0,30894.0
70213,CAR888,2025,15050.0,0.0
70235,CAR891,2016,432609.0,0.0
70236,CAR891,2017,0.0,365823.0
70239,CAR891,2020,0.0,65820.0
70243,CAR891,2024,0.0,966.0
70266,CAR892,2016,41529.0,0.0
70267,CAR892,2017,35192.0,76721.0
70269,CAR892,2019,104329.0,39114.0
70270,CAR892,2020,0.0,65215.0
70299,CAR893,2018,4198.0,4198.0
70329,CAR901,2017,0.0,73084.0
70332,CAR901,2020,0.0,5367.0
70336,CAR901,2024,0.0,49621.0
70360,CAR905,2017,0.0,105468.0
70421,CAR911,2016,22006.0,4006.0
70422,CAR911,2017,20107.0,19111.0
70423,CAR911,2018,22991.0,36932.0
70424,CAR911,2019,23413.0,27784.0
70425,CAR911,2020,27850.0,7118.0
70426,CAR911,2021,25977.0,20870.0
70427,CAR911,2022,22999.0,11026.0
70428,CAR911,2023,0.0,2351.0
70429,CAR911,2024,24038.0,653.0
70430,CAR911,2025,60015.0,13859.0
70431,CAR911,2026,0.0,37677.0
70452,CAR917,2016,41862.0,0.0
70453,CAR917,2017,41832.0,0.0
70454,CAR917,2018,41659.0,0.0
70455,CAR917,2019,33279.0,0.0
70456,CAR917,2020,60511.0,0.0
70458,CAR917,2022,18743.0,0.0
70460,CAR917,2024,7474.0,0.0
70461,CAR917,2025,24013.0,0.0
70462,CAR917,2026,5961.0,0.0
70484,CAR920,2017,0.0,5760.0
70576,CAR935,2016,2527.0,2754.0
70577,CAR935,2017,2527.0,2997.0
70578,CAR935,2018,0.0,396.0
70579,CAR935,2019,0.0,7613.0
70580,CAR935,2020,8119.0,25.0
70581,CAR935,2021,0.0,3754.0
70582,CAR935,2022,0.0,3405.0
70583,CAR935,2023,0.0,2273.0
70584,CAR935,2024,0.0,198.0
70585,CAR935,2025,0.0,1010.0
70639,CAR945,2017,0.0,1466.0
70670,CAR946,2017,0.0,303852.0
70671,CAR946,2018,0.0,88955.0
70673,CAR946,2020,0.0,883.0
70701,CAR947,2017,0.0,148213.0
70704,CAR947,2020,0.0,3501.0
70732,CAR948,2017,0.0,104490.0
70735,CAR948,2020,0.0,6394.0
70741,CAR948,2026,0.0,37000.0
70762,CAR949,2016,0.0,542.0
70764,CAR949,2018,0.0,3097.0
70794,CAR952,2017,0.0,70950.0
70797,CAR952,2020,0.0,10750.0
70825,CAR954,2017,0.0,72653.0
70857,CAR955,2018,0.0,9500.0
70887,CAR956,2017,0.0,31405.0
70892,CAR956,2022,0.0,16362.0
70894,CAR956,2024,0.0,1854.0
70918,CAR957,2017,0.0,7924.0
70926,CAR957,2025,9745.0,9745.0
70927,CAR957,2026,10470.0,0.0
70949,CAR959,2017,0.0,47496.0
70952,CAR959,2020,0.0,4497.0
71010,CAR965,2016,21241.0,0.0
71011,CAR965,2017,20416.0,20416.0
71012,CAR965,2018,11991.0,0.0
71014,CAR965,2020,0.0,21241.0
71016,CAR965,2022,0.0,7938.0
71017,CAR965,2023,0.0,1810.0
71018,CAR965,2024,0.0,1811.0
71020,CAR965,2026,0.0,419.0
71041,CAR969,2016,39414.0,0.0
71042,CAR969,2017,27406.0,58509.0
71043,CAR969,2018,26920.0,0.0
71044,CAR969,2019,30811.0,0.0
71045,CAR969,2020,0.0,77834.0
71046,CAR969,2021,53459.0,466.0
71047,CAR969,2022,36215.0,324.0
71049,CAR969,2024,54037.0,85909.0
71103,CAR973,2016,282627.0,0.0
71104,CAR973,2017,364181.0,1136903.0
71107,CAR973,2020,0.0,132280.0
71111,CAR973,2024,0.0,343431.0
71112,CAR973,2025,263003.0,0.0
71135,CAR974,2017,0.0,13352.0
71197,CAR977,2017,0.0,17721.0
71228,CAR978,2017,0.0,3099.0
71235,CAR978,2024,0.0,9897.0
71258,CAR980,2016,7282.0,0.0
71259,CAR980,2017,0.0,16901.0
71320,CAR982,2016,10932.0,0.0
71321,CAR982,2017,9352.0,17732.0
71322,CAR982,2018,6845.0,0.0
71323,CAR982,2019,10483.0,0.0
71324,CAR982,2020,0.0,20198.0
71325,CAR982,2021,8973.0,0.0
71326,CAR982,2022,0.0,115.0
71328,CAR982,2024,0.0,10483.0
71351,CAR988,2016,9059.0,9059.0
71352,CAR988,2017,11107.0,11107.0
71353,CAR988,2018,7424.0,7424.0
71354,CAR988,2019,11869.0,11369.0
71355,CAR988,2020,13713.0,9500.0
71357,CAR988,2022,8523.0,1083.0
71358,CAR988,2023,19615.0,12153.0
71359,CAR988,2024,5976.0,8800.0
71360,CAR988,2025,9310.0,16791.0
71382,CAR989,2016,19078.0,0.0
71383,CAR989,2017,13433.0,25862.0
71384,CAR989,2018,9146.0,0.0
71386,CAR989,2020,0.0,20625.0
71392,CAR989,2026,16463.0,0.0
71414,CAR990,2017,0.0,1392.0
71417,CAR990,2020,0.0,733.0
71475,CAR993,2016,16436.0,0.0
71476,CAR993,2017,90929.0,42841.0
71479,CAR993,2020,0.0,40506.0
71481,CAR993,2022,0.0,10547.0
71482,CAR993,2023,133765.0,0.0
71483,CAR993,2024,0.0,35593.0
71485,CAR993,2026,0.0,1857.0
71506,CAR994,2016,30461.0,0.0
71507,CAR994,2017,0.0,65164.0
71510,CAR994,2020,0.0,338.0
71538,CAR995,2017,0.0,51012.0
71568,CAR996,2016,14727.0,14727.0
71569,CAR996,2017,14089.0,14089.0
71570,CAR996,2018,13838.0,13838.0
71571,CAR996,2019,19568.0,19568.0
71572,CAR996,2020,19032.0,10000.0
71574,CAR996,2022,12212.0,1760.0
71575,CAR996,2023,37422.0,19184.0
71576,CAR996,2024,15312.0,19987.0
71577,CAR996,2025,16499.0,32747.0
71599,CAR997,2016,50264.0,0.0
71600,CAR997,2017,33536.0,119172.0
71601,CAR997,2018,21603.0,0.0
71603,CAR997,2020,0.0,3152.0
71604,CAR997,2021,3152.0,0.0
71605,CAR997,2022,4570.0,0.0
71607,CAR997,2024,0.0,4570.0
71630,CAR998,2016,7930.0,7930.0
71631,CAR998,2017,6395.0,6395.0
71632,CAR998,2018,7057.0,7057.0
71633,CAR998,2019,8407.0,5224.0
71635,CAR998,2021,6889.0,7934.0
71692,GS1001,2016,149175.0,0.0
71693,GS1001,2017,91066.0,4620.0
71694,GS1001,2018,161280.0,42828.0
71695,GS1001,2019,0.0,27367.0
71696,GS1001,2020,311095.0,105848.0
71697,GS1001,2021,108960.0,267017.0
71698,GS1001,2022,0.0,241419.0
71699,GS1001,2023,0.0,112381.0
71700,GS1001,2024,0.0,74036.0
71701,GS1001,2025,0.0,37747.0
71702,GS1001,2026,0.0,8720.0
71725,GS1003,2018,21260.0,0.0
71726,GS1003,2019,0.0,88.0
71727,GS1003,2020,0.0,336.0
71729,GS1003,2022,0.0,20836.0
71730,GS1003,2023,25413.0,0.0
71731,GS1003,2024,0.0,3181.0
71732,GS1003,2025,0.0,14415.0
71733,GS1003,2026,0.0,794.0
71785,GS1006,2016,2942.0,467.0
71786,GS1006,2017,3524.0,11801.0
71787,GS1006,2018,3801.0,37.0
71788,GS1006,2019,0.0,1971.0
71789,GS1006,2020,0.0,1374.0
71790,GS1006,2021,0.0,541.0
71791,GS1006,2022,0.0,5.0
71792,GS1006,2023,0.0,147.0
71795,GS1006,2026,0.0,22.0
71817,GS1011,2017,0.0,283.0
71818,GS1011,2018,0.0,257.0
71819,GS1011,2019,0.0,4563.0
71822,GS1011,2022,0.0,616.0
71823,GS1011,2023,0.0,6849.0
71824,GS1011,2024,0.0,36.0
71825,GS1011,2025,0.0,9.0
71878,GS1013,2016,0.0,63225.0
71879,GS1013,2017,227559.0,74002.0
71880,GS1013,2018,0.0,61951.0
71881,GS1013,2019,0.0,69936.0
71882,GS1013,2020,0.0,55053.0
71883,GS1013,2021,249919.0,157519.0
71884,GS1013,2022,0.0,94952.0
71885,GS1013,2023,0.0,45859.0
71886,GS1013,2024,0.0,11960.0
71887,GS1013,2025,0.0,8878.0
71888,GS1013,2026,194114.0,8403.0
71917,GS1014,2024,20881.0,0.0
71942,GS1015,2018,14471.0,0.0
71944,GS1015,2020,72254.0,85009.0
71945,GS1015,2021,49306.0,48691.0
71946,GS1015,2022,0.0,108.0
71947,GS1015,2023,98867.0,73275.0
71948,GS1015,2024,49094.0,27815.0
71949,GS1015,2025,46729.0,48113.0
71972,GS1016,2017,0.0,449.0
71973,GS1016,2018,0.0,3561.0
71975,GS1016,2020,0.0,768.0
71976,GS1016,2021,0.0,4000.0
71977,GS1016,2022,0.0,709.0
71978,GS1016,2023,0.0,182481.0
71979,GS1016,2024,0.0,5586.0
71980,GS1016,2025,0.0,199298.0
71981,GS1016,2026,0.0,2849.0
72007,GS1017,2021,79250.0,0.0
72008,GS1017,2022,0.0,886.0
72009,GS1017,2023,0.0,150.0
72010,GS1017,2024,127429.0,25000.0
72011,GS1017,2025,0.0,4747.0
72012,GS1017,2026,0.0,2150.0
72037,GS1018,2020,67878.0,0.0
72039,GS1018,2022,0.0,749.0
72041,GS1018,2024,107266.0,0.0
72042,GS1018,2025,0.0,481.0
72043,GS1018,2026,78985.0,33803.0
72064,GS1020,2016,0.0,93606.0
72065,GS1020,2017,146022.0,90083.0
72066,GS1020,2018,118584.0,47973.0
72067,GS1020,2019,166645.0,32518.0
72068,GS1020,2020,90993.0,172559.0
72069,GS1020,2021,93878.0,198846.0
72070,GS1020,2022,84820.0,95468.0
72071,GS1020,2023,106498.0,71396.0
72072,GS1020,2024,101103.0,84635.0
72073,GS1020,2025,35018.0,83266.0
72074,GS1020,2026,0.0,45216.0
72097,GS1021,2018,36438.0,8773.0
72099,GS1021,2020,68820.0,93753.0
72100,GS1021,2021,47672.0,48286.0
72101,GS1021,2022,36101.0,1761.0
72102,GS1021,2023,36617.0,72042.0
72103,GS1021,2024,33752.0,182.0
72104,GS1021,2025,35575.0,33077.0
72105,GS1021,2026,34813.0,0.0
72161,GS10220,2020,104067.0,56529.0
72162,GS10220,2021,0.0,29880.0
72163,GS10220,2022,0.0,9156.0
72164,GS10220,2023,0.0,3938.0
72165,GS10220,2024,136304.0,36212.0
72166,GS10220,2025,0.0,87689.0
72167,GS10220,2026,0.0,3591.0
72312,GS1027,2016,0.0,42.0
72344,GS1028,2017,6892.0,6755.0
72346,GS1028,2019,12163.0,11921.0
72347,GS1028,2020,5921.0,5836.0
72349,GS1028,2022,4354.0,4381.0
72350,GS1028,2023,0.0,192.0
72351,GS1028,2024,0.0,110.0
72374,GS1029,2016,6291.0,24666.0
72375,GS1029,2017,0.0,19004.0
72376,GS1029,2018,0.0,2262.0
72405,GS1030,2016,9363.0,4161.0
72406,GS1030,2017,0.0,35209.0
72407,GS1030,2018,0.0,8341.0
72408,GS1030,2019,0.0,712.0
72409,GS1030,2020,0.0,1403.0
72410,GS1030,2021,0.0,301.0
72412,GS1030,2023,0.0,4.0
72439,GS10309,2019,34439.0,2837.0
72440,GS10309,2020,0.0,17399.0
72441,GS10309,2021,0.0,13951.0
72442,GS10309,2022,0.0,197.0
72443,GS10309,2023,0.0,9.0
72444,GS10309,2024,0.0,9.0
72467,GS1031,2016,13762.0,10308.0
72468,GS1031,2017,0.0,81855.0
72469,GS1031,2018,0.0,216.0
72470,GS1031,2019,0.0,9935.0
72471,GS1031,2020,0.0,5100.0
72472,GS1031,2021,0.0,2260.0
72560,GS1033,2016,4688.0,0.0
72561,GS1033,2017,0.0,2257.0
72562,GS1033,2018,0.0,264.0
72563,GS1033,2019,0.0,137.0
72564,GS1033,2020,13622.0,8502.0
72565,GS1033,2021,0.0,6592.0
72566,GS1033,2022,0.0,2453.0
72567,GS1033,2023,13714.0,8127.0
72568,GS1033,2024,0.0,38.0
72569,GS1033,2025,0.0,115.0
72570,GS1033,2026,0.0,79.0
72591,GS1034,2016,0.0,109737.0
72592,GS1034,2017,73207.0,64193.0
72593,GS1034,2018,0.0,57256.0
72594,GS1034,2019,149807.0,2363.0
72595,GS1034,2020,0.0,104589.0
72596,GS1034,2021,0.0,29947.0
72597,GS1034,2022,0.0,5443.0
72598,GS1034,2023,0.0,63.0
72599,GS1034,2024,0.0,119.0
72600,GS1034,2025,0.0,30.0
72601,GS1034,2026,206109.0,1123.0
72656,GS10355,2019,39680.0,0.0
72657,GS10355,2020,0.0,25677.0
72658,GS10355,2021,0.0,12992.0
72659,GS10355,2022,0.0,1011.0
72715,GS1038,2016,0.0,36.0
72716,GS1038,2017,0.0,5174.0
72717,GS1038,2018,0.0,1081.0
72718,GS1038,2019,0.0,1436.0
72725,GS1038,2026,0.0,58.0
72746,GS1039,2016,0.0,629.0
72777,GS1040,2016,0.0,1098.0
72787,GS1040,2026,0.0,17.0
72814,GS1041,2022,273212.0,0.0
72842,GS10410,2019,75000.0,0.0
72843,GS10410,2020,0.0,39375.0
72844,GS10410,2021,0.0,34207.0
72845,GS10410,2022,0.0,1418.0
72873,GS10411,2019,20000.0,2973.0
72874,GS10411,2020,0.0,5775.0
72875,GS10411,2021,0.0,408.0
72876,GS10411,2022,0.0,10266.0
72877,GS10411,2023,0.0,12.0
72878,GS10411,2024,0.0,3.0
72901,GS1042,2016,7500.0,56882.0
72902,GS1042,2017,32669.0,25157.0
72903,GS1042,2018,41000.0,32451.0
72904,GS1042,2019,88645.0,13847.0
72905,GS1042,2020,0.0,65056.0
72906,GS1042,2021,0.0,30397.0
72907,GS1042,2022,0.0,17105.0
72908,GS1042,2023,161996.0,20111.0
72909,GS1042,2024,0.0,16548.0
72910,GS1042,2025,0.0,17934.0
72911,GS1042,2026,0.0,3348.0
72932,GS1044,2016,0.0,13247.0
72934,GS1044,2018,0.0,196.0
72935,GS1044,2019,0.0,13091.0
72938,GS1044,2022,277803.0,66565.0
72939,GS1044,2023,142971.0,85620.0
72940,GS1044,2024,74027.0,144517.0
72941,GS1044,2025,76725.0,144613.0
72942,GS1044,2026,0.0,14250.0
73000,GS10457,2022,14409.0,0.0
73001,GS10457,2023,41166.0,14409.0
73002,GS10457,2024,58260.0,1813.0
73003,GS10457,2025,0.0,3051.0
73004,GS10457,2026,0.0,1165.0
73060,GS10459,2020,500.0,500.0
73125,GS10466,2023,9244.0,0.0
73127,GS10466,2025,10828.0,0.0
73180,GS1049,2016,245608.0,27836.0
73181,GS1049,2017,0.0,147693.0
73182,GS1049,2018,200457.0,173160.0
73183,GS1049,2019,489863.0,36500.0
73184,GS1049,2020,0.0,31678.0
73185,GS1049,2021,0.0,92390.0
73186,GS1049,2022,0.0,433743.0
73187,GS1049,2023,362126.0,173457.0
73188,GS1049,2024,120135.0,67601.0
73189,GS1049,2025,0.0,34633.0
73190,GS1049,2026,0.0,60650.0
73251,GS10529,2025,132211.0,180.0
73252,GS10529,2026,0.0,3995.0
73279,GS1054,2022,149300.0,0.0
73282,GS1054,2025,216022.0,1866.0
73309,GS1055,2021,114556.0,0.0
73310,GS1055,2022,0.0,1174.0
73368,GS1059,2018,2846.0,1970.0
73369,GS1059,2019,0.0,820.0
73370,GS1059,2020,0.0,26.0
73371,GS1059,2021,4268.0,0.0
73372,GS1059,2022,0.0,3788.0
73373,GS1059,2023,0.0,483.0
73374,GS1059,2024,0.0,27.0
73376,GS1059,2026,0.0,28.0
73397,GS1060,2016,23935.0,0.0
73398,GS1060,2017,43357.0,0.0
73399,GS1060,2018,47637.0,0.0
73400,GS1060,2019,44945.0,0.0
73401,GS1060,2020,44770.0,0.0
73402,GS1060,2021,39164.0,0.0
73404,GS1060,2023,35800.0,0.0
73405,GS1060,2024,38446.0,10750.0
73406,GS1060,2025,35133.0,44008.0
73407,GS1060,2026,0.0,1873.0
73428,GS1061,2016,244503.0,12171.0
73429,GS1061,2017,0.0,15492.0
73430,GS1061,2018,0.0,4058.0
73432,GS1061,2020,0.0,12900.0
73433,GS1061,2021,0.0,23384.0
73434,GS1061,2022,493769.0,119683.0
73435,GS1061,2023,429098.0,56840.0
73436,GS1061,2024,0.0,121833.0
73437,GS1061,2025,0.0,175941.0
73438,GS1061,2026,0.0,2528.0
73491,GS1064,2017,9287.0,19397.0
73492,GS1064,2018,20000.0,19600.0
73496,GS1064,2022,0.0,400.0
73618,GS10656,2020,104978.0,0.0
73619,GS10656,2021,0.0,22.0
73620,GS10656,2022,0.0,104942.0
73650,GS10657,2021,10499.0,10000.0
73651,GS10657,2022,9019.0,9518.0
73652,GS10657,2023,7933.0,2673.0
73653,GS10657,2024,7772.0,13032.0
73655,GS10657,2026,7596.0,0.0
73681,GS10658,2021,7778.0,3933.0
73682,GS10658,2022,7651.0,8538.0
73683,GS10658,2023,6529.0,5338.0
73684,GS10658,2024,6529.0,6968.0
73685,GS10658,2025,0.0,2041.0
73686,GS10658,2026,5900.0,0.0
73712,GS10659,2021,10517.0,0.0
73713,GS10659,2022,9012.0,10517.0
73714,GS10659,2023,7760.0,7000.0
73715,GS10659,2024,7762.0,2707.0
73716,GS10659,2025,0.0,11435.0
73717,GS10659,2026,7729.0,1246.0
73773,GS10661,2020,104822.0,0.0
73775,GS10661,2022,0.0,104822.0
73804,GS10662,2020,140236.0,0.0
73806,GS10662,2022,0.0,140236.0
73839,GS10663,2024,9498.0,0.0
73840,GS10663,2025,0.0,5600.0
73870,GS10664,2024,8233.0,0.0
73871,GS10664,2025,0.0,1194.0
73872,GS10664,2026,0.0,650.0
73901,GS10665,2024,6532.0,0.0
73902,GS10665,2025,0.0,2986.0
74049,GS1067,2017,0.0,2933.0
74050,GS1067,2018,0.0,770.0
74051,GS1067,2019,0.0,59.0
74052,GS1067,2020,325412.0,77055.0
74053,GS1067,2021,0.0,29416.0
74054,GS1067,2022,99645.0,35312.0
74055,GS1067,2023,0.0,55599.0
74056,GS1067,2024,0.0,41423.0
74057,GS1067,2025,154412.0,38743.0
74058,GS1067,2026,0.0,5319.0
74298,GS1068,2018,0.0,4205.0
74301,GS1068,2021,0.0,6000.0
74302,GS1068,2022,0.0,11205.0
74303,GS1068,2023,0.0,101887.0
74304,GS1068,2024,0.0,114005.0
74305,GS1068,2025,122614.0,242208.0
74306,GS1068,2026,213038.0,134000.0
74364,GS10710,2022,80997.0,0.0
74365,GS10710,2023,79572.0,79755.0
74366,GS10710,2024,73828.0,77865.0
74367,GS10710,2025,79706.0,65718.0
74368,GS10710,2026,0.0,1723.0
74428,GS10712,2024,38531.0,0.0
74429,GS10712,2025,0.0,36171.0
74430,GS10712,2026,159016.0,3908.0
74550,GS10716,2022,131694.0,0.0
74551,GS10716,2023,1187221.0,43750.0
74552,GS10716,2024,642578.0,480851.0
74553,GS10716,2025,0.0,22648.0
74612,GS10718,2022,1434.0,1434.0
74614,GS10718,2024,15319.0,0.0
74616,GS10718,2026,9035.0,1525.0
74668,GS1072,2016,0.0,65891.0
74669,GS1072,2017,0.0,8330.0
74670,GS1072,2018,0.0,3317.0
74671,GS1072,2019,0.0,1003.0
74672,GS1072,2020,0.0,1498.0
74673,GS1072,2021,0.0,22703.0
74674,GS1072,2022,0.0,12594.0
74675,GS1072,2023,0.0,26274.0
74676,GS1072,2024,91871.0,38135.0
74677,GS1072,2025,0.0,4539.0
74678,GS1072,2026,0.0,1162.0
74799,GS10725,2023,20327.0,0.0
74800,GS10725,2024,9198.0,6867.0
74801,GS10725,2025,9671.0,7649.0
74802,GS10725,2026,0.0,7810.0
74830,GS10726,2023,19518.0,0.0
74831,GS10726,2024,8891.0,7061.0
74832,GS10726,2025,10000.0,8000.0
74833,GS10726,2026,0.0,3621.0
74947,GS1073,2016,43865.0,0.0
74948,GS1073,2017,0.0,875.0
74952,GS1073,2021,0.0,28241.0
74953,GS1073,2022,0.0,14435.0
74954,GS1073,2023,0.0,50.0
74955,GS1073,2024,0.0,264.0
75139,GS10735,2022,2755.0,5.0
75140,GS10735,2023,0.0,1382.0
75141,GS10735,2024,8532.0,1032.0
75142,GS10735,2025,16628.0,178.0
75143,GS10735,2026,0.0,76.0
75170,GS10736,2022,5758.0,0.0
75171,GS10736,2023,0.0,1856.0
75172,GS10736,2024,10000.0,1924.0
75173,GS10736,2025,17005.0,49.0
75203,GS10737,2024,3402.0,0.0
75204,GS10737,2025,10785.0,0.0
75233,GS10738,2023,35742.0,24747.0
75234,GS10738,2024,41107.0,31915.0
75235,GS10738,2025,0.0,9022.0
75262,GS10739,2021,20793.0,0.0
75289,GS1074,2017,26499.0,0.0
75290,GS1074,2018,37000.0,6427.0
75291,GS1074,2019,4246.0,11522.0
75292,GS1074,2020,0.0,11992.0
75293,GS1074,2021,41242.0,16905.0
75294,GS1074,2022,0.0,47554.0
75295,GS1074,2023,0.0,1074.0
75296,GS1074,2024,18433.0,8998.0
75297,GS1074,2025,22985.0,10522.0
75298,GS1074,2026,0.0,13748.0
75326,GS10740,2023,12658.0,0.0
75327,GS10740,2024,11569.0,12575.0
75328,GS10740,2025,0.0,700.0
75329,GS10740,2026,10000.0,142.0
75357,GS10741,2023,9941.0,1000.0
75358,GS10741,2024,11566.0,8858.0
75359,GS10741,2025,0.0,5000.0
75360,GS10741,2026,10000.0,1663.0
75388,GS10742,2023,8766.0,0.0
75389,GS10742,2024,11547.0,8685.0
75390,GS10742,2025,0.0,2971.0
75391,GS10742,2026,10000.0,0.0
75481,GS10776,2023,6238.0,965.0
75482,GS10776,2024,0.0,1175.0
75483,GS10776,2025,0.0,2948.0
75484,GS10776,2026,0.0,600.0
75511,GS10777,2022,4547.0,4540.0
75512,GS10777,2023,4563.0,0.0
75513,GS10777,2024,3497.0,2460.0
75514,GS10777,2025,0.0,1092.0
75515,GS10777,2026,5187.0,1018.0
75542,GS10778,2022,9324.0,8789.0
75543,GS10778,2023,10000.0,8813.0
75544,GS10778,2024,10000.0,9601.0
75545,GS10778,2025,10000.0,10944.0
75546,GS10778,2026,10000.0,368.0
75573,GS10779,2022,9156.0,5740.0
75574,GS10779,2023,10000.0,5585.0
75575,GS10779,2024,10000.0,13369.0
75576,GS10779,2025,10000.0,10366.0
75577,GS10779,2026,10000.0,103.0
75599,GS1078,2017,36353.0,1.0
75600,GS1078,2018,25897.0,60098.0
75601,GS1078,2019,33059.0,4727.0
75602,GS1078,2020,43422.0,6711.0
75603,GS1078,2021,44621.0,61428.0
75604,GS1078,2022,0.0,27889.0
75605,GS1078,2023,27866.0,37055.0
75606,GS1078,2024,0.0,9963.0
75607,GS1078,2025,0.0,3073.0
75608,GS1078,2026,0.0,400.0
75635,GS10780,2022,9262.0,2678.0
75636,GS10780,2023,10000.0,9835.0
75637,GS10780,2024,10000.0,9113.0
75638,GS10780,2025,10000.0,10149.0
75639,GS10780,2026,10000.0,401.0
75666,GS10781,2022,2344.0,2344.0
75667,GS10781,2023,9895.0,9734.0
75668,GS10781,2024,10000.0,9800.0
75669,GS10781,2025,10000.0,9800.0
75670,GS10781,2026,10000.0,0.0
75696,GS10782,2021,43065.0,26359.0
75697,GS10782,2022,41661.0,29421.0
75698,GS10782,2023,41734.0,36374.0
75699,GS10782,2024,0.0,24624.0
75701,GS10782,2026,62256.0,0.0
75728,GS10783,2022,10000.0,10000.0
75729,GS10783,2023,8766.0,6882.0
75730,GS10783,2024,8584.0,4088.0
75731,GS10783,2025,0.0,1200.0
75732,GS10783,2026,7328.0,5180.0
75759,GS10784,2022,9911.0,9688.0
75760,GS10784,2023,8045.0,8268.0
75761,GS10784,2024,7763.0,2616.0
75763,GS10784,2026,6986.0,5147.0
75851,GS10788,2021,4488.0,0.0
75853,GS10788,2023,6473.0,43.0
75854,GS10788,2024,10545.0,172.0
75855,GS10788,2025,13020.0,0.0
75914,GS10790,2022,1062310.0,43736.0
75915,GS10790,2023,565852.0,53172.0
75916,GS10790,2024,1039765.0,297789.0
75917,GS10790,2025,234205.0,581501.0
75918,GS10790,2026,0.0,517162.0
75946,GS10791,2023,124618.0,0.0
75947,GS10791,2024,515251.0,0.0
75948,GS10791,2025,325476.0,147543.0
75949,GS10791,2026,299036.0,12829.0
75977,GS10792,2023,31127.0,0.0
75978,GS10792,2024,149059.0,0.0
75979,GS10792,2025,146597.0,103.0
75980,GS10792,2026,96459.0,0.0
76009,GS10793,2024,29442.0,0.0
76011,GS10793,2026,45394.0,0.0
76040,GS10794,2024,161117.0,30000.0
76041,GS10794,2025,0.0,98190.0
76042,GS10794,2026,0.0,8005.0
76102,GS10796,2024,205.0,0.0
76103,GS10796,2025,1578.0,1500.0
76134,GS10797,2025,60905.0,397.0
76135,GS10797,2026,0.0,28499.0
76164,GS10798,2024,75535.0,19038.0
76165,GS10798,2025,0.0,42517.0
76166,GS10798,2026,143979.0,10268.0
76193,GS10799,2022,7593.0,1139.0
76194,GS10799,2023,0.0,2212.0
76195,GS10799,2024,17353.0,2958.0
76196,GS10799,2025,9842.0,10215.0
76197,GS10799,2026,0.0,2126.0
76224,GS10800,2022,7701.0,1115.0
76225,GS10800,2023,0.0,3355.0
76226,GS10800,2024,16781.0,0.0
76227,GS10800,2025,9534.0,10706.0
76228,GS10800,2026,0.0,280.0
76255,GS10801,2022,7376.0,246.0
76256,GS10801,2023,0.0,2628.0
76257,GS10801,2024,15794.0,3761.0
76258,GS10801,2025,10000.0,10537.0
76259,GS10801,2026,0.0,129.0
76286,GS10802,2022,7024.0,4293.0
76287,GS10802,2023,0.0,2705.0
76288,GS10802,2024,15934.0,2783.0
76289,GS10802,2025,9769.0,7649.0
76290,GS10802,2026,0.0,181.0
76317,GS10803,2022,6711.0,3056.0
76318,GS10803,2023,0.0,3646.0
76319,GS10803,2024,15752.0,2723.0
76320,GS10803,2025,10000.0,7411.0
76321,GS10803,2026,0.0,1347.0
76348,GS10804,2022,7359.0,5010.0
76349,GS10804,2023,0.0,854.0
76350,GS10804,2024,16638.0,3388.0
76351,GS10804,2025,10000.0,7218.0
76352,GS10804,2026,0.0,1100.0
76379,GS10805,2022,6171.0,6068.0
76381,GS10805,2024,15686.0,30.0
76382,GS10805,2025,8999.0,4749.0
76383,GS10805,2026,0.0,4265.0
76410,GS10806,2022,5550.0,0.0
76411,GS10806,2023,6420.0,2368.0
76412,GS10806,2024,10000.0,6051.0
76414,GS10806,2026,10000.0,9346.0
76441,GS10807,2022,2862.0,0.0
76442,GS10807,2023,5122.0,2779.0
76443,GS10807,2024,7757.0,0.0
76445,GS10807,2026,10000.0,22962.0
76473,GS10808,2023,52596.0,0.0
76474,GS10808,2024,24727.0,29736.0
76475,GS10808,2025,37110.0,2437.0
76503,GS10809,2022,16909.0,0.0
76504,GS10809,2023,29054.0,0.0
76505,GS10809,2024,24459.0,32101.0
76506,GS10809,2025,30164.0,2927.0
76507,GS10809,2026,0.0,2747.0
76533,GS10810,2021,67282.0,0.0
76564,GS10811,2021,57614.0,0.0
76595,GS10812,2021,141370.0,0.0
76598,GS10812,2024,64165.0,63922.0
76599,GS10812,2025,71865.0,253.0
76600,GS10812,2026,57570.0,7500.0
76626,GS10813,2021,136047.0,0.0
76629,GS10813,2024,62749.0,53901.0
76630,GS10813,2025,64950.0,8848.0
76631,GS10813,2026,56112.0,0.0
76752,GS10821,2023,67737.0,53637.0
76753,GS10821,2024,36462.0,44808.0
76754,GS10821,2025,37240.0,5848.0
76755,GS10821,2026,0.0,33950.0
76814,GS10823,2023,760.0,0.0
76816,GS10823,2025,4750.0,288.0
76876,GS10825,2023,56115.0,49281.0
76877,GS10825,2024,36462.0,37315.0
76878,GS10825,2025,37240.0,4529.0
76879,GS10825,2026,0.0,17950.0
76906,GS10826,2022,9032.0,0.0
76907,GS10826,2023,10299.0,8670.0
76908,GS10826,2024,0.0,835.0
76909,GS10826,2025,0.0,279.0
76910,GS10826,2026,0.0,9304.0
76937,GS10827,2022,6232.0,0.0
76938,GS10827,2023,10300.0,6205.0
76939,GS10827,2024,0.0,790.0
76940,GS10827,2025,0.0,1960.0
76941,GS10827,2026,0.0,7345.0
76968,GS10828,2022,3882.0,0.0
76969,GS10828,2023,10300.0,3699.0
76970,GS10828,2024,0.0,790.0
76971,GS10828,2025,0.0,9305.0
76972,GS10828,2026,0.0,166.0
77024,GS1083,2016,0.0,230543.0
77025,GS1083,2017,0.0,360004.0
77026,GS1083,2018,1072197.0,254233.0
77027,GS1083,2019,0.0,204455.0
77028,GS1083,2020,709192.0,354285.0
77029,GS1083,2021,0.0,736775.0
77030,GS1083,2022,0.0,107732.0
77031,GS1083,2023,0.0,90672.0
77032,GS1083,2024,0.0,148650.0
77033,GS1083,2025,0.0,17908.0
77034,GS1083,2026,0.0,414.0
77059,GS10830,2020,7500.0,0.0
77063,GS10830,2024,0.0,7500.0
77124,GS10832,2023,1798.0,0.0
77126,GS10832,2025,1335.0,1631.0
77127,GS10832,2026,0.0,262.0
77216,GS10866,2022,7296.0,0.0
77217,GS10866,2023,6245.0,0.0
77312,GS10869,2025,44878.0,0.0
77339,GS10872,2021,6159.0,6159.0
77340,GS10872,2022,9036.0,9036.0
77341,GS10872,2023,9680.0,9680.0
77343,GS10872,2025,6113.0,0.0
77344,GS10872,2026,0.0,5500.0
77370,GS10873,2021,4966.0,4966.0
77371,GS10873,2022,10000.0,10000.0
77372,GS10873,2023,10000.0,10000.0
77374,GS10873,2025,6870.0,0.0
77529,GS10878,2025,108777.0,6507.0
77530,GS10878,2026,111882.0,4447.0
77558,GS10879,2023,77633.0,72310.0
77559,GS10879,2024,100419.0,26069.0
77560,GS10879,2025,129671.0,73206.0
77561,GS10879,2026,0.0,80622.0
77651,GS10885,2023,167182.0,0.0
77652,GS10885,2024,53856.0,84.0
77653,GS10885,2025,42913.0,0.0
77681,GS10886,2022,78329.0,51028.0
77682,GS10886,2023,58143.0,42714.0
77683,GS10886,2024,0.0,31214.0
77684,GS10886,2025,50834.0,28350.0
77713,GS10887,2023,37350.0,0.0
77714,GS10887,2024,28388.0,0.0
77715,GS10887,2025,25827.0,76050.0
77744,GS10888,2023,61718.0,8.0
77745,GS10888,2024,0.0,13911.0
77746,GS10888,2025,22485.0,55459.0
77775,GS10889,2023,52028.0,10.0
77776,GS10889,2024,29175.0,0.0
77777,GS10889,2025,34611.0,70680.0
77806,GS10890,2023,58461.0,164.0
77807,GS10890,2024,37432.0,39261.0
77808,GS10890,2025,39618.0,38081.0
77867,GS10897,2022,2827.0,0.0
77868,GS10897,2023,0.0,2827.0
77869,GS10897,2024,2933.0,0.0
77870,GS10897,2025,2749.0,0.0
77871,GS10897,2026,2940.0,0.0
77928,GS10899,2021,14578.0,0.0
77929,GS10899,2022,0.0,10291.0
77960,GS1090,2022,47132.0,2801.0
77963,GS1090,2025,94414.0,0.0
77990,GS10900,2021,23266.0,0.0
77991,GS10900,2022,0.0,465.0
77992,GS10900,2023,23545.0,0.0
77993,GS10900,2024,34980.0,34531.0
77994,GS10900,2025,17639.0,31764.0
78021,GS10901,2021,23266.0,0.0
78022,GS10901,2022,0.0,465.0
78023,GS10901,2023,28482.0,14889.0
78024,GS10901,2024,39022.0,39910.0
78025,GS10901,2025,14880.0,13054.0
78026,GS10901,2026,0.0,208.0
78052,GS10902,2021,23266.0,0.0
78053,GS10902,2022,0.0,465.0
78054,GS10902,2023,32517.0,22801.0
78055,GS10902,2024,46627.0,48494.0
78056,GS10902,2025,16668.0,17415.0
78057,GS10902,2026,0.0,7185.0
78083,GS10903,2021,23266.0,0.0
78084,GS10903,2022,53996.0,19744.0
78085,GS10903,2023,17967.0,11382.0
78086,GS10903,2024,110071.0,42345.0
78087,GS10903,2025,50677.0,28395.0
78088,GS10903,2026,0.0,37611.0
78114,GS10904,2021,23266.0,0.0
78115,GS10904,2022,53996.0,17337.0
78116,GS10904,2023,17916.0,23176.0
78117,GS10904,2024,97502.0,30735.0
78118,GS10904,2025,54850.0,28036.0
78119,GS10904,2026,0.0,33367.0
78145,GS10905,2021,23266.0,0.0
78146,GS10905,2022,53996.0,465.0
78147,GS10905,2023,17864.0,23176.0
78148,GS10905,2024,96473.0,57186.0
78149,GS10905,2025,59859.0,32622.0
78150,GS10905,2026,0.0,57307.0
78176,GS10906,2021,23266.0,0.0
78177,GS10906,2022,53996.0,465.0
78178,GS10906,2023,18067.0,24917.0
78179,GS10906,2024,90881.0,51897.0
78180,GS10906,2025,55856.0,14756.0
78181,GS10906,2026,0.0,9640.0
78207,GS10907,2021,23266.0,0.0
78208,GS10907,2022,53996.0,465.0
78209,GS10907,2023,35936.0,0.0
78210,GS10907,2024,37281.0,36812.0
78211,GS10907,2025,38167.0,26874.0
78212,GS10907,2026,0.0,21064.0
78238,GS10908,2021,23266.0,0.0
78239,GS10908,2022,53996.0,765.0
78240,GS10908,2023,37504.0,7602.0
78241,GS10908,2024,40900.0,36069.0
78242,GS10908,2025,38167.0,19887.0
78269,GS10909,2021,23266.0,0.0
78270,GS10909,2022,53996.0,465.0
78271,GS10909,2023,39072.0,23570.0
78272,GS10909,2024,40913.0,51030.0
78273,GS10909,2025,38279.0,18756.0
78299,GS1091,2020,154226.0,129198.0
78300,GS1091,2021,0.0,50.0
78301,GS1091,2022,0.0,1479.0
78302,GS1091,2023,158647.0,10999.0
78303,GS1091,2024,0.0,72975.0
78304,GS1091,2025,203742.0,1647.0
78331,GS10910,2021,23266.0,0.0
78332,GS10910,2022,53996.0,13465.0
78333,GS10910,2023,40205.0,0.0
78334,GS10910,2024,40717.0,58117.0
78335,GS10910,2025,40399.0,21106.0
78336,GS10910,2026,0.0,219.0
78362,GS10911,2021,18118.0,0.0
78363,GS10911,2022,44265.0,16845.0
78364,GS10911,2023,42640.0,23699.0
78365,GS10911,2024,41501.0,28846.0
78366,GS10911,2025,35598.0,17293.0
78367,GS10911,2026,0.0,3430.0
78393,GS10912,2021,18118.0,0.0
78394,GS10912,2022,43543.0,18879.0
78395,GS10912,2023,42640.0,15331.0
78396,GS10912,2024,41501.0,30692.0
78397,GS10912,2025,35598.0,23084.0
78398,GS10912,2026,0.0,1420.0
78424,GS10913,2021,18118.0,0.0
78425,GS10913,2022,43338.0,362.0
78426,GS10913,2023,42640.0,29426.0
78427,GS10913,2024,41501.0,45185.0
78428,GS10913,2025,35972.0,1697.0
78429,GS10913,2026,0.0,1173.0
78455,GS10914,2021,18118.0,0.0
78456,GS10914,2022,42895.0,4402.0
78457,GS10914,2023,42640.0,20956.0
78458,GS10914,2024,41501.0,26783.0
78459,GS10914,2025,37031.0,19307.0
78460,GS10914,2026,0.0,3186.0
78486,GS10915,2021,18118.0,0.0
78487,GS10915,2022,42051.0,18118.0
78488,GS10915,2023,32800.0,13723.0
78489,GS10915,2024,31924.0,16205.0
78490,GS10915,2025,28485.0,31287.0
78517,GS10916,2021,18118.0,0.0
78518,GS10916,2022,42051.0,18118.0
78519,GS10916,2023,32800.0,6733.0
78520,GS10916,2024,31924.0,31808.0
78521,GS10916,2025,28485.0,22674.0
78548,GS10917,2021,18118.0,0.0
78549,GS10917,2022,42051.0,14850.0
78550,GS10917,2023,32800.0,5000.0
78551,GS10917,2024,31924.0,215.0
78552,GS10917,2025,28485.0,35069.0
78553,GS10917,2026,0.0,3428.0
78579,GS10918,2021,18118.0,0.0
78580,GS10918,2022,42051.0,4528.0
78581,GS10918,2023,32800.0,16177.0
78582,GS10918,2024,31924.0,35546.0
78583,GS10918,2025,28485.0,27376.0
78584,GS10918,2026,0.0,1872.0
78610,GS10919,2021,8455.0,0.0
78611,GS10919,2022,19623.0,0.0
78612,GS10919,2023,15306.0,0.0
78613,GS10919,2024,14897.0,28920.0
78614,GS10919,2025,13293.0,7904.0
78615,GS10919,2026,0.0,5860.0
78672,GS10920,2021,8455.0,0.0
78673,GS10920,2022,19623.0,0.0
78674,GS10920,2023,15306.0,0.0
78675,GS10920,2024,14897.0,29056.0
78676,GS10920,2025,13293.0,8004.0
78677,GS10920,2026,0.0,4531.0
78703,GS10921,2021,8260.0,0.0
78704,GS10921,2022,19171.0,1017.0
78705,GS10921,2023,14955.0,8611.0
78706,GS10921,2024,14554.0,19871.0
78707,GS10921,2025,12987.0,3044.0
78708,GS10921,2026,0.0,5590.0
78737,GS10922,2024,7461.0,529.0
78738,GS10922,2025,10000.0,6932.0
78739,GS10922,2026,10000.0,6480.0
78768,GS10923,2024,7264.0,7264.0
78769,GS10923,2025,10000.0,0.0
78770,GS10923,2026,10000.0,6004.0
78799,GS10924,2024,2559.0,2559.0
78800,GS10924,2025,9040.0,0.0
78801,GS10924,2026,10000.0,0.0
78831,GS10925,2025,8147.0,0.0
78832,GS10925,2026,10000.0,0.0
78862,GS10926,2025,8363.0,0.0
78863,GS10926,2026,10000.0,0.0
78894,GS10927,2026,4836.0,0.0
78925,GS10928,2026,3754.0,0.0
78977,GS1094,2016,4983.0,0.0
78978,GS1094,2017,0.0,16.0
78979,GS1094,2018,0.0,872.0
78980,GS1094,2019,9649.0,320.0
78981,GS1094,2020,0.0,6030.0
78982,GS1094,2021,9429.0,4621.0
78983,GS1094,2022,0.0,4357.0
78984,GS1094,2023,0.0,3140.0
78985,GS1094,2024,7927.0,7770.0
78987,GS1094,2026,0.0,3113.0
79008,GS1095,2016,4918.0,0.0
79009,GS1095,2017,0.0,11.0
79010,GS1095,2018,0.0,7713.0
79011,GS1095,2019,9023.0,0.0
79012,GS1095,2020,0.0,3851.0
79013,GS1095,2021,9118.0,6507.0
79014,GS1095,2022,0.0,4568.0
79015,GS1095,2023,0.0,2065.0
79016,GS1095,2024,8425.0,8659.0
79070,GS1096,2016,4906.0,0.0
79071,GS1096,2017,0.0,1121.0
79072,GS1096,2018,0.0,8219.0
79073,GS1096,2019,9386.0,91.0
79074,GS1096,2020,0.0,6779.0
79075,GS1096,2021,9217.0,5516.0
79076,GS1096,2022,0.0,5261.0
79077,GS1096,2023,0.0,427.0
79078,GS1096,2024,8470.0,8561.0
79294,GS10967,2023,660594.0,106342.0
79295,GS10967,2024,616492.0,296332.0
79296,GS10967,2025,587040.0,849720.0
79297,GS10967,2026,0.0,52791.0
79325,GS10968,2023,9391.0,16.0
79326,GS10968,2024,45128.0,91.0
79328,GS10968,2026,55175.0,48932.0
79380,GS1097,2016,4890.0,0.0
79381,GS1097,2017,0.0,541.0
79382,GS1097,2018,0.0,2200.0
79383,GS1097,2019,9129.0,0.0
79384,GS1097,2020,0.0,4899.0
79385,GS1097,2021,8999.0,7397.0
79386,GS1097,2022,0.0,2083.0
79387,GS1097,2023,0.0,1822.0
79388,GS1097,2024,9531.0,9862.0
79389,GS1097,2025,0.0,2000.0
79390,GS1097,2026,0.0,642.0
79418,GS10970,2023,593.0,0.0
79419,GS10970,2024,84650.0,17427.0
79420,GS10970,2025,61002.0,265.0
79510,GS10974,2022,69556.0,0.0
79511,GS10974,2023,43469.0,29.0
79512,GS10974,2024,0.0,44422.0
79513,GS10974,2025,110276.0,840.0
79543,GS10975,2024,124091.0,0.0
79544,GS10975,2025,0.0,15520.0
79545,GS10975,2026,0.0,13096.0
79572,GS10976,2022,68732.0,66830.0
79573,GS10976,2023,42889.0,0.0
79574,GS10976,2024,0.0,57.0
79575,GS10976,2025,109021.0,829.0
79603,GS10977,2022,68917.0,40000.0
79604,GS10977,2023,42962.0,0.0
79605,GS10977,2024,0.0,1275.0
79606,GS10977,2025,109202.0,831.0
79634,GS10978,2022,68595.0,15000.0
79635,GS10978,2023,42719.0,1561.0
79636,GS10978,2024,0.0,21583.0
79637,GS10978,2025,109711.0,826.0
79665,GS10979,2022,69619.0,0.0
79666,GS10979,2023,43382.0,44439.0
79667,GS10979,2024,0.0,1445.0
79668,GS10979,2025,109433.0,839.0
79690,GS1098,2016,9170.0,50.0
79691,GS1098,2017,0.0,2000.0
79692,GS1098,2018,6851.0,14263.0
79693,GS1098,2019,0.0,691.0
79694,GS1098,2020,8730.0,142.0
79695,GS1098,2021,0.0,451.0
79696,GS1098,2022,0.0,2215.0
79697,GS1098,2023,5959.0,5809.0
79698,GS1098,2024,0.0,11527.0
79699,GS1098,2025,8945.0,1581.0
79727,GS10980,2022,69183.0,0.0
79728,GS10980,2023,43061.0,16912.0
79729,GS10980,2024,0.0,1435.0
79730,GS10980,2025,110700.0,833.0
79758,GS10981,2022,69343.0,0.0
79759,GS10981,2023,43180.0,18015.0
79760,GS10981,2024,0.0,6404.0
79761,GS10981,2025,112304.0,835.0
79789,GS10982,2022,63216.0,30178.0
79790,GS10982,2023,39368.0,14838.0
79791,GS10982,2024,0.0,18968.0
79792,GS10982,2025,104774.0,34610.0
79913,GS10987,2022,15535.0,12450.0
79914,GS10987,2023,0.0,3002.0
79916,GS10987,2025,50850.0,11933.0
79917,GS10987,2026,0.0,211.0
79945,GS10988,2023,18405.0,8516.0
79946,GS10988,2024,0.0,9868.0
79947,GS10988,2025,7455.0,0.0
79976,GS10989,2023,15198.0,5344.0
79977,GS10989,2024,0.0,9731.0
79978,GS10989,2025,7455.0,0.0
79979,GS10989,2026,0.0,24.0
80006,GS10990,2022,1869.0,0.0
80007,GS10990,2023,9427.0,1861.0
80008,GS10990,2024,0.0,724.0
80009,GS10990,2025,0.0,8516.0
80037,GS10991,2022,334.0,0.0
80038,GS10991,2023,9126.0,333.0
80039,GS10991,2024,0.0,1024.0
80040,GS10991,2025,0.0,7601.0
80041,GS10991,2026,0.0,280.0
80069,GS10992,2023,7941.0,0.0
80070,GS10992,2024,0.0,724.0
80072,GS10992,2026,0.0,7203.0
80100,GS10993,2023,6703.0,0.0
80101,GS10993,2024,0.0,2472.0
80102,GS10993,2025,0.0,474.0
80103,GS10993,2026,0.0,3565.0
80131,GS10994,2023,4215.0,0.0
80132,GS10994,2024,0.0,1762.0
80133,GS10994,2025,0.0,2439.0
80162,GS10995,2023,1357.0,175.0
80163,GS10995,2024,0.0,1172.0
80165,GS10995,2026,0.0,10.0
80310,GS1100,2016,7348.0,0.0
80312,GS1100,2018,6509.0,200.0
80313,GS1100,2019,0.0,146.0
80314,GS1100,2020,7527.0,129.0
80315,GS1100,2021,0.0,17163.0
80316,GS1100,2022,0.0,4249.0
80317,GS1100,2023,4903.0,375.0
80318,GS1100,2024,0.0,4903.0
80319,GS1100,2025,7605.0,0.0
80320,GS1100,2026,0.0,1601.0
80565,GS11007,2023,394.0,0.0
80566,GS11007,2024,76096.0,0.0
80568,GS11007,2026,64082.0,0.0
80651,GS1101,2016,8131.0,7500.0
80652,GS1101,2017,0.0,2557.0
80653,GS1101,2018,6569.0,200.0
80654,GS1101,2019,0.0,5563.0
80655,GS1101,2020,9223.0,129.0
80656,GS1101,2021,0.0,2259.0
80657,GS1101,2022,0.0,218.0
80658,GS1101,2023,5600.0,7152.0
80659,GS1101,2024,0.0,6103.0
80660,GS1101,2025,8680.0,302.0
80689,GS11010,2023,117992.0,8685.0
80690,GS11010,2024,0.0,27408.0
80691,GS11010,2025,55894.0,61913.0
80692,GS11010,2026,50595.0,48524.0
80720,GS11011,2023,10518.0,0.0
80721,GS11011,2024,0.0,8456.0
80722,GS11011,2025,57736.0,2062.0
80723,GS11011,2026,56712.0,11860.0
80751,GS11012,2023,6870.0,0.0
80752,GS11012,2024,11569.0,6870.0
80753,GS11012,2025,0.0,6744.0
80754,GS11012,2026,10000.0,0.0
80782,GS11013,2023,6010.0,0.0
80783,GS11013,2024,11569.0,6010.0
80784,GS11013,2025,0.0,11371.0
80785,GS11013,2026,10000.0,0.0
80813,GS11014,2023,3667.0,0.0
80814,GS11014,2024,11569.0,3667.0
80815,GS11014,2025,0.0,11371.0
80816,GS11014,2026,10000.0,0.0
80844,GS11015,2023,2145.0,0.0
80845,GS11015,2024,11569.0,2145.0
80846,GS11015,2025,0.0,11371.0
80847,GS11015,2026,10000.0,0.0
80875,GS11016,2023,2194.0,0.0
80876,GS11016,2024,11569.0,2194.0
80877,GS11016,2025,0.0,11371.0
80878,GS11016,2026,10000.0,0.0
80909,GS11017,2026,21490.0,1546.0
80940,GS11018,2026,21065.0,1129.0
80971,GS11019,2026,19122.0,232.0
81033,GS11020,2026,18749.0,0.0
81064,GS11021,2026,16094.0,0.0
81095,GS11022,2026,15756.0,0.0
81126,GS11023,2026,14538.0,0.0
81157,GS11024,2026,13987.0,0.0
81188,GS11025,2026,12314.0,1819.0
81219,GS11026,2026,6097.0,0.0
81310,GS11029,2024,20769.0,0.0
81311,GS11029,2025,0.0,12875.0
81312,GS11029,2026,0.0,5784.0
81333,GS1103,2016,8292.0,687.0
81334,GS1103,2017,0.0,8709.0
81335,GS1103,2018,6568.0,3858.0
81336,GS1103,2019,0.0,165.0
81337,GS1103,2020,9108.0,130.0
81338,GS1103,2021,0.0,1045.0
81339,GS1103,2022,0.0,568.0
81340,GS1103,2023,5465.0,9997.0
81341,GS1103,2024,0.0,5835.0
81342,GS1103,2025,8176.0,3566.0
81581,GS1104,2016,7438.0,0.0
81583,GS1104,2018,5883.0,0.0
81584,GS1104,2019,0.0,148.0
81585,GS1104,2020,8268.0,510.0
81586,GS1104,2021,0.0,9264.0
81587,GS1104,2022,0.0,8275.0
81588,GS1104,2023,5054.0,5480.0
81589,GS1104,2024,0.0,5523.0
81590,GS1104,2025,7567.0,4034.0
81591,GS1104,2026,0.0,1479.0
81619,GS11041,2023,5870.0,115.0
81620,GS11041,2024,5830.0,4286.0
81621,GS11041,2025,0.0,7299.0
81622,GS11041,2026,7016.0,0.0
81650,GS11042,2023,2271.0,0.0
81651,GS11042,2024,5764.0,1758.0
81652,GS11042,2025,0.0,6277.0
81653,GS11042,2026,6475.0,5000.0
81682,GS11043,2024,9372.0,0.0
81683,GS11043,2025,0.0,9372.0
81684,GS11043,2026,8548.0,5300.0
81713,GS11044,2024,3690.0,0.0
81714,GS11044,2025,0.0,3690.0
81715,GS11044,2026,7032.0,0.0
81744,GS11046,2024,5273.0,0.0
81745,GS11046,2025,6942.0,100.0
81746,GS11046,2026,0.0,100.0
81775,GS11047,2024,3890.0,1100.0
81776,GS11047,2025,6694.0,0.0
81777,GS11047,2026,0.0,601.0
81806,GS11048,2024,1600.0,0.0
81807,GS11048,2025,9914.0,0.0
81808,GS11048,2026,0.0,566.0
81837,GS11049,2024,827.0,0.0
81838,GS11049,2025,10340.0,0.0
81839,GS11049,2026,0.0,26.0
81862,GS1105,2018,17066.0,0.0
81863,GS1105,2019,0.0,268.0
81864,GS1105,2020,0.0,182.0
81900,GS11050,2025,8360.0,0.0
81931,GS11051,2025,6568.0,0.0
82455,GS11068,2022,72845.0,0.0
82456,GS11068,2023,41599.0,1963.0
82457,GS11068,2024,41585.0,12331.0
82458,GS11068,2025,0.0,58178.0
82459,GS11068,2026,0.0,4756.0
82518,GS11070,2023,7045.0,0.0
82519,GS11070,2024,10000.0,0.0
82520,GS11070,2025,10000.0,15575.0
82521,GS11070,2026,0.0,5828.0
82549,GS11071,2023,5413.0,0.0
82550,GS11071,2024,10000.0,288.0
82551,GS11071,2025,10000.0,14974.0
82581,GS11072,2024,9134.0,0.0
82582,GS11072,2025,10000.0,4568.0
82583,GS11072,2026,0.0,4566.0
82612,GS11073,2024,824.0,0.0
82613,GS11073,2025,10000.0,0.0
82614,GS11073,2026,0.0,726.0
82642,GS11074,2023,2599.0,2599.0
82643,GS11074,2024,9827.0,9631.0
82644,GS11074,2025,10000.0,9800.0
82645,GS11074,2026,10000.0,0.0
82674,GS11075,2024,247561.0,72.0
82675,GS11075,2025,240953.0,9726.0
82676,GS11075,2026,0.0,15462.0
82954,GS11083,2025,4744.0,0.0
83170,GS1109,2024,238276.0,8934.0
83171,GS1109,2025,0.0,187138.0
83172,GS1109,2026,73653.0,53834.0
83417,GS11098,2023,30311.0,0.0
83418,GS11098,2024,59964.0,18689.0
83419,GS11098,2025,58054.0,1503.0
83420,GS11098,2026,85162.0,1377.0
83541,GS11133,2023,34531.0,8.0
83542,GS11133,2024,56191.0,9794.0
83543,GS11133,2025,54293.0,5461.0
83544,GS11133,2026,78816.0,41188.0
83572,GS11134,2023,34877.0,100.0
83573,GS11134,2024,57324.0,937.0
83574,GS11134,2025,55457.0,5577.0
83575,GS11134,2026,80408.0,253.0
83603,GS11135,2023,22813.0,0.0
83604,GS11135,2024,59233.0,0.0
83605,GS11135,2025,59265.0,22813.0
83606,GS11135,2026,86391.0,33061.0
83634,GS11136,2023,33293.0,0.0
83635,GS11136,2024,59801.0,502.0
83636,GS11136,2025,57853.0,3666.0
83637,GS11136,2026,84205.0,36081.0
83665,GS11137,2023,22686.0,0.0
83666,GS11137,2024,57505.0,0.0
83667,GS11137,2025,56023.0,0.0
83668,GS11137,2026,81375.0,0.0
83699,GS11138,2026,61000.0,0.0
83789,GS11140,2023,158784.0,18798.0
83790,GS11140,2024,819906.0,346101.0
83791,GS11140,2025,684671.0,192987.0
83792,GS11140,2026,521743.0,69062.0
83943,GS11145,2022,275718.0,0.0
83944,GS11145,2023,308801.0,3511.0
83945,GS11145,2024,623326.0,123074.0
83946,GS11145,2025,221656.0,190009.0
83947,GS11145,2026,293245.0,445658.0
84006,GS11147,2023,35883.0,6378.0
84007,GS11147,2024,63774.0,30212.0
84008,GS11147,2025,0.0,6486.0
84009,GS11147,2026,0.0,42572.0
84038,GS11148,2024,103527.0,18322.0
84039,GS11148,2025,0.0,33233.0
84040,GS11148,2026,0.0,578.0
84068,GS11149,2023,35258.0,0.0
84069,GS11149,2024,67663.0,27216.0
84070,GS11149,2025,0.0,16868.0
84071,GS11149,2026,0.0,23939.0
84099,GS11150,2023,22397.0,10.0
84100,GS11150,2024,25749.0,14533.0
84101,GS11150,2025,51237.0,4657.0
84102,GS11150,2026,0.0,17416.0
84130,GS11151,2023,21951.0,0.0
84131,GS11151,2024,23854.0,19268.0
84132,GS11151,2025,51864.0,15085.0
84133,GS11151,2026,0.0,50827.0
84161,GS11152,2023,22402.0,3065.0
84162,GS11152,2024,26564.0,6450.0
84163,GS11152,2025,53289.0,38981.0
84164,GS11152,2026,0.0,52224.0
84192,GS11153,2023,10294.0,521.0
84193,GS11153,2024,25198.0,1653.0
84194,GS11153,2025,50543.0,33106.0
84195,GS11153,2026,0.0,49533.0
84222,GS11154,2022,18752.0,0.0
84223,GS11154,2023,0.0,3854.0
84224,GS11154,2024,0.0,2183.0
84225,GS11154,2025,0.0,1964.0
84254,GS11155,2023,2720.0,0.0
84255,GS11155,2024,10629.0,0.0
84256,GS11155,2025,0.0,10598.0
84412,GS11166,2026,689.0,0.0
84438,GS11167,2021,140256.0,0.0
84439,GS11167,2022,141156.0,0.0
84440,GS11167,2023,140002.0,17050.0
84441,GS11167,2024,0.0,51016.0
84442,GS11167,2025,136205.0,285398.0
84443,GS11167,2026,0.0,43721.0
84472,GS11169,2024,35808.0,9866.0
84473,GS11169,2025,25781.0,25873.0
84474,GS11169,2026,0.0,9153.0
84498,GS1117,2019,14905.0,0.0
84499,GS1117,2020,61235.0,0.0
84500,GS1117,2021,32124.0,0.0
84501,GS1117,2022,30637.0,0.0
84503,GS1117,2024,60415.0,9129.0
84504,GS1117,2025,29724.0,11385.0
84505,GS1117,2026,0.0,195.0
84535,GS11170,2025,16418.0,0.0
84536,GS11170,2026,0.0,794.0
84597,GS11173,2025,12024.0,0.0
84598,GS11173,2026,48952.0,0.0
84690,GS11176,2025,8786.0,0.0
84721,GS11177,2025,7575.0,0.0
84752,GS11178,2025,6739.0,0.0
84782,GS11179,2024,3912.0,0.0
84783,GS11179,2025,7737.0,0.0
84813,GS11180,2024,4504.0,0.0
84814,GS11180,2025,7516.0,0.0
84844,GS11181,2024,4401.0,0.0
84845,GS11181,2025,8320.0,0.0
84875,GS11182,2024,2974.0,0.0
84876,GS11182,2025,8342.0,0.0
84906,GS11183,2024,800.0,0.0
84907,GS11183,2025,8322.0,0.0
85000,GS11188,2025,1091.0,1051.0
85001,GS11188,2026,0.0,40.0
85091,GS11190,2023,16923.0,9300.0
85092,GS11190,2024,13755.0,0.0
85094,GS11190,2026,16539.0,12662.0
85152,GS11192,2022,24376.0,0.0
85153,GS11192,2023,24113.0,24376.0
85155,GS11192,2025,21399.0,0.0
85183,GS11193,2022,46104.0,0.0
85184,GS11193,2023,36194.0,42637.0
85185,GS11193,2024,0.0,3467.0
85186,GS11193,2025,38868.0,35471.0
85214,GS11194,2022,44431.0,0.0
85215,GS11194,2023,46139.0,19739.0
85216,GS11194,2024,0.0,24692.0
85217,GS11194,2025,39049.0,25301.0
85218,GS11194,2026,0.0,19916.0
85245,GS11195,2022,696.0,0.0
85246,GS11195,2023,904.0,0.0
85247,GS11195,2024,0.0,696.0
85248,GS11195,2025,993.0,0.0
85249,GS11195,2026,0.0,886.0
85276,GS11196,2022,31306.0,0.0
85277,GS11196,2023,29680.0,199.0
85279,GS11196,2025,24475.0,13848.0
85280,GS11196,2026,0.0,38766.0
85307,GS11197,2022,24502.0,0.0
85308,GS11197,2023,23236.0,7182.0
85309,GS11197,2024,0.0,6990.0
85310,GS11197,2025,19120.0,11258.0
85311,GS11197,2026,0.0,21354.0
85338,GS11198,2022,43038.0,0.0
85339,GS11198,2023,50090.0,0.0
85341,GS11198,2025,41617.0,42178.0
85342,GS11198,2026,0.0,25017.0
85369,GS11199,2022,35220.0,0.0
85370,GS11199,2023,50321.0,0.0
85372,GS11199,2025,43865.0,35011.0
85373,GS11199,2026,0.0,49147.0
85400,GS11200,2022,2984.0,0.0
85401,GS11200,2023,47187.0,0.0
85402,GS11200,2024,0.0,4713.0
85403,GS11200,2025,41588.0,4074.0
85404,GS11200,2026,0.0,13593.0
85435,GS11201,2026,3432.0,0.0
85464,GS11202,2024,423831.0,0.0
85557,GS11205,2024,91024.0,3658.0
85558,GS11205,2025,58393.0,16015.0
85559,GS11205,2026,0.0,11768.0
85589,GS11206,2025,71161.0,0.0
85617,GS11207,2022,282570.0,27671.0
85618,GS11207,2023,742414.0,76969.0
85619,GS11207,2024,0.0,78734.0
85620,GS11207,2025,346768.0,8408.0
85621,GS11207,2026,0.0,58136.0
85680,GS11209,2023,22674.0,991.0
85681,GS11209,2024,69156.0,54746.0
85682,GS11209,2025,0.0,36093.0
85683,GS11209,2026,101450.0,0.0
85714,GS11210,2026,31969.0,0.0
85742,GS11211,2023,5931.0,0.0
85743,GS11211,2024,55144.0,0.0
85745,GS11211,2026,60585.0,0.0
85773,GS11212,2023,13733.0,320.0
85774,GS11212,2024,0.0,6177.0
85775,GS11212,2025,0.0,5654.0
85776,GS11212,2026,0.0,109.0
85804,GS11213,2023,6439.0,0.0
85805,GS11213,2024,0.0,4400.0
85806,GS11213,2025,0.0,2039.0
85959,GS11218,2023,56115.0,37309.0
85960,GS11218,2024,36462.0,47706.0
85961,GS11218,2025,37240.0,6110.0
85962,GS11218,2026,0.0,13950.0
86082,GS11222,2022,309144.0,12235.0
86083,GS11222,2023,400450.0,121217.0
86084,GS11222,2024,0.0,269751.0
86085,GS11222,2025,0.0,6441.0
86086,GS11222,2026,0.0,959.0
86116,GS11223,2025,448738.0,0.0
86179,GS11226,2026,395906.0,0.0
86207,GS11227,2023,55633.0,0.0
86208,GS11227,2024,27282.0,55074.0
86210,GS11227,2026,23767.0,0.0
86238,GS11228,2023,53592.0,0.0
86239,GS11228,2024,26416.0,53050.0
86241,GS11228,2026,23006.0,0.0
86269,GS11229,2023,46861.0,0.0
86270,GS11229,2024,23302.0,46379.0
86272,GS11229,2026,20269.0,0.0
86300,GS11230,2023,48079.0,0.0
86301,GS11230,2024,24058.0,47582.0
86303,GS11230,2026,20931.0,0.0
86331,GS11231,2023,51621.0,0.0
86332,GS11231,2024,25939.0,51088.0
86334,GS11231,2026,22585.0,0.0
86362,GS11232,2023,45500.0,0.0
86363,GS11232,2024,22746.0,22922.0
86364,GS11232,2025,0.0,6000.0
86365,GS11232,2026,19783.0,16107.0
86393,GS11233,2023,3514.0,0.0
86394,GS11233,2024,2807.0,3460.0
86396,GS11233,2026,2440.0,0.0
86424,GS11234,2023,3362.0,0.0
86425,GS11234,2024,2717.0,3310.0
86427,GS11234,2026,2362.0,0.0
86455,GS11235,2023,3522.0,0.0
86456,GS11235,2024,2872.0,1425.0
86458,GS11235,2026,2497.0,2042.0
86486,GS11236,2023,44403.0,0.0
86487,GS11236,2024,22014.0,21610.0
86489,GS11236,2026,19149.0,25578.0
86517,GS11237,2023,133497.0,0.0
86518,GS11237,2024,117519.0,0.0
86519,GS11237,2025,0.0,8000.0
86520,GS11237,2026,171092.0,0.0
86547,GS11238,2022,287730.0,50000.0
86548,GS11238,2023,360236.0,122496.0
86549,GS11238,2024,0.0,155259.0
86550,GS11238,2025,0.0,218356.0
86551,GS11238,2026,0.0,6491.0
86578,GS11239,2022,245755.0,50000.0
86579,GS11239,2023,334691.0,12414.0
86580,GS11239,2024,0.0,2015.0
86581,GS11239,2025,0.0,43061.0
86582,GS11239,2026,0.0,44092.0
86604,GS1124,2017,19976.0,0.0
86606,GS1124,2019,14516.0,0.0
86607,GS1124,2020,0.0,7398.0
86608,GS1124,2021,6669.0,726.0
86609,GS1124,2022,6620.0,502.0
86610,GS1124,2023,5746.0,46.0
86611,GS1124,2024,0.0,16.0
86612,GS1124,2025,7724.0,0.0
86613,GS1124,2026,0.0,150.0
86642,GS11240,2024,171182.0,0.0
86675,GS11241,2026,48470.0,0.0
86798,GS11245,2025,28553.0,9500.0
86799,GS11245,2026,0.0,2368.0
86827,GS11246,2023,6703.0,0.0
86828,GS11246,2024,0.0,6678.0
86829,GS11246,2025,9636.0,9661.0
86858,GS11247,2023,5547.0,0.0
86983,GS11251,2024,278059.0,147756.0
86984,GS11251,2025,0.0,30255.0
86985,GS11251,2026,0.0,1464.0
87074,GS11255,2022,351149.0,0.0
87075,GS11255,2023,427502.0,108469.0
87076,GS11255,2024,0.0,91755.0
87077,GS11255,2025,0.0,145585.0
87078,GS11255,2026,0.0,75339.0
87105,GS11256,2022,697772.0,0.0
87106,GS11256,2023,369906.0,389603.0
87107,GS11256,2024,365476.0,204329.0
87108,GS11256,2025,0.0,137149.0
87136,GS11259,2022,52916.0,52916.0
87137,GS11259,2023,54283.0,0.0
87138,GS11259,2024,41498.0,40669.0
87139,GS11259,2025,38055.0,53199.0
87140,GS11259,2026,35036.0,5367.0
87167,GS11260,2022,48909.0,48909.0
87168,GS11260,2023,55145.0,0.0
87169,GS11260,2024,41549.0,40719.0
87170,GS11260,2025,40871.0,54043.0
87171,GS11260,2026,41300.0,0.0
87198,GS11261,2022,51406.0,51406.0
87199,GS11261,2023,56148.0,0.0
87200,GS11261,2024,40129.0,39327.0
87201,GS11261,2025,40151.0,55026.0
87202,GS11261,2026,37483.0,0.0
87229,GS11262,2022,52130.0,52130.0
87230,GS11262,2023,52477.0,0.0
87231,GS11262,2024,39433.0,38645.0
87232,GS11262,2025,36726.0,51429.0
87233,GS11262,2026,33729.0,0.0
87260,GS11263,2022,52931.0,52931.0
87261,GS11263,2023,57881.0,0.0
87262,GS11263,2024,47626.0,46674.0
87263,GS11263,2025,47796.0,30170.0
87264,GS11263,2026,45471.0,0.0
87291,GS11264,2022,40821.0,40821.0
87292,GS11264,2023,46003.0,0.0
87293,GS11264,2024,35313.0,34607.0
87294,GS11264,2025,36269.0,45084.0
87295,GS11264,2026,34454.0,0.0
87322,GS11265,2022,57528.0,57528.0
87323,GS11265,2023,57721.0,0.0
87324,GS11265,2024,54274.0,35359.0
87325,GS11265,2025,53200.0,30170.0
87326,GS11265,2026,51419.0,0.0
87353,GS11266,2022,54549.0,54549.0
87354,GS11266,2023,54631.0,0.0
87355,GS11266,2024,43602.0,0.0
87356,GS11266,2025,43229.0,30170.0
87357,GS11266,2026,37860.0,0.0
87384,GS11267,2022,52386.0,52386.0
87385,GS11267,2023,51973.0,0.0
87386,GS11267,2024,40477.0,0.0
87387,GS11267,2025,44635.0,0.0
87388,GS11267,2026,37727.0,30170.0
87415,GS11268,2022,56749.0,36424.0
87416,GS11268,2023,51190.0,20325.0
87417,GS11268,2024,42953.0,0.0
87418,GS11268,2025,41850.0,0.0
87419,GS11268,2026,44574.0,27835.0
87446,GS11269,2022,53989.0,0.0
87447,GS11269,2023,51595.0,53989.0
87448,GS11269,2024,41059.0,520.0
87449,GS11269,2025,38255.0,3000.0
87450,GS11269,2026,38140.0,11742.0
87508,GS11270,2022,54621.0,0.0
87509,GS11270,2023,53572.0,54621.0
87510,GS11270,2024,44205.0,17423.0
87511,GS11270,2025,43010.0,0.0
87512,GS11270,2026,42521.0,5047.0
87539,GS11271,2022,45026.0,0.0
87540,GS11271,2023,41524.0,45026.0
87541,GS11271,2024,35676.0,0.0
87542,GS11271,2025,41778.0,39011.0
87543,GS11271,2026,43532.0,4082.0
87570,GS11272,2022,51237.0,0.0
87571,GS11272,2023,45724.0,51237.0
87572,GS11272,2024,40235.0,5406.0
87573,GS11272,2025,44104.0,62488.0
87574,GS11272,2026,46691.0,16347.0
87601,GS11273,2022,57042.0,0.0
87602,GS11273,2023,49284.0,57042.0
87603,GS11273,2024,44260.0,0.0
87604,GS11273,2025,47266.0,38617.0
87605,GS11273,2026,51446.0,26426.0
87632,GS11274,2022,53878.0,0.0
87633,GS11274,2023,45412.0,418.0
87634,GS11274,2024,40844.0,63725.0
87635,GS11274,2025,42977.0,22675.0
87636,GS11274,2026,45110.0,7695.0
87663,GS11275,2022,57218.0,0.0
87664,GS11275,2023,49791.0,93.0
87665,GS11275,2024,41145.0,69323.0
87666,GS11275,2025,44698.0,18759.0
87667,GS11275,2026,46130.0,4991.0
87694,GS11276,2022,56145.0,0.0
87695,GS11276,2023,49351.0,30350.0
87696,GS11276,2024,42367.0,3529.0
87697,GS11276,2025,46396.0,26360.0
87698,GS11276,2026,47826.0,9653.0
87725,GS11277,2022,56582.0,0.0
87726,GS11277,2023,51095.0,0.0
87727,GS11277,2024,41882.0,71617.0
87728,GS11277,2025,45398.0,4626.0
87729,GS11277,2026,50264.0,299.0
87756,GS11278,2022,56749.0,14000.0
87757,GS11278,2023,51373.0,13762.0
87758,GS11278,2024,43447.0,11097.0
87759,GS11278,2025,43159.0,3985.0
87760,GS11278,2026,43682.0,1196.0
87787,GS11279,2022,56313.0,10000.0
87788,GS11279,2023,57512.0,0.0
87789,GS11279,2024,50716.0,15763.0
87790,GS11279,2025,50101.0,27450.0
87791,GS11279,2026,48945.0,0.0
87813,GS1128,2017,8628.0,0.0
87815,GS1128,2019,51545.0,0.0
87816,GS1128,2020,39160.0,0.0
87817,GS1128,2021,87962.0,0.0
87818,GS1128,2022,40829.0,0.0
87819,GS1128,2023,8178.0,1858.0
87820,GS1128,2024,78156.0,79992.0
87821,GS1128,2025,47622.0,49930.0
87849,GS11280,2022,57071.0,0.0
87850,GS11280,2023,52837.0,0.0
87851,GS11280,2024,44221.0,52870.0
87852,GS11280,2025,45707.0,11781.0
87853,GS11280,2026,46927.0,437.0
87880,GS11281,2022,52183.0,0.0
87881,GS11281,2023,48369.0,41208.0
87882,GS11281,2024,40647.0,30520.0
87883,GS11281,2025,40483.0,0.0
87884,GS11281,2026,42706.0,0.0
87911,GS11282,2022,52032.0,52032.0
87912,GS11282,2023,45599.0,0.0
87913,GS11282,2024,38062.0,44688.0
87914,GS11282,2025,43557.0,0.0
87915,GS11282,2026,46584.0,0.0
87942,GS11283,2022,53954.0,53954.0
87943,GS11283,2023,53293.0,0.0
87944,GS11283,2024,40047.0,52228.0
87945,GS11283,2025,37373.0,0.0
87946,GS11283,2026,38809.0,0.0
87973,GS11284,2022,53854.0,53854.0
87974,GS11284,2023,50100.0,0.0
87975,GS11284,2024,37706.0,49099.0
87976,GS11284,2025,37697.0,0.0
87977,GS11284,2026,37224.0,0.0
88004,GS11285,2022,54250.0,54250.0
88005,GS11285,2023,50352.0,0.0
88006,GS11285,2024,39599.0,49346.0
88007,GS11285,2025,39035.0,0.0
88008,GS11285,2026,37316.0,0.0
88035,GS11286,2022,47090.0,43499.0
88036,GS11286,2023,42081.0,1080.0
88037,GS11286,2024,33528.0,21750.0
88038,GS11286,2025,40097.0,2450.0
88039,GS11286,2026,39817.0,0.0
88066,GS11287,2022,18172.0,0.0
88067,GS11287,2023,32004.0,0.0
88068,GS11287,2024,27072.0,18172.0
88069,GS11287,2025,25493.0,0.0
88070,GS11287,2026,27466.0,0.0
88097,GS11288,2022,51009.0,0.0
88098,GS11288,2023,53256.0,22000.0
88099,GS11288,2024,38565.0,29009.0
88100,GS11288,2025,37128.0,19360.0
88101,GS11288,2026,34009.0,0.0
88128,GS11289,2022,49126.0,36738.0
88129,GS11289,2023,41243.0,1033.0
88130,GS11289,2024,38203.0,29698.0
88131,GS11289,2025,53060.0,7848.0
88132,GS11289,2026,52216.0,0.0
88159,GS11290,2022,50534.0,50534.0
88160,GS11290,2023,45735.0,0.0
88161,GS11290,2024,43488.0,22141.0
88162,GS11290,2025,53605.0,0.0
88163,GS11290,2026,54612.0,0.0
88190,GS11291,2022,55139.0,55139.0
88191,GS11291,2023,47729.0,0.0
88192,GS11291,2024,47295.0,23661.0
88193,GS11291,2025,53349.0,23115.0
88194,GS11291,2026,49062.0,0.0
88221,GS11292,2022,56291.0,5456.0
88222,GS11292,2023,49131.0,49.0
88223,GS11292,2024,51197.0,27345.0
88224,GS11292,2025,59059.0,43231.0
88225,GS11292,2026,55509.0,3292.0
88252,GS11293,2022,55758.0,0.0
88253,GS11293,2023,48653.0,50000.0
88254,GS11293,2024,44924.0,18871.0
88255,GS11293,2025,56267.0,12.0
88256,GS11293,2026,53097.0,0.0
88283,GS11294,2022,58085.0,5190.0
88284,GS11294,2023,49662.0,3368.0
88285,GS11294,2024,47567.0,26679.0
88286,GS11294,2025,59686.0,41668.0
88287,GS11294,2026,57996.0,0.0
88314,GS11295,2022,58367.0,0.0
88315,GS11295,2023,49934.0,25200.0
88316,GS11295,2024,49857.0,55216.0
88317,GS11295,2025,56853.0,22914.0
88318,GS11295,2026,53279.0,3103.0
88345,GS11296,2022,57350.0,0.0
88346,GS11296,2023,49128.0,0.0
88347,GS11296,2024,49734.0,49930.0
88348,GS11296,2025,53930.0,42653.0
88349,GS11296,2026,51117.0,12914.0
88376,GS11297,2022,58010.0,0.0
88377,GS11297,2023,49958.0,0.0
88378,GS11297,2024,49253.0,25571.0
88379,GS11297,2025,52854.0,12045.0
88380,GS11297,2026,49764.0,16935.0
88407,GS11298,2022,55185.0,0.0
88408,GS11298,2023,46709.0,743.0
88409,GS11298,2024,46533.0,67764.0
88410,GS11298,2025,53044.0,47870.0
88411,GS11298,2026,48754.0,4840.0
88438,GS11299,2022,57706.0,0.0
88439,GS11299,2023,50477.0,0.0
88440,GS11299,2024,47137.0,57650.0
88441,GS11299,2025,46889.0,56.0
88442,GS11299,2026,45869.0,0.0
88469,GS11300,2022,55058.0,0.0
88470,GS11300,2023,48497.0,34480.0
88471,GS11300,2024,49287.0,20383.0
88472,GS11300,2025,58371.0,195.0
88473,GS11300,2026,55060.0,0.0
88500,GS11301,2022,49735.0,14653.0
88501,GS11301,2023,40298.0,35082.0
88502,GS11301,2024,41532.0,0.0
88503,GS11301,2025,59753.0,0.0
88504,GS11301,2026,52149.0,0.0
88531,GS11302,2022,54633.0,54633.0
88532,GS11302,2023,44455.0,0.0
88533,GS11302,2024,41620.0,0.0
88534,GS11302,2025,54257.0,0.0
88535,GS11302,2026,49934.0,0.0
88562,GS11303,2022,55714.0,55714.0
88563,GS11303,2023,45793.0,0.0
88564,GS11303,2024,40275.0,24575.0
88565,GS11303,2025,49428.0,0.0
88566,GS11303,2026,47677.0,0.0
88593,GS11304,2022,20753.0,0.0
88594,GS11304,2023,18853.0,20753.0
88595,GS11304,2024,18850.0,0.0
88596,GS11304,2025,22355.0,0.0
88597,GS11304,2026,20567.0,0.0
88624,GS11305,2022,14363.0,0.0
88625,GS11305,2023,14896.0,14363.0
88626,GS11305,2024,15312.0,0.0
88627,GS11305,2025,16666.0,0.0
88628,GS11305,2026,15971.0,0.0
88657,GS11306,2024,39949.0,0.0
88658,GS11306,2025,165465.0,0.0
88659,GS11306,2026,116093.0,0.0
88687,GS11307,2023,105228.0,0.0
88688,GS11307,2024,111455.0,2787.0
88689,GS11307,2025,0.0,15904.0
88690,GS11307,2026,0.0,3243.0
88719,GS11308,2024,9292.0,0.0
88720,GS11308,2025,0.0,48.0
88721,GS11308,2026,8251.0,0.0
88749,GS11309,2023,53867.0,37309.0
88750,GS11309,2024,36462.0,47706.0
88751,GS11309,2025,37240.0,3862.0
88752,GS11309,2026,0.0,13950.0
88780,GS11310,2023,50045.0,26820.0
88781,GS11310,2024,36462.0,54979.0
88782,GS11310,2025,37240.0,542.0
88783,GS11310,2026,0.0,6920.0
88811,GS11311,2023,46996.0,0.0
88812,GS11311,2024,36462.0,70360.0
88813,GS11311,2025,37240.0,11684.0
88842,GS11312,2023,44167.0,0.0
88843,GS11312,2024,36462.0,67567.0
88844,GS11312,2025,37240.0,11684.0
88873,GS11313,2023,28314.0,0.0
88874,GS11313,2024,36462.0,51916.0
88875,GS11313,2025,37240.0,0.0
88905,GS11314,2024,105007.0,0.0
88906,GS11314,2025,0.0,9484.0
88907,GS11314,2026,0.0,10132.0
89031,GS11319,2026,56041.0,0.0
89122,GS11322,2024,28005.0,0.0
89124,GS11322,2026,0.0,91.0
89215,GS11325,2024,66250.0,10000.0
89216,GS11325,2025,45115.0,7500.0
89246,GS11326,2024,61435.0,0.0
89247,GS11326,2025,46995.0,0.0
89277,GS11327,2024,53702.0,0.0
89278,GS11327,2025,45115.0,1305.0
89400,GS11331,2023,368335.0,6044.0
89401,GS11331,2024,1053778.0,251464.0
89402,GS11331,2025,0.0,278097.0
89403,GS11331,2026,227552.0,13651.0
89461,GS11334,2022,598995.0,12499.0
89462,GS11334,2023,426677.0,274997.0
89463,GS11334,2024,0.0,527080.0
89464,GS11334,2025,0.0,145639.0
89492,GS11335,2022,264858.0,0.0
89493,GS11335,2023,0.0,190109.0
89494,GS11335,2024,0.0,2566.0
89495,GS11335,2025,0.0,60567.0
89496,GS11335,2026,0.0,10451.0
89523,GS11336,2022,260692.0,0.0
89524,GS11336,2023,0.0,25150.0
89526,GS11336,2025,0.0,45.0
89554,GS11337,2022,608247.0,0.0
89555,GS11337,2023,469254.0,339195.0
89556,GS11337,2024,0.0,605997.0
89586,GS11338,2023,224980.0,0.0
89587,GS11338,2024,0.0,158866.0
89588,GS11338,2025,0.0,10660.0
89589,GS11338,2026,0.0,19949.0
89620,GS11339,2026,45082.0,0.0
89644,GS1134,2019,252700.0,0.0
89645,GS1134,2020,0.0,1987.0
89646,GS1134,2021,0.0,13497.0
89647,GS1134,2022,329779.0,99482.0
89648,GS1134,2023,0.0,252871.0
89649,GS1134,2024,161737.0,51111.0
89650,GS1134,2025,0.0,43024.0
89651,GS1134,2026,0.0,27549.0
89682,GS11341,2026,87891.0,0.0
89744,GS11344,2026,415327.0,0.0
89834,GS11351,2023,39257.0,0.0
89835,GS11351,2024,44373.0,0.0
89836,GS11351,2025,42158.0,0.0
89837,GS11351,2026,0.0,34102.0
89866,GS11352,2024,5200.0,4763.0
89867,GS11352,2025,0.0,437.0
90052,GS11358,2024,76399.0,30459.0
90053,GS11358,2025,25951.0,20362.0
90054,GS11358,2026,0.0,12212.0
90113,GS1138,2023,379033.0,48789.0
90114,GS1138,2024,231068.0,195914.0
90115,GS1138,2025,0.0,35062.0
90116,GS1138,2026,395353.0,2134.0
90238,GS11394,2024,52534.0,16376.0
90239,GS11394,2025,230690.0,41583.0
90240,GS11394,2026,0.0,50000.0
90301,GS11397,2025,10836.0,1320.0
90302,GS11397,2026,0.0,9516.0
90391,GS11400,2022,659955.0,0.0
90392,GS11400,2023,421848.0,407822.0
90393,GS11400,2024,409535.0,128675.0
90394,GS11400,2025,0.0,19463.0
90395,GS11400,2026,0.0,108195.0
90424,GS11401,2024,493381.0,203576.0
90425,GS11401,2025,270905.0,288007.0
90426,GS11401,2026,66811.0,110660.0
90454,GS11402,2023,151582.0,0.0
90455,GS11402,2024,60466.0,60131.0
90456,GS11402,2025,32759.0,88076.0
90457,GS11402,2026,0.0,53166.0
90485,GS11403,2023,91497.0,0.0
90486,GS11403,2024,35397.0,5919.0
90487,GS11403,2025,26531.0,24293.0
90488,GS11403,2026,0.0,68140.0
90516,GS11404,2023,208793.0,0.0
90517,GS11404,2024,104001.0,104446.0
90518,GS11404,2025,0.0,67617.0
90519,GS11404,2026,36187.0,29493.0
90547,GS11405,2023,250217.0,184148.0
90548,GS11405,2024,114369.0,15400.0
90549,GS11405,2025,56773.0,71685.0
90550,GS11405,2026,61617.0,48262.0
90640,GS11409,2023,79.0,0.0
90641,GS11409,2024,16626.0,0.0
90642,GS11409,2025,0.0,3316.0
90643,GS11409,2026,0.0,5.0
90827,GS11414,2024,151927.0,0.0
90829,GS11414,2026,335240.0,276.0
90858,GS11415,2024,171098.0,0.0
90859,GS11415,2025,0.0,21955.0
90860,GS11415,2026,370095.0,58179.0
90918,GS11417,2022,30812.0,0.0
90919,GS11417,2023,0.0,27965.0
90920,GS11417,2024,16405.0,1345.0
90922,GS11417,2026,0.0,281.0
90949,GS11418,2022,29825.0,0.0
90950,GS11418,2023,0.0,14301.0
90951,GS11418,2024,16913.0,13568.0
90980,GS11419,2022,28877.0,0.0
90981,GS11419,2023,0.0,11591.0
90982,GS11419,2024,16183.0,3198.0
90984,GS11419,2026,0.0,3042.0
91042,GS11420,2022,29044.0,0.0
91043,GS11420,2023,0.0,1201.0
91044,GS11420,2024,16280.0,3952.0
91046,GS11420,2026,0.0,6835.0
91075,GS11421,2024,693975.0,2860.0
91076,GS11421,2025,1056167.0,0.0
91167,GS11424,2023,110459.0,81407.0
91168,GS11424,2024,80391.0,13847.0
91169,GS11424,2025,0.0,59930.0
91170,GS11424,2026,76340.0,32719.0
91228,GS11426,2022,38117.0,0.0
91229,GS11426,2023,31933.0,0.0
91230,GS11426,2024,31932.0,38117.0
91231,GS11426,2025,33050.0,64983.0
91232,GS11426,2026,0.0,31323.0
91259,GS11427,2022,64532.0,0.0
91260,GS11427,2023,45809.0,63917.0
91261,GS11427,2024,45635.0,45809.0
91262,GS11427,2025,46625.0,92260.0
91263,GS11427,2026,0.0,195.0
91322,GS11432,2023,17735.0,0.0
91323,GS11432,2024,70377.0,86651.0
91324,GS11432,2025,29233.0,28649.0
91325,GS11432,2026,55809.0,54694.0
91353,GS11433,2023,142727.0,0.0
91354,GS11433,2024,0.0,1559.0
91355,GS11433,2025,100150.0,5282.0
91356,GS11433,2026,0.0,1825.0
91385,GS11434,2024,62971.0,2744.0
91386,GS11434,2025,104281.0,25553.0
91387,GS11434,2026,0.0,39846.0
91476,GS11437,2022,45234.0,0.0
91477,GS11437,2023,35646.0,40880.0
91478,GS11437,2024,35428.0,39999.0
91479,GS11437,2025,36785.0,43799.0
91480,GS11437,2026,0.0,13832.0
91570,GS11440,2023,2257502.0,21697.0
91571,GS11440,2024,5744469.0,82413.0
91572,GS11440,2025,6939961.0,63839.0
91573,GS11440,2026,0.0,13571.0
91601,GS11441,2023,26244.0,0.0
91602,GS11441,2024,0.0,13.0
91604,GS11441,2026,60112.0,1924.0
91664,GS11447,2024,58687.0,1630.0
91665,GS11447,2025,0.0,13116.0
91666,GS11447,2026,0.0,24681.0
91695,GS11448,2024,25855.0,10048.0
91696,GS11448,2025,0.0,797.0
91697,GS11448,2026,0.0,2460.0
91756,GS11451,2023,68813.0,0.0
91758,GS11451,2025,65578.0,33100.0
91759,GS11451,2026,60278.0,42899.0
91849,GS11455,2023,66643.0,10475.0
91850,GS11455,2024,0.0,33271.0
91876,GS1146,2019,4148.0,3183.0
91877,GS1146,2020,0.0,456.0
91878,GS1146,2021,7082.0,7082.0
91879,GS1146,2022,18825.0,19031.0
91880,GS1146,2023,10000.0,51.0
91882,GS1146,2025,0.0,249.0
91945,GS11466,2026,12434.0,0.0
92028,GS1147,2016,1093.0,21.0
92030,GS1147,2018,2741.0,0.0
92032,GS1147,2020,3958.0,3801.0
92033,GS1147,2021,559.0,0.0
92034,GS1147,2022,0.0,65.0
92035,GS1147,2023,0.0,35.0
92036,GS1147,2024,0.0,2482.0
92037,GS1147,2025,0.0,1947.0
92128,GS11474,2023,99567.0,0.0
92129,GS11474,2024,37111.0,10018.0
92130,GS11474,2025,0.0,61723.0
92131,GS11474,2026,0.0,2913.0
92159,GS11475,2023,66034.0,0.0
92160,GS11475,2024,32023.0,0.0
92162,GS11475,2026,0.0,2759.0
92190,GS11476,2023,47857.0,0.0
92191,GS11476,2024,43096.0,0.0
92221,GS11477,2023,52812.0,0.0
92222,GS11477,2024,52198.0,0.0
92252,GS11478,2023,41158.0,0.0
92253,GS11478,2024,35858.0,0.0
92283,GS11479,2023,43236.0,0.0
92284,GS11479,2024,39635.0,10860.0
92285,GS11479,2025,0.0,31807.0
92286,GS11479,2026,0.0,504.0
92314,GS11480,2023,34991.0,0.0
92315,GS11480,2024,30875.0,0.0
92316,GS11480,2025,0.0,17056.0
92317,GS11480,2026,0.0,14438.0
92345,GS11481,2023,59390.0,0.0
92346,GS11481,2024,34020.0,20633.0
92376,GS11482,2023,346582.0,0.0
92377,GS11482,2024,0.0,18010.0
92378,GS11482,2025,341696.0,13857.0
92379,GS11482,2026,0.0,42382.0
92407,GS11483,2023,152786.0,8695.0
92408,GS11483,2024,0.0,21072.0
92409,GS11483,2025,0.0,217.0
92439,GS11484,2024,147136.0,62.0
92440,GS11484,2025,0.0,51945.0
92441,GS11484,2026,70875.0,93932.0
92469,GS11485,2023,32780.0,0.0
92471,GS11485,2025,0.0,7500.0
92472,GS11485,2026,0.0,6444.0
92500,GS11486,2023,66392.0,0.0
92502,GS11486,2025,59418.0,0.0
92503,GS11486,2026,56065.0,20000.0
92531,GS11488,2023,514941.0,0.0
92533,GS11488,2025,1181432.0,23628.0
92562,GS11489,2023,34509.0,0.0
92563,GS11489,2024,34320.0,0.0
92564,GS11489,2025,0.0,29112.0
92565,GS11489,2026,0.0,19290.0
92593,GS11490,2023,76416.0,0.0
92594,GS11490,2024,75890.0,19475.0
92595,GS11490,2025,21928.0,60687.0
92596,GS11490,2026,0.0,218.0
92624,GS11491,2023,165641.0,0.0
92625,GS11491,2024,0.0,87688.0
92626,GS11491,2025,0.0,20725.0
92627,GS11491,2026,0.0,10848.0
92779,GS11496,2023,55288.0,0.0
92781,GS11496,2025,52737.0,5499.0
92782,GS11496,2026,49816.0,22397.0
92841,GS11498,2023,63254.0,0.0
92872,GS11499,2023,57955.0,0.0
92903,GS11500,2023,74611.0,0.0
92934,GS11501,2023,103884.0,0.0
92935,GS11501,2024,0.0,60000.0
92936,GS11501,2025,0.0,18689.0
92937,GS11501,2026,0.0,25191.0
92996,GS11503,2023,69441.0,0.0
93028,GS11504,2024,76391.0,1050.0
93029,GS11504,2025,0.0,5413.0
93030,GS11504,2026,0.0,2835.0
93058,GS11505,2023,60363.0,0.0
93059,GS11505,2024,39116.0,20702.0
93060,GS11505,2025,0.0,1425.0
93121,GS11507,2024,6265.0,4751.0
93122,GS11507,2025,7096.0,4881.0
93123,GS11507,2026,0.0,2006.0
93213,GS11513,2023,30270.0,0.0
93215,GS11513,2025,0.0,30270.0
93244,GS11514,2023,29844.0,8114.0
93246,GS11514,2025,0.0,21730.0
93275,GS11515,2023,29436.0,29436.0
93306,GS11516,2023,29165.0,29165.0
93337,GS11517,2023,28800.0,28800.0
93368,GS11518,2023,28529.0,28529.0
93399,GS11519,2023,28267.0,18261.0
93400,GS11519,2024,0.0,10006.0
93430,GS11520,2023,28063.0,194.0
93431,GS11520,2024,0.0,27869.0
93461,GS11521,2023,27884.0,0.0
93462,GS11521,2024,0.0,27884.0
93492,GS11522,2023,27825.0,0.0
93493,GS11522,2024,0.0,27825.0
93523,GS11523,2023,27615.0,0.0
93524,GS11523,2024,0.0,27615.0
93554,GS11524,2023,27402.0,0.0
93555,GS11524,2024,0.0,27402.0
93585,GS11525,2023,27160.0,0.0
93586,GS11525,2024,0.0,27160.0
93616,GS11526,2023,26869.0,0.0
93617,GS11526,2024,0.0,26869.0
93647,GS11527,2023,26625.0,0.0
93648,GS11527,2024,0.0,26625.0
93678,GS11528,2023,26422.0,0.0
93679,GS11528,2024,0.0,26422.0
93709,GS11529,2023,26307.0,0.0
93710,GS11529,2024,0.0,26307.0
93740,GS11530,2023,26096.0,0.0
93741,GS11530,2024,0.0,26096.0
93771,GS11531,2023,25565.0,0.0
93772,GS11531,2024,0.0,25565.0
93802,GS11532,2023,24804.0,0.0
93803,GS11532,2024,0.0,24804.0
93833,GS11533,2023,24215.0,0.0
93834,GS11533,2024,0.0,24215.0
93864,GS11534,2023,23652.0,0.0
93865,GS11534,2024,0.0,23652.0
93927,GS11537,2024,69838.0,0.0
93928,GS11537,2025,0.0,35316.0
93958,GS11538,2024,107303.0,0.0
93959,GS11538,2025,0.0,187.0
93960,GS11538,2026,0.0,1350.0
93987,GS11539,2022,35133.0,0.0
93988,GS11539,2023,35048.0,0.0
93989,GS11539,2024,35215.0,15942.0
93990,GS11539,2025,34315.0,35556.0
93991,GS11539,2026,0.0,8400.0
94084,GS11544,2026,8296.0,0.0
94176,GS11547,2025,8327.0,0.0
94207,GS11548,2025,4567.0,0.0
94238,GS11549,2025,3479.0,0.0
94298,GS11551,2023,157345.0,0.0
94299,GS11551,2024,499119.0,10000.0
94300,GS11551,2025,834293.0,899903.0
94301,GS11551,2026,593281.0,371401.0
94359,GS11556,2022,42682.0,0.0
94360,GS11556,2023,0.0,2413.0
94361,GS11556,2024,0.0,38531.0
94362,GS11556,2025,0.0,1614.0
94363,GS11556,2026,0.0,124.0
94392,GS11557,2024,1092909.0,0.0
94393,GS11557,2025,1723061.0,54.0
94394,GS11557,2026,0.0,30705.0
94421,GS11558,2022,473975.0,0.0
94422,GS11558,2023,0.0,688.0
94423,GS11558,2024,325421.0,129092.0
94424,GS11558,2025,0.0,9823.0
94425,GS11558,2026,0.0,43.0
94453,GS11559,2023,123330.0,44936.0
94454,GS11559,2024,78035.0,2200.0
94456,GS11559,2026,0.0,10665.0
94484,GS11560,2023,102641.0,317.0
94485,GS11560,2024,77275.0,92786.0
94486,GS11560,2025,0.0,33097.0
94487,GS11560,2026,0.0,22735.0
94516,GS11561,2024,421243.0,96551.0
94517,GS11561,2025,0.0,100945.0
94518,GS11561,2026,241484.0,2784.0
94578,GS11564,2024,253281.0,180.0
94579,GS11564,2025,165331.0,7235.0
94580,GS11564,2026,0.0,10972.0
94702,GS11568,2024,64820.0,0.0
94703,GS11568,2025,79268.0,65533.0
94704,GS11568,2026,0.0,17800.0
94794,GS11571,2023,1145274.0,0.0
94795,GS11571,2024,0.0,300.0
94796,GS11571,2025,0.0,98505.0
94825,GS11572,2023,1145275.0,0.0
94827,GS11572,2025,0.0,13542.0
94828,GS11572,2026,0.0,200000.0
94982,GS11579,2025,637.0,0.0
95229,GS11593,2024,322332.0,321998.0
95261,GS11594,2025,662.0,649.0
95262,GS11594,2026,0.0,13.0
95290,GS11595,2023,430256.0,1064.0
95291,GS11595,2024,0.0,39994.0
95293,GS11595,2026,0.0,2975.0
95321,GS11596,2023,191115.0,1015.0
95322,GS11596,2024,1052799.0,446134.0
95323,GS11596,2025,496823.0,95319.0
95324,GS11596,2026,0.0,32961.0
95385,GS1160,2025,55157.0,0.0
95386,GS1160,2026,0.0,190.0
95445,GS11603,2023,4033.0,0.0
95446,GS11603,2024,36585.0,39888.0
95447,GS11603,2025,20544.0,20134.0
95448,GS11603,2026,29732.0,17493.0
95477,GS11604,2024,8962.0,6096.0
95478,GS11604,2025,5902.0,5692.0
95479,GS11604,2026,0.0,1353.0
95508,GS11605,2024,45113.0,0.0
95538,GS11606,2023,9141.0,0.0
95539,GS11606,2024,50915.0,0.0
95541,GS11606,2026,50615.0,0.0
95600,GS11608,2023,52858.0,0.0
95601,GS11608,2024,31503.0,429.0
95602,GS11608,2025,23513.0,1144.0
95603,GS11608,2026,0.0,64226.0
95631,GS11609,2023,53228.0,0.0
95632,GS11609,2024,31723.0,0.0
95633,GS11609,2025,23677.0,0.0
95634,GS11609,2026,0.0,66261.0
95655,GS1161,2016,0.0,678.0
95659,GS1161,2020,0.0,317.0
95660,GS1161,2021,0.0,5486.0
95661,GS1161,2022,0.0,1804.0
95662,GS1161,2023,0.0,2259.0
95663,GS1161,2024,0.0,990.0
95665,GS1161,2026,0.0,582.0
95693,GS11610,2023,52784.0,0.0
95694,GS11610,2024,31458.0,0.0
95695,GS11610,2025,23480.0,0.0
95696,GS11610,2026,0.0,62140.0
95724,GS11611,2023,52630.0,0.0
95725,GS11611,2024,31366.0,0.0
95726,GS11611,2025,23411.0,0.0
95727,GS11611,2026,0.0,39219.0
95755,GS11612,2023,53414.0,0.0
95756,GS11612,2024,31834.0,0.0
95757,GS11612,2025,23760.0,0.0
95758,GS11612,2026,0.0,39805.0
95786,GS11613,2023,36956.0,0.0
95787,GS11613,2024,22998.0,0.0
95788,GS11613,2025,20975.0,2000.0
95789,GS11613,2026,0.0,47663.0
95817,GS11614,2023,185900.0,0.0
95818,GS11614,2024,115703.0,0.0
95819,GS11614,2025,106408.0,2758.0
95820,GS11614,2026,0.0,162694.0
95879,GS11617,2023,110631.0,0.0
95881,GS11617,2025,0.0,5000.0
95882,GS11617,2026,0.0,1282.0
95910,GS11618,2023,90379.0,0.0
95941,GS11619,2023,4048.0,0.0
95966,GS1162,2017,15539.0,0.0
95967,GS1162,2018,17140.0,0.0
95969,GS1162,2020,13012.0,0.0
95970,GS1162,2021,6965.0,0.0
95971,GS1162,2022,2451.0,0.0
95972,GS1162,2023,2460.0,0.0
95973,GS1162,2024,2335.0,0.0
95975,GS1162,2026,0.0,4795.0
96097,GS11624,2024,268625.0,0.0
96098,GS11624,2025,144653.0,0.0
96128,GS11627,2024,149.0,147.0
96129,GS11627,2025,140.0,140.0
96130,GS11627,2026,903.0,800.0
96158,GS11628,2023,23008.0,0.0
96159,GS11628,2024,36462.0,46677.0
96160,GS11628,2025,37240.0,0.0
96189,GS11629,2023,21010.0,0.0
96190,GS11629,2024,36462.0,40475.0
96191,GS11629,2025,37240.0,11684.0
96192,GS11629,2026,0.0,4230.0
96220,GS11630,2023,18488.0,0.0
96221,GS11630,2024,36462.0,6193.0
96222,GS11630,2025,37240.0,36022.0
96251,GS11631,2023,15094.0,0.0
96252,GS11631,2024,36462.0,2842.0
96253,GS11631,2025,37240.0,47706.0
96282,GS11632,2023,11819.0,0.0
96283,GS11632,2024,39541.0,205.0
96284,GS11632,2025,37240.0,33871.0
96313,GS11633,2023,8033.0,0.0
96314,GS11633,2024,36462.0,0.0
96315,GS11633,2025,37240.0,32083.0
96344,GS11634,2023,2743.0,0.0
96345,GS11634,2024,39541.0,0.0
96346,GS11634,2025,37240.0,25516.0
96347,GS11634,2026,0.0,5716.0
96439,GS11639,2025,38702.0,0.0
96440,GS11639,2026,47139.0,0.0
96468,GS11640,2023,45855.0,0.0
96469,GS11640,2024,58014.0,0.0
96470,GS11640,2025,0.0,7664.0
96471,GS11640,2026,45107.0,56567.0
96531,GS11644,2024,9371.0,0.0
96562,GS11645,2024,9278.0,0.0
96593,GS11646,2024,7019.0,0.0
96624,GS11647,2024,7732.0,0.0
96809,GS11655,2023,54482.0,2071.0
96810,GS11655,2024,56893.0,76356.0
96811,GS11655,2025,96086.0,70751.0
96812,GS11655,2026,0.0,12954.0
96840,GS11656,2023,55748.0,0.0
96841,GS11656,2024,57923.0,74092.0
96842,GS11656,2025,98274.0,58235.0
97028,GS11662,2025,538985.0,0.0
97029,GS11662,2026,0.0,472.0
97058,GS11663,2024,28.0,0.0
97059,GS11663,2025,27.0,54.0
97089,GS11664,2024,51.0,33.0
97090,GS11664,2025,33.0,50.0
97153,GS11667,2026,25642.0,0.0
97174,GS1167,2016,0.0,1988.0
97175,GS1167,2017,0.0,7980.0
97176,GS1167,2018,0.0,3625.0
97184,GS1167,2026,0.0,220.0
97244,GS11671,2024,590015.0,242988.0
97245,GS11671,2025,0.0,122968.0
97246,GS11671,2026,2794310.0,8040.0
97277,GS11672,2026,28294.0,0.0
97307,GS11673,2025,57721.0,0.0
97336,GS11674,2023,354929.0,0.0
97337,GS11674,2024,346835.0,344148.0
97338,GS11674,2025,0.0,42887.0
97493,GS11682,2025,6531.0,0.0
97710,GS11691,2025,92919.0,0.0
97711,GS11691,2026,8347.0,0.0
97741,GS11692,2025,27037.0,0.0
97742,GS11692,2026,2429.0,0.0
97772,GS11693,2025,188273.0,0.0
97773,GS11693,2026,44662.0,0.0
97803,GS11694,2025,20176.0,0.0
97865,GS11696,2025,23530.0,0.0
97866,GS11696,2026,0.0,17249.0
98268,GS11709,2025,46714.0,0.0
98269,GS11709,2026,0.0,4.0
98486,GS11721,2026,10449.0,0.0
98515,GS11722,2024,123947.0,54877.0
98516,GS11722,2025,86518.0,850.0
98517,GS11722,2026,0.0,67418.0
98669,GS11728,2023,342264.0,269612.0
98670,GS11728,2024,374877.0,217911.0
98671,GS11728,2025,341537.0,300758.0
98672,GS11728,2026,342833.0,252467.0
98702,GS11729,2025,38183.0,0.0
98726,GS1173,2018,78606.0,244.0
98727,GS1173,2019,0.0,50296.0
98728,GS1173,2020,41352.0,28068.0
98729,GS1173,2021,0.0,39799.0
98730,GS1173,2022,0.0,600.0
98731,GS1173,2023,69836.0,341.0
98732,GS1173,2024,0.0,625.0
98733,GS1173,2025,30563.0,429.0
98795,GS11731,2025,65089.0,0.0
98824,GS11732,2023,2806.0,0.0
98826,GS11732,2025,181694.0,0.0
98827,GS11732,2026,0.0,51498.0
98858,GS11736,2026,190203.0,13167.0
98910,GS1174,2016,45597.0,56634.0
98911,GS1174,2017,44848.0,21580.0
98912,GS1174,2018,42590.0,19389.0
98913,GS1174,2019,45994.0,80251.0
98914,GS1174,2020,50416.0,51597.0
98915,GS1174,2021,0.0,14996.0
98916,GS1174,2022,107376.0,66817.0
98917,GS1174,2023,0.0,4966.0
98918,GS1174,2024,50568.0,24246.0
98919,GS1174,2025,45098.0,17474.0
98920,GS1174,2026,0.0,5912.0
98982,GS11741,2026,69900.0,0.0
99041,GS11744,2023,9797.0,1261.0
99042,GS11744,2024,9685.0,8536.0
99043,GS11744,2025,0.0,1223.0
99044,GS11744,2026,0.0,494.0
99072,GS11745,2023,9798.0,1261.0
99073,GS11745,2024,9685.0,8537.0
99074,GS11745,2025,0.0,1223.0
99103,GS11747,2023,8994.0,456.0
99104,GS11747,2024,9686.0,6169.0
99105,GS11747,2025,0.0,1650.0
99106,GS11747,2026,0.0,8271.0
99134,GS11748,2023,8992.0,456.0
99135,GS11748,2024,9685.0,0.0
99136,GS11748,2025,0.0,9745.0
99137,GS11748,2026,0.0,8286.0
99165,GS11749,2023,8992.0,456.0
99166,GS11749,2024,9685.0,0.0
99167,GS11749,2025,0.0,9774.0
99168,GS11749,2026,0.0,8270.0
99227,GS11750,2023,8994.0,456.0
99228,GS11750,2024,9686.0,0.0
99229,GS11750,2025,0.0,9776.0
99230,GS11750,2026,0.0,8271.0
99258,GS11751,2023,8994.0,456.0
99259,GS11751,2024,9686.0,0.0
99260,GS11751,2025,0.0,9776.0
99261,GS11751,2026,0.0,8271.0
99289,GS11752,2023,8992.0,456.0
99290,GS11752,2024,9685.0,0.0
99291,GS11752,2025,0.0,9774.0
99292,GS11752,2026,0.0,8270.0
99320,GS11753,2023,8292.0,71.0
99321,GS11753,2024,9686.0,0.0
99322,GS11753,2025,0.0,7059.0
99323,GS11753,2026,0.0,8871.0
99351,GS11754,2023,8163.0,0.0
99352,GS11754,2024,9687.0,0.0
99353,GS11754,2025,0.0,5719.0
99354,GS11754,2026,0.0,11970.0
99382,GS11755,2023,8160.0,0.0
99383,GS11755,2024,9685.0,0.0
99384,GS11755,2025,0.0,1247.0
99385,GS11755,2026,0.0,12811.0
99413,GS11756,2023,8161.0,0.0
99414,GS11756,2024,9685.0,0.0
99415,GS11756,2025,0.0,1247.0
99416,GS11756,2026,0.0,16438.0
99444,GS11757,2023,8162.0,0.0
99445,GS11757,2024,9686.0,1389.0
99446,GS11757,2025,0.0,4693.0
99447,GS11757,2026,0.0,11558.0
99475,GS11758,2023,8164.0,0.0
99476,GS11758,2024,9687.0,0.0
99477,GS11758,2025,0.0,3247.0
99478,GS11758,2026,0.0,14443.0
99506,GS11759,2023,8161.0,0.0
99507,GS11759,2024,9686.0,7310.0
99508,GS11759,2025,0.0,1698.0
99509,GS11759,2026,0.0,8678.0
99537,GS11760,2023,7591.0,0.0
99538,GS11760,2024,9686.0,7591.0
99539,GS11760,2025,0.0,1247.0
99540,GS11760,2026,0.0,8439.0
99568,GS11761,2023,7329.0,0.0
99569,GS11761,2024,9686.0,7329.0
99570,GS11761,2025,0.0,1247.0
99571,GS11761,2026,0.0,8295.0
99599,GS11762,2023,7329.0,0.0
99600,GS11762,2024,9686.0,7329.0
99601,GS11762,2025,0.0,1247.0
99602,GS11762,2026,0.0,8295.0
99630,GS11763,2023,7329.0,0.0
99631,GS11763,2024,9685.0,0.0
99632,GS11763,2025,0.0,2082.0
99633,GS11763,2026,0.0,14788.0
99661,GS11764,2023,7329.0,0.0
99662,GS11764,2024,9686.0,0.0
99663,GS11764,2025,0.0,1950.0
99664,GS11764,2026,0.0,14921.0
99692,GS11765,2023,7330.0,0.0
99693,GS11765,2024,9686.0,15.0
99694,GS11765,2025,0.0,8562.0
99695,GS11765,2026,0.0,8295.0
99723,GS11766,2023,7330.0,0.0
99724,GS11766,2024,9686.0,0.0
99725,GS11766,2025,0.0,16872.0
99754,GS11767,2023,7064.0,0.0
99755,GS11767,2024,9686.0,0.0
99756,GS11767,2025,0.0,16606.0
99785,GS11768,2023,6578.0,0.0
99786,GS11768,2024,9686.0,0.0
99787,GS11768,2025,0.0,11716.0
99788,GS11768,2026,0.0,4418.0
99816,GS11769,2023,6578.0,0.0
99817,GS11769,2024,9686.0,0.0
99818,GS11769,2025,0.0,7825.0
99819,GS11769,2026,0.0,8309.0
99847,GS11770,2023,6578.0,0.0
99848,GS11770,2024,9686.0,0.0
99849,GS11770,2025,0.0,7825.0
99850,GS11770,2026,0.0,8309.0
99878,GS11771,2023,6578.0,0.0
99879,GS11771,2024,9686.0,1557.0
99880,GS11771,2025,0.0,6268.0
99881,GS11771,2026,0.0,8309.0
99909,GS11772,2023,6580.0,0.0
99910,GS11772,2024,9687.0,0.0
99911,GS11772,2025,0.0,7827.0
99912,GS11772,2026,0.0,8310.0
99940,GS11773,2023,6578.0,0.0
99941,GS11773,2024,9686.0,6578.0
99942,GS11773,2025,0.0,1247.0
99943,GS11773,2026,0.0,8309.0
99971,GS11774,2023,6578.0,0.0
99972,GS11774,2024,9686.0,0.0
99973,GS11774,2025,0.0,7825.0
99974,GS11774,2026,0.0,8309.0
100002,GS11775,2023,6112.0,0.0
100003,GS11775,2024,9687.0,4.0
100004,GS11775,2025,0.0,7355.0
100005,GS11775,2026,0.0,8310.0
100033,GS11776,2023,5745.0,0.0
100034,GS11776,2024,9686.0,322.0
100035,GS11776,2025,0.0,6670.0
100036,GS11776,2026,0.0,8326.0
100064,GS11777,2023,5745.0,0.0
100065,GS11777,2024,9686.0,5745.0
100066,GS11777,2025,0.0,1247.0
100067,GS11777,2026,0.0,8326.0
100095,GS11778,2023,5745.0,0.0
100096,GS11778,2024,9685.0,5745.0
100097,GS11778,2025,0.0,1182.0
100098,GS11778,2026,0.0,3388.0
100126,GS11779,2023,5747.0,0.0
100127,GS11779,2024,9687.0,5747.0
100128,GS11779,2025,0.0,1247.0
100150,GS1178,2016,27754.0,28603.0
100151,GS1178,2017,33675.0,25565.0
100152,GS1178,2018,59792.0,1986.0
100153,GS1178,2019,0.0,44507.0
100154,GS1178,2020,0.0,13885.0
100155,GS1178,2021,48811.0,74627.0
100156,GS1178,2022,0.0,3037.0
100158,GS1178,2024,65366.0,99.0
100159,GS1178,2025,66623.0,11798.0
100160,GS1178,2026,0.0,33729.0
100188,GS11780,2023,5746.0,0.0
100189,GS11780,2024,9687.0,5746.0
100190,GS11780,2025,0.0,1247.0
100219,GS11781,2023,5746.0,0.0
100220,GS11781,2024,9687.0,5746.0
100221,GS11781,2025,0.0,1247.0
100250,GS11782,2023,5097.0,0.0
100251,GS11782,2024,9687.0,4836.0
100252,GS11782,2025,0.0,1508.0
100281,GS11783,2023,4940.0,0.0
100282,GS11783,2024,9686.0,0.0
100283,GS11783,2025,0.0,6187.0
100312,GS11784,2023,4939.0,0.0
100313,GS11784,2024,9685.0,1376.0
100314,GS11784,2025,0.0,4810.0
100345,GS11785,2025,13325.0,0.0
100377,GS11786,2026,22148.0,0.0
100408,GS11787,2026,22148.0,0.0
100439,GS11788,2026,22148.0,0.0
100470,GS11789,2026,22148.0,0.0
100685,GS11802,2024,660.0,0.0
100686,GS11802,2025,0.0,660.0
100715,GS11807,2023,9177.0,640.0
100716,GS11807,2024,9685.0,8537.0
100717,GS11807,2025,0.0,1223.0
100718,GS11807,2026,0.0,7610.0
100778,GS11809,2024,8055.0,0.0
100809,GS11810,2024,8055.0,0.0
100840,GS11811,2024,7833.0,0.0
100871,GS11812,2024,4620.0,0.0
100902,GS11813,2024,6684.0,60.0
100965,GS11816,2025,960.0,0.0
100996,GS11817,2025,2362.0,0.0
100997,GS11817,2026,1250.0,0.0
101087,GS11835,2023,4941.0,1415.0
101088,GS11835,2024,9687.0,2929.0
101089,GS11835,2025,0.0,260.0
101090,GS11835,2026,0.0,143.0
101118,GS11836,2023,4941.0,4941.0
101119,GS11836,2024,9687.0,0.0
101120,GS11836,2025,0.0,1247.0
101149,GS11837,2023,4710.0,4710.0
101150,GS11837,2024,9687.0,0.0
101151,GS11837,2025,0.0,1247.0
101180,GS11838,2023,4108.0,4108.0
101181,GS11838,2024,9687.0,0.0
101182,GS11838,2025,0.0,1247.0
101211,GS11839,2023,4108.0,4108.0
101212,GS11839,2024,9686.0,0.0
101213,GS11839,2025,0.0,1247.0
101273,GS11840,2023,4107.0,4107.0
101274,GS11840,2024,9685.0,0.0
101275,GS11840,2025,0.0,1247.0
101304,GS11841,2023,4108.0,4108.0
101305,GS11841,2024,9686.0,0.0
101306,GS11841,2025,0.0,1247.0
101335,GS11842,2023,4109.0,4109.0
101336,GS11842,2024,9688.0,0.0
101337,GS11842,2025,0.0,1247.0
101366,GS11843,2023,4108.0,4108.0
101367,GS11843,2024,9687.0,0.0
101368,GS11843,2025,0.0,1247.0
101397,GS11844,2023,3401.0,3401.0
101398,GS11844,2024,9687.0,950.0
101399,GS11844,2025,0.0,297.0
101428,GS11845,2023,3302.0,3302.0
101429,GS11845,2024,9686.0,0.0
101430,GS11845,2025,0.0,1247.0
101459,GS11846,2023,3303.0,3303.0
101460,GS11846,2024,9687.0,0.0
101461,GS11846,2025,0.0,1247.0
101490,GS11847,2023,3303.0,3303.0
101491,GS11847,2024,9688.0,1002.0
101492,GS11847,2025,0.0,245.0
101521,GS11848,2023,44.0,44.0
101522,GS11848,2024,130.0,16.0
101523,GS11848,2025,0.0,114.0
101552,GS11849,2023,26.0,26.0
101553,GS11849,2024,78.0,10.0
101554,GS11849,2025,0.0,68.0
101614,GS11850,2023,26.0,26.0
101615,GS11850,2024,78.0,10.0
101616,GS11850,2025,0.0,68.0
101645,GS11851,2023,26.0,26.0
101646,GS11851,2024,78.0,10.0
101647,GS11851,2025,0.0,68.0
101676,GS11852,2023,26.0,26.0
101677,GS11852,2024,78.0,10.0
101678,GS11852,2025,0.0,68.0
101707,GS11853,2023,26.0,26.0
101708,GS11853,2024,78.0,10.0
101709,GS11853,2025,0.0,68.0
101769,GS11855,2023,27630.0,0.0
101770,GS11855,2024,38990.0,27630.0
101771,GS11855,2025,40086.0,0.0
101772,GS11855,2026,0.0,38211.0
101893,GS11861,2023,24611.0,0.0
101894,GS11861,2024,41500.0,4222.0
101895,GS11861,2025,0.0,19532.0
101896,GS11861,2026,32270.0,6481.0
101926,GS11863,2025,16839.0,0.0
102267,GS11877,2025,8092.0,0.0
102298,GS11878,2025,10464.0,0.0
102327,GS11879,2023,38658.0,0.0
102328,GS11879,2024,0.0,2500.0
102329,GS11879,2025,40853.0,16333.0
102330,GS11879,2026,0.0,11397.0
102389,GS11880,2023,29973.0,0.0
102390,GS11880,2024,0.0,14068.0
102391,GS11880,2025,39906.0,5782.0
102392,GS11880,2026,0.0,3317.0
102420,GS11881,2023,12197.0,0.0
102421,GS11881,2024,0.0,12197.0
102422,GS11881,2025,46643.0,0.0
102423,GS11881,2026,0.0,45711.0
102451,GS11882,2023,26.0,0.0
102452,GS11882,2024,0.0,26.0
102453,GS11882,2025,34658.0,0.0
102454,GS11882,2026,0.0,4289.0
102484,GS11883,2025,18216.0,0.0
102515,GS11884,2025,1214.0,0.0
102762,GS11891,2024,108503.0,0.0
102793,GS11892,2024,120074.0,0.0
102794,GS11892,2025,0.0,1149.0
102856,GS11894,2025,31821.0,0.0
102887,GS11895,2025,71264.0,0.0
102918,GS11896,2025,59962.0,0.0
102949,GS11897,2025,41440.0,2800.0
102950,GS11897,2026,0.0,1750.0
102980,GS11898,2025,11259.0,3776.0
103011,GS11899,2025,98784.0,0.0
103035,GS1190,2018,256596.0,0.0
103036,GS1190,2019,0.0,79123.0
103037,GS1190,2020,240645.0,136543.0
103038,GS1190,2021,0.0,120934.0
103039,GS1190,2022,133666.0,25918.0
103040,GS1190,2023,201554.0,185844.0
103041,GS1190,2024,0.0,44332.0
103042,GS1190,2025,0.0,10852.0
103073,GS11901,2025,355037.0,0.0
103102,GS11902,2023,5692.0,0.0
103133,GS11903,2023,15246.0,0.0
103164,GS11904,2023,856.0,0.0
103195,GS11905,2023,14349.0,0.0
103226,GS11906,2023,41492.0,0.0
103257,GS11907,2023,46689.0,0.0
103259,GS11907,2025,0.0,77.0
103288,GS11908,2023,20151.0,0.0
103290,GS11908,2025,0.0,43.0
103319,GS11909,2023,46471.0,0.0
103322,GS11909,2026,0.0,39937.0
103343,GS1191,2016,6860.0,296.0
103344,GS1191,2017,0.0,895.0
103345,GS1191,2018,0.0,1226.0
103346,GS1191,2019,0.0,3236.0
103347,GS1191,2020,6696.0,1918.0
103348,GS1191,2021,0.0,1738.0
103349,GS1191,2022,17131.0,3429.0
103350,GS1191,2023,13318.0,18885.0
103351,GS1191,2024,0.0,13954.0
103352,GS1191,2025,11295.0,11252.0
103353,GS1191,2026,0.0,123.0
103381,GS11910,2023,53246.0,0.0
103384,GS11910,2026,0.0,40063.0
103412,GS11911,2023,54887.0,0.0
103443,GS11912,2023,60643.0,0.0
103474,GS11913,2023,63419.0,0.0
103505,GS11914,2023,52694.0,0.0
103536,GS11915,2023,73891.0,0.0
103538,GS11915,2025,0.0,621.0
103567,GS11916,2023,70777.0,0.0
103569,GS11916,2025,6612.0,0.0
103598,GS11917,2023,63934.0,0.0
103601,GS11917,2026,0.0,39522.0
103629,GS11918,2023,63795.0,0.0
103632,GS11918,2026,0.0,10478.0
103660,GS11919,2023,66977.0,0.0
103662,GS11919,2025,10013.0,0.0
103722,GS11920,2023,69914.0,0.0
103724,GS11920,2025,13374.0,0.0
103753,GS11921,2023,44679.0,0.0
103754,GS11921,2024,0.0,2236.0
103755,GS11921,2025,10033.0,0.0
103784,GS11922,2023,67412.0,0.0
103786,GS11922,2025,16275.0,0.0
103815,GS11923,2023,70345.0,0.0
103817,GS11923,2025,18915.0,0.0
103846,GS11924,2023,75097.0,0.0
103848,GS11924,2025,22712.0,461.0
103877,GS11925,2023,5974.0,0.0
103879,GS11925,2025,1254.0,49.0
103908,GS11926,2023,73839.0,0.0
103910,GS11926,2025,25538.0,620.0
103939,GS11927,2023,48894.0,0.0
103941,GS11927,2025,15096.0,0.0
103970,GS11928,2023,13446.0,0.0
103972,GS11928,2025,4093.0,0.0
104001,GS11929,2023,32118.0,0.0
104003,GS11929,2025,12118.0,0.0
104032,GS11930,2023,74161.0,0.0
104034,GS11930,2025,29774.0,0.0
104063,GS11931,2023,73481.0,0.0
104065,GS11931,2025,29831.0,0.0
104094,GS11932,2023,70259.0,0.0
104096,GS11932,2025,28009.0,579.0
104127,GS11933,2025,64227.0,0.0
104189,GS11935,2025,13600.0,0.0
104406,GS11945,2025,30555.0,3030.0
104407,GS11945,2026,0.0,2358.0
104436,GS11947,2024,47737.0,16728.0
104437,GS11947,2025,27219.0,0.0
104438,GS11947,2026,0.0,30532.0
104468,GS11948,2025,6888.0,0.0
104529,GS11950,2024,10000.0,6509.0
104530,GS11950,2025,0.0,3491.0
104531,GS11950,2026,10000.0,9800.0
104560,GS11951,2024,10000.0,0.0
104561,GS11951,2025,0.0,10000.0
104562,GS11951,2026,10000.0,6603.0
104591,GS11952,2024,1834.0,0.0
104592,GS11952,2025,0.0,1834.0
104593,GS11952,2026,10000.0,0.0
104624,GS11953,2026,10000.0,917.0
104655,GS11954,2026,9088.0,8906.0
104777,GS11968,2024,500903.0,0.0
104901,GS11972,2024,506009.0,0.0
104903,GS11972,2026,0.0,10000.0
104996,GS11980,2026,1441.0,1412.0
105088,GS11983,2025,289009.0,0.0
105180,GS11986,2024,36.0,0.0
105181,GS11986,2025,0.0,12.0
105182,GS11986,2026,0.0,24.0
105211,GS11987,2024,16.0,0.0
105212,GS11987,2025,18.0,34.0
105242,GS11988,2024,32988.0,32988.0
105243,GS11988,2025,71540.0,23185.0
105244,GS11988,2026,0.0,12168.0
105275,GS11989,2026,2199.0,0.0
105300,GS1199,2020,20109.0,0.0
105303,GS1199,2023,21474.0,9262.0
105306,GS1199,2026,20960.0,20960.0
105459,GS11994,2024,6950.0,400.0
105460,GS11994,2025,0.0,1170.0
105521,GS11996,2024,31528.0,31528.0
105522,GS11996,2025,19924.0,19924.0
105523,GS11996,2026,8739.0,8739.0
105552,GS11998,2024,20731.0,20731.0
105553,GS11998,2025,17273.0,17273.0
105554,GS11998,2026,6821.0,6821.0
105583,GS11999,2024,12024.0,12024.0
105584,GS11999,2025,18230.0,4545.0
105585,GS11999,2026,7165.0,20850.0
105645,GS12000,2024,9740.0,9740.0
105646,GS12000,2025,14283.0,14283.0
105647,GS12000,2026,7046.0,7046.0
105676,GS12001,2024,7020.0,7020.0
105677,GS12001,2025,16040.0,16040.0
105678,GS12001,2026,6553.0,6553.0
105707,GS12002,2024,8081.0,8081.0
105708,GS12002,2025,20464.0,20464.0
105709,GS12002,2026,7948.0,7948.0
105738,GS12003,2024,7249.0,7249.0
105739,GS12003,2025,20268.0,20268.0
105740,GS12003,2026,7514.0,7514.0
105769,GS12004,2024,25034.0,0.0
105770,GS12004,2025,0.0,12024.0
105771,GS12004,2026,9380.0,12390.0
105801,GS12005,2025,14934.0,3589.0
105802,GS12005,2026,4504.0,15849.0
105832,GS12006,2025,22901.0,4346.0
105833,GS12006,2026,10391.0,28946.0
105863,GS12007,2025,20871.0,20871.0
105864,GS12007,2026,8480.0,8480.0
105894,GS12008,2025,22360.0,16509.0
105895,GS12008,2026,11169.0,17020.0
105925,GS12009,2025,21890.0,21890.0
105926,GS12009,2026,8824.0,8824.0
105987,GS12010,2025,9374.0,7980.0
105988,GS12010,2026,6317.0,7711.0
106018,GS12011,2025,19142.0,0.0
106019,GS12011,2026,10000.0,0.0
106079,GS12015,2024,37886.0,0.0
106080,GS12015,2025,0.0,7249.0
106081,GS12015,2026,0.0,5528.0
106141,GS12017,2024,36551.0,0.0
106142,GS12017,2025,63029.0,57732.0
106143,GS12017,2026,0.0,21208.0
106172,GS12018,2024,37663.0,0.0
106173,GS12018,2025,34540.0,72073.0
106174,GS12018,2026,31255.0,13101.0
106203,GS12019,2024,32694.0,0.0
106204,GS12019,2025,67752.0,67924.0
106205,GS12019,2026,0.0,13632.0
106265,GS12020,2024,42415.0,0.0
106266,GS12020,2025,73623.0,27169.0
106267,GS12020,2026,0.0,42330.0
106327,GS12023,2024,44110.0,1066.0
106328,GS12023,2025,0.0,19617.0
106329,GS12023,2026,56416.0,3097.0
106576,GS12031,2025,72398.0,0.0
106637,GS12033,2024,49288.0,2455.0
106638,GS12033,2025,0.0,15667.0
106639,GS12033,2026,148558.0,5574.0
107040,GS12045,2024,540201.0,308.0
107041,GS12045,2025,0.0,18233.0
107042,GS12045,2026,0.0,52524.0
107102,GS12047,2024,1489070.0,327027.0
107103,GS12047,2025,466834.0,1217305.0
107104,GS12047,2026,1341274.0,21813.0
107134,GS12048,2025,10171.0,0.0
107226,GS12050,2024,71862.0,0.0
107227,GS12050,2025,0.0,7045.0
107228,GS12050,2026,47249.0,0.0
107288,GS12052,2024,46911.0,0.0
107289,GS12052,2025,0.0,4106.0
107290,GS12052,2026,34185.0,0.0
107351,GS12054,2025,15513.0,0.0
107352,GS12054,2026,0.0,15513.0
107505,GS12062,2024,1909610.0,37863.0
107506,GS12062,2025,823843.0,293424.0
107507,GS12062,2026,0.0,538718.0
107567,GS12064,2024,16511.0,3409.0
107568,GS12064,2025,21251.0,8126.0
107569,GS12064,2026,47302.0,1248.0
107598,GS12065,2024,430357.0,0.0
107599,GS12065,2025,0.0,430357.0
107600,GS12065,2026,282181.0,277295.0
107660,GS12067,2024,85310.0,0.0
107661,GS12067,2025,0.0,1831.0
107662,GS12067,2026,0.0,1000.0
107723,GS12069,2025,6396.0,0.0
107724,GS12069,2026,0.0,6396.0
107745,GS1207,2016,42383.0,0.0
107746,GS1207,2017,0.0,847.0
107749,GS1207,2020,0.0,41536.0
107751,GS1207,2022,80492.0,30201.0
107752,GS1207,2023,0.0,27663.0
107753,GS1207,2024,0.0,1216.0
107754,GS1207,2025,107385.0,0.0
107847,GS12073,2025,155800.0,4409.0
107848,GS12073,2026,0.0,19631.0
108057,GS1208,2018,61936.0,0.0
108058,GS1208,2019,0.0,309.0
108059,GS1208,2020,67487.0,59442.0
108060,GS1208,2021,0.0,36636.0
108061,GS1208,2022,66957.0,21515.0
108062,GS1208,2023,0.0,10708.0
108063,GS1208,2024,0.0,881.0
108064,GS1208,2025,72284.0,0.0
108157,GS12082,2025,1401.0,0.0
108158,GS12082,2026,10985.0,0.0
108219,GS12084,2025,24535.0,0.0
108281,GS12088,2025,10010.0,10000.0
108746,GS12111,2025,99757.0,0.0
108776,GS12112,2024,1144912.0,0.0
108777,GS12112,2025,0.0,3000.0
108778,GS12112,2026,746233.0,3500.0
108838,GS12114,2024,186973.0,1688.0
108839,GS12114,2025,336581.0,6022.0
108840,GS12114,2026,0.0,14414.0
108871,GS12115,2026,54989.0,0.0
108992,GS12119,2023,163503.0,0.0
108993,GS12119,2024,621700.0,0.0
108994,GS12119,2025,614606.0,45000.0
108995,GS12119,2026,0.0,2883.0
109025,GS12120,2025,178795.0,0.0
109026,GS12120,2026,0.0,35000.0
109117,GS12123,2024,36153.0,0.0
109118,GS12123,2025,37240.0,23287.0
109119,GS12123,2026,0.0,6340.0
109148,GS12124,2024,33719.0,0.0
109149,GS12124,2025,37240.0,18718.0
109179,GS12125,2024,28635.0,0.0
109180,GS12125,2025,37240.0,16713.0
109210,GS12126,2024,26819.0,0.0
109211,GS12126,2025,37240.0,11162.0
109212,GS12126,2026,0.0,3735.0
109241,GS12127,2024,23930.0,4057.0
109242,GS12127,2025,37240.0,3936.0
109243,GS12127,2026,0.0,8.0
109272,GS12128,2024,22441.0,0.0
109273,GS12128,2025,37240.0,0.0
109274,GS12128,2026,0.0,10519.0
109303,GS12129,2024,20727.0,0.0
109304,GS12129,2025,37240.0,8805.0
109334,GS12130,2024,18150.0,0.0
109335,GS12130,2025,37240.0,6228.0
109365,GS12131,2024,15043.0,0.0
109366,GS12131,2025,37240.0,1934.0
109396,GS12132,2024,10973.0,0.0
109397,GS12132,2025,43644.0,0.0
109553,GS12137,2026,28674.0,0.0
109644,GS12141,2024,3072.0,0.0
109645,GS12141,2025,39542.0,0.0
109646,GS12141,2026,0.0,27874.0
109707,GS12143,2025,55000.0,0.0
109739,GS12144,2026,668346.0,401473.0
109770,GS12146,2026,642.0,404.0
109799,GS12147,2024,132457.0,131201.0
109800,GS12147,2025,0.0,1256.0
109801,GS12147,2026,49903.0,2448.0
109955,GS12155,2025,11781.0,0.0
109986,GS12156,2025,12349.0,0.0
110017,GS12157,2025,14289.0,0.0
110048,GS12158,2025,12814.0,0.0
110079,GS12160,2025,11912.0,0.0
110110,GS12161,2025,11269.0,11269.0
110791,GS12188,2024,357.0,0.0
110948,GS12193,2026,1016.0,0.0
111071,GS12197,2025,5212.0,0.0
111133,GS12199,2025,263040.0,0.0
111134,GS12199,2026,207681.0,35007.0
111350,GS12205,2025,372397.0,10004.0
111351,GS12205,2026,235036.0,107135.0
111465,GS1221,2016,10909.0,0.0
111466,GS1221,2017,0.0,2275.0
111467,GS1221,2018,3060.0,1247.0
111468,GS1221,2019,3447.0,510.0
111469,GS1221,2020,3885.0,17.0
111470,GS1221,2021,2065.0,3974.0
111471,GS1221,2022,0.0,10974.0
111472,GS1221,2023,0.0,3325.0
111473,GS1221,2024,0.0,906.0
111474,GS1221,2025,0.0,138.0
111536,GS12212,2025,69330.0,2362.0
111537,GS12212,2026,0.0,1143.0
111568,GS12213,2026,3895.0,0.0
111661,GS12216,2026,8003.0,8003.0
111692,GS12217,2026,8607.0,1997.0
111815,GS12220,2025,3155.0,458.0
111816,GS12220,2026,0.0,1755.0
112000,GS12227,2024,47159.0,1265.0
112001,GS12227,2025,58393.0,2895.0
112002,GS12227,2026,0.0,4520.0
112031,GS12228,2024,25380.0,0.0
112032,GS12228,2025,58393.0,1972.0
112033,GS12228,2026,0.0,183.0
112093,GS1223,2024,64093.0,0.0
112094,GS1223,2025,161394.0,1753.0
112095,GS1223,2026,0.0,1255.0
112218,GS12233,2025,229019.0,0.0
112435,GS12240,2025,23818.0,0.0
112466,GS12241,2025,257670.0,0.0
112467,GS12241,2026,0.0,18745.0
112497,GS12242,2025,126188.0,0.0
112498,GS12242,2026,0.0,83047.0
112527,GS12243,2024,57035.0,0.0
112621,GS12247,2025,3723.0,0.0
112713,GS12251,2024,37828.0,0.0
112714,GS12251,2025,41919.0,37828.0
112715,GS12251,2026,41197.0,0.0
112744,GS12252,2024,31810.0,0.0
112745,GS12252,2025,37790.0,2343.0
112746,GS12252,2026,38062.0,0.0
112775,GS12253,2024,34723.0,0.0
112776,GS12253,2025,49793.0,33365.0
112777,GS12253,2026,46940.0,0.0
112806,GS12254,2024,32199.0,0.0
112807,GS12254,2025,49795.0,32199.0
112808,GS12254,2026,48396.0,0.0
112837,GS12255,2024,31857.0,0.0
112838,GS12255,2025,51515.0,31857.0
112839,GS12255,2026,49131.0,6442.0
112868,GS12256,2024,32759.0,0.0
112869,GS12256,2025,58348.0,32579.0
112870,GS12256,2026,55006.0,15699.0
112899,GS12257,2024,25710.0,0.0
112900,GS12257,2025,53528.0,5790.0
112901,GS12257,2026,51573.0,2472.0
112930,GS12258,2024,16029.0,0.0
112931,GS12258,2025,37036.0,0.0
112932,GS12258,2026,37514.0,12279.0
112961,GS12259,2024,14584.0,0.0
112962,GS12259,2025,42940.0,0.0
112963,GS12259,2026,42688.0,0.0
113023,GS12260,2024,15706.0,0.0
113024,GS12260,2025,47685.0,10032.0
113025,GS12260,2026,46243.0,5674.0
113054,GS12261,2024,11822.0,0.0
113055,GS12261,2025,43273.0,8250.0
113056,GS12261,2026,41017.0,3572.0
113085,GS12262,2024,10729.0,0.0
113086,GS12262,2025,45799.0,0.0
113087,GS12262,2026,44936.0,1979.0
113116,GS12263,2024,5344.0,0.0
113117,GS12263,2025,43430.0,3881.0
113118,GS12263,2026,44479.0,11376.0
113521,GS12276,2026,58661.0,2949.0
113550,GS12277,2024,6671.0,0.0
113581,GS12278,2024,6049.0,0.0
113612,GS12279,2024,7547.0,0.0
113635,GS1228,2016,54923.0,75607.0
113636,GS1228,2017,0.0,13580.0
113637,GS1228,2018,70975.0,46129.0
113638,GS1228,2019,0.0,9606.0
113639,GS1228,2020,94254.0,80995.0
113640,GS1228,2021,0.0,18364.0
113641,GS1228,2022,0.0,1101.0
113645,GS1228,2026,0.0,1100.0
113707,GS12282,2026,119441.0,0.0
113768,GS12285,2025,269440.0,0.0
113769,GS12285,2026,500651.0,260118.0
113830,GS12287,2025,29368.0,0.0
113831,GS12287,2026,0.0,28250.0
113861,GS12289,2025,77230.0,0.0
113862,GS12289,2026,0.0,376.0
113883,GS1229,2016,62.0,0.0
113885,GS1229,2018,1335.0,206.0
113887,GS1229,2020,0.0,1085.0
113888,GS1229,2021,3888.0,2407.0
113889,GS1229,2022,8143.0,2299.0
113890,GS1229,2023,0.0,928.0
113891,GS1229,2024,0.0,2364.0
113892,GS1229,2025,0.0,1392.0
114016,GS12293,2025,100701.0,20000.0
114017,GS12293,2026,0.0,45768.0
114048,GS12295,2026,111159.0,0.0
114110,GS12299,2026,14302.0,0.0
114133,GS1230,2018,31221.0,0.0
114134,GS1230,2019,0.0,3010.0
114135,GS1230,2020,38734.0,8768.0
114136,GS1230,2021,0.0,14811.0
114137,GS1230,2022,32051.0,15382.0
114138,GS1230,2023,0.0,13167.0
114139,GS1230,2024,0.0,2880.0
114140,GS1230,2025,12708.0,0.0
114141,GS1230,2026,0.0,5294.0
114201,GS12302,2024,440677.0,246699.0
114202,GS12302,2025,0.0,150005.0
114203,GS12302,2026,70431.0,1479.0
114234,GS12303,2026,20601.0,1127.0
114356,GS12307,2024,24107.0,0.0
114357,GS12307,2025,448526.0,382331.0
114389,GS12308,2026,76016.0,0.0
114441,GS1231,2016,0.0,3339.0
114442,GS1231,2017,0.0,1441.0
114512,GS12311,2025,114253.0,8803.0
114513,GS12311,2026,0.0,3398.0
114698,GS12317,2025,26943.0,0.0
114699,GS12317,2026,0.0,40.0
114915,GS12327,2025,546.0,546.0
114945,GS12329,2024,24.0,0.0
114946,GS12329,2025,10.0,34.0
115007,GS12330,2024,215.0,0.0
115008,GS12330,2025,156.0,371.0
115039,GS12331,2025,8.0,8.0
115069,GS12332,2024,203.0,0.0
115070,GS12332,2025,541.0,744.0
115101,GS12333,2025,10.0,10.0
115163,GS12335,2025,99.0,19.0
115164,GS12335,2026,0.0,38.0
115226,GS12339,2026,204060.0,0.0
115288,GS12342,2026,2095.0,41.0
115442,GS12347,2025,43793.0,0.0
115443,GS12347,2026,0.0,30000.0
115497,GS1235,2018,162305.0,0.0
115498,GS1235,2019,0.0,1673.0
115499,GS1235,2020,0.0,1572.0
115505,GS1235,2026,160583.0,0.0
115535,GS12350,2025,82660.0,5000.0
115536,GS12350,2026,80505.0,19205.0
115720,GS12357,2024,34049.0,21589.0
115721,GS12357,2025,61358.0,2883.0
115751,GS12358,2024,31693.0,5537.0
115752,GS12358,2025,61335.0,0.0
115814,GS12360,2025,65963.0,371.0
115815,GS12360,2026,0.0,14826.0
115938,GS12364,2025,33666.0,0.0
115939,GS12364,2026,0.0,19044.0
115969,GS12365,2025,30401.0,0.0
115970,GS12365,2026,0.0,15844.0
116000,GS12366,2025,28188.0,0.0
116001,GS12366,2026,0.0,13675.0
116031,GS12367,2025,25749.0,0.0
116032,GS12367,2026,0.0,11285.0
116062,GS12368,2025,23427.0,0.0
116063,GS12368,2026,0.0,9010.0
116093,GS12369,2025,21043.0,0.0
116115,GS1237,2016,104168.0,3319.0
116116,GS1237,2017,0.0,98767.0
116117,GS1237,2018,112253.0,161.0
116118,GS1237,2019,0.0,10430.0
116119,GS1237,2020,148414.0,103744.0
116120,GS1237,2021,0.0,24944.0
116121,GS1237,2022,0.0,74703.0
116122,GS1237,2023,157892.0,20089.0
116123,GS1237,2024,0.0,91696.0
116124,GS1237,2025,153369.0,19668.0
116125,GS1237,2026,131553.0,71023.0
116155,GS12370,2025,17417.0,0.0
116186,GS12371,2025,5793.0,0.0
116309,GS12377,2024,24036.0,0.0
116311,GS12377,2026,63250.0,0.0
116466,GS12383,2026,18053.0,2.0
116682,GS12390,2025,47160.0,0.0
116683,GS12390,2026,48388.0,0.0
116713,GS12391,2025,45152.0,0.0
116714,GS12391,2026,50381.0,0.0
116744,GS12392,2025,42976.0,0.0
116745,GS12392,2026,50005.0,0.0
116775,GS12393,2025,43372.0,0.0
116776,GS12393,2026,51114.0,0.0
116806,GS12394,2025,41290.0,0.0
116807,GS12394,2026,48669.0,0.0
116837,GS12395,2025,35403.0,0.0
116838,GS12395,2026,48091.0,0.0
116868,GS12396,2025,35834.0,0.0
116869,GS12396,2026,47175.0,0.0
116899,GS12397,2025,31326.0,0.0
116900,GS12397,2026,46871.0,0.0
116930,GS12398,2025,28707.0,0.0
116931,GS12398,2026,51901.0,0.0
116961,GS12399,2025,27916.0,0.0
116962,GS12399,2026,53639.0,0.0
117023,GS12400,2025,27657.0,0.0
117024,GS12400,2026,52907.0,0.0
117054,GS12401,2025,28913.0,0.0
117055,GS12401,2026,54734.0,0.0
117085,GS12402,2025,27601.0,0.0
117086,GS12402,2026,55653.0,0.0
117116,GS12403,2025,26783.0,0.0
117117,GS12403,2026,52015.0,0.0
117147,GS12404,2025,28210.0,0.0
117148,GS12404,2026,54603.0,0.0
117178,GS12405,2025,28304.0,0.0
117179,GS12405,2026,55801.0,0.0
117209,GS12406,2025,25904.0,0.0
117210,GS12406,2026,57011.0,0.0
117240,GS12407,2025,25706.0,0.0
117241,GS12407,2026,54566.0,0.0
117271,GS12408,2025,23338.0,0.0
117272,GS12408,2026,49879.0,0.0
117302,GS12409,2025,20519.0,0.0
117303,GS12409,2026,55441.0,18000.0
117364,GS12410,2025,18710.0,0.0
117365,GS12410,2026,56283.0,175.0
117395,GS12411,2025,19228.0,0.0
117396,GS12411,2026,55753.0,0.0
117426,GS12412,2025,18398.0,0.0
117427,GS12412,2026,53223.0,0.0
117457,GS12413,2025,18648.0,0.0
117458,GS12413,2026,51327.0,0.0
117488,GS12414,2025,17080.0,0.0
117489,GS12414,2026,54007.0,0.0
117519,GS12415,2025,15330.0,0.0
117520,GS12415,2026,53204.0,0.0
117550,GS12416,2025,15180.0,0.0
117551,GS12416,2026,52696.0,0.0
117581,GS12417,2025,14750.0,0.0
117582,GS12417,2026,52053.0,0.0
117612,GS12418,2025,10451.0,0.0
117613,GS12418,2026,41054.0,0.0
117674,GS1242,2025,166873.0,0.0
118316,GS1244,2016,0.0,20100.0
118317,GS1244,2017,0.0,648.0
118318,GS1244,2018,0.0,15859.0
118319,GS1244,2019,47185.0,380.0
118320,GS1244,2020,0.0,8517.0
118321,GS1244,2021,0.0,251.0
118322,GS1244,2022,0.0,6361.0
118323,GS1244,2023,0.0,19533.0
118324,GS1244,2024,0.0,4042.0
118325,GS1244,2025,57920.0,26832.0
118326,GS1244,2026,0.0,1234.0
118387,GS12441,2025,248876.0,0.0
118604,GS12448,2025,23451.0,0.0
118816,GS1246,2020,0.0,48.0
118818,GS1246,2022,0.0,50.0
118819,GS1246,2023,0.0,224.0
118820,GS1246,2024,0.0,40.0
118853,GS12460,2026,40832.0,0.0
118884,GS12461,2026,28263.0,0.0
118914,GS12462,2025,101335.0,0.0
119038,GS12467,2025,7491.0,7467.0
119069,GS12468,2025,3579.0,3579.0
119162,GS12470,2025,31917.0,4086.0
119163,GS12470,2026,44064.0,1684.0
119286,GS12474,2025,46185.0,0.0
119318,GS12476,2026,40199.0,0.0
119401,GS1248,2016,8306.0,8206.0
119402,GS1248,2017,2762.0,2707.0
119403,GS1248,2018,1963.0,2024.0
119405,GS1248,2020,10200.0,10010.0
119406,GS1248,2021,7697.0,7734.0
119473,GS12482,2026,188595.0,0.0
119565,GS12486,2025,43395.0,0.0
119649,GS1249,2016,8593.0,8501.0
119650,GS1249,2017,3046.0,2986.0
119651,GS1249,2018,2165.0,2214.0
119653,GS1249,2020,872.0,872.0
119844,GS12495,2025,13977.0,0.0
119845,GS12495,2026,0.0,10387.0
120000,GS12505,2026,185574.0,0.0
120486,GS1253,2016,0.0,3729.0
120487,GS1253,2017,0.0,6420.0
120488,GS1253,2018,140770.0,98687.0
120489,GS1253,2019,0.0,45898.0
120490,GS1253,2020,78414.0,11262.0
120491,GS1253,2021,18421.0,10591.0
120492,GS1253,2022,0.0,35091.0
120493,GS1253,2023,0.0,26917.0
120494,GS1253,2024,0.0,39375.0
120495,GS1253,2025,0.0,18611.0
120525,GS12533,2024,21344.0,0.0
120526,GS12533,2025,44926.0,5542.0
120527,GS12533,2026,0.0,1635.0
121301,GS12570,2025,28003.0,0.0
121302,GS12570,2026,0.0,14650.0
122014,GS12615,2025,2256.0,1010.0
122015,GS12615,2026,0.0,55.0
122045,GS12616,2025,62567.0,0.0
122076,GS12617,2025,44577.0,382.0
122077,GS12617,2026,0.0,133.0
122107,GS12618,2025,5860.0,104.0
122232,GS12624,2026,10745.0,0.0
122293,GS12626,2025,278230.0,0.0
122294,GS12626,2026,0.0,41399.0
122324,GS12627,2025,257911.0,0.0
122325,GS12627,2026,0.0,39413.0
122571,GS12638,2024,919.0,0.0
122573,GS12638,2026,43642.0,0.0
122945,GS12653,2026,23927.0,0.0
122976,GS12654,2026,18255.0,0.0
123317,GS12665,2026,7276.0,0.0
123409,GS12668,2025,11337.0,3110.0
123410,GS12668,2026,0.0,6292.0
123462,GS1267,2016,7500.0,1670.0
123463,GS1267,2017,5002.0,100.0
123464,GS1267,2018,0.0,9377.0
123465,GS1267,2019,18760.0,11072.0
123466,GS1267,2020,18692.0,19596.0
123467,GS1267,2021,3082.0,397.0
123468,GS1267,2022,340.0,9817.0
123469,GS1267,2023,0.0,49.0
123470,GS1267,2024,0.0,3248.0
123471,GS1267,2025,0.0,334.0
123503,GS12670,2026,1299593.0,0.0
124122,GS12701,2025,12012.0,0.0
124153,GS12702,2025,11936.0,0.0
124184,GS12703,2025,11809.0,0.0
124215,GS12704,2025,11605.0,0.0
124246,GS12705,2025,11530.0,0.0
124277,GS12706,2025,11402.0,0.0
124308,GS12707,2025,10738.0,0.0
124339,GS12708,2025,10207.0,0.0
124370,GS12709,2025,9615.0,0.0
124401,GS12710,2025,9344.0,0.0
124432,GS12711,2025,9425.0,0.0
124463,GS12712,2025,9186.0,0.0
124494,GS12713,2025,8854.0,0.0
124525,GS12714,2025,8725.0,0.0
124556,GS12715,2025,8513.0,0.0
124587,GS12716,2025,8404.0,0.0
124618,GS12717,2025,7951.0,0.0
124649,GS12718,2025,7924.0,0.0
124680,GS12719,2025,7153.0,0.0
124742,GS12721,2025,7471.0,0.0
124773,GS12722,2025,7608.0,0.0
124804,GS12723,2025,7479.0,0.0
124835,GS12724,2025,7394.0,0.0
124866,GS12725,2025,7144.0,0.0
124897,GS12726,2025,7041.0,0.0
124928,GS12727,2025,7011.0,0.0
124959,GS12728,2025,6808.0,0.0
124990,GS12729,2025,6499.0,0.0
125021,GS12730,2025,6250.0,0.0
125052,GS12731,2025,5988.0,0.0
125083,GS12732,2025,5788.0,0.0
125114,GS12733,2025,5737.0,0.0
125145,GS12734,2025,5421.0,0.0
125176,GS12735,2025,5383.0,0.0
125207,GS12736,2025,5370.0,0.0
125238,GS12737,2025,5096.0,0.0
125269,GS12738,2025,4994.0,0.0
125300,GS12739,2025,4755.0,0.0
125331,GS12740,2025,4826.0,0.0
125362,GS12741,2025,4742.0,0.0
125393,GS12742,2025,4672.0,0.0
125424,GS12743,2025,4621.0,0.0
125455,GS12744,2025,4596.0,0.0
125486,GS12745,2025,4519.0,0.0
125517,GS12746,2025,4467.0,0.0
125548,GS12747,2025,4442.0,0.0
125579,GS12748,2025,4340.0,0.0
125610,GS12749,2025,4212.0,0.0
125641,GS12750,2025,4134.0,0.0
125672,GS12751,2025,3478.0,0.0
125703,GS12752,2025,3375.0,0.0
125734,GS12753,2025,3341.0,0.0
125765,GS12754,2025,3092.0,0.0
125796,GS12755,2025,3040.0,0.0
125827,GS12756,2025,2860.0,0.0
125858,GS12757,2025,2637.0,0.0
125889,GS12758,2025,2645.0,0.0
125920,GS12759,2025,2395.0,0.0
126324,GS12779,2026,42077.0,0.0
126447,GS12786,2025,35418.0,34000.0
126448,GS12786,2026,0.0,85.0
126603,GS12794,2026,11484.0,10850.0
126696,GS12798,2026,5751.0,0.0
126789,GS12801,2026,30472.0,0.0
127470,GS12829,2025,55765.0,0.0
127471,GS12829,2026,0.0,3.0
127501,GS12830,2025,35222.0,200.0
127502,GS12830,2026,0.0,3659.0
128176,GS1286,2018,192432.0,0.0
128177,GS1286,2019,0.0,3809.0
128178,GS1286,2020,0.0,38.0
128179,GS1286,2021,128693.0,29736.0
128180,GS1286,2022,48690.0,12792.0
128181,GS1286,2023,55116.0,130147.0
128182,GS1286,2024,0.0,1080.0
128183,GS1286,2025,0.0,1159.0
128556,GS12871,2026,1735.0,0.0
128587,GS12875,2026,420504.0,420504.0
128639,GS1288,2016,1931.0,0.0
128641,GS1288,2018,1939.0,0.0
128642,GS1288,2019,2127.0,0.0
128643,GS1288,2020,4213.0,0.0
128644,GS1288,2021,1703.0,0.0
128645,GS1288,2022,1854.0,1571.0
128646,GS1288,2023,2542.0,283.0
128647,GS1288,2024,0.0,1846.0
128648,GS1288,2025,0.0,646.0
129229,GS1291,2017,19376.0,0.0
129230,GS1291,2018,0.0,19243.0
129911,GS1294,2017,20000.0,0.0
129912,GS1294,2018,9463.0,0.0
129913,GS1294,2019,10537.0,0.0
129914,GS1294,2020,10000.0,2409.0
129915,GS1294,2021,6973.0,110.0
129916,GS1294,2022,0.0,599.0
129917,GS1294,2023,7771.0,332.0
129918,GS1294,2024,8655.0,0.0
130158,GS1295,2016,2334.0,0.0
130160,GS1295,2018,2522.0,0.0
130162,GS1295,2020,2381.0,317.0
130163,GS1295,2021,0.0,71.0
130164,GS1295,2022,0.0,6449.0
130166,GS1295,2024,0.0,97.0
130167,GS1295,2025,0.0,236.0
130168,GS1295,2026,0.0,67.0
130292,GS12954,2026,59384.0,0.0
130438,GS1296,2017,20000.0,15576.0
130439,GS1296,2018,10000.0,1375.0
130440,GS1296,2019,20000.0,27776.0
130441,GS1296,2020,4958.0,0.0
130442,GS1296,2021,13996.0,11698.0
130443,GS1296,2022,0.0,11258.0
130444,GS1296,2023,10000.0,5958.0
130445,GS1296,2024,10000.0,0.0
130446,GS1296,2025,10000.0,118.0
130912,GS12979,2026,44123.0,0.0
131284,GS12995,2026,392.0,0.0
131686,GS13020,2025,16639.0,0.0
131717,GS13021,2025,14729.0,0.0
131925,GS1303,2016,43581.0,0.0
131926,GS1303,2017,0.0,15259.0
131927,GS1303,2018,60485.0,795.0
131928,GS1303,2019,0.0,87614.0
131929,GS1303,2020,87138.0,398.0
131930,GS1303,2021,0.0,80046.0
131931,GS1303,2022,0.0,5037.0
131932,GS1303,2023,69669.0,1983.0
131933,GS1303,2024,0.0,12169.0
131934,GS1303,2025,84483.0,6189.0
131935,GS1303,2026,0.0,96611.0
132022,GS1304,2020,1040.0,0.0
132182,GS13045,2025,12384.0,0.0
132390,GS1306,2016,38150.0,734.0
132391,GS1306,2017,22314.0,15408.0
132392,GS1306,2018,42849.0,18028.0
132393,GS1306,2019,0.0,16053.0
132394,GS1306,2020,0.0,2051.0
132395,GS1306,2021,0.0,12911.0
132396,GS1306,2022,47944.0,2206.0
132397,GS1306,2023,0.0,52761.0
132398,GS1306,2024,0.0,4404.0
132399,GS1306,2025,0.0,82.0
133103,GS1310,2016,0.0,8500.0
133104,GS1310,2017,0.0,2008.0
133107,GS1310,2020,0.0,297.0
133299,GS13107,2026,234215.0,0.0
133330,GS13108,2026,15507.0,0.0
133382,GS1311,2016,0.0,13507.0
133383,GS1311,2017,0.0,5011.0
133386,GS1311,2020,0.0,257.0
133423,GS13110,2026,148388.0,0.0
133661,GS1312,2016,0.0,16113.0
133662,GS1312,2017,0.0,562.0
133665,GS1312,2020,0.0,254.0
133702,GS13120,2026,40562.0,0.0
134002,GS1313,2016,0.0,1360.0
134003,GS1313,2017,0.0,522.0
134006,GS1313,2020,0.0,255.0
134042,GS13130,2025,29427.0,0.0
134166,GS13135,2025,114.0,114.0
134312,GS1314,2016,0.0,9045.0
134316,GS1314,2020,0.0,257.0
134653,GS1315,2016,0.0,12527.0
134657,GS1315,2020,0.0,255.0
135127,GS1318,2025,325502.0,0.0
135128,GS1318,2026,143765.0,95440.0
135645,GS1321,2016,0.0,73673.0
135646,GS1321,2017,289542.0,114018.0
135647,GS1321,2018,0.0,210599.0
135648,GS1321,2019,302269.0,120294.0
135649,GS1321,2020,196494.0,231248.0
135650,GS1321,2021,0.0,173957.0
135651,GS1321,2022,207513.0,110446.0
135652,GS1321,2023,263217.0,113845.0
135653,GS1321,2024,237168.0,108606.0
135654,GS1321,2025,0.0,89183.0
135655,GS1321,2026,0.0,47685.0
135678,GS1322,2018,238039.0,0.0
135679,GS1322,2019,0.0,74639.0
135680,GS1322,2020,0.0,41985.0
135681,GS1322,2021,319116.0,53250.0
135682,GS1322,2022,0.0,75127.0
135683,GS1322,2023,0.0,178273.0
135684,GS1322,2024,226894.0,102614.0
135685,GS1322,2025,236160.0,14944.0
135686,GS1322,2026,0.0,214816.0
135832,GS1329,2017,0.0,15.0
135833,GS1329,2018,0.0,16702.0
135834,GS1329,2019,0.0,432.0
135841,GS1329,2026,0.0,150.0
135868,GS1330,2022,273864.0,72303.0
135869,GS1330,2023,24037.0,4674.0
135870,GS1330,2024,0.0,122562.0
135871,GS1330,2025,0.0,14195.0
135872,GS1330,2026,0.0,375.0
135893,GS1332,2016,0.0,9780.0
135894,GS1332,2017,6484.0,1120.0
135895,GS1332,2018,10000.0,6067.0
135896,GS1332,2019,10000.0,9800.0
135897,GS1332,2020,10000.0,80.0
135899,GS1332,2022,0.0,435.0
135900,GS1332,2023,10000.0,281.0
135901,GS1332,2024,15007.0,0.0
135933,GS1333,2025,42565.0,0.0
135934,GS1333,2026,38959.0,0.0
135955,GS1334,2016,6929.0,3465.0
135956,GS1334,2017,6391.0,3132.0
135957,GS1334,2018,5854.0,2869.0
135959,GS1334,2020,4808.0,2410.0
135960,GS1334,2021,0.0,11772.0
135961,GS1334,2022,0.0,90.0
135962,GS1334,2023,4144.0,4388.0
136235,GS1347,2017,52316.0,0.0
136238,GS1347,2020,76446.0,0.0
136240,GS1347,2022,54466.0,0.0
136241,GS1347,2023,66275.0,0.0
136242,GS1347,2024,147515.0,0.0
136243,GS1347,2025,0.0,127132.0
136244,GS1347,2026,73705.0,19284.0
136270,GS1348,2021,129415.0,0.0
136271,GS1348,2022,0.0,3915.0
136272,GS1348,2023,133282.0,1923.0
136274,GS1348,2025,0.0,19407.0
136275,GS1348,2026,256658.0,30007.0
136298,GS1350,2018,122373.0,0.0
136299,GS1350,2019,71699.0,879.0
136300,GS1350,2020,80558.0,5178.0
136301,GS1350,2021,56027.0,63171.0
136302,GS1350,2022,0.0,10038.0
136303,GS1350,2023,0.0,45896.0
136304,GS1350,2024,0.0,13338.0
136305,GS1350,2025,0.0,84988.0
136306,GS1350,2026,0.0,105833.0
136359,GS1352,2017,15416.0,0.0
136360,GS1352,2018,18297.0,0.0
136362,GS1352,2020,14427.0,0.0
136363,GS1352,2021,7962.0,0.0
136364,GS1352,2022,2596.0,0.0
136365,GS1352,2023,2602.0,0.0
136366,GS1352,2024,7118.0,0.0
136367,GS1352,2025,0.0,3443.0
136368,GS1352,2026,0.0,5989.0
136390,GS1353,2017,10561.0,0.0
136391,GS1353,2018,11242.0,0.0
136393,GS1353,2020,11783.0,0.0
136394,GS1353,2021,6381.0,0.0
136395,GS1353,2022,2740.0,0.0
136396,GS1353,2023,2750.0,0.0
136397,GS1353,2024,5637.0,0.0
136399,GS1353,2026,0.0,8387.0
136482,GS1359,2016,9593.0,11863.0
136483,GS1359,2017,0.0,9404.0
136484,GS1359,2018,20000.0,9801.0
136485,GS1359,2019,10000.0,9801.0
136486,GS1359,2020,0.0,5162.0
136487,GS1359,2021,6085.0,7424.0
136488,GS1359,2022,0.0,3255.0
136489,GS1359,2023,5423.0,0.0
136490,GS1359,2024,0.0,3643.0
136491,GS1359,2025,2590.0,165.0
136492,GS1359,2026,0.0,1192.0
136549,GS1363,2021,47375.0,46938.0
136550,GS1363,2022,0.0,437.0
136552,GS1363,2024,59332.0,883.0
136553,GS1363,2025,81947.0,6474.0
136554,GS1363,2026,0.0,5268.0
136575,GS1364,2016,64773.0,378.0
136576,GS1364,2017,72574.0,99589.0
136577,GS1364,2018,67249.0,22948.0
136578,GS1364,2019,70660.0,54158.0
136579,GS1364,2020,70326.0,28580.0
136580,GS1364,2021,69705.0,67700.0
136581,GS1364,2022,0.0,93360.0
136582,GS1364,2023,73457.0,0.0
136583,GS1364,2024,77121.0,48217.0
136584,GS1364,2025,146221.0,74165.0
136585,GS1364,2026,0.0,80551.0
136606,GS1365,2016,65094.0,1015.0
136607,GS1365,2017,0.0,32577.0
136608,GS1365,2018,12829.0,14413.0
136609,GS1365,2019,15017.0,11782.0
136610,GS1365,2020,0.0,14188.0
136611,GS1365,2021,0.0,30667.0
136612,GS1365,2022,0.0,15601.0
136613,GS1365,2023,0.0,9640.0
136614,GS1365,2024,0.0,1946.0
136615,GS1365,2025,0.0,577.0
136670,GS1367,2018,25568.0,2474.0
136671,GS1367,2019,0.0,3328.0
136672,GS1367,2020,0.0,4364.0
136673,GS1367,2021,0.0,1889.0
136674,GS1367,2022,18204.0,8700.0
136675,GS1367,2023,0.0,3768.0
136676,GS1367,2024,0.0,3548.0
136677,GS1367,2025,0.0,1597.0
136678,GS1367,2026,0.0,573.0
136702,GS1368,2019,56637.0,16000.0
136703,GS1368,2020,201607.0,24626.0
136704,GS1368,2021,0.0,121562.0
136705,GS1368,2022,0.0,41250.0
136706,GS1368,2023,141451.0,300.0
136707,GS1368,2024,391785.0,5592.0
136708,GS1368,2025,0.0,11284.0
136886,GS1374,2017,698.0,0.0
136887,GS1374,2018,0.0,698.0
136947,GS1378,2016,70719.0,0.0
136949,GS1378,2018,153332.0,0.0
136951,GS1378,2020,102140.0,0.0
136952,GS1378,2021,47214.0,0.0
136955,GS1378,2024,77921.0,0.0
136956,GS1378,2025,0.0,50000.0
136957,GS1378,2026,0.0,1680.0
137013,GS1382,2020,119491.0,0.0
137015,GS1382,2022,0.0,15558.0
137016,GS1382,2023,0.0,68558.0
137017,GS1382,2024,0.0,13239.0
137018,GS1382,2025,134795.0,14196.0
137019,GS1382,2026,0.0,1140.0
137044,GS1383,2020,115715.0,115715.0
137047,GS1383,2023,135049.0,0.0
137049,GS1383,2025,0.0,543.0
137050,GS1383,2026,150844.0,0.0
137195,GS1588,2016,74052.0,0.0
137197,GS1588,2018,156099.0,0.0
137198,GS1588,2019,83982.0,0.0
137199,GS1588,2020,103140.0,0.0
137200,GS1588,2021,49358.0,0.0
137203,GS1588,2024,122397.0,0.0
137204,GS1588,2025,0.0,100000.0
137205,GS1588,2026,0.0,3448.0
137233,GS1688,2023,50501.0,0.0
137235,GS1688,2025,51589.0,0.0
137319,GS1692,2016,43341.0,0.0
137350,GS1693,2016,8762.0,0.0
137352,GS1693,2018,8925.0,0.0
137353,GS1693,2019,9784.0,0.0
137354,GS1693,2020,19344.0,0.0
137355,GS1693,2021,7839.0,0.0
137356,GS1693,2022,8528.0,8528.0
137357,GS1693,2023,17088.0,0.0
137358,GS1693,2024,0.0,6525.0
137359,GS1693,2025,2375.0,12550.0
137381,GS1694,2016,8762.0,0.0
137383,GS1694,2018,8925.0,0.0
137384,GS1694,2019,9786.0,0.0
137385,GS1694,2020,19344.0,0.0
137386,GS1694,2021,7839.0,0.0
137387,GS1694,2022,8528.0,0.0
137388,GS1694,2023,17088.0,8528.0
137389,GS1694,2024,0.0,8495.0
137390,GS1694,2025,2375.0,10580.0
137412,GS1695,2016,8762.0,0.0
137414,GS1695,2018,8925.0,0.0
137415,GS1695,2019,9785.0,0.0
137416,GS1695,2020,19344.0,0.0
137417,GS1695,2021,7839.0,0.0
137418,GS1695,2022,8528.0,0.0
137419,GS1695,2023,8668.0,8528.0
137420,GS1695,2024,8420.0,8495.0
137421,GS1695,2025,2375.0,10580.0
137443,GS1696,2016,8762.0,0.0
137445,GS1696,2018,8925.0,0.0
137446,GS1696,2019,9785.0,0.0
137447,GS1696,2020,19344.0,0.0
137448,GS1696,2021,7839.0,0.0
137449,GS1696,2022,8528.0,0.0
137450,GS1696,2023,8668.0,8528.0
137451,GS1696,2024,8420.0,8495.0
137452,GS1696,2025,2375.0,8158.0
137453,GS1696,2026,0.0,1808.0
137474,GS1697,2016,8762.0,0.0
137476,GS1697,2018,8925.0,0.0
137477,GS1697,2019,9786.0,0.0
137478,GS1697,2020,19344.0,0.0
137479,GS1697,2021,7839.0,0.0
137480,GS1697,2022,8528.0,0.0
137481,GS1697,2023,8668.0,8528.0
137482,GS1697,2024,8420.0,8495.0
137483,GS1697,2025,2375.0,688.0
137484,GS1697,2026,0.0,8252.0
137505,GS1698,2016,8762.0,0.0
137507,GS1698,2018,8925.0,0.0
137508,GS1698,2019,9785.0,0.0
137509,GS1698,2020,19344.0,0.0
137510,GS1698,2021,7839.0,0.0
137511,GS1698,2022,8528.0,0.0
137512,GS1698,2023,8668.0,8528.0
137513,GS1698,2024,8420.0,1179.0
137514,GS1698,2025,2375.0,7316.0
137515,GS1698,2026,0.0,2440.0
137536,GS1699,2016,8762.0,0.0
137538,GS1699,2018,8925.0,0.0
137539,GS1699,2019,9785.0,0.0
137540,GS1699,2020,19344.0,0.0
137541,GS1699,2021,7839.0,0.0
137542,GS1699,2022,8528.0,0.0
137543,GS1699,2023,8668.0,8528.0
137544,GS1699,2024,8420.0,1600.0
137545,GS1699,2025,2375.0,6895.0
137567,GS1700,2016,8762.0,0.0
137569,GS1700,2018,8925.0,0.0
137570,GS1700,2019,9786.0,0.0
137571,GS1700,2020,19344.0,0.0
137572,GS1700,2021,7839.0,0.0
137573,GS1700,2022,8528.0,0.0
137574,GS1700,2023,8668.0,8528.0
137575,GS1700,2024,8420.0,0.0
137576,GS1700,2025,2375.0,7045.0
137577,GS1700,2026,0.0,2900.0
137598,GS1701,2016,8762.0,0.0
137600,GS1701,2018,8925.0,0.0
137601,GS1701,2019,9785.0,0.0
137602,GS1701,2020,19344.0,0.0
137603,GS1701,2021,7839.0,0.0
137604,GS1701,2022,8528.0,0.0
137605,GS1701,2023,8668.0,8524.0
137606,GS1701,2024,8420.0,2805.0
137607,GS1701,2025,2375.0,5694.0
137629,GS1702,2016,8443.0,0.0
137631,GS1702,2018,8538.0,0.0
137632,GS1702,2019,9386.0,0.0
137633,GS1702,2020,18573.0,0.0
137634,GS1702,2021,7839.0,0.0
137635,GS1702,2022,8528.0,0.0
137636,GS1702,2023,8668.0,8528.0
137637,GS1702,2024,8420.0,8495.0
137638,GS1702,2025,2375.0,0.0
137660,GS1703,2016,8443.0,0.0
137662,GS1703,2018,8538.0,0.0
137663,GS1703,2019,9387.0,0.0
137664,GS1703,2020,18573.0,0.0
137665,GS1703,2021,7839.0,0.0
137666,GS1703,2022,8291.0,0.0
137667,GS1703,2023,8668.0,0.0
137668,GS1703,2024,8420.0,11388.0
137669,GS1703,2025,2375.0,0.0
137691,GS1704,2016,8443.0,0.0
137693,GS1704,2018,8538.0,0.0
137694,GS1704,2019,9386.0,0.0
137695,GS1704,2020,18573.0,0.0
137696,GS1704,2021,7839.0,0.0
137697,GS1704,2022,8291.0,0.0
137698,GS1704,2023,8668.0,0.0
137699,GS1704,2024,8420.0,7971.0
137700,GS1704,2025,2375.0,320.0
137722,GS1705,2016,8443.0,0.0
137724,GS1705,2018,8538.0,0.0
137725,GS1705,2019,9387.0,0.0
137726,GS1705,2020,18573.0,0.0
137727,GS1705,2021,7839.0,0.0
137728,GS1705,2022,8291.0,0.0
137729,GS1705,2023,8668.0,8291.0
137730,GS1705,2024,8420.0,661.0
137731,GS1705,2025,2375.0,0.0
137753,GS1706,2016,8443.0,0.0
137755,GS1706,2018,8538.0,0.0
137756,GS1706,2019,9386.0,0.0
137757,GS1706,2020,18573.0,0.0
137758,GS1706,2021,7839.0,0.0
137759,GS1706,2022,8291.0,0.0
137760,GS1706,2023,8668.0,7373.0
137761,GS1706,2024,8420.0,918.0
137762,GS1706,2025,2375.0,0.0
137784,GS1707,2016,8443.0,0.0
137786,GS1707,2018,8538.0,0.0
137787,GS1707,2019,9386.0,0.0
137788,GS1707,2020,18573.0,0.0
137789,GS1707,2021,7839.0,0.0
137790,GS1707,2022,8291.0,0.0
137791,GS1707,2023,8668.0,8291.0
137792,GS1707,2024,8420.0,0.0
137793,GS1707,2025,2375.0,0.0
137815,GS1708,2016,8443.0,0.0
137817,GS1708,2018,8538.0,0.0
137818,GS1708,2019,9387.0,0.0
137819,GS1708,2020,18573.0,0.0
137820,GS1708,2021,7839.0,0.0
137821,GS1708,2022,8291.0,0.0
137822,GS1708,2023,8668.0,8291.0
137823,GS1708,2024,8420.0,0.0
137824,GS1708,2025,2375.0,0.0
137846,GS1709,2016,8443.0,0.0
137848,GS1709,2018,8538.0,0.0
137849,GS1709,2019,9386.0,0.0
137850,GS1709,2020,18573.0,0.0
137851,GS1709,2021,7839.0,0.0
137852,GS1709,2022,8291.0,0.0
137853,GS1709,2023,8668.0,8291.0
137854,GS1709,2024,8420.0,0.0
137855,GS1709,2025,2375.0,0.0
137877,GS1710,2016,8443.0,0.0
137879,GS1710,2018,8538.0,0.0
137880,GS1710,2019,9387.0,0.0
137881,GS1710,2020,18573.0,0.0
137882,GS1710,2021,7839.0,0.0
137883,GS1710,2022,8291.0,0.0
137884,GS1710,2023,8668.0,8291.0
137885,GS1710,2024,8420.0,0.0
137886,GS1710,2025,2375.0,0.0
137908,GS1711,2016,8443.0,0.0
137910,GS1711,2018,8538.0,0.0
137911,GS1711,2019,9386.0,0.0
137912,GS1711,2020,18573.0,0.0
137913,GS1711,2021,7839.0,0.0
137914,GS1711,2022,8291.0,0.0
137915,GS1711,2023,8668.0,8291.0
137916,GS1711,2024,8420.0,0.0
137917,GS1711,2025,2375.0,0.0
137939,GS1712,2016,8443.0,0.0
137941,GS1712,2018,8538.0,0.0
137942,GS1712,2019,9387.0,0.0
137943,GS1712,2020,18573.0,0.0
137944,GS1712,2021,7839.0,0.0
137945,GS1712,2022,8291.0,0.0
137946,GS1712,2023,8668.0,8291.0
137947,GS1712,2024,8420.0,0.0
137948,GS1712,2025,2375.0,0.0
137970,GS1713,2016,8443.0,0.0
137972,GS1713,2018,8538.0,0.0
137973,GS1713,2019,9386.0,0.0
137974,GS1713,2020,18573.0,0.0
137975,GS1713,2021,7839.0,0.0
137976,GS1713,2022,8291.0,0.0
137977,GS1713,2023,8668.0,8291.0
137978,GS1713,2024,8420.0,0.0
137979,GS1713,2025,2375.0,0.0
138001,GS1714,2016,8443.0,0.0
138003,GS1714,2018,8538.0,0.0
138004,GS1714,2019,9387.0,0.0
138005,GS1714,2020,18573.0,0.0
138006,GS1714,2021,7839.0,0.0
138007,GS1714,2022,8291.0,0.0
138008,GS1714,2023,8668.0,8291.0
138009,GS1714,2024,8420.0,0.0
138010,GS1714,2025,2375.0,0.0
138032,GS1715,2016,8443.0,0.0
138034,GS1715,2018,8538.0,0.0
138035,GS1715,2019,9386.0,0.0
138036,GS1715,2020,18573.0,0.0
138037,GS1715,2021,7839.0,0.0
138038,GS1715,2022,8291.0,0.0
138039,GS1715,2023,8668.0,8291.0
138040,GS1715,2024,8420.0,0.0
138041,GS1715,2025,2375.0,0.0
138063,GS1716,2016,8443.0,0.0
138065,GS1716,2018,8538.0,0.0
138066,GS1716,2019,9386.0,0.0
138067,GS1716,2020,18573.0,0.0
138068,GS1716,2021,7839.0,0.0
138069,GS1716,2022,8291.0,0.0
138070,GS1716,2023,8668.0,8291.0
138071,GS1716,2024,8420.0,0.0
138072,GS1716,2025,2375.0,0.0
138094,GS1717,2016,8443.0,0.0
138096,GS1717,2018,8538.0,0.0
138097,GS1717,2019,9387.0,0.0
138098,GS1717,2020,18573.0,0.0
138099,GS1717,2021,7839.0,0.0
138100,GS1717,2022,8291.0,0.0
138101,GS1717,2023,8668.0,8291.0
138102,GS1717,2024,8420.0,0.0
138103,GS1717,2025,2375.0,0.0
138125,GS1718,2016,8443.0,0.0
138127,GS1718,2018,8538.0,0.0
138128,GS1718,2019,9386.0,0.0
138129,GS1718,2020,18573.0,0.0
138130,GS1718,2021,7839.0,0.0
138131,GS1718,2022,8291.0,0.0
138132,GS1718,2023,8668.0,4196.0
138133,GS1718,2024,8420.0,4095.0
138134,GS1718,2025,2375.0,0.0
138156,GS1719,2016,8443.0,0.0
138158,GS1719,2018,8538.0,0.0
138159,GS1719,2019,9387.0,0.0
138160,GS1719,2020,18573.0,0.0
138161,GS1719,2021,7839.0,0.0
138162,GS1719,2022,8291.0,0.0
138163,GS1719,2023,8668.0,540.0
138164,GS1719,2024,8420.0,7751.0
138165,GS1719,2025,2375.0,0.0
138187,GS1720,2016,8443.0,0.0
138189,GS1720,2018,8538.0,0.0
138190,GS1720,2019,9386.0,0.0
138191,GS1720,2020,18573.0,0.0
138192,GS1720,2021,7839.0,0.0
138193,GS1720,2022,8291.0,0.0
138194,GS1720,2023,8668.0,497.0
138195,GS1720,2024,8420.0,7794.0
138196,GS1720,2025,2375.0,0.0
138218,GS1721,2016,8443.0,0.0
138220,GS1721,2018,8538.0,0.0
138221,GS1721,2019,9387.0,0.0
138222,GS1721,2020,18573.0,0.0
138223,GS1721,2021,7839.0,0.0
138224,GS1721,2022,8291.0,0.0
138225,GS1721,2023,8668.0,8291.0
138226,GS1721,2024,8420.0,0.0
138227,GS1721,2025,2375.0,0.0
138249,GS1722,2016,8443.0,0.0
138251,GS1722,2018,8538.0,0.0
138252,GS1722,2019,9386.0,0.0
138253,GS1722,2020,18573.0,0.0
138254,GS1722,2021,7839.0,0.0
138255,GS1722,2022,8291.0,0.0
138256,GS1722,2023,8668.0,8291.0
138257,GS1722,2024,8420.0,0.0
138258,GS1722,2025,2375.0,0.0
138280,GS1723,2016,8443.0,0.0
138282,GS1723,2018,8538.0,0.0
138283,GS1723,2019,9387.0,0.0
138284,GS1723,2020,18573.0,0.0
138285,GS1723,2021,7839.0,0.0
138286,GS1723,2022,8291.0,0.0
138287,GS1723,2023,8668.0,8291.0
138288,GS1723,2024,8420.0,0.0
138289,GS1723,2025,2375.0,0.0
138311,GS1724,2016,8443.0,0.0
138313,GS1724,2018,8538.0,0.0
138314,GS1724,2019,9386.0,0.0
138315,GS1724,2020,18573.0,0.0
138316,GS1724,2021,7839.0,0.0
138317,GS1724,2022,8528.0,0.0
138318,GS1724,2023,8668.0,4630.0
138319,GS1724,2024,8420.0,3898.0
138320,GS1724,2025,2375.0,0.0
138342,GS1725,2016,8443.0,0.0
138344,GS1725,2018,8538.0,0.0
138345,GS1725,2019,9386.0,0.0
138346,GS1725,2020,18573.0,0.0
138347,GS1725,2021,7839.0,0.0
138348,GS1725,2022,8528.0,0.0
138349,GS1725,2023,8668.0,0.0
138350,GS1725,2024,8420.0,8528.0
138351,GS1725,2025,2375.0,0.0
138373,GS1726,2016,8762.0,0.0
138375,GS1726,2018,8538.0,0.0
138376,GS1726,2019,9786.0,0.0
138377,GS1726,2020,18949.0,0.0
138378,GS1726,2021,7839.0,0.0
138379,GS1726,2022,8528.0,0.0
138380,GS1726,2023,8955.0,0.0
138381,GS1726,2024,8685.0,8528.0
138382,GS1726,2025,2472.0,0.0
138404,GS1727,2016,8443.0,0.0
138406,GS1727,2018,8925.0,0.0
138407,GS1727,2019,9386.0,0.0
138408,GS1727,2020,18573.0,0.0
138409,GS1727,2021,7839.0,0.0
138410,GS1727,2022,8528.0,0.0
138411,GS1727,2023,8955.0,0.0
138412,GS1727,2024,8685.0,8528.0
138413,GS1727,2025,2375.0,0.0
138435,GS1728,2016,8443.0,0.0
138437,GS1728,2018,8925.0,0.0
138438,GS1728,2019,9387.0,0.0
138439,GS1728,2020,18573.0,0.0
138440,GS1728,2021,7839.0,0.0
138441,GS1728,2022,8528.0,0.0
138442,GS1728,2023,8955.0,0.0
138443,GS1728,2024,8685.0,8528.0
138444,GS1728,2025,2375.0,0.0
138497,GS1730,2016,8443.0,0.0
138499,GS1730,2018,8925.0,0.0
138500,GS1730,2019,9386.0,0.0
138501,GS1730,2020,18573.0,0.0
138502,GS1730,2021,7839.0,0.0
138503,GS1730,2022,8528.0,0.0
138504,GS1730,2023,8955.0,0.0
138505,GS1730,2024,8685.0,8528.0
138506,GS1730,2025,2375.0,0.0
138528,GS1731,2016,8443.0,0.0
138530,GS1731,2018,8925.0,0.0
138531,GS1731,2019,9386.0,0.0
138532,GS1731,2020,18573.0,0.0
138533,GS1731,2021,7839.0,0.0
138534,GS1731,2022,8528.0,0.0
138535,GS1731,2023,8955.0,0.0
138536,GS1731,2024,8685.0,8528.0
138537,GS1731,2025,2375.0,0.0
138559,GS1732,2016,8443.0,0.0
138561,GS1732,2018,8925.0,0.0
138562,GS1732,2019,9387.0,0.0
138563,GS1732,2020,18573.0,0.0
138564,GS1732,2021,7839.0,0.0
138565,GS1732,2022,8528.0,0.0
138566,GS1732,2023,8955.0,0.0
138567,GS1732,2024,8685.0,8528.0
138568,GS1732,2025,2375.0,0.0
138590,GS1733,2016,8443.0,0.0
138592,GS1733,2018,8925.0,0.0
138593,GS1733,2019,9386.0,0.0
138594,GS1733,2020,18573.0,0.0
138595,GS1733,2021,7839.0,0.0
138596,GS1733,2022,8528.0,0.0
138597,GS1733,2023,8955.0,0.0
138598,GS1733,2024,8685.0,8528.0
138599,GS1733,2025,2375.0,0.0
138621,GS1734,2016,8443.0,0.0
138623,GS1734,2018,8538.0,0.0
138624,GS1734,2019,9387.0,0.0
138625,GS1734,2020,18573.0,0.0
138626,GS1734,2021,7839.0,0.0
138627,GS1734,2022,8528.0,0.0
138628,GS1734,2023,8955.0,0.0
138629,GS1734,2024,8420.0,8528.0
138630,GS1734,2025,2375.0,0.0
138652,GS1735,2016,8443.0,0.0
138654,GS1735,2018,8538.0,0.0
138655,GS1735,2019,9386.0,0.0
138656,GS1735,2020,18573.0,0.0
138657,GS1735,2021,7839.0,0.0
138658,GS1735,2022,8528.0,0.0
138659,GS1735,2023,8955.0,0.0
138660,GS1735,2024,8420.0,8528.0
138661,GS1735,2025,2375.0,0.0
138683,GS1736,2016,8443.0,0.0
138685,GS1736,2018,8538.0,0.0
138686,GS1736,2019,9387.0,0.0
138687,GS1736,2020,18573.0,0.0
138688,GS1736,2021,7839.0,0.0
138689,GS1736,2022,8528.0,0.0
138690,GS1736,2023,8955.0,0.0
138691,GS1736,2024,8420.0,8528.0
138692,GS1736,2025,2375.0,0.0
138714,GS1737,2016,8443.0,0.0
138716,GS1737,2018,8538.0,0.0
138717,GS1737,2019,9386.0,0.0
138718,GS1737,2020,18573.0,0.0
138719,GS1737,2021,7839.0,0.0
138720,GS1737,2022,8528.0,0.0
138721,GS1737,2023,8955.0,0.0
138722,GS1737,2024,8420.0,8528.0
138723,GS1737,2025,2375.0,0.0
138745,GS1738,2016,8762.0,0.0
138747,GS1738,2018,8538.0,0.0
138748,GS1738,2019,9387.0,0.0
138749,GS1738,2020,18573.0,0.0
138750,GS1738,2021,7839.0,0.0
138751,GS1738,2022,8528.0,0.0
138752,GS1738,2023,8955.0,0.0
138753,GS1738,2024,8685.0,8528.0
138754,GS1738,2025,2375.0,0.0
138776,GS1739,2016,8762.0,0.0
138778,GS1739,2018,8925.0,0.0
138779,GS1739,2019,9785.0,0.0
138780,GS1739,2020,19344.0,0.0
138781,GS1739,2021,8086.0,0.0
138782,GS1739,2022,8528.0,0.0
138783,GS1739,2023,8955.0,0.0
138784,GS1739,2024,8685.0,3528.0
138785,GS1739,2025,2472.0,0.0
138807,GS1740,2016,8762.0,0.0
138809,GS1740,2018,8925.0,0.0
138810,GS1740,2019,9785.0,0.0
138811,GS1740,2020,19344.0,0.0
138812,GS1740,2021,8086.0,0.0
138813,GS1740,2022,8528.0,0.0
138814,GS1740,2023,8955.0,0.0
138815,GS1740,2024,8685.0,1854.0
138816,GS1740,2025,2472.0,1634.0
138838,GS1741,2016,8762.0,0.0
138840,GS1741,2018,8925.0,0.0
138841,GS1741,2019,9785.0,0.0
138842,GS1741,2020,19344.0,0.0
138843,GS1741,2021,8086.0,0.0
138844,GS1741,2022,8844.0,1473.0
138845,GS1741,2023,8955.0,0.0
138846,GS1741,2024,8685.0,0.0
138847,GS1741,2025,2472.0,1350.0
138869,GS1742,2016,8762.0,0.0
138871,GS1742,2018,8925.0,0.0
138872,GS1742,2019,9387.0,0.0
138873,GS1742,2020,18573.0,0.0
138874,GS1742,2021,7839.0,0.0
138875,GS1742,2022,8528.0,0.0
138876,GS1742,2023,8668.0,0.0
138877,GS1742,2024,8685.0,0.0
138878,GS1742,2025,2472.0,0.0
138900,GS1743,2016,8762.0,0.0
138902,GS1743,2018,8925.0,0.0
138903,GS1743,2019,9386.0,0.0
138904,GS1743,2020,18573.0,0.0
138905,GS1743,2021,7839.0,0.0
138906,GS1743,2022,8528.0,0.0
138907,GS1743,2023,8668.0,0.0
138908,GS1743,2024,8685.0,0.0
138909,GS1743,2025,2472.0,0.0
138931,GS1744,2016,7515.0,0.0
138933,GS1744,2018,7300.0,0.0
138934,GS1744,2019,8230.0,0.0
138935,GS1744,2020,16221.0,0.0
138936,GS1744,2021,7048.0,0.0
138937,GS1744,2022,7520.0,0.0
138938,GS1744,2023,6582.0,0.0
138939,GS1744,2024,6497.0,0.0
138940,GS1744,2025,1799.0,0.0
138962,GS1745,2016,8573.0,0.0
138964,GS1745,2018,8613.0,0.0
138965,GS1745,2019,9550.0,0.0
138966,GS1745,2020,18804.0,0.0
138967,GS1745,2021,7887.0,0.0
138968,GS1745,2022,8388.0,0.0
138969,GS1745,2023,8785.0,0.0
138970,GS1745,2024,8529.0,0.0
138971,GS1745,2025,2415.0,0.0
139087,GS1890,2017,102028.0,0.0
139088,GS1890,2018,116737.0,0.0
139089,GS1890,2019,143188.0,0.0
139092,GS1890,2022,64826.0,0.0
139094,GS1890,2024,274970.0,80271.0
139095,GS1890,2025,277099.0,30305.0
139096,GS1890,2026,0.0,4503.0
139157,GS2088,2025,109235.0,0.0
139210,GS2091,2016,0.0,24898.0
139211,GS2091,2017,0.0,20269.0
139212,GS2091,2018,0.0,1149.0
139214,GS2091,2020,0.0,223.0
139241,GS2092,2016,0.0,29364.0
139242,GS2092,2017,0.0,40696.0
139243,GS2092,2018,0.0,19336.0
139303,GS2094,2016,42238.0,1906.0
139304,GS2094,2017,150607.0,54582.0
139305,GS2094,2018,161656.0,50181.0
139306,GS2094,2019,374722.0,68746.0
139307,GS2094,2020,174889.0,382699.0
139308,GS2094,2021,344184.0,269160.0
139309,GS2094,2022,399837.0,424251.0
139310,GS2094,2023,283953.0,232886.0
139311,GS2094,2024,1398226.0,332968.0
139312,GS2094,2025,736170.0,234304.0
139313,GS2094,2026,0.0,99105.0
139334,GS2095,2016,9249.0,9210.0
139335,GS2095,2017,33102.0,10062.0
139336,GS2095,2018,0.0,4776.0
139337,GS2095,2019,81226.0,17102.0
139338,GS2095,2020,58222.0,5588.0
139339,GS2095,2021,0.0,5353.0
139340,GS2095,2022,0.0,56777.0
139341,GS2095,2023,247578.0,20717.0
139342,GS2095,2024,0.0,7588.0
139343,GS2095,2025,105000.0,75101.0
139344,GS2095,2026,0.0,61450.0
139491,GS2290,2018,49243.0,0.0
139492,GS2290,2019,83710.0,0.0
139493,GS2290,2020,0.0,1439.0
139494,GS2290,2021,0.0,12891.0
139495,GS2290,2022,30550.0,25674.0
139496,GS2290,2023,0.0,35755.0
139497,GS2290,2024,0.0,12068.0
139498,GS2290,2025,0.0,11886.0
139499,GS2290,2026,0.0,1679.0
139553,GS2293,2018,180744.0,18745.0
139554,GS2293,2019,0.0,31985.0
139555,GS2293,2020,0.0,21264.0
139556,GS2293,2021,0.0,2473.0
139557,GS2293,2022,0.0,3345.0
139558,GS2293,2023,173639.0,53370.0
139559,GS2293,2024,0.0,33115.0
139560,GS2293,2025,0.0,30561.0
139561,GS2293,2026,0.0,2500.0
139615,GS2295,2018,9754.0,1000.0
139616,GS2295,2019,0.0,1214.0
139617,GS2295,2020,0.0,1686.0
139618,GS2295,2021,0.0,3526.0
139619,GS2295,2022,0.0,2249.0
139644,GS2296,2016,5587.0,0.0
139645,GS2296,2017,0.0,2690.0
139646,GS2296,2018,106601.0,72.0
139647,GS2296,2019,77432.0,29253.0
139648,GS2296,2020,0.0,9731.0
139649,GS2296,2021,190576.0,62441.0
139650,GS2296,2022,371147.0,67708.0
139651,GS2296,2023,319633.0,245845.0
139652,GS2296,2024,572881.0,245897.0
139653,GS2296,2025,745505.0,821258.0
139654,GS2296,2026,843008.0,130070.0
139681,GS2297,2022,963232.0,0.0
139683,GS2297,2024,598678.0,0.0
139684,GS2297,2025,0.0,200000.0
139685,GS2297,2026,164622.0,0.0
139772,GS2300,2020,20455.0,0.0
140553,GS23170,2026,10714.0,0.0
140987,GS23186,2026,1899.0,0.0
141017,GS23187,2025,17758.0,0.0
142661,GS23254,2026,299766.0,7498.0
143033,GS23271,2026,13342.0,0.0
143901,GS23309,2026,41008.0,0.0
144552,GS23339,2026,17594.0,933.0
152201,GS2394,2018,11117.0,0.0
152203,GS2394,2020,0.0,1450.0
152204,GS2394,2021,0.0,1482.0
152205,GS2394,2022,0.0,7393.0
152206,GS2394,2023,0.0,45.0
152232,GS2395,2018,14780.0,0.0
152234,GS2395,2020,0.0,2022.0
152235,GS2395,2021,0.0,895.0
152236,GS2395,2022,0.0,3781.0
152237,GS2395,2023,0.0,5770.0
152238,GS2395,2024,0.0,2230.0
152239,GS2395,2025,0.0,13.0
152261,GS2396,2016,0.0,12588.0
152263,GS2396,2018,0.0,126.0
152264,GS2396,2019,0.0,1419.0
152265,GS2396,2020,0.0,1628.0
152266,GS2396,2021,0.0,9202.0
152268,GS2396,2023,0.0,21.0
152269,GS2396,2024,0.0,229.0
152294,GS2397,2018,0.0,7451.0
152295,GS2397,2019,0.0,2150.0
152298,GS2397,2022,127417.0,0.0
152299,GS2397,2023,37741.0,100.0
152300,GS2397,2024,0.0,88488.0
152301,GS2397,2025,0.0,39247.0
152302,GS2397,2026,0.0,3128.0
152325,GS2398,2018,0.0,4643.0
152326,GS2398,2019,0.0,4882.0
152390,GS2402,2021,0.0,49.0
152391,GS2402,2022,0.0,126.0
152421,GS2403,2021,0.0,43.0
152422,GS2403,2022,0.0,42.0
152479,GS2405,2017,33425.0,43079.0
152480,GS2405,2018,20516.0,49561.0
152485,GS2405,2023,0.0,369.0
152486,GS2405,2024,0.0,2000.0
152488,GS2405,2026,0.0,344.0
152732,GS2419,2022,192809.0,0.0
152790,GS2421,2018,1800.0,0.0
152791,GS2421,2019,0.0,461.0
152792,GS2421,2020,0.0,461.0
152793,GS2421,2021,1458.0,338.0
152794,GS2421,2022,0.0,1694.0
152795,GS2421,2023,0.0,18.0
152796,GS2421,2024,0.0,286.0
152975,GS2429,2017,13926.0,4000.0
152976,GS2429,2018,0.0,55.0
152977,GS2429,2019,11687.0,1375.0
152978,GS2429,2020,0.0,8211.0
152979,GS2429,2021,0.0,3386.0
152980,GS2429,2022,0.0,6643.0
152981,GS2429,2023,14484.0,7247.0
152983,GS2429,2025,0.0,13729.0
152984,GS2429,2026,8256.0,831.0
153098,GS2435,2016,0.0,3591.0
153099,GS2435,2017,0.0,165.0
153100,GS2435,2018,0.0,1057.0
153101,GS2435,2019,0.0,5517.0
153102,GS2435,2020,0.0,741.0
153103,GS2435,2021,0.0,6595.0
153104,GS2435,2022,0.0,55.0
153105,GS2435,2023,185011.0,1179.0
153106,GS2435,2024,0.0,5499.0
153107,GS2435,2025,44524.0,451.0
153130,GS2437,2017,9440.0,0.0
153131,GS2437,2018,14531.0,0.0
153133,GS2437,2020,11455.0,0.0
153134,GS2437,2021,6329.0,0.0
153135,GS2437,2022,2055.0,0.0
153136,GS2437,2023,2068.0,0.0
153137,GS2437,2024,10919.0,0.0
153138,GS2437,2025,0.0,2089.0
153139,GS2437,2026,0.0,9081.0
153191,GS2439,2016,30313.0,0.0
153192,GS2439,2017,0.0,212.0
153193,GS2439,2018,0.0,4127.0
153194,GS2439,2019,0.0,8066.0
153195,GS2439,2020,0.0,3841.0
153196,GS2439,2021,0.0,8058.0
153197,GS2439,2022,0.0,4621.0
153198,GS2439,2023,0.0,977.0
153199,GS2439,2024,0.0,411.0
153200,GS2439,2025,10365.0,0.0
153201,GS2439,2026,0.0,2278.0
153222,GS2440,2016,6648.0,0.0
153224,GS2440,2018,0.0,550.0
153225,GS2440,2019,0.0,938.0
153226,GS2440,2020,0.0,4560.0
153227,GS2440,2021,0.0,600.0
153231,GS2440,2025,1160.0,0.0
153232,GS2440,2026,0.0,91.0
153253,GS2441,2016,84579.0,0.0
153254,GS2441,2017,0.0,80008.0
153255,GS2441,2018,0.0,1184.0
153256,GS2441,2019,88141.0,62300.0
153257,GS2441,2020,0.0,6767.0
153258,GS2441,2021,0.0,9014.0
153259,GS2441,2022,0.0,6827.0
153260,GS2441,2023,0.0,3161.0
153261,GS2441,2024,0.0,1921.0
153262,GS2441,2025,78406.0,4473.0
153263,GS2441,2026,0.0,3210.0
153284,GS2442,2016,0.0,38017.0
153288,GS2442,2020,0.0,775.0
153317,GS2444,2018,221038.0,169313.0
153318,GS2444,2019,0.0,19670.0
153319,GS2444,2020,0.0,16937.0
153320,GS2444,2021,0.0,9671.0
153321,GS2444,2022,0.0,12.0
153322,GS2444,2023,86929.0,2364.0
153323,GS2444,2024,0.0,23327.0
153324,GS2444,2025,0.0,30889.0
153325,GS2444,2026,0.0,217.0
153347,GS2445,2017,75000.0,25250.0
153348,GS2445,2018,175634.0,220371.0
153353,GS2445,2023,36891.0,2877.0
153354,GS2445,2024,0.0,2.0
153355,GS2445,2025,0.0,36189.0
153380,GS2446,2019,172539.0,48614.0
153381,GS2446,2020,0.0,3691.0
153382,GS2446,2021,0.0,15522.0
153383,GS2446,2022,0.0,70592.0
153384,GS2446,2023,86012.0,7859.0
153385,GS2446,2024,0.0,27551.0
153386,GS2446,2025,0.0,42867.0
153387,GS2446,2026,0.0,262.0
153410,GS2447,2018,157816.0,0.0
153411,GS2447,2019,0.0,61870.0
153412,GS2447,2020,0.0,11226.0
153413,GS2447,2021,0.0,1313.0
153414,GS2447,2022,0.0,52910.0
153415,GS2447,2023,115784.0,0.0
153416,GS2447,2024,0.0,30072.0
153417,GS2447,2025,0.0,57169.0
153418,GS2447,2026,0.0,1580.0
153441,GS2449,2018,0.0,1235.0
153442,GS2449,2019,0.0,7329.0
153532,GS2456,2016,2292.0,0.0
153533,GS2456,2017,6582.0,0.0
153534,GS2456,2018,9894.0,4867.0
153535,GS2456,2019,9485.0,0.0
153536,GS2456,2020,0.0,2292.0
153537,GS2456,2021,8138.0,3283.0
153538,GS2456,2022,9991.0,10568.0
153539,GS2456,2023,0.0,700.0
153540,GS2456,2024,9936.0,0.0
153541,GS2456,2025,0.0,1314.0
153542,GS2456,2026,0.0,2709.0
153563,GS2457,2016,3681.0,0.0
153564,GS2457,2017,0.0,2681.0
153565,GS2457,2018,13919.0,1000.0
153566,GS2457,2019,0.0,13919.0
153570,GS2457,2023,53813.0,35513.0
153571,GS2457,2024,0.0,7995.0
153572,GS2457,2025,81052.0,9938.0
153573,GS2457,2026,0.0,7329.0
153625,GS2460,2016,0.0,94785.0
153626,GS2460,2017,230019.0,719.0
153627,GS2460,2018,0.0,12088.0
153628,GS2460,2019,0.0,108462.0
153629,GS2460,2020,0.0,16943.0
153630,GS2460,2021,392963.0,160857.0
153631,GS2460,2022,0.0,100519.0
153632,GS2460,2023,0.0,36254.0
153633,GS2460,2024,0.0,25755.0
153634,GS2460,2025,0.0,21523.0
153635,GS2460,2026,0.0,778.0
153688,GS2464,2017,17455.0,0.0
153689,GS2464,2018,0.0,963.0
153690,GS2464,2019,0.0,7263.0
153691,GS2464,2020,60443.0,66183.0
153692,GS2464,2021,59634.0,59659.0
153693,GS2464,2022,0.0,1595.0
153694,GS2464,2023,57293.0,388.0
153695,GS2464,2024,62737.0,1289.0
153750,GS2468,2017,25349.0,0.0
153751,GS2468,2018,38717.0,13038.0
153752,GS2468,2019,0.0,47190.0
153753,GS2468,2020,0.0,831.0
153754,GS2468,2021,0.0,1979.0
153755,GS2468,2022,0.0,580.0
153756,GS2468,2023,65940.0,40.0
153757,GS2468,2024,10931.0,26027.0
153758,GS2468,2025,41835.0,58463.0
153759,GS2468,2026,0.0,31151.0
153846,GS2475,2020,71983.0,0.0
153849,GS2475,2023,246650.0,71983.0
153850,GS2475,2024,118331.0,0.0
153851,GS2475,2025,175087.0,3770.0
153935,GS2478,2016,92668.0,0.0
153966,GS2479,2016,9342.0,18130.0
153967,GS2479,2017,10000.0,673.0
153968,GS2479,2018,10000.0,19420.0
153969,GS2479,2019,10000.0,6733.0
153970,GS2479,2020,2842.0,11834.0
153971,GS2479,2021,7603.0,7575.0
153972,GS2479,2022,0.0,2200.0
153973,GS2479,2023,4333.0,0.0
153974,GS2479,2024,0.0,3264.0
153975,GS2479,2025,1833.0,1422.0
153997,GS2480,2016,9828.0,7223.0
153998,GS2480,2017,10000.0,21216.0
153999,GS2480,2018,10000.0,10987.0
154000,GS2480,2019,10000.0,0.0
154001,GS2480,2020,2436.0,0.0
154002,GS2480,2021,3589.0,12492.0
154003,GS2480,2022,0.0,862.0
154004,GS2480,2023,3125.0,2331.0
154005,GS2480,2024,0.0,1306.0
154006,GS2480,2025,2213.0,2717.0
154028,GS2481,2016,9855.0,8378.0
154029,GS2481,2017,10000.0,4045.0
154030,GS2481,2018,10000.0,13031.0
154031,GS2481,2019,10000.0,670.0
154032,GS2481,2020,4061.0,19579.0
154033,GS2481,2021,6173.0,3072.0
154034,GS2481,2022,0.0,8113.0
154035,GS2481,2023,4340.0,301.0
154036,GS2481,2024,0.0,1600.0
154037,GS2481,2025,2654.0,1865.0
154091,GS2483,2017,171679.0,0.0
154094,GS2483,2020,62222.0,0.0
154097,GS2483,2023,276800.0,13473.0
154098,GS2483,2024,0.0,99050.0
154099,GS2483,2025,0.0,1544.0
154214,GS2487,2016,30533.0,0.0
154215,GS2487,2017,0.0,857.0
154216,GS2487,2018,0.0,1042.0
154218,GS2487,2020,0.0,3554.0
154219,GS2487,2021,0.0,3272.0
154220,GS2487,2022,0.0,10707.0
154221,GS2487,2023,13105.0,742.0
154222,GS2487,2024,0.0,14793.0
154223,GS2487,2025,0.0,2009.0
154224,GS2487,2026,0.0,1.0
154245,GS2488,2016,31060.0,0.0
154247,GS2488,2018,0.0,514.0
154250,GS2488,2021,0.0,18752.0
154251,GS2488,2022,0.0,8044.0
154252,GS2488,2023,13612.0,3750.0
154253,GS2488,2024,0.0,5192.0
154254,GS2488,2025,0.0,128.0
154255,GS2488,2026,0.0,40.0
154309,GS2490,2018,23558.0,0.0
154313,GS2490,2022,48548.0,11800.0
154370,GS2497,2017,75422.0,0.0
154371,GS2497,2018,0.0,8780.0
154373,GS2497,2020,0.0,50151.0
154374,GS2497,2021,0.0,16491.0
154376,GS2497,2023,221065.0,1581.0
154378,GS2497,2025,0.0,1435.0
154401,GS2498,2017,126360.0,0.0
154431,GS2499,2016,87185.0,11597.0
154432,GS2499,2017,71185.0,77635.0
154433,GS2499,2018,0.0,4500.0
154434,GS2499,2019,0.0,1742.0
154435,GS2499,2020,308735.0,46835.0
154436,GS2499,2021,0.0,16818.0
154437,GS2499,2022,0.0,669.0
154438,GS2499,2023,144100.0,22138.0
154439,GS2499,2024,0.0,397278.0
154440,GS2499,2025,0.0,531.0
154463,GS2500,2017,37415.0,0.0
154468,GS2500,2022,98739.0,56.0
154469,GS2500,2023,0.0,200.0
154470,GS2500,2024,0.0,12587.0
154471,GS2500,2025,0.0,28030.0
154472,GS2500,2026,0.0,31384.0
154493,GS2501,2016,0.0,52400.0
154494,GS2501,2017,77259.0,30070.0
154495,GS2501,2018,0.0,3822.0
154496,GS2501,2019,0.0,840.0
154497,GS2501,2020,129785.0,26275.0
154498,GS2501,2021,0.0,47194.0
154499,GS2501,2022,0.0,3933.0
154500,GS2501,2023,19127.0,51825.0
154501,GS2501,2024,0.0,37526.0
154502,GS2501,2025,0.0,1557.0
154503,GS2501,2026,0.0,814.0
154524,GS2502,2016,150770.0,0.0
154525,GS2502,2017,0.0,1000.0
154526,GS2502,2018,248601.0,5000.0
154527,GS2502,2019,0.0,18233.0
154528,GS2502,2020,0.0,2872.0
154529,GS2502,2021,201793.0,210390.0
154530,GS2502,2022,0.0,16815.0
154531,GS2502,2023,138325.0,82101.0
154532,GS2502,2024,0.0,4687.0
154533,GS2502,2025,0.0,4062.0
154555,GS2503,2016,0.0,10007.0
154556,GS2503,2017,242897.0,10667.0
154557,GS2503,2018,0.0,153679.0
154558,GS2503,2019,151857.0,65520.0
154559,GS2503,2020,0.0,95254.0
154560,GS2503,2021,0.0,18551.0
154561,GS2503,2022,0.0,7991.0
154562,GS2503,2023,217578.0,19138.0
154563,GS2503,2024,0.0,15933.0
154564,GS2503,2025,0.0,1133.0
154565,GS2503,2026,0.0,4365.0
154682,GS2510,2019,80307.0,0.0
154684,GS2510,2021,122725.0,0.0
154685,GS2510,2022,0.0,49829.0
154686,GS2510,2023,0.0,3471.0
154805,GS2514,2018,13559.0,387.0
154806,GS2514,2019,0.0,642.0
154807,GS2514,2020,0.0,1114.0
154808,GS2514,2021,0.0,1111.0
154809,GS2514,2022,0.0,570.0
154810,GS2514,2023,0.0,6700.0
154896,GS2519,2016,93317.0,62469.0
154897,GS2519,2017,44611.0,68951.0
154898,GS2519,2018,44038.0,73131.0
154899,GS2519,2019,43657.0,11572.0
154900,GS2519,2020,44313.0,60840.0
154901,GS2519,2021,41823.0,44162.0
154902,GS2519,2022,0.0,41784.0
154903,GS2519,2023,40438.0,12550.0
154904,GS2519,2024,0.0,16816.0
154905,GS2519,2025,0.0,1357.0
154927,GS2520,2016,21810.0,63098.0
154928,GS2520,2017,21542.0,19250.0
154929,GS2520,2018,21351.0,24994.0
154930,GS2520,2019,21114.0,19919.0
154931,GS2520,2020,19649.0,8047.0
154932,GS2520,2021,20150.0,31410.0
154933,GS2520,2022,19613.0,507.0
154934,GS2520,2023,18220.0,9895.0
154935,GS2520,2024,0.0,7879.0
154936,GS2520,2025,0.0,1044.0
154989,GS2525,2016,138911.0,0.0
154990,GS2525,2017,124540.0,0.0
154992,GS2525,2019,199714.0,0.0
154994,GS2525,2021,542294.0,0.0
154995,GS2525,2022,0.0,74518.0
154996,GS2525,2023,218649.0,51482.0
154997,GS2525,2024,573279.0,146998.0
154998,GS2525,2025,0.0,105825.0
154999,GS2525,2026,8277.0,133070.0
155053,GS2528,2018,5447.0,0.0
155054,GS2528,2019,0.0,2786.0
155055,GS2528,2020,20000.0,2799.0
155056,GS2528,2021,0.0,18709.0
155057,GS2528,2022,0.0,865.0
155058,GS2528,2023,0.0,183.0
155059,GS2528,2024,20000.0,13012.0
155060,GS2528,2025,0.0,3508.0
155113,GS2534,2016,0.0,890.0
155115,GS2534,2018,0.0,3911.0
155120,GS2534,2023,17649.0,0.0
155121,GS2534,2024,0.0,125.0
155122,GS2534,2025,0.0,227.0
155151,GS2535,2023,63293.0,0.0
155152,GS2535,2024,0.0,9138.0
155153,GS2535,2025,0.0,2589.0
155154,GS2535,2026,0.0,416.0
155241,GS2539,2020,46003.0,0.0
155270,GS2540,2018,13360.0,8734.0
155271,GS2540,2019,0.0,860.0
155272,GS2540,2020,17926.0,3706.0
155273,GS2540,2021,0.0,5233.0
155274,GS2540,2022,0.0,12753.0
155276,GS2540,2024,25076.0,5186.0
155277,GS2540,2025,0.0,6448.0
155278,GS2540,2026,0.0,2201.0
155333,GS2542,2019,48088.0,0.0
155334,GS2542,2020,0.0,5790.0
155336,GS2542,2022,0.0,15736.0
155337,GS2542,2023,149953.0,832.0
155338,GS2542,2024,0.0,977.0
155339,GS2542,2025,0.0,6512.0
155340,GS2542,2026,0.0,5036.0
155365,GS2543,2020,99043.0,0.0
155366,GS2543,2021,0.0,15107.0
155367,GS2543,2022,0.0,1947.0
155368,GS2543,2023,0.0,332.0
155369,GS2543,2024,104968.0,20793.0
155370,GS2543,2025,112043.0,3982.0
155371,GS2543,2026,0.0,46803.0
155393,GS2544,2017,204550.0,0.0
155394,GS2544,2018,0.0,17579.0
155395,GS2544,2019,0.0,54806.0
155396,GS2544,2020,0.0,118706.0
155397,GS2544,2021,261216.0,53529.0
155398,GS2544,2022,0.0,58345.0
155399,GS2544,2023,0.0,13686.0
155400,GS2544,2024,206596.0,12596.0
155401,GS2544,2025,243948.0,148685.0
155402,GS2544,2026,0.0,24252.0
155424,GS2545,2017,176640.0,0.0
155425,GS2545,2018,0.0,52761.0
155426,GS2545,2019,0.0,38403.0
155427,GS2545,2020,241851.0,39989.0
155428,GS2545,2021,0.0,234441.0
155429,GS2545,2022,0.0,13712.0
155430,GS2545,2023,0.0,15617.0
155431,GS2545,2024,187573.0,0.0
155432,GS2545,2025,201770.0,15000.0
155433,GS2545,2026,0.0,112433.0
155456,GS2546,2018,156144.0,0.0
155457,GS2546,2019,0.0,120962.0
155458,GS2546,2020,205014.0,26898.0
155459,GS2546,2021,0.0,31066.0
155460,GS2546,2022,0.0,7060.0
155461,GS2546,2023,0.0,26275.0
155462,GS2546,2024,179502.0,76525.0
155463,GS2546,2025,185760.0,115548.0
155464,GS2546,2026,0.0,1.0
155516,GS2553,2016,113223.0,114575.0
155517,GS2553,2017,94128.0,83872.0
155518,GS2553,2018,0.0,2798.0
155519,GS2553,2019,0.0,3716.0
155521,GS2553,2021,0.0,20520.0
155524,GS2553,2024,0.0,117430.0
155609,GS2563,2016,5637.0,0.0
155610,GS2563,2017,11113.0,0.0
155611,GS2563,2018,14530.0,0.0
155612,GS2563,2019,11631.0,0.0
155641,GS2564,2017,325.0,0.0
155642,GS2564,2018,17186.0,0.0
155643,GS2564,2019,0.0,17500.0
155644,GS2564,2020,9154.0,9154.0
155646,GS2564,2022,98266.0,21259.0
155647,GS2564,2023,0.0,29801.0
155648,GS2564,2024,0.0,4068.0
155649,GS2564,2025,0.0,1968.0
155650,GS2564,2026,0.0,22136.0
155702,GS2566,2016,8103.0,0.0
155704,GS2566,2018,8925.0,0.0
155705,GS2566,2019,9387.0,0.0
155706,GS2566,2020,18573.0,0.0
155707,GS2566,2021,7839.0,0.0
155708,GS2566,2022,8528.0,0.0
155709,GS2566,2023,8668.0,0.0
155710,GS2566,2024,8685.0,0.0
155711,GS2566,2025,9026.0,0.0
155712,GS2566,2026,1739.0,0.0
155733,GS2567,2016,7807.0,0.0
155735,GS2567,2018,8538.0,0.0
155736,GS2567,2019,9386.0,0.0
155737,GS2567,2020,18573.0,0.0
155738,GS2567,2021,7839.0,0.0
155739,GS2567,2022,8291.0,0.0
155740,GS2567,2023,8668.0,0.0
155741,GS2567,2024,8420.0,0.0
155742,GS2567,2025,8671.0,4712.0
155743,GS2567,2026,1671.0,10.0
155764,GS2568,2016,7807.0,0.0
155766,GS2568,2018,8538.0,0.0
155767,GS2568,2019,9387.0,0.0
155768,GS2568,2020,18573.0,0.0
155769,GS2568,2021,7839.0,0.0
155770,GS2568,2022,8291.0,0.0
155771,GS2568,2023,8668.0,0.0
155772,GS2568,2024,8420.0,0.0
155773,GS2568,2025,8671.0,789.0
155774,GS2568,2026,1671.0,10.0
155795,GS2569,2016,7807.0,0.0
155797,GS2569,2018,8538.0,0.0
155798,GS2569,2019,9386.0,0.0
155799,GS2569,2020,18573.0,0.0
155800,GS2569,2021,7839.0,0.0
155801,GS2569,2022,8291.0,0.0
155802,GS2569,2023,8668.0,0.0
155803,GS2569,2024,8420.0,0.0
155804,GS2569,2025,8671.0,0.0
155805,GS2569,2026,1671.0,0.0
155826,GS2570,2016,7807.0,0.0
155828,GS2570,2018,8538.0,0.0
155829,GS2570,2019,9387.0,0.0
155830,GS2570,2020,18573.0,0.0
155831,GS2570,2021,7839.0,0.0
155832,GS2570,2022,8291.0,0.0
155833,GS2570,2023,8668.0,0.0
155834,GS2570,2024,8420.0,0.0
155835,GS2570,2025,8671.0,0.0
155836,GS2570,2026,1671.0,0.0
155857,GS2571,2016,7807.0,0.0
155859,GS2571,2018,8538.0,0.0
155860,GS2571,2019,9386.0,0.0
155861,GS2571,2020,18573.0,0.0
155862,GS2571,2021,7839.0,0.0
155863,GS2571,2022,8291.0,0.0
155864,GS2571,2023,8668.0,0.0
155865,GS2571,2024,8420.0,0.0
155866,GS2571,2025,8671.0,0.0
155867,GS2571,2026,1671.0,0.0
155888,GS2572,2016,7807.0,0.0
155890,GS2572,2018,8538.0,0.0
155891,GS2572,2019,9387.0,0.0
155892,GS2572,2020,18573.0,0.0
155893,GS2572,2021,7839.0,0.0
155894,GS2572,2022,8291.0,0.0
155895,GS2572,2023,8668.0,0.0
155896,GS2572,2024,8420.0,0.0
155897,GS2572,2025,8671.0,0.0
155898,GS2572,2026,1671.0,0.0
155919,GS2573,2016,7807.0,0.0
155921,GS2573,2018,8538.0,0.0
155922,GS2573,2019,9386.0,0.0
155923,GS2573,2020,18573.0,0.0
155924,GS2573,2021,7839.0,0.0
155925,GS2573,2022,8291.0,0.0
155926,GS2573,2023,8668.0,0.0
155927,GS2573,2024,8420.0,0.0
155928,GS2573,2025,8671.0,0.0
155929,GS2573,2026,1671.0,0.0
155950,GS2574,2016,7807.0,0.0
155952,GS2574,2018,8538.0,0.0
155953,GS2574,2019,9386.0,0.0
155954,GS2574,2020,18573.0,0.0
155955,GS2574,2021,7839.0,0.0
155956,GS2574,2022,8291.0,0.0
155957,GS2574,2023,8668.0,0.0
155958,GS2574,2024,8420.0,0.0
155959,GS2574,2025,8671.0,0.0
155960,GS2574,2026,1671.0,0.0
155981,GS2575,2016,7807.0,0.0
155983,GS2575,2018,8538.0,0.0
155984,GS2575,2019,9387.0,0.0
155985,GS2575,2020,18573.0,0.0
155986,GS2575,2021,7839.0,0.0
155987,GS2575,2022,8528.0,0.0
155988,GS2575,2023,8668.0,0.0
155989,GS2575,2024,8420.0,0.0
155990,GS2575,2025,8671.0,0.0
155991,GS2575,2026,1671.0,0.0
156012,GS2576,2016,8103.0,0.0
156014,GS2576,2018,8538.0,0.0
156015,GS2576,2019,9386.0,0.0
156016,GS2576,2020,18573.0,0.0
156017,GS2576,2021,7839.0,0.0
156018,GS2576,2022,8528.0,0.0
156019,GS2576,2023,8955.0,0.0
156020,GS2576,2024,8685.0,0.0
156021,GS2576,2025,8671.0,0.0
156022,GS2576,2026,1739.0,0.0
156043,GS2577,2016,8103.0,0.0
156045,GS2577,2018,8925.0,0.0
156046,GS2577,2019,9786.0,0.0
156047,GS2577,2020,19344.0,0.0
156048,GS2577,2021,8086.0,0.0
156049,GS2577,2022,8528.0,0.0
156050,GS2577,2023,8955.0,0.0
156051,GS2577,2024,8685.0,0.0
156052,GS2577,2025,9026.0,0.0
156053,GS2577,2026,1739.0,0.0
156074,GS2578,2016,8103.0,0.0
156076,GS2578,2018,8925.0,0.0
156077,GS2578,2019,9785.0,0.0
156078,GS2578,2020,19344.0,0.0
156079,GS2578,2021,7839.0,0.0
156080,GS2578,2022,8528.0,0.0
156081,GS2578,2023,8668.0,0.0
156082,GS2578,2024,8420.0,0.0
156083,GS2578,2025,8671.0,0.0
156084,GS2578,2026,1671.0,0.0
156105,GS2579,2016,7807.0,0.0
156107,GS2579,2018,8538.0,0.0
156108,GS2579,2019,9386.0,0.0
156109,GS2579,2020,18573.0,0.0
156110,GS2579,2021,7839.0,0.0
156111,GS2579,2022,8291.0,0.0
156112,GS2579,2023,8668.0,0.0
156113,GS2579,2024,8420.0,0.0
156114,GS2579,2025,8671.0,0.0
156115,GS2579,2026,1671.0,0.0
156136,GS2580,2016,7924.0,0.0
156138,GS2580,2018,8585.0,0.0
156139,GS2580,2019,9373.0,0.0
156140,GS2580,2020,18438.0,0.0
156141,GS2580,2021,7762.0,0.0
156142,GS2580,2022,8395.0,0.0
156143,GS2580,2023,8548.0,0.0
156144,GS2580,2024,8402.0,0.0
156145,GS2580,2025,8698.0,0.0
156146,GS2580,2026,1657.0,0.0
156167,GS2581,2016,7807.0,0.0
156169,GS2581,2018,8538.0,0.0
156170,GS2581,2019,9387.0,0.0
156171,GS2581,2020,18573.0,0.0
156172,GS2581,2021,7839.0,0.0
156173,GS2581,2022,8469.0,0.0
156174,GS2581,2023,8883.0,0.0
156175,GS2581,2024,8420.0,0.0
156176,GS2581,2025,8671.0,0.0
156177,GS2581,2026,1671.0,0.0
156198,GS2582,2016,7943.0,0.0
156200,GS2582,2018,8538.0,0.0
156201,GS2582,2019,9386.0,0.0
156202,GS2582,2020,18573.0,0.0
156203,GS2582,2021,7839.0,0.0
156204,GS2582,2022,8400.0,0.0
156205,GS2582,2023,8800.0,0.0
156206,GS2582,2024,8542.0,0.0
156207,GS2582,2025,8671.0,0.0
156208,GS2582,2026,1702.0,0.0
156229,GS2583,2016,7847.0,0.0
156231,GS2583,2018,8551.0,0.0
156232,GS2583,2019,9400.0,0.0
156233,GS2583,2020,18601.0,0.0
156234,GS2583,2021,7839.0,0.0
156235,GS2583,2022,8528.0,0.0
156236,GS2583,2023,8696.0,0.0
156237,GS2583,2024,8446.0,0.0
156238,GS2583,2025,8671.0,0.0
156239,GS2583,2026,1677.0,0.0
156260,GS2584,2016,7943.0,0.0
156262,GS2584,2018,8925.0,0.0
156263,GS2584,2019,9570.0,0.0
156264,GS2584,2020,18928.0,0.0
156265,GS2584,2021,7839.0,0.0
156266,GS2584,2022,8528.0,0.0
156267,GS2584,2023,8823.0,0.0
156268,GS2584,2024,8564.0,0.0
156269,GS2584,2025,8671.0,0.0
156270,GS2584,2026,1708.0,0.0
156291,GS2585,2016,5768.0,0.0
156293,GS2585,2018,6498.0,0.0
156294,GS2585,2019,6963.0,0.0
156295,GS2585,2020,13772.0,0.0
156296,GS2585,2021,5787.0,0.0
156297,GS2585,2022,6312.0,0.0
156298,GS2585,2023,6519.0,0.0
156299,GS2585,2024,6323.0,0.0
156300,GS2585,2025,6428.0,0.0
156301,GS2585,2026,1266.0,0.0
156322,GS2587,2016,122283.0,0.0
156323,GS2587,2017,0.0,600.0
156324,GS2587,2018,42491.0,0.0
156325,GS2587,2019,0.0,2045.0
156329,GS2587,2023,203950.0,12428.0
156330,GS2587,2024,0.0,194433.0
156331,GS2587,2025,0.0,2429.0
156353,GS2588,2016,142225.0,83227.0
156354,GS2588,2017,125414.0,29885.0
156355,GS2588,2018,0.0,4030.0
156356,GS2588,2019,0.0,66.0
156359,GS2588,2022,0.0,1050.0
156361,GS2588,2024,0.0,148521.0
156362,GS2588,2025,0.0,455.0
156453,GS2596,2023,61323.0,10000.0
156454,GS2596,2024,0.0,5782.0
156455,GS2596,2025,0.0,11638.0
156456,GS2596,2026,0.0,1255.0
156511,GS2640,2019,183706.0,103125.0
156512,GS2640,2020,98187.0,23708.0
156513,GS2640,2021,0.0,67627.0
156514,GS2640,2022,0.0,71841.0
156515,GS2640,2023,0.0,4625.0
156516,GS2640,2024,0.0,953.0
156542,GS2641,2019,183969.0,0.0
156543,GS2641,2020,0.0,41628.0
156544,GS2641,2021,0.0,70200.0
156545,GS2641,2022,0.0,49062.0
156546,GS2641,2023,0.0,961.0
156636,GS2644,2020,178608.0,12411.0
156637,GS2644,2021,0.0,55880.0
156638,GS2644,2022,136582.0,107998.0
156639,GS2644,2023,0.0,5218.0
156640,GS2644,2024,0.0,36390.0
156641,GS2644,2025,0.0,1370.0
156642,GS2644,2026,0.0,105.0
156853,GS2664,2020,196578.0,25053.0
156854,GS2664,2021,133046.0,83585.0
156855,GS2664,2022,0.0,141561.0
156856,GS2664,2023,0.0,7511.0
156857,GS2664,2024,0.0,22666.0
156858,GS2664,2025,0.0,3373.0
156859,GS2664,2026,0.0,2606.0
156884,GS2665,2020,202746.0,52144.0
156885,GS2665,2021,157328.0,47142.0
156886,GS2665,2022,0.0,78897.0
156887,GS2665,2023,0.0,66096.0
156888,GS2665,2024,0.0,4195.0
156889,GS2665,2025,0.0,15201.0
156890,GS2665,2026,0.0,1224.0
157035,GS2678,2016,22617.0,8600.0
157036,GS2678,2017,0.0,3600.0
157037,GS2678,2018,0.0,180.0
157042,GS2678,2023,17398.0,9889.0
157043,GS2678,2024,0.0,695.0
157066,GS2679,2016,26249.0,0.0
157068,GS2679,2018,13849.0,38241.0
157071,GS2679,2021,0.0,1518.0
157072,GS2679,2022,0.0,43.0
157073,GS2679,2023,15917.0,331.0
157075,GS2679,2025,0.0,263.0
157076,GS2679,2026,0.0,19.0
157097,GS2680,2016,0.0,2872.0
157098,GS2680,2017,0.0,2302.0
157099,GS2680,2018,0.0,7300.0
157102,GS2680,2021,0.0,2856.0
157104,GS2680,2023,15004.0,82.0
157106,GS2680,2025,0.0,217.0
157130,GS2681,2018,18899.0,0.0
157131,GS2681,2019,0.0,4000.0
157132,GS2681,2020,0.0,28.0
157133,GS2681,2021,68026.0,222.0
157134,GS2681,2022,0.0,56468.0
157135,GS2681,2023,0.0,26036.0
157136,GS2681,2024,0.0,54.0
157137,GS2681,2025,31818.0,39.0
157138,GS2681,2026,0.0,332.0
157159,GS2682,2016,87706.0,10500.0
157160,GS2682,2017,0.0,56.0
157161,GS2682,2018,231605.0,0.0
157162,GS2682,2019,0.0,6035.0
157163,GS2682,2020,0.0,21430.0
157164,GS2682,2021,274846.0,56420.0
157165,GS2682,2022,0.0,65658.0
157166,GS2682,2023,0.0,42567.0
157167,GS2682,2024,287824.0,23268.0
157168,GS2682,2025,0.0,45584.0
157169,GS2682,2026,0.0,31541.0
157199,GS2683,2025,276630.0,330.0
157200,GS2683,2026,0.0,152.0
157227,GS2684,2022,0.0,8178.0
157228,GS2684,2023,189436.0,21999.0
157229,GS2684,2024,45646.0,0.0
157230,GS2684,2025,0.0,57172.0
157252,GS2685,2016,0.0,10000.0
157254,GS2685,2018,0.0,662.0
157256,GS2685,2020,0.0,11209.0
157257,GS2685,2021,0.0,2370.0
157258,GS2685,2022,0.0,3450.0
157259,GS2685,2023,162300.0,12.0
157260,GS2685,2024,0.0,935.0
157261,GS2685,2025,39329.0,30017.0
157262,GS2685,2026,0.0,39.0
157289,GS2686,2022,0.0,11580.0
157290,GS2686,2023,171884.0,6421.0
157291,GS2686,2024,0.0,120.0
157292,GS2686,2025,43504.0,0.0
157320,GS2687,2022,0.0,679.0
157321,GS2687,2023,189058.0,1081.0
157322,GS2687,2024,0.0,131.0
157323,GS2687,2025,46821.0,0.0
157324,GS2687,2026,0.0,9232.0
157439,GS2691,2017,238127.0,0.0
157440,GS2691,2018,155712.0,15742.0
157441,GS2691,2019,0.0,43069.0
157442,GS2691,2020,0.0,95267.0
157443,GS2691,2021,0.0,133121.0
157444,GS2691,2022,0.0,89938.0
157445,GS2691,2023,0.0,3935.0
157446,GS2691,2024,142868.0,1597.0
157447,GS2691,2025,0.0,43.0
157565,GS2707,2019,39934.0,0.0
157566,GS2707,2020,73012.0,0.0
157567,GS2707,2021,0.0,8853.0
157568,GS2707,2022,20234.0,14833.0
157569,GS2707,2023,0.0,24979.0
157570,GS2707,2024,50457.0,6537.0
157571,GS2707,2025,0.0,20967.0
157572,GS2707,2026,0.0,28864.0
157628,GS2711,2020,55112.0,0.0
157659,GS2712,2020,49388.0,0.0
157690,GS2713,2020,36281.0,0.0
157721,GS2714,2020,42530.0,0.0
157752,GS2715,2020,142913.0,0.0
157812,GS2722,2018,24458.0,0.0
157841,GS2735,2016,26816.0,0.0
157842,GS2735,2017,994.0,0.0
157849,GS2735,2024,51409.0,0.0
157874,GS2736,2018,59334.0,0.0
157875,GS2736,2019,0.0,25.0
157907,GS2744,2020,16467.0,0.0
157909,GS2744,2022,17170.0,0.0
157966,GS2750,2017,93583.0,10073.0
157967,GS2750,2018,0.0,11906.0
157968,GS2750,2019,0.0,15089.0
157969,GS2750,2020,0.0,24698.0
157970,GS2750,2021,0.0,31263.0
157971,GS2750,2022,0.0,31.0
157972,GS2750,2023,0.0,473.0
157973,GS2750,2024,0.0,50.0
157974,GS2750,2025,70996.0,10295.0
157975,GS2750,2026,41959.0,27520.0
157996,GS2751,2016,80118.0,1000.0
157997,GS2751,2017,0.0,19125.0
157998,GS2751,2018,0.0,12500.0
157999,GS2751,2019,37987.0,48676.0
158000,GS2751,2020,0.0,34385.0
158001,GS2751,2021,24025.0,16769.0
158002,GS2751,2022,0.0,4118.0
158003,GS2751,2023,0.0,4346.0
158004,GS2751,2024,0.0,1091.0
158027,GS2758,2016,225335.0,13727.0
158028,GS2758,2017,274418.0,61000.0
158029,GS2758,2018,295726.0,243610.0
158030,GS2758,2019,311998.0,328946.0
158031,GS2758,2020,275890.0,65805.0
158032,GS2758,2021,269041.0,296116.0
158033,GS2758,2022,277430.0,385655.0
158034,GS2758,2023,280039.0,173484.0
158035,GS2758,2024,0.0,286173.0
158036,GS2758,2025,181050.0,240809.0
158037,GS2758,2026,124527.0,24458.0
158060,GS2763,2018,170437.0,0.0
158062,GS2763,2020,0.0,35734.0
158063,GS2763,2021,252742.0,124509.0
158064,GS2763,2022,0.0,105157.0
158065,GS2763,2023,0.0,39809.0
158066,GS2763,2024,0.0,25375.0
158067,GS2763,2025,360143.0,80809.0
158068,GS2763,2026,0.0,16746.0
158120,GS2765,2016,8709.0,8615.0
158121,GS2765,2017,3087.0,3026.0
158122,GS2765,2018,2194.0,2245.0
158124,GS2765,2020,884.0,884.0
158151,GS2766,2016,43740.0,0.0
158153,GS2766,2018,92319.0,0.0
158156,GS2766,2021,182118.0,0.0
158157,GS2766,2022,0.0,38164.0
158158,GS2766,2023,0.0,24736.0
158182,GS2767,2016,126785.0,0.0
158183,GS2767,2017,0.0,833.0
158184,GS2767,2018,44264.0,38827.0
158185,GS2767,2019,0.0,28228.0
158186,GS2767,2020,0.0,23253.0
158187,GS2767,2021,0.0,20252.0
158188,GS2767,2022,0.0,45898.0
158189,GS2767,2023,0.0,23.0
158214,GS2772,2017,5352.0,73.0
158215,GS2772,2018,0.0,474.0
158216,GS2772,2019,0.0,4711.0
158275,GS2891,2016,8894.0,8724.0
158278,GS2891,2019,21550.0,7900.0
158279,GS2891,2020,16199.0,12373.0
158280,GS2891,2021,2459.0,2459.0
158281,GS2891,2022,912.0,3622.0
158282,GS2891,2023,0.0,4041.0
158283,GS2891,2024,0.0,4132.0
158284,GS2891,2025,0.0,5204.0
158285,GS2891,2026,0.0,1020.0
158306,GS2892,2016,10314.0,16.0
158308,GS2892,2018,0.0,5000.0
158309,GS2892,2019,23315.0,4754.0
158310,GS2892,2020,16330.0,27668.0
158311,GS2892,2021,2478.0,3654.0
158312,GS2892,2022,703.0,9981.0
158313,GS2892,2023,0.0,451.0
158314,GS2892,2024,0.0,415.0
158315,GS2892,2025,0.0,486.0
158316,GS2892,2026,0.0,190.0
158337,GS2893,2016,10322.0,16.0
158338,GS2893,2017,0.0,599.0
158339,GS2893,2018,0.0,3623.0
158340,GS2893,2019,23315.0,5604.0
158341,GS2893,2020,15454.0,14416.0
158342,GS2893,2021,2345.0,8701.0
158343,GS2893,2022,664.0,11794.0
158344,GS2893,2023,0.0,5110.0
158345,GS2893,2024,0.0,819.0
158346,GS2893,2025,0.0,459.0
158347,GS2893,2026,0.0,290.0
158368,GS2894,2016,8895.0,7.0
158370,GS2894,2018,0.0,3667.0
158371,GS2894,2019,23315.0,2389.0
158372,GS2894,2020,16044.0,16136.0
158373,GS2894,2021,2435.0,5473.0
158374,GS2894,2022,906.0,13241.0
158375,GS2894,2023,0.0,9020.0
158376,GS2894,2024,0.0,395.0
158377,GS2894,2025,0.0,688.0
158378,GS2894,2026,0.0,170.0
158399,GS2895,2016,0.0,100.0
158400,GS2895,2017,0.0,100.0
158401,GS2895,2018,0.0,1566.0
158402,GS2895,2019,0.0,1115.0
158403,GS2895,2020,0.0,193.0
158404,GS2895,2021,0.0,1804.0
158405,GS2895,2022,0.0,1283.0
158432,GS2896,2018,12681.0,0.0
158433,GS2896,2019,14955.0,1971.0
158434,GS2896,2020,10876.0,8861.0
158435,GS2896,2021,0.0,22715.0
158436,GS2896,2022,0.0,4710.0
158437,GS2896,2023,0.0,192.0
158438,GS2896,2024,0.0,43.0
158461,GS2898,2016,150485.0,46892.0
158462,GS2898,2017,218553.0,59560.0
158463,GS2898,2018,260968.0,88079.0
158464,GS2898,2019,0.0,233320.0
158465,GS2898,2020,484033.0,271548.0
158466,GS2898,2021,0.0,173542.0
158467,GS2898,2022,246992.0,150859.0
158468,GS2898,2023,259191.0,144972.0
158469,GS2898,2024,329775.0,58429.0
158470,GS2898,2025,0.0,161652.0
158471,GS2898,2026,0.0,19223.0
158554,GS2913,2016,13308.0,8978.0
158559,GS2913,2021,35493.0,7064.0
158560,GS2913,2022,0.0,36625.0
158561,GS2913,2023,0.0,25057.0
158562,GS2913,2024,0.0,82675.0
158563,GS2913,2025,0.0,1152.0
158564,GS2913,2026,41093.0,4328.0
158585,GS2940,2016,19991.0,32210.0
158586,GS2940,2017,166888.0,55139.0
158587,GS2940,2018,127211.0,67833.0
158588,GS2940,2019,0.0,135208.0
158589,GS2940,2020,607650.0,325694.0
158590,GS2940,2021,1477302.0,371529.0
158591,GS2940,2022,0.0,480129.0
158592,GS2940,2023,0.0,338179.0
158593,GS2940,2024,386028.0,173788.0
158594,GS2940,2025,572434.0,225624.0
158595,GS2940,2026,0.0,65145.0
158616,GS2951,2016,3875.0,3275.0
158617,GS2951,2017,124742.0,117923.0
158619,GS2951,2019,5074.0,84795.0
158621,GS2951,2021,0.0,7771.0
158622,GS2951,2022,0.0,225.0
158623,GS2951,2023,0.0,1449.0
158626,GS2951,2026,0.0,33.0
158647,GS2990,2016,0.0,1914.0
158649,GS2990,2018,13877.0,105520.0
158650,GS2990,2019,0.0,35944.0
158651,GS2990,2020,20502.0,170181.0
158652,GS2990,2021,0.0,80548.0
158653,GS2990,2022,0.0,29251.0
158654,GS2990,2023,0.0,21885.0
158655,GS2990,2024,0.0,18224.0
158656,GS2990,2025,0.0,3240.0
158657,GS2990,2026,0.0,1522.0
158679,GS3007,2017,47430.0,27422.0
158680,GS3007,2018,0.0,36832.0
158681,GS3007,2019,0.0,23360.0
158682,GS3007,2020,0.0,15346.0
158685,GS3007,2023,8172.0,45301.0
158686,GS3007,2024,0.0,4340.0
158687,GS3007,2025,0.0,575.0
158688,GS3007,2026,0.0,3514.0
158772,GS3014,2017,69860.0,0.0
158802,GS3015,2016,92588.0,0.0
158807,GS3015,2021,308943.0,0.0
158808,GS3015,2022,83316.0,0.0
158810,GS3015,2024,105947.0,0.0
158811,GS3015,2025,228296.0,75321.0
158812,GS3015,2026,0.0,15000.0
158835,GS3016,2018,97484.0,0.0
158864,GS3018,2016,19501.0,5830.0
158865,GS3018,2017,0.0,6063.0
158866,GS3018,2018,7595.0,12570.0
158867,GS3018,2019,0.0,963.0
158868,GS3018,2020,0.0,1187.0
158870,GS3018,2022,0.0,36.0
158871,GS3018,2023,0.0,23.0
158895,GS3023,2016,8291.0,0.0
158896,GS3023,2017,4833.0,4429.0
158897,GS3023,2018,3424.0,6116.0
158898,GS3023,2019,0.0,158.0
158899,GS3023,2020,1379.0,45.0
158900,GS3023,2021,0.0,2667.0
158901,GS3023,2022,0.0,2083.0
158902,GS3023,2023,0.0,1590.0
158903,GS3023,2024,0.0,153.0
158927,GS3024,2017,19067.0,19067.0
158928,GS3024,2018,10000.0,0.0
158929,GS3024,2019,20000.0,12007.0
158930,GS3024,2020,10000.0,417.0
158931,GS3024,2021,10000.0,19305.0
158932,GS3024,2022,0.0,7605.0
158933,GS3024,2023,10000.0,9817.0
158934,GS3024,2024,10000.0,0.0
158935,GS3024,2025,10000.0,2.0
159054,GS3028,2020,0.0,327.0
159117,GS3031,2021,11587.0,0.0
159121,GS3031,2025,4977.0,1515.0
159122,GS3031,2026,0.0,1782.0
159143,GS3039,2016,36146.0,39440.0
159144,GS3039,2017,50982.0,36692.0
159145,GS3039,2018,0.0,18750.0
159146,GS3039,2019,30784.0,52080.0
159147,GS3039,2020,0.0,14403.0
159148,GS3039,2021,0.0,5065.0
159149,GS3039,2022,8897.0,12311.0
159150,GS3039,2023,0.0,1885.0
159151,GS3039,2024,0.0,4632.0
159152,GS3039,2025,0.0,7944.0
159153,GS3039,2026,0.0,325.0
159181,GS3041,2023,68473.0,0.0
159182,GS3041,2024,174639.0,13036.0
159183,GS3041,2025,241284.0,45231.0
159184,GS3041,2026,0.0,169940.0
159205,GS3071,2016,2493.0,2493.0
159240,GS3072,2020,141827.0,3869.0
159241,GS3072,2021,0.0,75787.0
159242,GS3072,2022,0.0,10080.0
159243,GS3072,2023,26494.0,47652.0
159244,GS3072,2024,124273.0,122323.0
159245,GS3072,2025,0.0,26624.0
159246,GS3072,2026,0.0,4114.0
159271,GS3077,2020,84008.0,0.0
159273,GS3077,2022,0.0,871.0
159274,GS3077,2023,0.0,32494.0
159275,GS3077,2024,0.0,36159.0
159276,GS3077,2025,163028.0,13814.0
159277,GS3077,2026,0.0,10395.0
159298,GS3078,2016,9570.0,2370.0
159299,GS3078,2017,0.0,2220.0
159300,GS3078,2018,0.0,386.0
159302,GS3078,2020,0.0,9379.0
159303,GS3078,2021,0.0,2109.0
159304,GS3078,2022,0.0,1938.0
159305,GS3078,2023,0.0,1002.0
159329,GS3079,2016,4665.0,0.0
159331,GS3079,2018,0.0,2585.0
159332,GS3079,2019,0.0,2080.0
159360,GS3080,2016,4937.0,0.0
159362,GS3080,2018,0.0,129.0
159363,GS3080,2019,0.0,347.0
159365,GS3080,2021,0.0,2728.0
159366,GS3080,2022,0.0,1448.0
159367,GS3080,2023,0.0,285.0
159423,GS3105,2017,24342.0,8112.0
159424,GS3105,2018,0.0,15224.0
159425,GS3105,2019,11699.0,7047.0
159426,GS3105,2020,10000.0,5260.0
159427,GS3105,2021,3849.0,398.0
159428,GS3105,2022,4815.0,7052.0
159429,GS3105,2023,6102.0,842.0
159430,GS3105,2024,10000.0,271.0
159431,GS3105,2025,17704.0,14486.0
159432,GS3105,2026,0.0,3309.0
159453,GS3106,2016,0.0,15883.0
159454,GS3106,2017,8830.0,3768.0
159455,GS3106,2018,9973.0,17352.0
159456,GS3106,2019,11699.0,2317.0
159457,GS3106,2020,10000.0,6361.0
159458,GS3106,2021,4314.0,2690.0
159459,GS3106,2022,5399.0,7074.0
159460,GS3106,2023,6851.0,4199.0
159461,GS3106,2024,10000.0,97.0
159462,GS3106,2025,19453.0,18249.0
159463,GS3106,2026,0.0,3882.0
159484,GS3107,2016,0.0,2685.0
159485,GS3107,2017,8909.0,18042.0
159486,GS3107,2018,9973.0,11779.0
159487,GS3107,2019,11699.0,520.0
159488,GS3107,2020,10000.0,8203.0
159489,GS3107,2021,6647.0,2075.0
159490,GS3107,2022,6668.0,0.0
159491,GS3107,2023,9883.0,6026.0
159492,GS3107,2024,9232.0,0.0
159493,GS3107,2025,18214.0,26171.0
159494,GS3107,2026,0.0,200.0
159516,GS3108,2017,24702.0,4628.0
159517,GS3108,2018,0.0,18633.0
159518,GS3108,2019,11699.0,486.0
159519,GS3108,2020,10000.0,8236.0
159520,GS3108,2021,6299.0,3996.0
159521,GS3108,2022,7016.0,7539.0
159522,GS3108,2023,9525.0,2029.0
159523,GS3108,2024,9538.0,380.0
159524,GS3108,2025,18012.0,20290.0
159525,GS3108,2026,0.0,3661.0
159547,GS3109,2017,127514.0,0.0
159548,GS3109,2018,59679.0,0.0
159549,GS3109,2019,112050.0,0.0
159550,GS3109,2020,78727.0,0.0
159551,GS3109,2021,58976.0,0.0
159554,GS3109,2024,61560.0,3635.0
159555,GS3109,2025,57967.0,94262.0
159556,GS3109,2026,0.0,1081.0
159640,GS3113,2017,78418.0,0.0
159641,GS3113,2018,62812.0,0.0
159642,GS3113,2019,112138.0,0.0
159643,GS3113,2020,91458.0,0.0
159644,GS3113,2021,56070.0,0.0
159647,GS3113,2024,61670.0,0.0
159648,GS3113,2025,54833.0,90170.0
159671,GS3114,2017,76570.0,0.0
159672,GS3114,2018,55716.0,0.0
159673,GS3114,2019,111021.0,0.0
159674,GS3114,2020,83252.0,0.0
159675,GS3114,2021,53664.0,0.0
159678,GS3114,2024,66532.0,0.0
159679,GS3114,2025,59027.0,67503.0
159680,GS3114,2026,0.0,2944.0
159733,GS3116,2017,76361.0,0.0
159734,GS3116,2018,56674.0,0.0
159735,GS3116,2019,109419.0,0.0
159736,GS3116,2020,89017.0,0.0
159737,GS3116,2021,53914.0,0.0
159740,GS3116,2024,65061.0,0.0
159741,GS3116,2025,65214.0,65076.0
159742,GS3116,2026,0.0,17985.0
159888,GS3253,2017,406801.0,0.0
159889,GS3253,2018,0.0,42527.0
159890,GS3253,2019,0.0,189538.0
159891,GS3253,2020,364902.0,169596.0
159892,GS3253,2021,0.0,77769.0
159893,GS3253,2022,483046.0,91328.0
159894,GS3253,2023,0.0,211484.0
159895,GS3253,2024,0.0,49413.0
159896,GS3253,2025,590355.0,87315.0
159897,GS3253,2026,0.0,32451.0
160016,GS3260,2021,7624.0,0.0
160018,GS3260,2023,0.0,800.0
160073,GS3262,2016,7195.0,0.0
160074,GS3262,2017,10000.0,958.0
160075,GS3262,2018,10000.0,784.0
160076,GS3262,2019,0.0,4024.0
160077,GS3262,2020,12923.0,12154.0
160078,GS3262,2021,15892.0,23184.0
160079,GS3262,2022,0.0,9346.0
160080,GS3262,2023,13959.0,10876.0
160081,GS3262,2024,0.0,7422.0
160082,GS3262,2025,6396.0,0.0
160136,GS3267,2017,4288.0,4288.0
160137,GS3267,2018,7039.0,6899.0
160139,GS3267,2020,5188.0,5188.0
160140,GS3267,2021,1621.0,1621.0
160141,GS3267,2022,1418.0,1418.0
160142,GS3267,2023,1250.0,1390.0
160143,GS3267,2024,736.0,736.0
160166,GS3305,2016,630.0,3.0
160168,GS3305,2018,0.0,627.0
160172,GS3305,2022,1308.0,566.0
160173,GS3305,2023,0.0,24.0
160174,GS3305,2024,0.0,10.0
160176,GS3305,2026,0.0,708.0
160198,GS3306,2017,14611.0,2905.0
160199,GS3306,2018,0.0,13838.0
160200,GS3306,2019,19907.0,266.0
160201,GS3306,2020,2744.0,16366.0
160202,GS3306,2021,2337.0,6978.0
160203,GS3306,2022,4274.0,2075.0
160204,GS3306,2023,0.0,3798.0
160205,GS3306,2024,0.0,582.0
160207,GS3306,2026,0.0,130.0
160259,GS3326,2016,21077.0,0.0
160260,GS3326,2017,8899.0,18137.0
160261,GS3326,2018,8460.0,8069.0
160262,GS3326,2019,10000.0,7999.0
160263,GS3326,2020,0.0,1719.0
160264,GS3326,2021,8954.0,0.0
160265,GS3326,2022,0.0,118.0
160266,GS3326,2023,10000.0,50.0
160267,GS3326,2024,15833.0,0.0
160298,GS3334,2024,60213.0,0.0
160421,GS3343,2023,90614.0,0.0
160424,GS3343,2026,0.0,72492.0
160445,GS3344,2016,0.0,44100.0
160446,GS3344,2017,94578.0,13875.0
160447,GS3344,2018,0.0,3914.0
160448,GS3344,2019,0.0,1333.0
160449,GS3344,2020,0.0,1129.0
160450,GS3344,2021,0.0,21408.0
160451,GS3344,2022,0.0,11211.0
160452,GS3344,2023,0.0,42711.0
160453,GS3344,2024,0.0,1.0
160455,GS3344,2026,0.0,800.0
160569,GS3363,2016,65683.0,33512.0
160570,GS3363,2017,0.0,9015.0
160571,GS3363,2018,1301.0,17672.0
160572,GS3363,2019,3897.0,1039.0
160573,GS3363,2020,0.0,4883.0
160574,GS3363,2021,0.0,240.0
160575,GS3363,2022,0.0,3108.0
160576,GS3363,2023,0.0,355.0
160600,GS3364,2016,80794.0,2753.0
160601,GS3364,2017,0.0,37429.0
160602,GS3364,2018,8666.0,18650.0
160603,GS3364,2019,25997.0,11045.0
160604,GS3364,2020,0.0,22230.0
160605,GS3364,2021,1222.0,7984.0
160606,GS3364,2022,0.0,12901.0
160607,GS3364,2023,0.0,2038.0
160608,GS3364,2024,0.0,1465.0
160609,GS3364,2025,0.0,32.0
160631,GS3365,2016,70829.0,23277.0
160632,GS3365,2017,0.0,11233.0
160633,GS3365,2018,14262.0,25822.0
160634,GS3365,2019,42784.0,15788.0
160635,GS3365,2020,0.0,14976.0
160636,GS3365,2021,18400.0,7545.0
160637,GS3365,2022,0.0,21627.0
160638,GS3365,2023,0.0,20989.0
160639,GS3365,2024,0.0,4762.0
160640,GS3365,2025,0.0,20.0
160662,GS3366,2016,51756.0,0.0
160663,GS3366,2017,0.0,38225.0
160664,GS3366,2018,13770.0,0.0
160665,GS3366,2019,41310.0,8487.0
160666,GS3366,2020,0.0,20269.0
160667,GS3366,2021,37150.0,10.0
160668,GS3366,2022,0.0,25453.0
160669,GS3366,2023,0.0,50954.0
160670,GS3366,2024,0.0,360.0
160693,GS3367,2016,39847.0,0.0
160694,GS3367,2017,0.0,796.0
160695,GS3367,2018,15780.0,3964.0
160696,GS3367,2019,47338.0,29755.0
160697,GS3367,2020,0.0,9073.0
160698,GS3367,2021,55187.0,14487.0
160699,GS3367,2022,0.0,34889.0
160700,GS3367,2023,0.0,57193.0
160701,GS3367,2024,0.0,373.0
160702,GS3367,2025,0.0,2415.0
160703,GS3367,2026,0.0,10.0
160756,GS337,2017,9341.0,0.0
160852,GS3372,2020,53837.0,0.0
160972,GS3379,2016,192035.0,0.0
160973,GS3379,2017,98853.0,2770.0
160974,GS3379,2018,0.0,24665.0
160975,GS3379,2019,0.0,92803.0
160976,GS3379,2020,205982.0,32712.0
160977,GS3379,2021,34493.0,41175.0
160978,GS3379,2022,0.0,89274.0
160979,GS3379,2023,0.0,29966.0
160980,GS3379,2024,0.0,56859.0
160981,GS3379,2025,0.0,25398.0
160982,GS3379,2026,0.0,21232.0
161003,GS338,2016,0.0,758.0
161005,GS338,2018,0.0,71.0
161006,GS338,2019,0.0,19.0
161007,GS338,2020,0.0,4.0
161009,GS338,2022,0.0,3.0
161011,GS338,2024,0.0,526.0
161071,GS3381,2022,1021.0,500.0
161072,GS3381,2023,0.0,284.0
161073,GS3381,2024,0.0,237.0
161096,GS340,2016,0.0,791.0
161097,GS340,2017,0.0,183.0
161102,GS340,2022,0.0,17.0
161127,GS3404,2016,30341.0,0.0
161128,GS3404,2017,15164.0,25534.0
161129,GS3404,2018,15162.0,4807.0
161130,GS3404,2019,15157.0,28158.0
161131,GS3404,2020,0.0,17022.0
161132,GS3404,2021,9679.0,0.0
161133,GS3404,2022,0.0,9679.0
161134,GS3404,2023,26831.0,303.0
161135,GS3404,2024,0.0,2148.0
161136,GS3404,2025,0.0,14746.0
161137,GS3404,2026,0.0,1540.0
161158,GS3405,2016,13833.0,0.0
161159,GS3405,2017,1340.0,0.0
161160,GS3405,2018,6091.0,0.0
161161,GS3405,2019,339.0,0.0
161164,GS3405,2022,11777.0,0.0
161167,GS3405,2025,35208.0,14416.0
161168,GS3405,2026,0.0,9473.0
161189,GS3407,2016,97547.0,0.0
161191,GS3407,2018,25145.0,0.0
161196,GS3407,2023,22398.0,20074.0
161197,GS3407,2024,35297.0,9350.0
161198,GS3407,2025,0.0,16105.0
161199,GS3407,2026,0.0,7011.0
161222,GS3409,2018,128325.0,0.0
161224,GS3409,2020,0.0,315.0
161225,GS3409,2021,0.0,24025.0
161226,GS3409,2022,0.0,18676.0
161227,GS3409,2023,0.0,15412.0
161228,GS3409,2024,0.0,15388.0
161229,GS3409,2025,0.0,1115.0
161253,GS3410,2018,41183.0,0.0
161256,GS3410,2021,59514.0,3.0
161257,GS3410,2022,0.0,1419.0
161258,GS3410,2023,67221.0,181.0
161259,GS3410,2024,0.0,49.0
161260,GS3410,2025,56905.0,0.0
161261,GS3410,2026,0.0,56626.0
161291,GS3411,2025,46727.0,116.0
161346,GS3421,2018,77089.0,185.0
161347,GS3421,2019,0.0,1639.0
161348,GS3421,2020,0.0,5683.0
161349,GS3421,2021,0.0,6474.0
161350,GS3421,2022,0.0,179.0
161351,GS3421,2023,0.0,15.0
161352,GS3421,2024,0.0,320.0
161353,GS3421,2025,0.0,278.0
161376,GS3422,2017,9067.0,9000.0
161377,GS3422,2018,9968.0,10035.0
161378,GS3422,2019,19774.0,18370.0
161379,GS3422,2020,7180.0,8584.0
161469,GS3429,2017,143500.0,0.0
161470,GS3429,2018,202795.0,0.0
161471,GS3429,2019,83703.0,0.0
161473,GS3429,2021,102725.0,0.0
161474,GS3429,2022,78244.0,76935.0
161476,GS3429,2024,0.0,700.0
161478,GS3429,2026,0.0,609.0
161530,GS3430,2016,7430.0,7284.0
161531,GS3430,2017,10027.0,9722.0
161532,GS3430,2018,0.0,106.0
161533,GS3430,2019,19907.0,146.0
161534,GS3430,2020,2744.0,10034.0
161535,GS3430,2021,2344.0,5464.0
161536,GS3430,2022,4278.0,1899.0
161537,GS3430,2023,0.0,7882.0
161538,GS3430,2024,0.0,4193.0
161561,GS3431,2016,5491.0,5180.0
161562,GS3431,2017,10027.0,7440.0
161563,GS3431,2018,0.0,1623.0
161564,GS3431,2019,19940.0,1076.0
161565,GS3431,2020,2744.0,8792.0
161566,GS3431,2021,2344.0,6207.0
161567,GS3431,2022,4278.0,11710.0
161568,GS3431,2023,0.0,864.0
161569,GS3431,2024,0.0,1932.0
161592,GS3432,2016,6062.0,5941.0
161593,GS3432,2017,10027.0,9059.0
161594,GS3432,2018,0.0,769.0
161595,GS3432,2019,18934.0,121.0
161596,GS3432,2020,2744.0,8520.0
161597,GS3432,2021,2344.0,3205.0
161598,GS3432,2022,4278.0,8997.0
161599,GS3432,2023,0.0,3339.0
161600,GS3432,2024,0.0,1094.0
161601,GS3432,2025,0.0,2964.0
161623,GS3433,2016,4425.0,2576.0
161624,GS3433,2017,10027.0,793.0
161625,GS3433,2018,0.0,9528.0
161626,GS3433,2019,19907.0,389.0
161627,GS3433,2020,2632.0,9745.0
161628,GS3433,2021,2344.0,4024.0
161629,GS3433,2022,4184.0,1071.0
161630,GS3433,2023,0.0,944.0
161631,GS3433,2024,0.0,13225.0
161632,GS3433,2025,0.0,1224.0
161658,GS3434,2020,344042.0,0.0
161659,GS3434,2021,296166.0,83810.0
161660,GS3434,2022,0.0,196000.0
161661,GS3434,2023,387555.0,362121.0
161662,GS3434,2024,784472.0,20235.0
161663,GS3434,2025,667744.0,309316.0
161664,GS3434,2026,0.0,161076.0
161716,GS3443,2016,10000.0,0.0
161717,GS3443,2017,10000.0,10000.0
161718,GS3443,2018,18677.0,17280.0
161719,GS3443,2019,0.0,2061.0
161720,GS3443,2020,11671.0,20395.0
161721,GS3443,2021,3301.0,1536.0
161722,GS3443,2022,2119.0,141.0
161723,GS3443,2023,2487.0,667.0
161724,GS3443,2024,3216.0,0.0
161725,GS3443,2025,5480.0,1655.0
161726,GS3443,2026,0.0,1014.0
161747,GS3444,2016,7424.0,6908.0
161749,GS3444,2018,0.0,368.0
161750,GS3444,2019,23315.0,2448.0
161751,GS3444,2020,16144.0,11646.0
161752,GS3444,2021,2450.0,9800.0
161753,GS3444,2022,1098.0,11462.0
161754,GS3444,2023,0.0,5391.0
161755,GS3444,2024,0.0,18.0
161756,GS3444,2025,0.0,1801.0
161779,GS3445,2017,40596.0,0.0
161780,GS3445,2018,0.0,9311.0
161781,GS3445,2019,0.0,14705.0
161782,GS3445,2020,11675.0,15692.0
161783,GS3445,2021,15383.0,17027.0
161784,GS3445,2022,0.0,5201.0
161785,GS3445,2023,13119.0,3805.0
161786,GS3445,2024,0.0,1745.0
161787,GS3445,2025,15419.0,3179.0
161788,GS3445,2026,6137.0,9681.0
161809,GS3446,2016,6408.0,0.0
161810,GS3446,2017,0.0,400.0
161812,GS3446,2019,23315.0,8507.0
161813,GS3446,2020,16044.0,14578.0
161814,GS3446,2021,2435.0,8499.0
161815,GS3446,2022,1212.0,11053.0
161816,GS3446,2023,0.0,1988.0
161817,GS3446,2024,0.0,2851.0
161818,GS3446,2025,0.0,1188.0
161840,GS3447,2016,6449.0,0.0
161842,GS3447,2018,0.0,1000.0
161843,GS3447,2019,23315.0,12769.0
161844,GS3447,2020,16275.0,3614.0
161845,GS3447,2021,2470.0,16619.0
161846,GS3447,2022,1229.0,6394.0
161847,GS3447,2023,0.0,1609.0
161848,GS3447,2024,0.0,2629.0
161849,GS3447,2025,0.0,1205.0
161871,GS3448,2016,7429.0,100.0
161873,GS3448,2018,0.0,3571.0
161874,GS3448,2019,23315.0,9557.0
161875,GS3448,2020,16350.0,323.0
161876,GS3448,2021,2481.0,15982.0
161877,GS3448,2022,1113.0,13772.0
161878,GS3448,2023,0.0,758.0
161879,GS3448,2024,0.0,5075.0
161880,GS3448,2025,0.0,949.0
161902,GS3449,2016,4964.0,0.0
161903,GS3449,2017,3311.0,0.0
161904,GS3449,2018,0.0,8078.0
161905,GS3449,2019,20657.0,12181.0
161906,GS3449,2020,15750.0,0.0
161907,GS3449,2021,2391.0,20537.0
161908,GS3449,2022,1307.0,5039.0
161910,GS3449,2024,0.0,1079.0
161911,GS3449,2025,0.0,1085.0
161933,GS3450,2016,5029.0,0.0
161934,GS3450,2017,3353.0,137.0
161935,GS3450,2018,0.0,63.0
161936,GS3450,2019,20654.0,15530.0
161937,GS3450,2020,16285.0,8220.0
161938,GS3450,2021,2472.0,10767.0
161939,GS3450,2022,1351.0,5851.0
161940,GS3450,2023,0.0,5545.0
161941,GS3450,2024,0.0,1130.0
161942,GS3450,2025,0.0,1283.0
161964,GS3451,2016,4406.0,0.0
161965,GS3451,2017,2939.0,0.0
161966,GS3451,2018,0.0,3563.0
161967,GS3451,2019,20795.0,5913.0
161968,GS3451,2020,16078.0,12732.0
161969,GS3451,2021,2440.0,11871.0
161970,GS3451,2022,1416.0,2632.0
161971,GS3451,2023,0.0,5846.0
161972,GS3451,2024,0.0,5051.0
161995,GS347,2016,0.0,32545.0
161996,GS347,2017,0.0,25000.0
161997,GS347,2018,0.0,29000.0
161998,GS347,2019,0.0,26669.0
161999,GS347,2020,0.0,31595.0
162000,GS347,2021,0.0,4437.0
162003,GS347,2024,44164.0,0.0
162004,GS347,2025,97965.0,0.0
162026,GS3482,2016,7982.0,4895.0
162027,GS3482,2017,0.0,7995.0
162029,GS3482,2019,0.0,1689.0
162030,GS3482,2020,0.0,1321.0
162032,GS3482,2022,0.0,273.0
162033,GS3482,2023,33670.0,7222.0
162034,GS3482,2024,0.0,1361.0
162035,GS3482,2025,0.0,8993.0
162216,GS3493,2020,232140.0,39.0
162218,GS3493,2022,189369.0,187802.0
162219,GS3493,2023,0.0,74248.0
162220,GS3493,2024,272688.0,112772.0
162221,GS3493,2025,0.0,173701.0
162222,GS3493,2026,208667.0,99004.0
162277,GS3509,2019,20666.0,0.0
162278,GS3509,2020,20000.0,4794.0
162279,GS3509,2021,8122.0,183.0
162280,GS3509,2022,0.0,248.0
162281,GS3509,2023,7571.0,0.0
162282,GS3509,2024,10000.0,0.0
162283,GS3509,2025,6534.0,0.0
162284,GS3509,2026,11425.0,0.0
162308,GS351,2019,0.0,4612.0
162310,GS351,2021,0.0,272800.0
162311,GS351,2022,0.0,85198.0
162312,GS351,2023,177990.0,890.0
162313,GS351,2024,0.0,890.0
162314,GS351,2025,0.0,10.0
162315,GS351,2026,63327.0,0.0
162371,GS3511,2020,148008.0,0.0
162372,GS3511,2021,165219.0,0.0
162373,GS3511,2022,35000.0,35281.0
162374,GS3511,2023,0.0,17366.0
162375,GS3511,2024,165766.0,3415.0
162376,GS3511,2025,0.0,10083.0
162377,GS3511,2026,0.0,237.0
162399,GS3512,2017,79628.0,0.0
162400,GS3512,2018,0.0,528.0
162401,GS3512,2019,0.0,40000.0
162402,GS3512,2020,0.0,24057.0
162403,GS3512,2021,262534.0,143808.0
162404,GS3512,2022,89090.0,0.0
162405,GS3512,2023,0.0,18892.0
162406,GS3512,2024,0.0,56383.0
162407,GS3512,2025,222450.0,69206.0
162466,GS3514,2022,104038.0,0.0
162468,GS3514,2024,209218.0,3600.0
162469,GS3514,2025,0.0,152135.0
162470,GS3514,2026,0.0,50808.0
162497,GS3515,2022,44366.0,55.0
162498,GS3515,2023,0.0,408.0
162499,GS3515,2024,0.0,171.0
162522,GS3516,2016,1964.0,0.0
162523,GS3516,2017,5494.0,0.0
162524,GS3516,2018,9568.0,2421.0
162525,GS3516,2019,9505.0,50.0
162526,GS3516,2020,0.0,4888.0
162527,GS3516,2021,8147.0,0.0
162528,GS3516,2022,9563.0,18883.0
162529,GS3516,2023,0.0,2961.0
162530,GS3516,2024,6540.0,0.0
162531,GS3516,2025,0.0,1276.0
162532,GS3516,2026,0.0,611.0
162553,GS3517,2016,1805.0,0.0
162554,GS3517,2017,5012.0,0.0
162555,GS3517,2018,9204.0,2395.0
162556,GS3517,2019,9195.0,5765.0
162557,GS3517,2020,0.0,1805.0
162558,GS3517,2021,7912.0,6363.0
162559,GS3517,2022,10000.0,3830.0
162560,GS3517,2023,0.0,4762.0
162561,GS3517,2024,18919.0,0.0
162562,GS3517,2025,0.0,3844.0
162563,GS3517,2026,0.0,1983.0
162584,GS3518,2016,1808.0,0.0
162585,GS3518,2017,5053.0,483.0
162586,GS3518,2018,9885.0,0.0
162587,GS3518,2019,9872.0,0.0
162588,GS3518,2020,0.0,1804.0
162589,GS3518,2021,8558.0,1502.0
162590,GS3518,2022,9995.0,197.0
162591,GS3518,2023,0.0,9710.0
162592,GS3518,2024,15018.0,86.0
162593,GS3518,2025,0.0,1965.0
162594,GS3518,2026,0.0,1283.0
162615,GS3519,2016,2213.0,0.0
162616,GS3519,2017,6000.0,0.0
162617,GS3519,2018,9870.0,0.0
162618,GS3519,2019,9433.0,11821.0
162619,GS3519,2020,0.0,13.0
162620,GS3519,2021,8133.0,5778.0
162621,GS3519,2022,9994.0,197.0
162622,GS3519,2023,0.0,6638.0
162623,GS3519,2024,18193.0,0.0
162624,GS3519,2025,0.0,2080.0
162625,GS3519,2026,0.0,1715.0
162646,GS352,2016,0.0,116301.0
162647,GS352,2017,130850.0,73323.0
162648,GS352,2018,111459.0,55574.0
162649,GS352,2019,113945.0,68903.0
162650,GS352,2020,117609.0,89217.0
162651,GS352,2021,115683.0,145735.0
162652,GS352,2022,0.0,116758.0
162653,GS352,2023,228318.0,113976.0
162654,GS352,2024,0.0,52355.0
162655,GS352,2025,263752.0,108871.0
162656,GS352,2026,0.0,59152.0
162677,GS3520,2016,1962.0,0.0
162678,GS3520,2017,5205.0,1460.0
162679,GS3520,2018,9330.0,0.0
162680,GS3520,2019,9094.0,5765.0
162682,GS3520,2021,7925.0,0.0
162683,GS3520,2022,10000.0,1962.0
162684,GS3520,2023,0.0,2352.0
162685,GS3520,2024,19860.0,599.0
162686,GS3520,2025,0.0,5155.0
162687,GS3520,2026,0.0,2826.0
162708,GS3521,2016,1748.0,0.0
162709,GS3521,2017,5106.0,1748.0
162710,GS3521,2018,8807.0,0.0
162711,GS3521,2019,8636.0,0.0
162712,GS3521,2020,0.0,5029.0
162713,GS3521,2021,7387.0,15734.0
162714,GS3521,2022,10000.0,3657.0
162715,GS3521,2023,0.0,355.0
162716,GS3521,2024,18418.0,147.0
162717,GS3521,2025,0.0,2119.0
162718,GS3521,2026,0.0,1727.0
162739,GS3522,2016,1712.0,0.0
162740,GS3522,2017,3803.0,1712.0
162741,GS3522,2018,6395.0,0.0
162742,GS3522,2019,8210.0,2170.0
162743,GS3522,2020,0.0,7066.0
162744,GS3522,2021,8202.0,3755.0
162745,GS3522,2022,9994.0,2049.0
162746,GS3522,2023,0.0,10271.0
162747,GS3522,2024,18577.0,69.0
162748,GS3522,2025,0.0,2177.0
162749,GS3522,2026,0.0,1721.0
162770,GS3523,2016,1381.0,0.0
162771,GS3523,2017,3961.0,1381.0
162772,GS3523,2018,9282.0,0.0
162773,GS3523,2019,10000.0,0.0
162774,GS3523,2020,0.0,9389.0
162775,GS3523,2021,9149.0,9689.0
162776,GS3523,2022,9990.0,10497.0
162777,GS3523,2023,0.0,9791.0
162778,GS3523,2024,19049.0,0.0
162779,GS3523,2025,0.0,2103.0
162780,GS3523,2026,0.0,1760.0
162801,GS3524,2016,2045.0,0.0
162802,GS3524,2017,5115.0,2045.0
162803,GS3524,2018,9267.0,0.0
162804,GS3524,2019,10000.0,0.0
162805,GS3524,2020,0.0,10024.0
162806,GS3524,2021,9063.0,13417.0
162807,GS3524,2022,9999.0,9267.0
162808,GS3524,2023,0.0,9800.0
162809,GS3524,2024,19006.0,0.0
162810,GS3524,2025,0.0,2094.0
162811,GS3524,2026,0.0,1757.0
162894,GS353,2016,0.0,785.0
162895,GS353,2017,0.0,1220.0
162899,GS353,2021,0.0,25745.0
162900,GS353,2022,0.0,4058.0
162901,GS353,2023,0.0,1582.0
162902,GS353,2024,0.0,336.0
162903,GS353,2025,18682.0,0.0
162904,GS353,2026,0.0,190.0
162925,GS3544,2016,7982.0,8401.0
162926,GS3544,2017,0.0,4992.0
162927,GS3544,2018,0.0,761.0
162928,GS3544,2019,0.0,929.0
162929,GS3544,2020,0.0,1321.0
162931,GS3544,2022,0.0,273.0
162932,GS3544,2023,35255.0,7562.0
162933,GS3544,2024,0.0,2489.0
162934,GS3544,2025,0.0,514.0
162956,GS3547,2016,179516.0,0.0
162957,GS3547,2017,0.0,60319.0
162958,GS3547,2018,0.0,16107.0
162959,GS3547,2019,233053.0,207665.0
162960,GS3547,2020,194518.0,138218.0
162961,GS3547,2021,0.0,158253.0
162962,GS3547,2022,82991.0,75579.0
162963,GS3547,2023,0.0,31439.0
162964,GS3547,2024,0.0,1699.0
162965,GS3547,2025,0.0,302.0
162966,GS3547,2026,0.0,187.0
163022,GS3551,2020,216328.0,22397.0
163023,GS3551,2021,0.0,23253.0
163024,GS3551,2022,0.0,160783.0
163025,GS3551,2023,315347.0,172.0
163026,GS3551,2024,0.0,285.0
163027,GS3551,2025,236616.0,13867.0
163089,GS3556,2025,26600.0,0.0
163142,GS3560,2016,0.0,14509.0
163143,GS3560,2017,8993.0,769.0
163144,GS3560,2018,9973.0,12745.0
163145,GS3560,2019,11699.0,5247.0
163146,GS3560,2020,9135.0,5027.0
163147,GS3560,2021,3477.0,9864.0
163148,GS3560,2022,4352.0,1594.0
163149,GS3560,2023,5551.0,60.0
163150,GS3560,2024,10000.0,5376.0
163151,GS3560,2025,18886.0,11804.0
163152,GS3560,2026,0.0,3274.0
163173,GS3561,2016,0.0,15158.0
163174,GS3561,2017,8130.0,3643.0
163175,GS3561,2018,9973.0,5241.0
163176,GS3561,2019,11699.0,597.0
163177,GS3561,2020,10000.0,7137.0
163178,GS3561,2021,4980.0,11025.0
163179,GS3561,2022,6233.0,4737.0
163180,GS3561,2023,7188.0,4101.0
163181,GS3561,2024,9950.0,1310.0
163182,GS3561,2025,18397.0,15542.0
163183,GS3561,2026,0.0,6874.0
163204,GS3563,2016,10000.0,5000.0
163205,GS3563,2017,10000.0,2292.0
163206,GS3563,2018,18712.0,22310.0
163207,GS3563,2019,0.0,3016.0
163208,GS3563,2020,11671.0,17160.0
163209,GS3563,2021,3435.0,1505.0
163210,GS3563,2022,1895.0,1491.0
163214,GS3563,2026,0.0,269.0
163236,GS3564,2017,10000.0,6700.0
163237,GS3564,2018,17041.0,11640.0
163239,GS3564,2020,11671.0,13023.0
163240,GS3564,2021,3394.0,9732.0
163241,GS3564,2022,2196.0,1316.0
163242,GS3564,2023,1518.0,1493.0
163243,GS3564,2024,299.0,1321.0
163244,GS3564,2025,0.0,621.0
163245,GS3564,2026,0.0,194.0
163300,GS3566,2019,85460.0,0.0
163301,GS3566,2020,96838.0,0.0
163302,GS3566,2021,54801.0,0.0
163305,GS3566,2024,64282.0,0.0
163306,GS3566,2025,60097.0,64282.0
163307,GS3566,2026,0.0,12508.0
163330,GS3567,2018,266814.0,0.0
163332,GS3567,2020,0.0,10757.0
163333,GS3567,2021,0.0,11903.0
163334,GS3567,2022,779901.0,312939.0
163335,GS3567,2023,0.0,124623.0
163336,GS3567,2024,0.0,299224.0
163337,GS3567,2025,319263.0,161643.0
163338,GS3567,2026,0.0,159529.0
163392,GS3588,2018,8167.0,0.0
163393,GS3588,2019,9785.0,0.0
163394,GS3588,2020,19344.0,0.0
163395,GS3588,2021,7839.0,0.0
163396,GS3588,2022,8528.0,0.0
163397,GS3588,2023,8668.0,0.0
163398,GS3588,2024,8420.0,0.0
163399,GS3588,2025,8671.0,0.0
163400,GS3588,2026,7746.0,0.0
163423,GS3589,2018,7813.0,0.0
163424,GS3589,2019,9386.0,0.0
163425,GS3589,2020,18573.0,0.0
163426,GS3589,2021,7839.0,0.0
163427,GS3589,2022,8291.0,0.0
163428,GS3589,2023,8668.0,0.0
163429,GS3589,2024,8420.0,0.0
163430,GS3589,2025,8671.0,0.0
163431,GS3589,2026,7746.0,0.0
163454,GS3590,2018,7813.0,0.0
163455,GS3590,2019,9786.0,0.0
163456,GS3590,2020,18949.0,0.0
163457,GS3590,2021,7839.0,0.0
163458,GS3590,2022,8528.0,0.0
163459,GS3590,2023,8955.0,0.0
163460,GS3590,2024,8685.0,0.0
163461,GS3590,2025,9026.0,0.0
163462,GS3590,2026,7746.0,0.0
163485,GS3591,2018,8167.0,0.0
163486,GS3591,2019,9386.0,0.0
163487,GS3591,2020,18573.0,0.0
163488,GS3591,2021,7839.0,0.0
163489,GS3591,2022,8528.0,0.0
163490,GS3591,2023,8955.0,0.0
163491,GS3591,2024,8685.0,0.0
163492,GS3591,2025,8671.0,0.0
163493,GS3591,2026,8048.0,0.0
163516,GS3592,2018,8167.0,0.0
163517,GS3592,2019,9387.0,0.0
163518,GS3592,2020,18573.0,0.0
163519,GS3592,2021,7839.0,0.0
163520,GS3592,2022,8528.0,0.0
163521,GS3592,2023,8955.0,0.0
163522,GS3592,2024,8685.0,0.0
163523,GS3592,2025,8671.0,0.0
163524,GS3592,2026,8048.0,0.0
163547,GS3593,2018,7813.0,0.0
163548,GS3593,2019,9386.0,0.0
163549,GS3593,2020,18573.0,0.0
163550,GS3593,2021,7839.0,0.0
163551,GS3593,2022,8528.0,0.0
163552,GS3593,2023,8955.0,0.0
163553,GS3593,2024,8420.0,0.0
163554,GS3593,2025,8671.0,0.0
163555,GS3593,2026,7746.0,0.0
163578,GS3594,2018,7813.0,0.0
163579,GS3594,2019,9387.0,0.0
163580,GS3594,2020,18573.0,0.0
163581,GS3594,2021,7839.0,0.0
163582,GS3594,2022,8528.0,0.0
163583,GS3594,2023,8955.0,0.0
163584,GS3594,2024,8685.0,0.0
163585,GS3594,2025,8671.0,0.0
163586,GS3594,2026,8048.0,0.0
163609,GS3595,2018,8167.0,0.0
163610,GS3595,2019,9386.0,0.0
163611,GS3595,2020,18573.0,0.0
163612,GS3595,2021,7839.0,0.0
163613,GS3595,2022,8528.0,500.0
163614,GS3595,2023,8668.0,0.0
163615,GS3595,2024,8685.0,0.0
163616,GS3595,2025,9026.0,0.0
163617,GS3595,2026,8048.0,0.0
163640,GS3596,2018,6856.0,0.0
163641,GS3596,2019,8464.0,0.0
163642,GS3596,2020,16634.0,0.0
163643,GS3596,2021,7171.0,0.0
163644,GS3596,2022,7672.0,0.0
163645,GS3596,2023,6946.0,0.0
163646,GS3596,2024,6832.0,0.0
163647,GS3596,2025,6944.0,0.0
163648,GS3596,2026,6162.0,0.0
163671,GS3597,2018,7833.0,0.0
163672,GS3597,2019,9410.0,0.0
163673,GS3597,2020,18615.0,0.0
163674,GS3597,2021,7853.0,0.0
163675,GS3597,2022,8305.0,6956.0
163676,GS3597,2023,8685.0,0.0
163677,GS3597,2024,8436.0,0.0
163678,GS3597,2025,8692.0,0.0
163679,GS3597,2026,7763.0,0.0
163702,GS3598,2018,8167.0,0.0
163703,GS3598,2019,9714.0,0.0
163704,GS3598,2020,19207.0,0.0
163705,GS3598,2021,8042.0,0.0
163706,GS3598,2022,8528.0,8528.0
163707,GS3598,2023,8904.0,0.0
163708,GS3598,2024,8908.0,0.0
163709,GS3598,2025,9026.0,0.0
163710,GS3598,2026,8048.0,41.0
163733,GS3599,2018,7896.0,0.0
163734,GS3599,2019,9386.0,0.0
163735,GS3599,2020,18573.0,0.0
163736,GS3599,2021,7839.0,0.0
163737,GS3599,2022,8457.0,8457.0
163738,GS3599,2023,8802.0,0.0
163739,GS3599,2024,8482.0,0.0
163740,GS3599,2025,8754.0,288.0
163741,GS3599,2026,7816.0,0.0
163764,GS3600,2018,7886.0,0.0
163765,GS3600,2019,9469.0,0.0
163766,GS3600,2020,18733.0,0.0
163767,GS3600,2021,7839.0,0.0
163768,GS3600,2022,8504.0,8504.0
163769,GS3600,2023,8832.0,0.0
163770,GS3600,2024,8572.0,0.0
163771,GS3600,2025,8671.0,8498.0
163772,GS3600,2026,7918.0,0.0
163795,GS3601,2018,8167.0,0.0
163796,GS3601,2019,9635.0,0.0
163797,GS3601,2020,19054.0,0.0
163798,GS3601,2021,7861.0,0.0
163799,GS3601,2022,8556.0,8556.0
163800,GS3601,2023,8802.0,0.0
163801,GS3601,2024,8544.0,0.0
163802,GS3601,2025,8703.0,8529.0
163803,GS3601,2026,7886.0,0.0
163857,GS3606,2018,12369.0,0.0
163858,GS3606,2019,13526.0,0.0
163861,GS3606,2022,20035.0,0.0
163887,GS3607,2017,654.0,0.0
163888,GS3607,2018,4613.0,0.0
163893,GS3607,2023,18809.0,0.0
163917,GS3618,2016,7982.0,1009.0
163918,GS3618,2017,0.0,442.0
163919,GS3618,2018,0.0,7648.0
163920,GS3618,2019,0.0,1213.0
163922,GS3618,2021,0.0,1321.0
163923,GS3618,2022,0.0,273.0
163924,GS3618,2023,33797.0,7350.0
163925,GS3618,2024,0.0,1565.0
163926,GS3618,2025,0.0,3927.0
163948,GS3619,2016,7982.0,1726.0
163949,GS3619,2017,0.0,3338.0
163950,GS3619,2018,0.0,4728.0
163951,GS3619,2019,0.0,1480.0
163952,GS3619,2020,0.0,1321.0
163954,GS3619,2022,0.0,273.0
163955,GS3619,2023,35466.0,7607.0
163957,GS3619,2025,0.0,9369.0
163979,GS3620,2016,7982.0,1259.0
163980,GS3620,2017,0.0,442.0
163981,GS3620,2018,0.0,7624.0
163982,GS3620,2019,0.0,2695.0
163983,GS3620,2020,0.0,1037.0
163984,GS3620,2021,0.0,367.0
163985,GS3620,2022,0.0,273.0
163986,GS3620,2023,34505.0,3991.0
163987,GS3620,2024,0.0,7964.0
163988,GS3620,2025,0.0,5955.0
164014,GS3626,2020,3257.0,0.0
164015,GS3626,2021,4084.0,3887.0
164016,GS3626,2022,0.0,198.0
164017,GS3626,2023,12153.0,14804.0
164018,GS3626,2024,19092.0,11852.0
164019,GS3626,2025,9649.0,5071.0
164072,GS3664,2016,111819.0,0.0
164073,GS3664,2017,117825.0,0.0
164135,GS3668,2017,601.0,0.0
164142,GS3668,2024,38482.0,0.0
164196,GS367,2016,0.0,1030.0
164197,GS367,2017,0.0,1470.0
164198,GS367,2018,0.0,1601.0
164199,GS367,2019,0.0,558.0
164200,GS367,2020,0.0,118.0
164201,GS367,2021,0.0,8835.0
164202,GS367,2022,0.0,17035.0
164203,GS367,2023,816099.0,35602.0
164204,GS367,2024,330845.0,22760.0
164205,GS367,2025,320334.0,20460.0
164206,GS367,2026,0.0,160226.0
164227,GS368,2016,0.0,28351.0
164228,GS368,2017,0.0,29140.0
164229,GS368,2018,0.0,32898.0
164230,GS368,2019,0.0,36993.0
164231,GS368,2020,0.0,25709.0
164232,GS368,2021,0.0,20970.0
164234,GS368,2023,0.0,390.0
164235,GS368,2024,56083.0,0.0
164236,GS368,2025,111875.0,0.0
164258,GS369,2016,0.0,19605.0
164259,GS369,2017,0.0,1535.0
164260,GS369,2018,0.0,200.0
164261,GS369,2019,0.0,29534.0
164262,GS369,2020,0.0,55164.0
164263,GS369,2021,0.0,39200.0
164264,GS369,2022,90879.0,59890.0
164265,GS369,2023,0.0,3601.0
164266,GS369,2024,0.0,22140.0
164267,GS369,2025,107333.0,3329.0
164268,GS369,2026,0.0,1208.0
164323,GS3705,2019,387091.0,0.0
164324,GS3705,2020,73133.0,20823.0
164325,GS3705,2021,0.0,52296.0
164326,GS3705,2022,404537.0,90313.0
164327,GS3705,2023,0.0,1913.0
164328,GS3705,2024,0.0,22769.0
164329,GS3705,2025,155939.0,113834.0
164330,GS3705,2026,44304.0,18263.0
164414,GS382,2017,21824.0,0.0
164415,GS382,2018,49948.0,0.0
164416,GS382,2019,22958.0,0.0
164482,GS3852,2023,55833.0,0.0
164483,GS3852,2024,0.0,10300.0
164484,GS3852,2025,0.0,31715.0
164485,GS3852,2026,88445.0,5865.0
164514,GS388,2024,51119.0,0.0
164515,GS388,2025,101826.0,0.0
164516,GS388,2026,0.0,310.0
164538,GS390,2017,78266.0,0.0
164539,GS390,2018,78266.0,0.0
164540,GS390,2019,156534.0,86300.0
164541,GS390,2020,0.0,134234.0
164542,GS390,2021,214341.0,11685.0
164543,GS390,2022,0.0,120827.0
164544,GS390,2023,0.0,142587.0
164545,GS390,2024,161647.0,67470.0
164546,GS390,2025,0.0,44364.0
164547,GS390,2026,149697.0,8721.0
164570,GS3901,2018,3905.0,1101.0
164571,GS3901,2019,4671.0,179.0
164572,GS3901,2020,0.0,470.0
164573,GS3901,2021,0.0,529.0
164574,GS3901,2022,0.0,356.0
164575,GS3901,2023,0.0,521.0
164576,GS3901,2024,0.0,421.0
164577,GS3901,2025,0.0,269.0
164665,GS3906,2020,14496.0,14496.0
164666,GS3906,2021,26159.0,0.0
164667,GS3906,2022,16609.0,41914.0
164668,GS3906,2023,16355.0,0.0
164669,GS3906,2024,0.0,17209.0
164670,GS3906,2025,28180.0,27618.0
164847,GS3945,2016,6796.0,0.0
164848,GS3945,2017,4532.0,8850.0
164849,GS3945,2018,0.0,2155.0
164850,GS3945,2019,20654.0,12212.0
164851,GS3945,2020,16307.0,8663.0
164852,GS3945,2021,2474.0,10739.0
164853,GS3945,2022,820.0,5826.0
164854,GS3945,2023,0.0,317.0
164855,GS3945,2024,0.0,617.0
164856,GS3945,2025,0.0,718.0
164879,GS3946,2017,98286.0,0.0
164883,GS3946,2021,25373.0,11444.0
164884,GS3946,2022,0.0,4485.0
164885,GS3946,2023,0.0,6496.0
164886,GS3946,2024,235.0,2825.0
164887,GS3946,2025,0.0,328.0
164888,GS3946,2026,0.0,30.0
164909,GS3947,2016,4856.0,0.0
164910,GS3947,2017,3239.0,0.0
164912,GS3947,2019,20597.0,19062.0
164913,GS3947,2020,16099.0,9163.0
164914,GS3947,2021,2443.0,8498.0
164915,GS3947,2022,1240.0,4037.0
164916,GS3947,2023,0.0,6047.0
164917,GS3947,2024,0.0,1236.0
165002,GS395,2016,41013.0,0.0
165005,GS395,2019,28754.0,0.0
165006,GS395,2020,34208.0,0.0
165007,GS395,2021,20000.0,0.0
165008,GS395,2022,44039.0,7764.0
165009,GS395,2023,0.0,12236.0
165126,GS3958,2016,107698.0,0.0
165127,GS3958,2017,188369.0,0.0
165131,GS3958,2021,147364.0,0.0
165132,GS3958,2022,339449.0,63606.0
165133,GS3958,2023,0.0,1556.0
165134,GS3958,2024,0.0,76652.0
165135,GS3958,2025,0.0,21988.0
165136,GS3958,2026,0.0,4083.0
165193,GS3964,2021,6225.0,0.0
165195,GS3964,2023,14286.0,0.0
165220,GS3965,2017,38236.0,0.0
165221,GS3965,2018,77735.0,66228.0
165222,GS3965,2019,0.0,34035.0
165223,GS3965,2020,47793.0,16008.0
165224,GS3965,2021,70319.0,30717.0
165225,GS3965,2022,44781.0,40162.0
165226,GS3965,2023,0.0,37711.0
165227,GS3965,2024,0.0,3070.0
165228,GS3965,2025,34729.0,1981.0
165229,GS3965,2026,0.0,237.0
165257,GS3966,2023,44317.0,0.0
165259,GS3966,2025,35099.0,9.0
165282,GS3969,2017,214170.0,4500.0
165283,GS3969,2018,373792.0,178081.0
165284,GS3969,2019,0.0,188815.0
165285,GS3969,2020,320672.0,277146.0
165286,GS3969,2021,198778.0,251201.0
165287,GS3969,2022,0.0,94028.0
165288,GS3969,2023,0.0,75337.0
165289,GS3969,2024,356627.0,1968.0
165290,GS3969,2025,0.0,2182.0
165291,GS3969,2026,0.0,1185.0
165312,GS397,2016,0.0,7984.0
165313,GS397,2017,0.0,49855.0
165314,GS397,2018,0.0,58053.0
165315,GS397,2019,510733.0,245144.0
165316,GS397,2020,0.0,356481.0
165317,GS397,2021,317242.0,88346.0
165318,GS397,2022,0.0,211486.0
165319,GS397,2023,0.0,42307.0
165320,GS397,2024,102705.0,193226.0
165321,GS397,2025,0.0,52896.0
165346,GS3971,2019,15438.0,15438.0
165348,GS3971,2021,48575.0,47525.0
165349,GS3971,2022,0.0,1050.0
165350,GS3971,2023,53330.0,35953.0
165351,GS3971,2024,21366.0,19599.0
165352,GS3971,2025,0.0,9106.0
165353,GS3971,2026,37701.0,27557.0
165437,GS3976,2017,400691.0,0.0
165438,GS3976,2018,479774.0,326229.0
165439,GS3976,2019,862358.0,1189676.0
165440,GS3976,2020,258764.0,396215.0
165441,GS3976,2021,185939.0,79898.0
165442,GS3976,2022,0.0,66247.0
165443,GS3976,2023,524197.0,15928.0
165444,GS3976,2024,0.0,77553.0
165445,GS3976,2025,244191.0,483903.0
165446,GS3976,2026,178952.0,301186.0
165467,GS398,2016,0.0,64029.0
165468,GS398,2017,0.0,24837.0
165469,GS398,2018,0.0,22636.0
165471,GS398,2020,1323423.0,442218.0
165472,GS398,2021,622853.0,124271.0
165473,GS398,2022,7454.0,453014.0
165474,GS398,2023,0.0,337709.0
165475,GS398,2024,0.0,332337.0
165476,GS398,2025,618946.0,83081.0
165477,GS398,2026,0.0,6473.0
165498,GS399,2016,0.0,12521.0
165499,GS399,2017,0.0,10.0
165500,GS399,2018,0.0,27.0
165501,GS399,2019,0.0,92.0
165505,GS399,2023,0.0,263.0
165506,GS399,2024,32727.0,0.0
165532,GS3992,2019,83770.0,0.0
165533,GS3992,2020,0.0,1000.0
165534,GS3992,2021,0.0,56782.0
165535,GS3992,2022,0.0,25988.0
165538,GS3992,2025,278907.0,30942.0
165539,GS3992,2026,0.0,25164.0
165658,GS4014,2021,16586.0,16410.0
165659,GS4014,2022,0.0,21.0
165660,GS4014,2023,9313.0,155.0
165661,GS4014,2024,0.0,4000.0
165662,GS4014,2025,9432.0,5023.0
165663,GS4014,2026,0.0,3000.0
165716,GS4036,2017,8708.0,0.0
165717,GS4036,2018,10000.0,0.0
165719,GS4036,2020,13016.0,10468.0
165720,GS4036,2021,16016.0,10929.0
165721,GS4036,2022,0.0,14858.0
165722,GS4036,2023,15090.0,14352.0
165723,GS4036,2024,0.0,7161.0
165724,GS4036,2025,6447.0,712.0
165725,GS4036,2026,0.0,12.0
165746,GS407,2016,824977.0,376413.0
165747,GS407,2017,0.0,338615.0
165748,GS407,2018,1150576.0,339096.0
165749,GS407,2019,0.0,568997.0
165750,GS407,2020,848659.0,252427.0
165751,GS407,2021,495545.0,315953.0
165752,GS407,2022,801020.0,837017.0
165753,GS407,2023,0.0,712193.0
165754,GS407,2024,1224974.0,437281.0
165755,GS407,2025,0.0,246713.0
165756,GS407,2026,0.0,43444.0
165778,GS410,2017,51046.0,0.0
165780,GS410,2019,23200.0,0.0
165782,GS410,2021,16202.0,0.0
165784,GS410,2023,6671.0,0.0
165785,GS410,2024,0.0,1000.0
165786,GS410,2025,0.0,2300.0
165787,GS410,2026,0.0,709.0
165809,GS411,2017,20548.0,0.0
165810,GS411,2018,24320.0,0.0
165812,GS411,2020,11848.0,0.0
165813,GS411,2021,13147.0,0.0
165902,GS4124,2017,45712.0,19480.0
165903,GS4124,2018,0.0,87926.0
165904,GS4124,2019,0.0,6.0
165933,GS4126,2017,0.0,3823.0
165934,GS4126,2018,0.0,207.0
165963,GS413,2016,200000.0,101965.0
165964,GS413,2017,207240.0,172595.0
165965,GS413,2018,0.0,199015.0
165966,GS413,2019,260652.0,158345.0
165967,GS413,2020,0.0,182171.0
165968,GS413,2021,0.0,69335.0
165969,GS413,2022,0.0,46599.0
165970,GS413,2023,0.0,9555.0
165971,GS413,2024,0.0,12697.0
165972,GS413,2025,0.0,504.0
165973,GS413,2026,0.0,313.0
165994,GS414,2016,150000.0,115954.0
165995,GS414,2017,0.0,53987.0
165996,GS414,2018,11969.0,109607.0
165997,GS414,2019,88882.0,72293.0
165998,GS414,2020,0.0,51802.0
165999,GS414,2021,0.0,32269.0
166000,GS414,2022,0.0,1337.0
166001,GS414,2023,0.0,10884.0
166002,GS414,2024,0.0,32243.0
166003,GS414,2025,0.0,316.0
166184,GS4195,2020,58512.0,0.0
166185,GS4195,2021,51478.0,51969.0
166186,GS4195,2022,0.0,3881.0
166187,GS4195,2023,22856.0,2704.0
166188,GS4195,2024,0.0,5702.0
166189,GS4195,2025,0.0,8925.0
166190,GS4195,2026,0.0,252.0
166242,GS4202,2016,3206.0,0.0
166243,GS4202,2017,10027.0,553.0
166244,GS4202,2018,0.0,12481.0
166245,GS4202,2019,19933.0,2000.0
166246,GS4202,2020,3426.0,16658.0
166247,GS4202,2021,3242.0,4967.0
166248,GS4202,2022,3139.0,613.0
166249,GS4202,2023,2469.0,4369.0
166250,GS4202,2024,0.0,935.0
166251,GS4202,2025,0.0,2847.0
166273,GS4203,2016,3470.0,1251.0
166274,GS4203,2017,10027.0,175.0
166275,GS4203,2018,0.0,10122.0
166276,GS4203,2019,19887.0,1734.0
166277,GS4203,2020,3292.0,10652.0
166278,GS4203,2021,2812.0,3578.0
166279,GS4203,2022,2769.0,1194.0
166280,GS4203,2023,2365.0,10552.0
166281,GS4203,2024,0.0,1567.0
166282,GS4203,2025,0.0,2835.0
166305,GS4205,2017,19969.0,0.0
166306,GS4205,2018,9999.0,20000.0
166307,GS4205,2019,9994.0,15253.0
166308,GS4205,2020,9222.0,550.0
166309,GS4205,2021,0.0,13150.0
166310,GS4205,2022,0.0,231.0
166311,GS4205,2023,7090.0,141.0
166313,GS4205,2025,0.0,6949.0
166397,GS4210,2016,4685.0,0.0
166398,GS4210,2017,20172.0,4673.0
166399,GS4210,2018,0.0,5034.0
166400,GS4210,2019,17815.0,8809.0
166401,GS4210,2020,0.0,15646.0
166402,GS4210,2021,32094.0,11522.0
166403,GS4210,2022,0.0,24254.0
166405,GS4210,2024,54164.0,57341.0
166406,GS4210,2025,0.0,1000.0
166407,GS4210,2026,0.0,634.0
166463,GS4220,2020,12501.0,1619.0
166464,GS4220,2021,25000.0,17845.0
166465,GS4220,2022,20532.0,23737.0
166466,GS4220,2023,23536.0,9973.0
166467,GS4220,2024,0.0,5482.0
166468,GS4220,2025,0.0,6192.0
166469,GS4220,2026,0.0,9612.0
166491,GS4221,2017,120152.0,7838.0
166492,GS4221,2018,205335.0,234339.0
166493,GS4221,2019,0.0,61531.0
166494,GS4221,2020,510331.0,20235.0
166495,GS4221,2021,0.0,148841.0
166496,GS4221,2022,0.0,113015.0
166497,GS4221,2023,0.0,75849.0
166498,GS4221,2024,1168981.0,220787.0
166499,GS4221,2025,269960.0,292568.0
166500,GS4221,2026,0.0,103521.0
166521,GS423,2016,6912.0,1495.0
166522,GS423,2017,0.0,59.0
166523,GS423,2018,3134.0,309.0
166524,GS423,2019,0.0,1181.0
166525,GS423,2020,4086.0,150.0
166526,GS423,2021,0.0,2020.0
166527,GS423,2022,0.0,7724.0
166528,GS423,2023,6005.0,95.0
166529,GS423,2024,2629.0,9463.0
166530,GS423,2025,0.0,2592.0
166531,GS423,2026,0.0,79.0
166553,GS4233,2017,40771.0,473.0
166554,GS4233,2018,46546.0,0.0
166555,GS4233,2019,0.0,35045.0
166556,GS4233,2020,0.0,33096.0
166557,GS4233,2021,81364.0,22500.0
166558,GS4233,2022,87094.0,44713.0
166559,GS4233,2023,0.0,57643.0
166560,GS4233,2024,304985.0,46831.0
166561,GS4233,2025,0.0,126401.0
166562,GS4233,2026,0.0,864.0
166585,GS4236,2018,38103.0,0.0
166586,GS4236,2019,33550.0,0.0
166587,GS4236,2020,0.0,42224.0
166588,GS4236,2021,45931.0,21085.0
166589,GS4236,2022,0.0,17174.0
166590,GS4236,2023,24054.0,33490.0
166591,GS4236,2024,0.0,11894.0
166592,GS4236,2025,0.0,11946.0
166593,GS4236,2026,33460.0,1786.0
166615,GS4238,2017,130376.0,0.0
166616,GS4238,2018,0.0,4963.0
166617,GS4238,2019,0.0,14943.0
166618,GS4238,2020,176841.0,57822.0
166619,GS4238,2021,142894.0,28758.0
166620,GS4238,2022,0.0,94632.0
166621,GS4238,2023,44972.0,142768.0
166622,GS4238,2024,132485.0,149711.0
166623,GS4238,2025,71056.0,11708.0
166624,GS4238,2026,0.0,3424.0
166676,GS424,2016,252625.0,0.0
166707,GS4240,2016,32938.0,0.0
166708,GS4240,2017,0.0,2819.0
166709,GS4240,2018,0.0,182.0
166710,GS4240,2019,0.0,2148.0
166711,GS4240,2020,0.0,86.0
166712,GS4240,2021,58154.0,25497.0
166713,GS4240,2022,0.0,12637.0
166714,GS4240,2023,0.0,316.0
166715,GS4240,2024,0.0,6905.0
166716,GS4240,2025,0.0,4005.0
166717,GS4240,2026,0.0,985.0
166801,GS4259,2017,14012.0,0.0
166802,GS4259,2018,44531.0,0.0
166803,GS4259,2019,45783.0,0.0
166804,GS4259,2020,45605.0,0.0
166805,GS4259,2021,39935.0,0.0
166807,GS4259,2023,36507.0,0.0
166808,GS4259,2024,39187.0,0.0
166809,GS4259,2025,35786.0,37682.0
166810,GS4259,2026,0.0,9918.0
166831,GS4260,2016,24893.0,10311.0
166832,GS4260,2017,10000.0,7208.0
166833,GS4260,2018,10000.0,9240.0
166834,GS4260,2019,10000.0,8505.0
166835,GS4260,2020,2436.0,2995.0
166836,GS4260,2021,3237.0,19712.0
166837,GS4260,2022,0.0,1880.0
166838,GS4260,2023,3149.0,480.0
166839,GS4260,2024,0.0,3158.0
166840,GS4260,2025,1456.0,188.0
166864,GS4261,2018,1112.0,0.0
166865,GS4261,2019,21970.0,0.0
166866,GS4261,2020,42259.0,0.0
166867,GS4261,2021,34154.0,0.0
166869,GS4261,2023,37724.0,0.0
166870,GS4261,2024,40218.0,20223.0
166871,GS4261,2025,37878.0,26794.0
166872,GS4261,2026,0.0,1751.0
166896,GS4264,2019,246024.0,14133.0
166897,GS4264,2020,219593.0,178512.0
166898,GS4264,2021,0.0,190487.0
166899,GS4264,2022,0.0,46536.0
166900,GS4264,2023,181383.0,47028.0
166901,GS4264,2024,0.0,910.0
166902,GS4264,2025,0.0,74024.0
166903,GS4264,2026,0.0,58132.0
166929,GS4265,2021,201739.0,0.0
166930,GS4265,2022,76366.0,89582.0
166931,GS4265,2023,0.0,45858.0
166932,GS4265,2024,0.0,40286.0
166933,GS4265,2025,71888.0,47060.0
166934,GS4265,2026,0.0,10000.0
166989,GS4269,2019,7230.0,0.0
166990,GS4269,2020,14555.0,0.0
166992,GS4269,2022,17517.0,0.0
166994,GS4269,2024,33932.0,1400.0
166995,GS4269,2025,22320.0,37028.0
167018,GS4270,2017,11067.0,10897.0
167019,GS4270,2018,8204.0,8095.0
167021,GS4270,2020,12152.0,11034.0
167023,GS4270,2022,0.0,240.0
167024,GS4270,2023,0.0,115.0
167049,GS4271,2017,17179.0,15325.0
167050,GS4271,2018,12538.0,10051.0
167051,GS4271,2019,16197.0,2772.0
167052,GS4271,2020,0.0,6291.0
167053,GS4271,2021,13803.0,10907.0
167054,GS4271,2022,0.0,9940.0
167055,GS4271,2023,0.0,4181.0
167111,GS4273,2017,155382.0,23356.0
167112,GS4273,2018,0.0,25898.0
167113,GS4273,2019,141123.0,28211.0
167114,GS4273,2020,0.0,89648.0
167115,GS4273,2021,63346.0,44275.0
167116,GS4273,2022,0.0,81114.0
167117,GS4273,2023,0.0,36093.0
167118,GS4273,2024,45124.0,17542.0
167119,GS4273,2025,0.0,32027.0
167141,GS4288,2016,14733.0,0.0
167142,GS4288,2017,21539.0,22131.0
167143,GS4288,2018,22020.0,24491.0
167144,GS4288,2019,18607.0,29466.0
167145,GS4288,2020,18486.0,252.0
167146,GS4288,2021,18078.0,33820.0
167147,GS4288,2022,17764.0,6030.0
167148,GS4288,2023,17674.0,23894.0
167149,GS4288,2024,17886.0,13801.0
167150,GS4288,2025,14529.0,9446.0
167151,GS4288,2026,0.0,10319.0
167206,GS4290,2019,28879.0,0.0
167207,GS4290,2020,0.0,28310.0
167208,GS4290,2021,44942.0,14290.0
167209,GS4290,2022,0.0,19869.0
167210,GS4290,2023,46219.0,11042.0
167211,GS4290,2024,0.0,220.0
167212,GS4290,2025,38255.0,72638.0
167213,GS4290,2026,0.0,2621.0
167236,GS4291,2018,17208.0,0.0
167237,GS4291,2019,51621.0,12685.0
167239,GS4291,2021,100975.0,5168.0
167240,GS4291,2022,0.0,51414.0
167241,GS4291,2023,0.0,84215.0
167242,GS4291,2024,0.0,13723.0
167243,GS4291,2025,0.0,2147.0
167268,GS4296,2019,54199.0,0.0
167270,GS4296,2021,0.0,22805.0
167271,GS4296,2022,0.0,2768.0
167272,GS4296,2023,70623.0,4443.0
167273,GS4296,2024,0.0,21417.0
167274,GS4296,2025,0.0,7803.0
167275,GS4296,2026,0.0,2125.0
167302,GS4300,2022,63816.0,13639.0
167303,GS4300,2023,88214.0,7344.0
167304,GS4300,2024,0.0,17804.0
167305,GS4300,2025,0.0,8735.0
167306,GS4300,2026,0.0,12671.0
167327,GS436,2016,0.0,27935.0
167328,GS436,2017,0.0,14944.0
167329,GS436,2018,0.0,7131.0
167330,GS436,2019,85548.0,49867.0
167331,GS436,2020,0.0,12126.0
167332,GS436,2021,0.0,23650.0
167333,GS436,2022,0.0,22362.0
167334,GS436,2023,0.0,38713.0
167335,GS436,2024,94543.0,3174.0
167336,GS436,2025,0.0,15373.0
167337,GS436,2026,95214.0,2828.0
167362,GS4364,2020,8457.0,0.0
167363,GS4364,2021,3950.0,0.0
167364,GS4364,2022,1647.0,1535.0
167365,GS4364,2023,10218.0,1606.0
167366,GS4364,2024,12540.0,5246.0
167367,GS4364,2025,13235.0,7265.0
167368,GS4364,2026,13658.0,6310.0
167451,GS437,2016,0.0,1264.0
167452,GS437,2017,0.0,862.0
167453,GS437,2018,0.0,902.0
167456,GS437,2021,0.0,40384.0
167459,GS437,2024,138799.0,0.0
167460,GS437,2025,52254.0,0.0
167482,GS4372,2016,9781.0,0.0
167483,GS4372,2017,0.0,4388.0
167485,GS4372,2019,10187.0,226.0
167486,GS4372,2020,0.0,1190.0
167487,GS4372,2021,0.0,4180.0
167488,GS4372,2022,0.0,9984.0
167489,GS4372,2023,11919.0,1343.0
167490,GS4372,2024,0.0,630.0
167491,GS4372,2025,0.0,3515.0
167513,GS4373,2016,9716.0,0.0
167514,GS4373,2017,0.0,3946.0
167516,GS4373,2019,9791.0,3676.0
167518,GS4373,2021,0.0,2198.0
167519,GS4373,2022,0.0,9687.0
167520,GS4373,2023,15153.0,14.0
167521,GS4373,2024,0.0,2508.0
167522,GS4373,2025,0.0,4455.0
167544,GS4374,2016,9778.0,0.0
167545,GS4374,2017,0.0,3946.0
167547,GS4374,2019,9457.0,3806.0
167548,GS4374,2020,0.0,506.0
167549,GS4374,2021,0.0,213.0
167550,GS4374,2022,0.0,10764.0
167551,GS4374,2023,10242.0,9.0
167552,GS4374,2024,0.0,1448.0
167553,GS4374,2025,0.0,2066.0
167575,GS4375,2016,9695.0,0.0
167576,GS4375,2017,0.0,3946.0
167578,GS4375,2019,8917.0,2968.0
167580,GS4375,2021,0.0,1947.0
167581,GS4375,2022,0.0,9751.0
167582,GS4375,2023,11917.0,2443.0
167583,GS4375,2024,0.0,1225.0
167584,GS4375,2025,0.0,1819.0
167606,GS4376,2016,9775.0,0.0
167607,GS4376,2017,0.0,3946.0
167609,GS4376,2019,8583.0,1799.0
167610,GS4376,2020,0.0,3418.0
167611,GS4376,2021,0.0,1530.0
167612,GS4376,2022,0.0,6929.0
167613,GS4376,2023,8177.0,2811.0
167614,GS4376,2024,0.0,1227.0
167615,GS4376,2025,0.0,363.0
167637,GS4377,2016,9722.0,0.0
167638,GS4377,2017,0.0,3946.0
167640,GS4377,2019,8268.0,0.0
167641,GS4377,2020,0.0,8.0
167642,GS4377,2021,0.0,2194.0
167643,GS4377,2022,0.0,6811.0
167644,GS4377,2023,15685.0,8491.0
167646,GS4377,2025,0.0,911.0
167668,GS4378,2016,9737.0,0.0
167669,GS4378,2017,0.0,3946.0
167671,GS4378,2019,7900.0,0.0
167672,GS4378,2020,0.0,1593.0
167673,GS4378,2021,0.0,2629.0
167674,GS4378,2022,0.0,9469.0
167675,GS4378,2023,13029.0,5043.0
167676,GS4378,2024,0.0,638.0
167677,GS4378,2025,0.0,365.0
167699,GS4379,2016,9669.0,0.0
167700,GS4379,2017,0.0,3946.0
167702,GS4379,2019,7557.0,0.0
167703,GS4379,2020,0.0,4113.0
167704,GS4379,2021,0.0,557.0
167705,GS4379,2022,0.0,7351.0
167706,GS4379,2023,21808.0,10034.0
167707,GS4379,2024,0.0,2185.0
167708,GS4379,2025,0.0,278.0
167730,GS438,2016,0.0,5396.0
167731,GS438,2017,0.0,594.0
167732,GS438,2018,0.0,4439.0
167733,GS438,2019,0.0,15.0
167738,GS438,2024,134348.0,0.0
167739,GS438,2025,22493.0,0.0
167761,GS4380,2016,9669.0,0.0
167762,GS4380,2017,0.0,3946.0
167764,GS4380,2019,7332.0,0.0
167765,GS4380,2020,0.0,2471.0
167766,GS4380,2021,0.0,3250.0
167767,GS4380,2022,0.0,6640.0
167768,GS4380,2023,13511.0,6130.0
167769,GS4380,2024,0.0,583.0
167770,GS4380,2025,0.0,785.0
167792,GS4381,2016,9876.0,0.0
167793,GS4381,2017,0.0,3946.0
167795,GS4381,2019,6883.0,5000.0
167796,GS4381,2020,0.0,2732.0
167798,GS4381,2022,0.0,4153.0
167799,GS4381,2023,10725.0,5243.0
167800,GS4381,2024,0.0,371.0
167801,GS4381,2025,0.0,623.0
167823,GS4382,2016,9719.0,0.0
167824,GS4382,2017,0.0,3946.0
167826,GS4382,2019,6646.0,0.0
167827,GS4382,2020,0.0,2094.0
167828,GS4382,2021,0.0,3207.0
167829,GS4382,2022,0.0,6302.0
167830,GS4382,2023,16375.0,7122.0
167831,GS4382,2024,0.0,3714.0
167832,GS4382,2025,0.0,951.0
167858,GS4383,2020,16016.0,7.0
167859,GS4383,2021,0.0,9230.0
167860,GS4383,2022,0.0,6120.0
167861,GS4383,2023,15069.0,6243.0
167863,GS4383,2025,0.0,875.0
167885,GS4384,2016,9903.0,0.0
167886,GS4384,2017,0.0,3947.0
167887,GS4384,2018,0.0,3165.0
167888,GS4384,2019,6340.0,0.0
167889,GS4384,2020,0.0,4768.0
167890,GS4384,2021,0.0,796.0
167891,GS4384,2022,0.0,3155.0
167892,GS4384,2023,9894.0,4393.0
167894,GS4384,2025,0.0,687.0
167920,GS4385,2020,15892.0,0.0
167921,GS4385,2021,0.0,13080.0
167922,GS4385,2022,0.0,2350.0
167923,GS4385,2023,13228.0,5484.0
167924,GS4385,2024,0.0,32.0
167925,GS4385,2025,0.0,736.0
167952,GS4386,2021,15709.0,0.0
167953,GS4386,2022,0.0,11188.0
167954,GS4386,2023,26528.0,10673.0
167955,GS4386,2024,0.0,1202.0
167956,GS4386,2025,0.0,1860.0
167983,GS4387,2021,15485.0,0.0
167984,GS4387,2022,0.0,6067.0
167985,GS4387,2023,18557.0,14879.0
167986,GS4387,2024,0.0,1690.0
167987,GS4387,2025,0.0,1313.0
168014,GS4388,2021,15185.0,0.0
168015,GS4388,2022,0.0,3546.0
168016,GS4388,2023,20182.0,17658.0
168017,GS4388,2024,0.0,955.0
168018,GS4388,2025,0.0,2318.0
168045,GS4389,2021,14670.0,0.0
168046,GS4389,2022,0.0,30.0
168047,GS4389,2023,16680.0,21447.0
168048,GS4389,2024,0.0,756.0
168049,GS4389,2025,0.0,117.0
168071,GS439,2016,0.0,18256.0
168072,GS439,2017,0.0,591.0
168073,GS439,2018,0.0,10.0
168074,GS439,2019,0.0,200.0
168077,GS439,2022,68344.0,26576.0
168078,GS439,2023,0.0,16967.0
168079,GS439,2024,0.0,1185.0
168080,GS439,2025,54204.0,10690.0
168107,GS4390,2021,14611.0,8.0
168108,GS4390,2022,0.0,204.0
168109,GS4390,2023,2152.0,7620.0
168110,GS4390,2024,0.0,8213.0
168111,GS4390,2025,0.0,5.0
168138,GS4391,2021,14271.0,0.0
168139,GS4391,2022,0.0,89.0
168140,GS4391,2023,21061.0,22157.0
168141,GS4391,2024,0.0,1285.0
168142,GS4391,2025,0.0,320.0
168169,GS4392,2021,14010.0,0.0
168170,GS4392,2022,0.0,12118.0
168171,GS4392,2023,5846.0,4248.0
168172,GS4392,2024,0.0,186.0
168173,GS4392,2025,0.0,151.0
168200,GS4393,2021,13972.0,0.0
168201,GS4393,2022,0.0,10061.0
168202,GS4393,2023,14124.0,5708.0
168203,GS4393,2024,0.0,489.0
168204,GS4393,2025,0.0,580.0
168205,GS4393,2026,0.0,363.0
168231,GS4394,2021,13377.0,0.0
168232,GS4394,2022,0.0,6048.0
168233,GS4394,2023,31463.0,11970.0
168234,GS4394,2024,0.0,3867.0
168235,GS4394,2025,0.0,5985.0
168262,GS4395,2021,13016.0,0.0
168263,GS4395,2022,0.0,11938.0
168264,GS4395,2023,18558.0,8312.0
168265,GS4395,2024,0.0,953.0
168266,GS4395,2025,0.0,361.0
168293,GS4396,2021,12781.0,0.0
168294,GS4396,2022,0.0,12711.0
168295,GS4396,2023,22968.0,9631.0
168296,GS4396,2024,0.0,19.0
168297,GS4396,2025,0.0,352.0
168298,GS4396,2026,0.0,7.0
168324,GS4397,2021,12404.0,5000.0
168325,GS4397,2022,0.0,7105.0
168326,GS4397,2023,32190.0,4833.0
168328,GS4397,2025,0.0,9465.0
168355,GS4398,2021,11948.0,0.0
168356,GS4398,2022,0.0,11909.0
168357,GS4398,2023,7218.0,1061.0
168358,GS4398,2024,0.0,3.0
168359,GS4398,2025,0.0,2102.0
168386,GS4399,2021,11930.0,0.0
168387,GS4399,2022,0.0,11895.0
168388,GS4399,2023,1021.0,171.0
168389,GS4399,2024,0.0,523.0
168390,GS4399,2025,0.0,42.0
168412,GS440,2016,0.0,108051.0
168413,GS440,2017,0.0,72984.0
168414,GS440,2018,0.0,34041.0
168415,GS440,2019,0.0,31502.0
168416,GS440,2020,0.0,57336.0
168417,GS440,2021,0.0,10115.0
168418,GS440,2022,0.0,655429.0
168419,GS440,2023,0.0,7263.0
168422,GS440,2026,285445.0,0.0
168448,GS4400,2021,11522.0,0.0
168449,GS4400,2022,0.0,11487.0
168450,GS4400,2023,32737.0,5455.0
168451,GS4400,2024,0.0,5047.0
168452,GS4400,2025,0.0,4613.0
168479,GS4401,2021,11125.0,0.0
168480,GS4401,2022,0.0,11125.0
168481,GS4401,2023,32835.0,13455.0
168482,GS4401,2024,0.0,180.0
168483,GS4401,2025,0.0,1415.0
168505,GS441,2016,69259.0,0.0
168507,GS441,2018,56084.0,0.0
168508,GS441,2019,68627.0,0.0
168509,GS441,2020,61894.0,0.0
168510,GS441,2021,53876.0,0.0
168536,GS4422,2016,7023.0,0.0
168537,GS4422,2017,2977.0,6222.0
168538,GS4422,2018,10975.0,42.0
168539,GS4422,2019,0.0,9721.0
168540,GS4422,2020,10000.0,4224.0
168541,GS4422,2021,2961.0,9534.0
168542,GS4422,2022,3574.0,6772.0
168543,GS4422,2023,6756.0,3131.0
168544,GS4422,2024,0.0,1635.0
168545,GS4422,2025,8154.0,2056.0
168567,GS4423,2016,8075.0,0.0
168568,GS4423,2017,1925.0,6500.0
168569,GS4423,2018,10975.0,6500.0
168570,GS4423,2019,0.0,572.0
168571,GS4423,2020,10000.0,1536.0
168572,GS4423,2021,5430.0,10019.0
168573,GS4423,2022,3574.0,14653.0
168574,GS4423,2023,6762.0,3131.0
168575,GS4423,2024,0.0,3740.0
168576,GS4423,2025,8165.0,13.0
168630,GS4425,2017,109710.0,0.0
168633,GS4425,2020,79709.0,0.0
168634,GS4425,2021,654574.0,79709.0
168635,GS4425,2022,185502.0,314980.0
168636,GS4425,2023,48879.0,42064.0
168637,GS4425,2024,0.0,48936.0
168638,GS4425,2025,0.0,1751.0
168661,GS4426,2017,174527.0,0.0
168663,GS4426,2019,79950.0,0.0
168665,GS4426,2021,506120.0,0.0
168666,GS4426,2022,68432.0,252447.0
168667,GS4426,2023,147111.0,0.0
168668,GS4426,2024,0.0,42145.0
168669,GS4426,2025,64730.0,31989.0
168789,GS4442,2021,99548.0,2171.0
168790,GS4442,2022,0.0,41380.0
168791,GS4442,2023,72469.0,0.0
168792,GS4442,2024,89442.0,38304.0
168793,GS4442,2025,0.0,9212.0
168794,GS4442,2026,0.0,5111.0
168851,GS4446,2021,33804.0,0.0
168852,GS4446,2022,0.0,366.0
168853,GS4446,2023,30618.0,717.0
168854,GS4446,2024,0.0,6200.0
168855,GS4446,2025,0.0,4198.0
168856,GS4446,2026,39291.0,1683.0
168877,GS445,2016,0.0,58877.0
168878,GS445,2017,0.0,23835.0
168879,GS445,2018,94166.0,79677.0
168880,GS445,2019,0.0,42514.0
168881,GS445,2020,0.0,46048.0
168882,GS445,2021,0.0,11694.0
168883,GS445,2022,70261.0,24609.0
168884,GS445,2023,0.0,33901.0
168885,GS445,2024,0.0,342.0
168886,GS445,2025,0.0,2750.0
168887,GS445,2026,0.0,1810.0
168908,GS447,2016,980920.0,589508.0
168909,GS447,2017,650000.0,1025011.0
168910,GS447,2018,862319.0,576446.0
168911,GS447,2019,769535.0,743090.0
168912,GS447,2020,761760.0,667544.0
168913,GS447,2021,623901.0,840181.0
168914,GS447,2022,1344666.0,542231.0
168915,GS447,2023,767866.0,1020893.0
168916,GS447,2024,1081324.0,815501.0
168917,GS447,2025,1053669.0,517953.0
168918,GS447,2026,994730.0,176842.0
168939,GS449,2016,0.0,3169.0
168941,GS449,2018,0.0,40.0
168942,GS449,2019,0.0,750.0
168943,GS449,2020,0.0,170.0
168945,GS449,2022,0.0,5473.0
168946,GS449,2023,0.0,6825.0
168947,GS449,2024,0.0,33716.0
168948,GS449,2025,0.0,2882.0
168949,GS449,2026,0.0,142.0
169033,GS4518,2017,10000.0,0.0
169034,GS4518,2018,10915.0,1500.0
169035,GS4518,2019,0.0,14267.0
169036,GS4518,2020,10000.0,2188.0
169037,GS4518,2021,2671.0,9196.0
169038,GS4518,2022,3225.0,8371.0
169039,GS4518,2023,6758.0,3131.0
169040,GS4518,2024,0.0,4490.0
169041,GS4518,2025,8157.0,2.0
169064,GS4519,2017,10000.0,0.0
169065,GS4519,2018,10571.0,9801.0
169066,GS4519,2019,0.0,4961.0
169067,GS4519,2020,10000.0,5564.0
169068,GS4519,2021,2879.0,210.0
169069,GS4519,2022,3474.0,14915.0
169070,GS4519,2023,7063.0,3131.0
169071,GS4519,2024,0.0,4843.0
169072,GS4519,2025,8522.0,73.0
169129,GS4530,2020,17042.0,2018.0
169130,GS4530,2021,0.0,2974.0
169131,GS4530,2022,3514.0,3522.0
169134,GS4530,2025,19063.0,0.0
169162,GS4531,2022,154132.0,0.0
169164,GS4531,2024,0.0,61649.0
169165,GS4531,2025,0.0,48268.0
169166,GS4531,2026,0.0,27821.0
169190,GS4532,2019,24184.0,0.0
169221,GS4533,2019,55166.0,0.0
169223,GS4533,2021,41496.0,0.0
169224,GS4533,2022,16819.0,16621.0
169225,GS4533,2023,18596.0,10000.0
169226,GS4533,2024,14468.0,18360.0
169227,GS4533,2025,0.0,12002.0
169228,GS4533,2026,21674.0,0.0
169314,GS4536,2019,2045.0,0.0
169315,GS4536,2020,0.0,31.0
169317,GS4536,2022,3111.0,1907.0
169318,GS4536,2023,0.0,1426.0
169319,GS4536,2024,0.0,697.0
169320,GS4536,2025,0.0,540.0
169321,GS4536,2026,0.0,292.0
169380,GS4539,2023,365063.0,2783.0
169381,GS4539,2024,0.0,16843.0
169382,GS4539,2025,0.0,30102.0
169383,GS4539,2026,0.0,6874.0
169438,GS4546,2019,48436.0,0.0
169443,GS4546,2024,28410.0,0.0
169469,GS455,2019,0.0,500.0
169473,GS455,2023,0.0,26.0
169498,GS4553,2017,10000.0,0.0
169499,GS4553,2018,17068.0,0.0
169500,GS4553,2019,0.0,11435.0
169501,GS4553,2020,11671.0,15548.0
169502,GS4553,2021,3172.0,13208.0
169503,GS4553,2022,1925.0,1520.0
169504,GS4553,2023,1536.0,1550.0
169505,GS4553,2024,293.0,100.0
169506,GS4553,2025,0.0,35.0
169507,GS4553,2026,0.0,1290.0
169530,GS4557,2018,303953.0,3689.0
169531,GS4557,2019,0.0,125120.0
169532,GS4557,2020,353498.0,105714.0
169533,GS4557,2021,124269.0,398690.0
169534,GS4557,2022,0.0,23035.0
169535,GS4557,2023,0.0,972.0
169536,GS4557,2024,0.0,1381.0
169537,GS4557,2025,344355.0,3154.0
169538,GS4557,2026,0.0,559.0
169624,GS457,2019,0.0,86.0
169652,GS458,2016,39519.0,0.0
169780,GS4593,2020,6185.0,0.0
169783,GS4593,2023,8896.0,0.0
169784,GS4593,2024,0.0,8266.0
169785,GS4593,2025,2873.0,0.0
169786,GS4593,2026,2451.0,9688.0
169808,GS4596,2017,25279.0,18921.0
169809,GS4596,2018,21729.0,10187.0
169810,GS4596,2019,18826.0,33816.0
169811,GS4596,2020,18700.0,3432.0
169812,GS4596,2021,18270.0,27399.0
169813,GS4596,2022,3591.0,12122.0
169814,GS4596,2023,0.0,186.0
169843,GS4597,2021,92805.0,0.0
169869,GS460,2016,61598.0,0.0
169932,GS4603,2017,154550.0,0.0
169935,GS4603,2020,100000.0,0.0
169936,GS4603,2021,0.0,90431.0
169937,GS4603,2022,325384.0,129533.0
169938,GS4603,2023,79581.0,16012.0
169939,GS4603,2024,0.0,41415.0
169940,GS4603,2025,0.0,3633.0
169941,GS4603,2026,0.0,949.0
169962,GS4611,2016,16464.0,0.0
169964,GS4611,2018,0.0,4328.0
169965,GS4611,2019,0.0,10000.0
169966,GS4611,2020,0.0,123.0
169967,GS4611,2021,0.0,1212.0
169968,GS4611,2022,0.0,140.0
169969,GS4611,2023,0.0,92.0
169970,GS4611,2024,0.0,263.0
169971,GS4611,2025,0.0,53.0
169993,GS4612,2016,13798.0,0.0
169994,GS4612,2017,0.0,133.0
169995,GS4612,2018,0.0,274.0
169996,GS4612,2019,0.0,196.0
169997,GS4612,2020,0.0,11386.0
169998,GS4612,2021,0.0,9.0
169999,GS4612,2022,0.0,1800.0
170024,GS4613,2016,38255.0,0.0
170026,GS4613,2018,29229.0,0.0
170031,GS4613,2023,27059.0,27059.0
170032,GS4613,2024,29760.0,22422.0
170055,GS4614,2016,36313.0,0.0
170057,GS4614,2018,29031.0,0.0
170062,GS4614,2023,26873.0,25488.0
170063,GS4614,2024,28584.0,4635.0
170064,GS4614,2025,0.0,50.0
170086,GS4615,2016,32775.0,0.0
170088,GS4615,2018,29318.0,0.0
170093,GS4615,2023,27142.0,27142.0
170094,GS4615,2024,28870.0,0.0
170095,GS4615,2025,0.0,3585.0
170096,GS4615,2026,0.0,16424.0
170153,GS4634,2021,3804.0,0.0
170156,GS4634,2024,0.0,2604.0
170157,GS4634,2025,0.0,810.0
170179,GS464,2016,0.0,129499.0
170180,GS464,2017,163057.0,105454.0
170181,GS464,2018,513529.0,29034.0
170182,GS464,2019,0.0,206952.0
170183,GS464,2020,312511.0,98816.0
170184,GS464,2021,357766.0,375475.0
170185,GS464,2022,338520.0,743389.0
170186,GS464,2023,469066.0,546582.0
170187,GS464,2024,507963.0,78001.0
170188,GS464,2025,356975.0,314887.0
170189,GS464,2026,0.0,55773.0
170241,GS467,2016,4447.0,936.0
170242,GS467,2017,0.0,6280.0
170243,GS467,2018,2596.0,0.0
170244,GS467,2019,0.0,2258.0
170245,GS467,2020,0.0,520.0
170246,GS467,2021,0.0,145.0
170247,GS467,2022,0.0,77.0
170248,GS467,2023,0.0,108.0
170304,GS4688,2017,33228.0,0.0
170309,GS4688,2022,71588.0,0.0
170400,GS4702,2020,19404.0,0.0
170401,GS4702,2021,0.0,200.0
170402,GS4702,2022,0.0,1818.0
170403,GS4702,2023,0.0,933.0
170404,GS4702,2024,0.0,10449.0
170405,GS4702,2025,19301.0,0.0
170406,GS4702,2026,0.0,22232.0
170429,GS4707,2018,117629.0,0.0
170431,GS4707,2020,0.0,10331.0
170432,GS4707,2021,0.0,106378.0
170433,GS4707,2022,204296.0,27736.0
170434,GS4707,2023,0.0,19588.0
170435,GS4707,2024,125041.0,77317.0
170436,GS4707,2025,0.0,15578.0
170437,GS4707,2026,0.0,650.0
170489,GS472,2016,204737.0,293858.0
170490,GS472,2017,107531.0,310996.0
170491,GS472,2018,213831.0,151290.0
170492,GS472,2019,203532.0,81172.0
170493,GS472,2020,193044.0,95022.0
170494,GS472,2021,132400.0,377192.0
170495,GS472,2022,0.0,177662.0
170496,GS472,2023,0.0,10259.0
170497,GS472,2024,0.0,20150.0
170498,GS472,2025,0.0,13441.0
170499,GS472,2026,0.0,2410.0
170552,GS474,2017,622555.0,8286.0
170553,GS474,2018,0.0,13075.0
170554,GS474,2019,0.0,18453.0
170555,GS474,2020,0.0,61213.0
170556,GS474,2021,602267.0,110785.0
170557,GS474,2022,0.0,547484.0
170558,GS474,2023,344803.0,462612.0
170559,GS474,2024,0.0,87546.0
170560,GS474,2025,368294.0,60292.0
170561,GS474,2026,0.0,205629.0
170614,GS4797,2017,10000.0,0.0
170615,GS4797,2018,10869.0,0.0
170616,GS4797,2019,0.0,429.0
170617,GS4797,2020,10000.0,12630.0
170618,GS4797,2021,2768.0,6814.0
170619,GS4797,2022,3343.0,13483.0
170620,GS4797,2023,6729.0,217.0
170621,GS4797,2024,0.0,8184.0
170622,GS4797,2025,8121.0,1596.0
170645,GS4798,2017,10000.0,0.0
170646,GS4798,2018,10858.0,0.0
170647,GS4798,2019,0.0,20624.0
170648,GS4798,2020,10000.0,9.0
170649,GS4798,2021,2617.0,216.0
170650,GS4798,2022,3159.0,12418.0
170651,GS4798,2023,6843.0,1798.0
170652,GS4798,2024,0.0,8051.0
170653,GS4798,2025,8262.0,0.0
170678,GS4799,2019,28992.0,0.0
170679,GS4799,2020,42215.0,0.0
170680,GS4799,2021,33878.0,0.0
170681,GS4799,2022,40899.0,0.0
170682,GS4799,2023,32665.0,9661.0
170683,GS4799,2024,28301.0,51282.0
170684,GS4799,2025,17108.0,11570.0
170706,GS481,2016,0.0,50.0
170708,GS481,2018,0.0,657.0
170710,GS481,2020,0.0,101.0
170711,GS481,2021,0.0,1715.0
170712,GS481,2022,0.0,143.0
170713,GS481,2023,0.0,536.0
170714,GS481,2024,0.0,24.0
170716,GS481,2026,0.0,40.0
170740,GS4813,2019,135388.0,200.0
170741,GS4813,2020,0.0,111776.0
170742,GS4813,2021,252115.0,71713.0
170743,GS4813,2022,137748.0,105697.0
170744,GS4813,2023,0.0,91589.0
170745,GS4813,2024,0.0,39949.0
170746,GS4813,2025,0.0,31195.0
170747,GS4813,2026,0.0,1062.0
170861,GS482,2016,3543.0,0.0
170864,GS482,2019,0.0,15602.0
170898,GS4822,2022,176191.0,0.0
170899,GS4822,2023,48307.0,1507.0
170900,GS4822,2024,0.0,36989.0
170901,GS4822,2025,0.0,13259.0
170902,GS4822,2026,0.0,9058.0
170933,GS4823,2026,7635.0,0.0
170957,GS4824,2019,38976.0,0.0
170959,GS4824,2021,7935.0,0.0
170960,GS4824,2022,18059.0,112.0
170961,GS4824,2023,7009.0,9913.0
170962,GS4824,2024,9950.0,10562.0
170963,GS4824,2025,0.0,76.0
170964,GS4824,2026,0.0,4255.0
170988,GS4828,2019,11607.0,0.0
171022,GS4875,2022,28680.0,28284.0
171023,GS4875,2023,0.0,96.0
171025,GS4875,2025,27511.0,0.0
171117,GS4895,2024,25423.0,0.0
171142,GS4897,2018,17596.0,7518.0
171143,GS4897,2019,10000.0,2397.0
171144,GS4897,2020,10000.0,10166.0
171145,GS4897,2021,2594.0,11431.0
171146,GS4897,2022,1682.0,6132.0
171147,GS4897,2023,0.0,1418.0
171148,GS4897,2024,0.0,1248.0
171173,GS4898,2018,17588.0,5007.0
171174,GS4898,2019,10000.0,5952.0
171175,GS4898,2020,10000.0,17335.0
171176,GS4898,2021,2594.0,3072.0
171177,GS4898,2022,1682.0,8816.0
171178,GS4898,2023,0.0,420.0
171204,GS4899,2018,17854.0,5267.0
171205,GS4899,2019,9437.0,5088.0
171206,GS4899,2020,9807.0,16884.0
171207,GS4899,2021,2569.0,3163.0
171208,GS4899,2022,1667.0,5450.0
171210,GS4899,2024,0.0,5062.0
171235,GS4900,2018,17615.0,67.0
171236,GS4900,2019,9860.0,9847.0
171237,GS4900,2020,9860.0,19107.0
171238,GS4900,2021,2594.0,8811.0
171239,GS4900,2022,1682.0,149.0
171240,GS4900,2023,0.0,1013.0
171241,GS4900,2024,0.0,1925.0
171266,GS4901,2018,17535.0,40.0
171267,GS4901,2019,10000.0,13601.0
171268,GS4901,2020,10000.0,8331.0
171269,GS4901,2021,2075.0,1033.0
171270,GS4901,2022,1345.0,14225.0
171271,GS4901,2023,0.0,353.0
171272,GS4901,2024,0.0,2770.0
171273,GS4901,2025,0.0,88.0
171329,GS4906,2019,12885.0,3812.0
171330,GS4906,2020,8882.0,0.0
171331,GS4906,2021,7353.0,16178.0
171332,GS4906,2022,4697.0,2342.0
171333,GS4906,2023,2909.0,1977.0
171334,GS4906,2024,0.0,3686.0
171335,GS4906,2025,0.0,4427.0
171336,GS4906,2026,0.0,1769.0
171362,GS4922,2021,136809.0,0.0
171363,GS4922,2022,0.0,1458.0
171364,GS4922,2023,0.0,107243.0
171365,GS4922,2024,130365.0,0.0
171366,GS4922,2025,86518.0,27908.0
171367,GS4922,2026,0.0,58083.0
171388,GS493,2016,6526.0,6526.0
171422,GS4962,2019,190687.0,0.0
171423,GS4962,2020,0.0,48992.0
171424,GS4962,2021,311234.0,173593.0
171425,GS4962,2022,0.0,197027.0
171426,GS4962,2023,0.0,61943.0
171427,GS4962,2024,243990.0,13903.0
171428,GS4962,2025,0.0,1665.0
171429,GS4962,2026,0.0,5344.0
171543,GS500,2016,33126.0,14965.0
171544,GS500,2017,41510.0,21925.0
171545,GS500,2018,48152.0,46307.0
171546,GS500,2019,52102.0,22620.0
171547,GS500,2020,0.0,35504.0
171548,GS500,2021,98380.0,44477.0
171549,GS500,2022,0.0,28285.0
171550,GS500,2023,0.0,4090.0
171551,GS500,2024,0.0,50120.0
171552,GS500,2025,0.0,5008.0
171553,GS500,2026,0.0,4390.0
171609,GS5003,2020,165127.0,0.0
171610,GS5003,2021,0.0,39329.0
171611,GS5003,2022,0.0,64297.0
171612,GS5003,2023,242331.0,49628.0
171613,GS5003,2024,0.0,79122.0
171614,GS5003,2025,0.0,70516.0
171641,GS5007,2021,301282.0,28164.0
171642,GS5007,2022,0.0,53742.0
171643,GS5007,2023,72048.0,29269.0
171644,GS5007,2024,0.0,21058.0
171645,GS5007,2025,0.0,4233.0
171646,GS5007,2026,0.0,4668.0
171674,GS5009,2023,375422.0,99.0
171675,GS5009,2024,0.0,3971.0
171676,GS5009,2025,0.0,2.0
171677,GS5009,2026,0.0,89.0
171733,GS5012,2020,18655.0,0.0
171761,GS5013,2017,140236.0,0.0
171765,GS5013,2021,229250.0,0.0
171766,GS5013,2022,184078.0,0.0
171767,GS5013,2023,131310.0,0.0
171853,GS503,2016,0.0,10936.0
171854,GS503,2017,0.0,1564.0
171855,GS503,2018,0.0,240.0
171859,GS503,2022,0.0,906.0
171863,GS503,2026,0.0,500.0
171948,GS5033,2018,11205.0,0.0
171949,GS5033,2019,10000.0,6732.0
171950,GS5033,2020,10000.0,4250.0
171951,GS5033,2021,2075.0,20740.0
171952,GS5033,2022,1345.0,0.0
171954,GS5033,2024,0.0,1558.0
171955,GS5033,2025,0.0,1010.0
171979,GS5034,2018,11205.0,0.0
171980,GS5034,2019,10000.0,3652.0
171981,GS5034,2020,10000.0,8793.0
171982,GS5034,2021,2075.0,11798.0
171983,GS5034,2022,1345.0,7330.0
171984,GS5034,2023,0.0,1010.0
171985,GS5034,2024,0.0,1558.0
172010,GS5035,2018,11178.0,0.0
172011,GS5035,2019,10000.0,3626.0
172012,GS5035,2020,10000.0,9801.0
172013,GS5035,2021,2160.0,17831.0
172014,GS5035,2022,1402.0,0.0
172015,GS5035,2023,0.0,1039.0
172016,GS5035,2024,0.0,1601.0
172041,GS5036,2018,11260.0,0.0
172042,GS5036,2019,10000.0,36.0
172043,GS5036,2020,10000.0,2472.0
172044,GS5036,2021,2594.0,16420.0
172045,GS5036,2022,1682.0,12829.0
172046,GS5036,2023,0.0,1682.0
172047,GS5036,2024,0.0,1948.0
172103,GS5038,2018,8051.0,0.0
172105,GS5038,2020,16450.0,357.0
172106,GS5038,2021,2574.0,23857.0
172107,GS5038,2022,3153.0,2861.0
172108,GS5038,2023,5299.0,0.0
172109,GS5038,2024,4108.0,0.0
172110,GS5038,2025,0.0,5212.0
172111,GS5038,2026,3341.0,5197.0
172134,GS5039,2018,8238.0,0.0
172136,GS5039,2020,16554.0,642.0
172137,GS5039,2021,2574.0,24068.0
172138,GS5039,2022,3153.0,2656.0
172139,GS5039,2023,5299.0,1942.0
172140,GS5039,2024,4089.0,0.0
172141,GS5039,2025,0.0,3253.0
172142,GS5039,2026,3341.0,3625.0
172163,GS504,2016,47659.0,27390.0
172164,GS504,2017,0.0,1790.0
172165,GS504,2018,0.0,4965.0
172166,GS504,2019,0.0,1675.0
172167,GS504,2020,435983.0,3599.0
172168,GS504,2021,84955.0,108162.0
172169,GS504,2022,80025.0,102772.0
172170,GS504,2023,0.0,356628.0
172171,GS504,2024,0.0,44129.0
172172,GS504,2025,74377.0,28370.0
172173,GS504,2026,0.0,1563.0
172196,GS5040,2018,8241.0,0.0
172198,GS5040,2020,16190.0,289.0
172199,GS5040,2021,2565.0,21391.0
172200,GS5040,2022,3144.0,5316.0
172201,GS5040,2023,5278.0,3612.0
172202,GS5040,2024,4141.0,1412.0
172203,GS5040,2025,0.0,151.0
172204,GS5040,2026,3331.0,1629.0
172227,GS5041,2018,7710.0,0.0
172229,GS5041,2020,16681.0,49.0
172230,GS5041,2021,2428.0,6771.0
172231,GS5041,2022,2971.0,16812.0
172232,GS5041,2023,4999.0,8087.0
172233,GS5041,2024,4014.0,0.0
172234,GS5041,2025,0.0,218.0
172235,GS5041,2026,3147.0,0.0
172258,GS5042,2018,7584.0,0.0
172260,GS5042,2020,16827.0,269.0
172261,GS5042,2021,2385.0,3041.0
172262,GS5042,2022,2918.0,14028.0
172263,GS5042,2023,4910.0,10526.0
172264,GS5042,2024,3713.0,1453.0
172265,GS5042,2025,0.0,4000.0
172266,GS5042,2026,3092.0,1070.0
172289,GS5043,2018,7785.0,0.0
172291,GS5043,2020,16798.0,491.0
172292,GS5043,2021,2574.0,4072.0
172293,GS5043,2022,3153.0,12877.0
172294,GS5043,2023,5299.0,10821.0
172295,GS5043,2024,4179.0,1567.0
172297,GS5043,2026,3341.0,0.0
172320,GS5046,2018,14532.0,0.0
172321,GS5046,2019,43596.0,2143.0
172322,GS5046,2020,0.0,127.0
172323,GS5046,2021,110518.0,2500.0
172324,GS5046,2022,0.0,44139.0
172325,GS5046,2023,0.0,69143.0
172326,GS5046,2024,0.0,38356.0
172327,GS5046,2025,0.0,3678.0
172328,GS5046,2026,0.0,8072.0
172380,GS505,2016,0.0,46513.0
172381,GS505,2017,3149.0,2798.0
172382,GS505,2018,0.0,2993.0
172419,GS5051,2024,42768.0,0.0
172450,GS5052,2024,36999.0,0.0
172452,GS5052,2026,25615.0,0.0
172477,GS5064,2020,58004.0,0.0
172543,GS5073,2024,316720.0,0.0
172544,GS5073,2025,0.0,2407.0
172545,GS5073,2026,0.0,3514.0
172601,GS5099,2020,62903.0,1163.0
172602,GS5099,2021,0.0,16060.0
172603,GS5099,2022,0.0,11190.0
172604,GS5099,2023,113284.0,72012.0
172605,GS5099,2024,106626.0,18502.0
172606,GS5099,2025,0.0,26839.0
172607,GS5099,2026,70746.0,387.0
172630,GS5106,2018,13041.0,7990.0
172631,GS5106,2019,10000.0,9801.0
172632,GS5106,2020,3360.0,0.0
172633,GS5106,2021,8499.0,7695.0
172634,GS5106,2022,0.0,5167.0
172635,GS5106,2023,2649.0,2864.0
172636,GS5106,2024,3529.0,202.0
172637,GS5106,2025,0.0,5142.0
172661,GS5107,2018,80532.0,0.0
172662,GS5107,2019,0.0,21780.0
172663,GS5107,2020,0.0,642.0
172664,GS5107,2021,0.0,24783.0
172665,GS5107,2022,0.0,1795.0
172666,GS5107,2023,123001.0,148.0
172667,GS5107,2024,0.0,20798.0
172668,GS5107,2025,0.0,23164.0
172757,GS5125,2021,270888.0,0.0
172758,GS5125,2022,187670.0,260686.0
172759,GS5125,2023,96201.0,46259.0
172760,GS5125,2024,265104.0,120641.0
172761,GS5125,2025,94928.0,125874.0
172762,GS5125,2026,0.0,123279.0
172783,GS513,2016,0.0,4811.0
172784,GS513,2017,0.0,20.0
172814,GS514,2016,0.0,1881.0
172815,GS514,2017,0.0,766.0
172816,GS514,2018,0.0,9.0
172817,GS514,2019,0.0,25.0
172818,GS514,2020,0.0,15.0
172876,GS518,2016,3791.0,5630.0
172877,GS518,2017,0.0,3000.0
172879,GS518,2019,0.0,4031.0
172909,GS5186,2018,13068.0,5471.0
172910,GS5186,2019,10000.0,2745.0
172911,GS5186,2020,3322.0,9694.0
172912,GS5186,2021,8545.0,9284.0
172913,GS5186,2022,0.0,3406.0
172914,GS5186,2023,3702.0,3715.0
172915,GS5186,2024,3713.0,810.0
172916,GS5186,2025,0.0,608.0
172917,GS5186,2026,0.0,2819.0
172940,GS5187,2018,14631.0,2169.0
172941,GS5187,2019,10000.0,7579.0
172942,GS5187,2020,3013.0,9801.0
172943,GS5187,2021,6955.0,8848.0
172944,GS5187,2022,0.0,3409.0
172945,GS5187,2023,2208.0,0.0
172946,GS5187,2024,3036.0,6371.0
172947,GS5187,2025,0.0,840.0
172971,GS5188,2018,14630.0,9800.0
172972,GS5188,2019,10000.0,9895.0
172973,GS5188,2020,3046.0,56.0
172974,GS5188,2021,6990.0,7865.0
172975,GS5188,2022,0.0,7050.0
172976,GS5188,2023,2386.0,0.0
172977,GS5188,2024,3300.0,1756.0
172979,GS5188,2026,0.0,1161.0
173002,GS5189,2018,10756.0,0.0
173003,GS5189,2019,10000.0,14548.0
173004,GS5189,2020,2296.0,0.0
173005,GS5189,2021,5038.0,9146.0
173006,GS5189,2022,0.0,2016.0
173007,GS5189,2023,1370.0,0.0
173008,GS5189,2024,2312.0,3109.0
173009,GS5189,2025,0.0,595.0
173033,GS5190,2018,10795.0,0.0
173034,GS5190,2019,10000.0,17964.0
173035,GS5190,2020,1869.0,0.0
173036,GS5190,2021,4777.0,5713.0
173037,GS5190,2022,0.0,1361.0
173038,GS5190,2023,2284.0,0.0
173039,GS5190,2024,1965.0,2168.0
173040,GS5190,2025,0.0,940.0
173041,GS5190,2026,0.0,869.0
173064,GS5191,2018,10795.0,0.0
173065,GS5191,2019,10000.0,14033.0
173066,GS5191,2020,3062.0,2500.0
173067,GS5191,2021,7681.0,8180.0
173068,GS5191,2022,0.0,2990.0
173069,GS5191,2023,1807.0,749.0
173070,GS5191,2024,3188.0,2517.0
173071,GS5191,2025,0.0,3162.0
173072,GS5191,2026,0.0,1862.0
173095,GS5192,2018,9074.0,0.0
173096,GS5192,2019,10000.0,10785.0
173097,GS5192,2020,4001.0,6025.0
173098,GS5192,2021,9592.0,7033.0
173099,GS5192,2022,0.0,7724.0
173100,GS5192,2023,2606.0,0.0
173101,GS5192,2024,4215.0,714.0
173102,GS5192,2025,0.0,2941.0
173103,GS5192,2026,0.0,654.0
173126,GS5193,2018,8074.0,2417.0
173127,GS5193,2019,10000.0,8450.0
173128,GS5193,2020,3168.0,1351.0
173129,GS5193,2021,8668.0,10677.0
173130,GS5193,2022,0.0,6381.0
173131,GS5193,2023,3655.0,0.0
173132,GS5193,2024,3984.0,0.0
173133,GS5193,2025,0.0,6354.0
173134,GS5193,2026,0.0,804.0
173157,GS5194,2018,8181.0,2870.0
173158,GS5194,2019,10000.0,3601.0
173159,GS5194,2020,2652.0,7753.0
173160,GS5194,2021,5260.0,6471.0
173161,GS5194,2022,0.0,4488.0
173162,GS5194,2023,1749.0,558.0
173163,GS5194,2024,1392.0,25.0
173164,GS5194,2025,0.0,326.0
173165,GS5194,2026,0.0,1690.0
173188,GS5195,2018,1450.0,166.0
173189,GS5195,2019,4994.0,2070.0
173190,GS5195,2020,1530.0,4081.0
173191,GS5195,2021,1367.0,333.0
173192,GS5195,2022,0.0,1295.0
173193,GS5195,2023,0.0,1302.0
173194,GS5195,2024,896.0,973.0
173220,GS5196,2019,8274.0,5885.0
173221,GS5196,2020,2645.0,1762.0
173222,GS5196,2021,6718.0,1537.0
173223,GS5196,2022,0.0,6205.0
173224,GS5196,2023,2939.0,0.0
173225,GS5196,2024,2680.0,1565.0
173226,GS5196,2025,0.0,1168.0
173227,GS5196,2026,0.0,2906.0
173251,GS5197,2019,8951.0,0.0
173252,GS5197,2020,3034.0,8773.0
173253,GS5197,2021,7730.0,6749.0
173254,GS5197,2022,0.0,3622.0
173255,GS5197,2023,1640.0,0.0
173256,GS5197,2024,2466.0,1608.0
173257,GS5197,2025,0.0,571.0
173258,GS5197,2026,0.0,1205.0
173282,GS5199,2019,36093.0,0.0
173285,GS5199,2022,139871.0,0.0
173286,GS5199,2023,26528.0,0.0
173287,GS5199,2024,0.0,96.0
173288,GS5199,2025,0.0,7556.0
173289,GS5199,2026,0.0,6800.0
173406,GS5228,2019,20768.0,0.0
173407,GS5228,2020,42250.0,0.0
173408,GS5228,2021,33557.0,0.0
173409,GS5228,2022,40716.0,0.0
173410,GS5228,2023,33007.0,10834.0
173411,GS5228,2024,28542.0,33007.0
173412,GS5228,2025,17241.0,8075.0
173413,GS5228,2026,0.0,524.0
173436,GS5229,2018,117153.0,0.0
173437,GS5229,2019,122159.0,23746.0
173438,GS5229,2020,127325.0,59982.0
173439,GS5229,2021,127250.0,94346.0
173440,GS5229,2022,0.0,197432.0
173441,GS5229,2023,130171.0,91537.0
173442,GS5229,2024,132070.0,100577.0
173443,GS5229,2025,263263.0,135109.0
173444,GS5229,2026,0.0,92721.0
173468,GS5230,2019,10525.0,0.0
173469,GS5230,2020,10000.0,9528.0
173470,GS5230,2021,5878.0,14018.0
173471,GS5230,2022,0.0,1306.0
173472,GS5230,2023,11981.0,6804.0
173473,GS5230,2024,0.0,2776.0
173474,GS5230,2025,0.0,3951.0
173498,GS5244,2018,20172.0,0.0
173499,GS5244,2019,0.0,19575.0
173500,GS5244,2020,10000.0,0.0
173501,GS5244,2021,2757.0,401.0
173502,GS5244,2022,2232.0,11692.0
173503,GS5244,2023,8224.0,92.0
173504,GS5244,2024,0.0,3736.0
173505,GS5244,2025,8602.0,3080.0
173506,GS5244,2026,0.0,781.0
173529,GS5245,2018,20109.0,0.0
173531,GS5245,2020,10000.0,4834.0
173532,GS5245,2021,2833.0,10641.0
173533,GS5245,2022,0.0,17268.0
173534,GS5245,2023,10391.0,57.0
173535,GS5245,2024,0.0,655.0
173536,GS5245,2025,8413.0,6051.0
173564,GS5256,2022,40134.0,3225.0
173565,GS5256,2023,0.0,35840.0
173566,GS5256,2024,0.0,404.0
173567,GS5256,2025,20732.0,460.0
173568,GS5256,2026,0.0,16847.0
173593,GS5257,2020,116171.0,116171.0
173596,GS5257,2023,148930.0,0.0
173715,GS5303,2018,2332.0,0.0
173716,GS5303,2019,5273.0,0.0
173717,GS5303,2020,7248.0,105.0
173718,GS5303,2021,10975.0,1675.0
173719,GS5303,2022,14804.0,519.0
173720,GS5303,2023,0.0,2427.0
173721,GS5303,2024,13651.0,22490.0
173722,GS5303,2025,10955.0,3800.0
173723,GS5303,2026,0.0,1475.0
173877,GS5312,2025,11083.0,0.0
173933,GS5314,2019,46798.0,0.0
173934,GS5314,2020,0.0,41261.0
173935,GS5314,2021,0.0,624.0
173937,GS5314,2023,99716.0,70413.0
173938,GS5314,2024,164049.0,88899.0
173939,GS5314,2025,0.0,60059.0
173940,GS5314,2026,37428.0,12910.0
173964,GS5315,2019,8817.0,0.0
173965,GS5315,2020,0.0,8732.0
173968,GS5315,2023,25623.0,13969.0
173969,GS5315,2024,38602.0,24149.0
173971,GS5315,2026,9326.0,1999.0
174026,GS5317,2019,72.0,0.0
174027,GS5317,2020,0.0,72.0
174030,GS5317,2023,35268.0,32966.0
174031,GS5317,2024,172364.0,47744.0
174032,GS5317,2025,0.0,61678.0
174033,GS5317,2026,111981.0,0.0
174056,GS5322,2018,9155.0,8973.0
174057,GS5322,2019,9777.0,9582.0
174058,GS5322,2020,1565.0,617.0
174059,GS5322,2021,5986.0,1294.0
174060,GS5322,2022,0.0,6017.0
174061,GS5322,2023,1990.0,0.0
174062,GS5322,2024,1990.0,1951.0
174064,GS5322,2026,2229.0,1504.0
174087,GS5323,2018,9007.0,8828.0
174088,GS5323,2019,9536.0,9346.0
174089,GS5323,2020,1552.0,0.0
174090,GS5323,2021,5934.0,1891.0
174091,GS5323,2022,0.0,5964.0
174092,GS5323,2023,1974.0,0.0
174093,GS5323,2024,1974.0,1935.0
174095,GS5323,2026,2226.0,1490.0
174118,GS5324,2018,7305.0,7160.0
174119,GS5324,2019,9763.0,9568.0
174120,GS5324,2020,1565.0,0.0
174121,GS5324,2021,5986.0,1874.0
174122,GS5324,2022,0.0,6017.0
174123,GS5324,2023,1990.0,0.0
174124,GS5324,2024,1990.0,1951.0
174126,GS5324,2026,2266.0,1504.0
174149,GS5325,2018,9791.0,0.0
174151,GS5325,2020,18238.0,7516.0
174152,GS5325,2021,9499.0,20318.0
174153,GS5325,2022,0.0,3326.0
174154,GS5325,2023,10000.0,15937.0
174155,GS5325,2024,10000.0,0.0
174156,GS5325,2025,6876.0,235.0
174157,GS5325,2026,0.0,9566.0
174180,GS5326,2018,8931.0,0.0
174181,GS5326,2019,0.0,771.0
174182,GS5326,2020,18238.0,7501.0
174183,GS5326,2021,9774.0,15932.0
174184,GS5326,2022,0.0,6415.0
174185,GS5326,2023,10000.0,13144.0
174186,GS5326,2024,10000.0,2426.0
174187,GS5326,2025,8697.0,6578.0
174188,GS5326,2026,0.0,3223.0
174211,GS5329,2018,20356.0,5000.0
174212,GS5329,2019,10000.0,5000.0
174213,GS5329,2020,10000.0,19950.0
174214,GS5329,2021,3551.0,405.0
174215,GS5329,2022,4442.0,3625.0
174216,GS5329,2023,7270.0,1100.0
174217,GS5329,2024,4374.0,70.0
174218,GS5329,2025,15061.0,17843.0
174219,GS5329,2026,0.0,3982.0
174242,GS5330,2018,19726.0,0.0
174243,GS5330,2019,10000.0,0.0
174244,GS5330,2020,10000.0,13833.0
174245,GS5330,2021,3281.0,14273.0
174246,GS5330,2022,4105.0,5200.0
174247,GS5330,2023,6837.0,1026.0
174248,GS5330,2024,4505.0,4434.0
174249,GS5330,2025,18196.0,18099.0
174250,GS5330,2026,0.0,3724.0
174273,GS5331,2018,19479.0,0.0
174274,GS5331,2019,10000.0,2827.0
174275,GS5331,2020,10000.0,16064.0
174276,GS5331,2021,3873.0,588.0
174277,GS5331,2022,4846.0,9800.0
174278,GS5331,2023,8270.0,9206.0
174279,GS5331,2024,5206.0,485.0
174280,GS5331,2025,14153.0,19014.0
174281,GS5331,2026,0.0,4824.0
174304,GS5332,2018,18959.0,0.0
174305,GS5332,2019,10000.0,2125.0
174306,GS5332,2020,10000.0,14177.0
174307,GS5332,2021,3276.0,2497.0
174308,GS5332,2022,4098.0,2500.0
174309,GS5332,2023,6549.0,774.0
174310,GS5332,2024,3806.0,5887.0
174311,GS5332,2025,12837.0,19755.0
174312,GS5332,2026,0.0,9973.0
174335,GS5335,2018,18603.0,0.0
174336,GS5335,2019,10000.0,8431.0
174337,GS5335,2020,10000.0,9800.0
174338,GS5335,2021,3936.0,372.0
174339,GS5335,2022,4924.0,7463.0
174340,GS5335,2023,6914.0,8450.0
174341,GS5335,2024,3538.0,221.0
174342,GS5335,2025,12167.0,18169.0
174343,GS5335,2026,0.0,5423.0
174366,GS5336,2018,16849.0,0.0
174367,GS5336,2019,10000.0,3925.0
174368,GS5336,2020,10000.0,9800.0
174369,GS5336,2021,3268.0,3124.0
174370,GS5336,2022,4090.0,0.0
174371,GS5336,2023,6542.0,0.0
174372,GS5336,2024,4133.0,200.0
174373,GS5336,2025,11898.0,23882.0
174374,GS5336,2026,0.0,4208.0
174397,GS5337,2018,17041.0,0.0
174398,GS5337,2019,10000.0,0.0
174399,GS5337,2020,10000.0,7350.0
174400,GS5337,2021,4070.0,6240.0
174401,GS5337,2022,5092.0,3402.0
174402,GS5337,2023,7246.0,49.0
174403,GS5337,2024,5587.0,170.0
174404,GS5337,2025,12854.0,29222.0
174405,GS5337,2026,0.0,4197.0
174428,GS5338,2018,16247.0,0.0
174429,GS5338,2019,10000.0,13923.0
174430,GS5338,2020,10000.0,2000.0
174431,GS5338,2021,4206.0,324.0
174432,GS5338,2022,5262.0,0.0
174433,GS5338,2023,9059.0,0.0
174434,GS5338,2024,5745.0,0.0
174435,GS5338,2025,5143.0,26088.0
174436,GS5338,2026,0.0,9103.0
174459,GS5339,2018,18904.0,0.0
174460,GS5339,2019,10000.0,11094.0
174461,GS5339,2020,10000.0,4983.0
174462,GS5339,2021,4255.0,1751.0
174463,GS5339,2022,5324.0,0.0
174464,GS5339,2023,8104.0,248.0
174465,GS5339,2024,5606.0,828.0
174466,GS5339,2025,5032.0,19882.0
174467,GS5339,2026,0.0,15215.0
174490,GS5340,2018,18877.0,0.0
174491,GS5340,2019,10000.0,1489.0
174492,GS5340,2020,10000.0,11625.0
174493,GS5340,2021,4191.0,4478.0
174494,GS5340,2022,5244.0,0.0
174495,GS5340,2023,9229.0,1285.0
174496,GS5340,2024,5087.0,2121.0
174497,GS5340,2025,5498.0,30626.0
174498,GS5340,2026,0.0,4832.0
174521,GS5341,2018,14822.0,0.0
174522,GS5341,2019,10000.0,0.0
174523,GS5341,2020,10000.0,11635.0
174524,GS5341,2021,4578.0,2987.0
174525,GS5341,2022,5422.0,4778.0
174526,GS5341,2023,9467.0,0.0
174527,GS5341,2024,6591.0,12551.0
174528,GS5341,2025,5332.0,20687.0
174529,GS5341,2026,0.0,4148.0
174552,GS5342,2018,13315.0,0.0
174553,GS5342,2019,10000.0,0.0
174554,GS5342,2020,10000.0,9820.0
174555,GS5342,2021,3949.0,12614.0
174556,GS5342,2022,4940.0,940.0
174557,GS5342,2023,7673.0,316.0
174558,GS5342,2024,5357.0,1630.0
174559,GS5342,2025,4800.0,20363.0
174560,GS5342,2026,0.0,8194.0
174583,GS5343,2018,12795.0,0.0
174584,GS5343,2019,10000.0,0.0
174585,GS5343,2020,10000.0,9023.0
174586,GS5343,2021,4218.0,12211.0
174587,GS5343,2022,5278.0,1381.0
174588,GS5343,2023,8809.0,100.0
174589,GS5343,2024,6068.0,6896.0
174590,GS5343,2025,5244.0,19061.0
174591,GS5343,2026,0.0,11334.0
174614,GS5344,2018,12658.0,0.0
174615,GS5344,2019,10000.0,0.0
174616,GS5344,2020,10000.0,9902.0
174617,GS5344,2021,4046.0,5368.0
174618,GS5344,2022,5061.0,11526.0
174619,GS5344,2023,9027.0,1662.0
174620,GS5344,2024,6685.0,1926.0
174621,GS5344,2025,5260.0,21463.0
174622,GS5344,2026,0.0,10431.0
174676,GS5377,2018,26083.0,0.0
174680,GS5377,2022,44024.0,0.0
174683,GS5377,2025,56658.0,0.0
174741,GS5383,2021,37894.0,0.0
174742,GS5383,2022,0.0,17116.0
174743,GS5383,2023,0.0,20776.0
174770,GS5391,2019,3745.0,0.0
174771,GS5391,2020,26313.0,0.0
174773,GS5391,2022,27373.0,319.0
174774,GS5391,2023,26186.0,1186.0
174776,GS5391,2025,13714.0,0.0
174800,GS5392,2018,17763.0,7679.0
174801,GS5392,2019,10000.0,9730.0
174802,GS5392,2020,10000.0,4148.0
174803,GS5392,2021,2594.0,9515.0
174804,GS5392,2022,1682.0,7335.0
174805,GS5392,2023,0.0,3212.0
174806,GS5392,2024,0.0,420.0
174831,GS5393,2018,17641.0,5562.0
174832,GS5393,2019,10000.0,11727.0
174833,GS5393,2020,10000.0,4942.0
174834,GS5393,2021,2594.0,15470.0
174835,GS5393,2022,1682.0,3.0
174836,GS5393,2023,0.0,3630.0
174837,GS5393,2024,0.0,434.0
174863,GS5394,2019,9830.0,0.0
174864,GS5394,2020,9830.0,2429.0
174865,GS5394,2021,2593.0,17525.0
174866,GS5394,2022,1682.0,0.0
174867,GS5394,2023,0.0,70.0
174868,GS5394,2024,0.0,3559.0
174893,GS5395,2018,11150.0,0.0
174894,GS5395,2019,10000.0,3648.0
174895,GS5395,2020,10000.0,12629.0
174896,GS5395,2021,2594.0,11904.0
174897,GS5395,2022,1682.0,3466.0
174899,GS5395,2024,0.0,2072.0
174924,GS5396,2018,10684.0,0.0
174925,GS5396,2019,9917.0,9066.0
174926,GS5396,2020,9917.0,3923.0
174927,GS5396,2021,2075.0,17898.0
174928,GS5396,2022,1345.0,0.0
174930,GS5396,2024,0.0,2099.0
174931,GS5396,2025,0.0,617.0
174953,GS5404,2016,123692.0,50000.0
174954,GS5404,2017,0.0,70776.0
174960,GS5404,2023,0.0,2916.0
175019,GS5417,2020,95775.0,93887.0
175020,GS5417,2021,44228.0,45232.0
175021,GS5417,2022,19649.0,884.0
175022,GS5417,2023,0.0,19257.0
175049,GS5418,2019,22258.0,0.0
175050,GS5418,2020,58033.0,52573.0
175051,GS5418,2021,48549.0,39888.0
175052,GS5418,2022,38685.0,3765.0
175053,GS5418,2023,0.0,70527.0
175056,GS5418,2026,0.0,195.0
175079,GS5434,2018,4772.0,84.0
175080,GS5434,2019,0.0,1967.0
175081,GS5434,2020,12181.0,3401.0
175082,GS5434,2021,0.0,8263.0
175083,GS5434,2022,5158.0,5039.0
175084,GS5434,2023,3587.0,3003.0
175085,GS5434,2024,4854.0,3260.0
175086,GS5434,2025,5258.0,6743.0
175087,GS5434,2026,0.0,1065.0
175110,GS5437,2018,15452.0,0.0
175111,GS5437,2019,10000.0,0.0
175112,GS5437,2020,10000.0,13944.0
175113,GS5437,2021,2930.0,3401.0
175114,GS5437,2022,3667.0,1200.0
175115,GS5437,2023,6465.0,6462.0
175116,GS5437,2024,5406.0,245.0
175117,GS5437,2025,4802.0,15265.0
175118,GS5437,2026,0.0,7874.0
175141,GS5438,2018,15041.0,0.0
175142,GS5438,2019,10000.0,0.0
175143,GS5438,2020,10000.0,14741.0
175144,GS5438,2021,2902.0,18172.0
175145,GS5438,2022,3630.0,1713.0
175146,GS5438,2023,6426.0,165.0
175147,GS5438,2024,5496.0,50.0
175148,GS5438,2025,5034.0,15610.0
175149,GS5438,2026,0.0,4144.0
175172,GS5439,2018,13288.0,0.0
175173,GS5439,2019,10000.0,0.0
175174,GS5439,2020,10000.0,11241.0
175175,GS5439,2021,3450.0,13049.0
175176,GS5439,2022,4315.0,713.0
175177,GS5439,2023,8140.0,656.0
175178,GS5439,2024,5666.0,740.0
175179,GS5439,2025,5039.0,23476.0
175180,GS5439,2026,0.0,9584.0
175203,GS5440,2018,12712.0,0.0
175204,GS5440,2019,10000.0,0.0
175205,GS5440,2020,10000.0,11017.0
175206,GS5440,2021,3066.0,19617.0
175207,GS5440,2022,3836.0,101.0
175208,GS5440,2023,6911.0,1278.0
175209,GS5440,2024,5204.0,499.0
175210,GS5440,2025,4689.0,14464.0
175211,GS5440,2026,0.0,8714.0
175234,GS5441,2018,12466.0,0.0
175235,GS5441,2019,10000.0,0.0
175236,GS5441,2020,10000.0,10471.0
175237,GS5441,2021,2875.0,11490.0
175238,GS5441,2022,3596.0,310.0
175239,GS5441,2023,5858.0,2633.0
175240,GS5441,2024,4996.0,4054.0
175241,GS5441,2025,4160.0,7772.0
175242,GS5441,2026,0.0,4624.0
175328,GS5444,2019,11472.0,11472.0
175329,GS5444,2020,10000.0,7050.0
175330,GS5444,2021,10000.0,722.0
175331,GS5444,2022,0.0,10739.0
175332,GS5444,2023,20000.0,6175.0
175333,GS5444,2024,0.0,7788.0
175334,GS5444,2025,10000.0,984.0
175335,GS5444,2026,0.0,265.0
175361,GS5447,2021,36766.0,0.0
175362,GS5447,2022,0.0,36764.0
175422,GS5463,2020,25302.0,14981.0
175423,GS5463,2021,19438.0,11824.0
175424,GS5463,2022,0.0,12714.0
175425,GS5463,2023,54375.0,6626.0
175426,GS5463,2024,0.0,24560.0
175427,GS5463,2025,0.0,21507.0
175428,GS5463,2026,0.0,1047.0
175484,GS5519,2020,231395.0,11112.0
175485,GS5519,2021,241065.0,26800.0
175486,GS5519,2022,276520.0,50570.0
175487,GS5519,2023,193829.0,42644.0
175488,GS5519,2024,121511.0,40516.0
175489,GS5519,2025,0.0,94011.0
175490,GS5519,2026,0.0,2744.0
175515,GS5523,2020,266846.0,10000.0
175516,GS5523,2021,466556.0,69809.0
175517,GS5523,2022,229697.0,28895.0
175518,GS5523,2023,0.0,106525.0
175519,GS5523,2024,240210.0,47695.0
175520,GS5523,2025,214004.0,78531.0
175521,GS5523,2026,0.0,20755.0
175604,GS554,2016,0.0,25603.0
175605,GS554,2017,0.0,61817.0
175606,GS554,2018,0.0,485.0
175607,GS554,2019,0.0,206.0
175608,GS554,2020,0.0,190.0
175612,GS554,2024,0.0,3699.0
175673,GS5574,2023,23977.0,0.0
175675,GS5574,2025,15849.0,0.0
175702,GS5575,2021,44714.0,0.0
175703,GS5575,2022,75382.0,9064.0
175704,GS5575,2023,0.0,936.0
175706,GS5575,2025,92384.0,2758.0
175707,GS5575,2026,0.0,3353.0
175760,GS560,2017,191114.0,0.0
175763,GS560,2020,130629.0,0.0
175824,GS5614,2019,268482.0,33.0
175825,GS5614,2020,0.0,5669.0
175826,GS5614,2021,544454.0,282873.0
175827,GS5614,2022,0.0,391201.0
175828,GS5614,2023,0.0,5216.0
175829,GS5614,2024,355628.0,3365.0
175830,GS5614,2025,0.0,79816.0
175831,GS5614,2026,0.0,517.0
175888,GS5617,2021,46345.0,3140.0
175889,GS5617,2022,0.0,7213.0
175890,GS5617,2023,84108.0,12787.0
175891,GS5617,2024,0.0,2554.0
175892,GS5617,2025,0.0,39000.0
175918,GS5618,2020,224018.0,0.0
175922,GS5618,2024,439304.0,0.0
175950,GS5624,2021,43529.0,6201.0
175951,GS5624,2022,133680.0,23572.0
175952,GS5624,2023,0.0,11066.0
175953,GS5624,2024,0.0,1385.0
175954,GS5624,2025,0.0,20.0
175955,GS5624,2026,0.0,590.0
176012,GS5633,2021,23742.0,9952.0
176013,GS5633,2022,0.0,1.0
176014,GS5633,2023,81814.0,0.0
176015,GS5633,2024,0.0,1907.0
176016,GS5633,2025,0.0,39000.0
176041,GS5634,2019,12492.0,7022.0
176042,GS5634,2020,8933.0,0.0
176043,GS5634,2021,7395.0,4124.0
176044,GS5634,2022,4741.0,6022.0
176045,GS5634,2023,3469.0,8104.0
176046,GS5634,2024,0.0,5664.0
176047,GS5634,2025,0.0,4481.0
176048,GS5634,2026,0.0,1182.0
176072,GS5635,2019,12516.0,7034.0
176073,GS5635,2020,8947.0,0.0
176074,GS5635,2021,7408.0,653.0
176075,GS5635,2022,4724.0,1330.0
176076,GS5635,2023,3457.0,14985.0
176077,GS5635,2024,0.0,8599.0
176078,GS5635,2025,0.0,1586.0
176079,GS5635,2026,0.0,2385.0
176103,GS5636,2019,12507.0,7026.0
176104,GS5636,2020,8831.0,0.0
176105,GS5636,2021,7311.0,6925.0
176106,GS5636,2022,4657.0,5996.0
176107,GS5636,2023,3408.0,9022.0
176108,GS5636,2024,0.0,3115.0
176110,GS5636,2026,0.0,4198.0
176134,GS5637,2019,12522.0,5106.0
176135,GS5637,2020,8898.0,0.0
176136,GS5637,2021,7366.0,9068.0
176137,GS5637,2022,4744.0,342.0
176138,GS5637,2023,3471.0,15593.0
176139,GS5637,2024,0.0,2941.0
176141,GS5637,2026,0.0,3455.0
176196,GS5642,2019,231026.0,11237.0
176197,GS5642,2020,428427.0,110986.0
176198,GS5642,2021,462795.0,404985.0
176199,GS5642,2022,935264.0,425410.0
176200,GS5642,2023,492874.0,512548.0
176201,GS5642,2024,0.0,559745.0
176202,GS5642,2025,315956.0,577121.0
176203,GS5642,2026,82027.0,192199.0
176226,GS5643,2018,9042.0,0.0
176227,GS5643,2019,15162.0,19200.0
176228,GS5643,2020,16251.0,8912.0
176229,GS5643,2021,15838.0,26553.0
176230,GS5643,2022,15565.0,8839.0
176231,GS5643,2023,15468.0,8342.0
176232,GS5643,2024,15768.0,8106.0
176233,GS5643,2025,14863.0,18670.0
176234,GS5643,2026,0.0,5009.0
176288,GS565,2018,159705.0,0.0
176292,GS565,2022,56059.0,12000.0
176294,GS565,2024,0.0,40250.0
176295,GS565,2025,0.0,3491.0
176379,GS566,2016,0.0,35836.0
176380,GS566,2017,69986.0,12091.0
176381,GS566,2018,29144.0,13186.0
176382,GS566,2019,0.0,19138.0
176383,GS566,2020,97762.0,13434.0
176384,GS566,2021,0.0,52883.0
176385,GS566,2022,80945.0,70288.0
176386,GS566,2023,0.0,91549.0
176387,GS566,2024,43735.0,39268.0
176388,GS566,2025,0.0,541.0
176389,GS566,2026,0.0,9844.0
176412,GS5660,2018,3397.0,0.0
176416,GS5660,2022,0.0,2434.0
176417,GS5660,2023,0.0,31.0
176443,GS5661,2018,10092.0,0.0
176444,GS5661,2019,3293.0,0.0
176445,GS5661,2020,0.0,15.0
176447,GS5661,2022,0.0,12499.0
176448,GS5661,2023,0.0,478.0
176474,GS5662,2018,7773.0,0.0
176475,GS5662,2019,7563.0,0.0
176476,GS5662,2020,3249.0,0.0
176478,GS5662,2022,0.0,18020.0
176479,GS5662,2023,0.0,117.0
176503,GS567,2016,124785.0,0.0
176504,GS567,2017,94538.0,0.0
176505,GS567,2018,75398.0,0.0
176507,GS567,2020,110843.0,0.0
176509,GS567,2022,228187.0,0.0
176510,GS567,2023,129108.0,96689.0
176511,GS567,2024,36689.0,8050.0
176512,GS567,2025,71044.0,107749.0
176513,GS567,2026,0.0,22694.0
176540,GS5673,2022,63911.0,3171.0
176541,GS5673,2023,0.0,7087.0
176542,GS5673,2024,0.0,22053.0
176543,GS5673,2025,0.0,6800.0
176544,GS5673,2026,0.0,10641.0
176599,GS5698,2019,107898.0,84825.0
176600,GS5698,2020,0.0,3904.0
176601,GS5698,2021,298343.0,257219.0
176602,GS5698,2022,33583.0,15389.0
176603,GS5698,2023,0.0,32208.0
176604,GS5698,2024,0.0,2265.0
176605,GS5698,2025,206338.0,7635.0
176606,GS5698,2026,0.0,422.0
176629,GS5699,2018,78149.0,50000.0
176630,GS5699,2019,0.0,27213.0
176632,GS5699,2021,116591.0,0.0
176633,GS5699,2022,0.0,29867.0
176634,GS5699,2023,0.0,30920.0
176635,GS5699,2024,0.0,37319.0
176636,GS5699,2025,0.0,1.0
176637,GS5699,2026,133367.0,0.0
176759,GS574,2024,27088.0,0.0
176760,GS574,2025,0.0,69.0
176791,GS575,2025,176846.0,0.0
176817,GS576,2020,0.0,820.0
176818,GS576,2021,0.0,1514.0
176819,GS576,2022,0.0,156.0
176820,GS576,2023,0.0,342.0
176821,GS576,2024,63654.0,927.0
176822,GS576,2025,34125.0,0.0
176844,GS577,2016,0.0,898.0
176849,GS577,2021,0.0,18644.0
176852,GS577,2024,63683.0,0.0
176879,GS578,2020,0.0,88414.0
176880,GS578,2021,0.0,20538.0
176884,GS578,2025,91297.0,2767.0
176910,GS5780,2020,1021.0,1021.0
176911,GS5780,2021,2637.0,2586.0
176912,GS5780,2022,0.0,51.0
176913,GS5780,2023,1154.0,1132.0
176914,GS5780,2024,657.0,644.0
176939,GS5781,2018,7383.0,0.0
176940,GS5781,2019,0.0,826.0
176941,GS5781,2020,13541.0,4547.0
176942,GS5781,2021,0.0,11781.0
176943,GS5781,2022,5674.0,8586.0
176944,GS5781,2023,3946.0,4579.0
176945,GS5781,2024,5339.0,1207.0
176946,GS5781,2025,4762.0,8823.0
176970,GS5782,2018,7216.0,6300.0
176971,GS5782,2019,0.0,56.0
176972,GS5782,2020,13541.0,1569.0
176973,GS5782,2021,0.0,5987.0
176974,GS5782,2022,5674.0,5798.0
176975,GS5782,2023,3946.0,10477.0
176976,GS5782,2024,5339.0,5233.0
176977,GS5782,2025,5251.0,5251.0
177001,GS5783,2018,6200.0,0.0
177002,GS5783,2019,0.0,2800.0
177003,GS5783,2020,14593.0,12109.0
177004,GS5783,2021,0.0,5580.0
177005,GS5783,2022,6191.0,4073.0
177006,GS5783,2023,4305.0,3029.0
177007,GS5783,2024,5825.0,7030.0
177008,GS5783,2025,6874.0,2488.0
177009,GS5783,2026,0.0,1862.0
177038,GS579,2024,61051.0,0.0
177064,GS5796,2019,17158.0,0.0
177065,GS5796,2020,0.0,5000.0
177066,GS5796,2021,8970.0,5000.0
177067,GS5796,2022,0.0,784.0
177068,GS5796,2023,0.0,3210.0
177069,GS5796,2024,6828.0,489.0
177095,GS5799,2019,118122.0,0.0
177096,GS5799,2020,0.0,1588.0
177097,GS5799,2021,306466.0,116336.0
177098,GS5799,2022,47410.0,76362.0
177099,GS5799,2023,0.0,116567.0
177100,GS5799,2024,221654.0,44737.0
177101,GS5799,2025,0.0,11319.0
177102,GS5799,2026,0.0,2840.0
177131,GS580,2024,63603.0,0.0
177188,GS5801,2019,11353.0,0.0
177189,GS5801,2020,0.0,4070.0
177190,GS5801,2021,13926.0,3880.0
177191,GS5801,2022,13834.0,28319.0
177192,GS5801,2023,14733.0,8556.0
177193,GS5801,2024,14525.0,4671.0
177194,GS5801,2025,10124.0,11755.0
177195,GS5801,2026,0.0,607.0
177221,GS5802,2021,7519.0,0.0
177223,GS5802,2023,10000.0,0.0
177224,GS5802,2024,10000.0,0.0
177226,GS5802,2026,16593.0,0.0
177313,GS5825,2020,20198.0,400.0
177314,GS5825,2021,3531.0,13620.0
177315,GS5825,2022,4322.0,7202.0
177316,GS5825,2023,7422.0,7587.0
177317,GS5825,2024,6529.0,2196.0
177318,GS5825,2025,0.0,57.0
177319,GS5825,2026,4678.0,1684.0
177344,GS5826,2020,19980.0,0.0
177345,GS5826,2021,3090.0,9868.0
177346,GS5826,2022,3783.0,8062.0
177347,GS5826,2023,6360.0,8906.0
177348,GS5826,2024,6351.0,1881.0
177349,GS5826,2025,0.0,1499.0
177350,GS5826,2026,4011.0,72.0
177375,GS5827,2020,20656.0,0.0
177376,GS5827,2021,3090.0,10075.0
177377,GS5827,2022,3783.0,3338.0
177378,GS5827,2023,6360.0,6706.0
177379,GS5827,2024,5690.0,4808.0
177380,GS5827,2025,0.0,1571.0
177381,GS5827,2026,4011.0,374.0
177408,GS5830,2022,119004.0,1374.0
177409,GS5830,2023,39380.0,27249.0
177410,GS5830,2024,37901.0,42625.0
177411,GS5830,2025,0.0,34481.0
177412,GS5830,2026,0.0,5251.0
177441,GS5831,2024,46142.0,0.0
177595,GS5842,2023,20000.0,0.0
177596,GS5842,2024,0.0,7950.0
177597,GS5842,2025,0.0,10845.0
177620,GS5844,2017,28832.0,0.0
177622,GS5844,2019,0.0,2677.0
177623,GS5844,2020,0.0,21661.0
177624,GS5844,2021,0.0,3338.0
177625,GS5844,2022,0.0,1156.0
177653,GS5860,2019,52443.0,0.0
177655,GS5860,2021,67310.0,0.0
177656,GS5860,2022,26693.0,1686.0
177657,GS5860,2023,0.0,4281.0
177658,GS5860,2024,27165.0,9949.0
177659,GS5860,2025,0.0,2221.0
177660,GS5860,2026,0.0,171.0
177684,GS5866,2019,77002.0,75675.0
177685,GS5866,2020,132305.0,100121.0
177686,GS5866,2021,0.0,30132.0
177687,GS5866,2022,70694.0,1788.0
177688,GS5866,2023,0.0,1977.0
177689,GS5866,2024,167298.0,59021.0
177690,GS5866,2025,0.0,11266.0
177809,GS5889,2020,702.0,0.0
177810,GS5889,2021,0.0,702.0
177811,GS5889,2022,4602.0,4511.0
177812,GS5889,2023,4377.0,4290.0
177813,GS5889,2024,5926.0,5900.0
177814,GS5889,2025,8096.0,6715.0
177840,GS5890,2020,6635.0,1717.0
177841,GS5890,2021,0.0,4821.0
177842,GS5890,2022,5430.0,5419.0
177843,GS5890,2023,3776.0,3702.0
177844,GS5890,2024,5109.0,5008.0
177845,GS5890,2025,6982.0,6982.0
177871,GS5891,2020,1926.0,0.0
177872,GS5891,2021,0.0,1926.0
177873,GS5891,2022,4748.0,4654.0
177874,GS5891,2023,4222.0,2835.0
177875,GS5891,2024,5714.0,6044.0
177876,GS5891,2025,7807.0,3334.0
177902,GS5892,2020,8482.0,2686.0
177903,GS5892,2021,0.0,5658.0
177904,GS5892,2022,6399.0,6410.0
177905,GS5892,2023,4450.0,4362.0
177906,GS5892,2024,6022.0,5902.0
177907,GS5892,2025,8228.0,8228.0
177969,GS5920,2025,144349.0,0.0
177996,GS5923,2021,5538.0,0.0
177997,GS5923,2022,0.0,1150.0
177998,GS5923,2023,0.0,1698.0
177999,GS5923,2024,0.0,2690.0
178025,GS5928,2019,198191.0,88834.0
178026,GS5928,2020,314078.0,58919.0
178027,GS5928,2021,229232.0,183465.0
178028,GS5928,2022,0.0,121276.0
178029,GS5928,2023,0.0,10340.0
178030,GS5928,2024,317993.0,26759.0
178031,GS5928,2025,0.0,4304.0
178032,GS5928,2026,0.0,760.0
178087,GS5951,2019,9812.0,0.0
178088,GS5951,2020,9675.0,0.0
178089,GS5951,2021,4641.0,18436.0
178090,GS5951,2022,0.0,341.0
178091,GS5951,2023,9035.0,4766.0
178092,GS5951,2024,8167.0,1035.0
178093,GS5951,2025,4059.0,2755.0
178094,GS5951,2026,2114.0,3955.0
178118,GS5952,2019,9811.0,0.0
178119,GS5952,2020,9842.0,774.0
178120,GS5952,2021,3597.0,17891.0
178122,GS5952,2023,7105.0,3844.0
178123,GS5952,2024,6784.0,469.0
178124,GS5952,2025,3538.0,1736.0
178125,GS5952,2026,1637.0,3285.0
178149,GS5953,2019,9766.0,0.0
178150,GS5953,2020,9561.0,2553.0
178151,GS5953,2021,3581.0,14934.0
178153,GS5953,2023,6764.0,3821.0
178154,GS5953,2024,6432.0,1577.0
178155,GS5953,2025,3314.0,1619.0
178156,GS5953,2026,1630.0,4693.0
178180,GS5954,2019,10039.0,0.0
178181,GS5954,2020,9833.0,5828.0
178182,GS5954,2021,3329.0,14144.0
178184,GS5954,2023,6629.0,6541.0
178185,GS5954,2024,6631.0,1974.0
178186,GS5954,2025,3574.0,69.0
178187,GS5954,2026,1518.0,0.0
178211,GS5955,2019,10123.0,0.0
178212,GS5955,2020,9755.0,0.0
178213,GS5955,2021,3086.0,19759.0
178215,GS5955,2023,6029.0,3062.0
178216,GS5955,2024,6188.0,3288.0
178217,GS5955,2025,3052.0,135.0
178218,GS5955,2026,1406.0,4393.0
178248,GS5983,2025,211376.0,0.0
178249,GS5983,2026,0.0,33793.0
178277,GS5988,2023,4509.0,0.0
178278,GS5988,2024,0.0,4509.0
178335,GS6003,2019,12320.0,0.0
178337,GS6003,2021,19301.0,0.0
178368,GS6004,2021,105776.0,0.0
178369,GS6004,2022,0.0,2220.0
178370,GS6004,2023,156789.0,30569.0
178371,GS6004,2024,0.0,46224.0
178372,GS6004,2025,0.0,443.0
178373,GS6004,2026,0.0,10239.0
178397,GS6008,2019,5060.0,4000.0
178399,GS6008,2021,18340.0,18000.0
178400,GS6008,2022,5949.0,84.0
178401,GS6008,2023,0.0,161.0
178402,GS6008,2024,6735.0,12810.0
178403,GS6008,2025,7950.0,0.0
178404,GS6008,2026,0.0,7950.0
178425,GS601,2016,43593.0,51456.0
178426,GS601,2017,47706.0,10232.0
178427,GS601,2018,41181.0,10405.0
178428,GS601,2019,37992.0,17349.0
178429,GS601,2020,40631.0,33099.0
178430,GS601,2021,41533.0,44829.0
178431,GS601,2022,45875.0,27614.0
178432,GS601,2023,45034.0,17760.0
178433,GS601,2024,36115.0,40875.0
178434,GS601,2025,51825.0,99142.0
178435,GS601,2026,47199.0,0.0
178582,GS6037,2018,8688.0,0.0
178583,GS6037,2019,9690.0,15522.0
178584,GS6037,2020,1565.0,2148.0
178585,GS6037,2021,5986.0,472.0
178586,GS6037,2022,0.0,7524.0
178587,GS6037,2023,1990.0,0.0
178588,GS6037,2024,1909.0,2061.0
178589,GS6037,2025,0.0,153.0
178590,GS6037,2026,2212.0,0.0
178613,GS6038,2018,8891.0,5039.0
178614,GS6038,2019,9563.0,12811.0
178615,GS6038,2020,1565.0,0.0
178616,GS6038,2021,2913.0,367.0
178617,GS6038,2022,0.0,4478.0
178618,GS6038,2023,5063.0,48.0
178619,GS6038,2024,1990.0,1953.0
178620,GS6038,2025,0.0,1015.0
178621,GS6038,2026,2266.0,0.0
178647,GS6041,2021,4959.0,707.0
178648,GS6041,2022,0.0,4252.0
178649,GS6041,2023,12507.0,751.0
178650,GS6041,2024,12327.0,4421.0
178651,GS6041,2025,6814.0,3284.0
178652,GS6041,2026,2826.0,145.0
178678,GS6042,2021,4337.0,0.0
178679,GS6042,2022,0.0,2223.0
178680,GS6042,2023,11155.0,1717.0
178681,GS6042,2024,10897.0,4147.0
178682,GS6042,2025,6177.0,2831.0
178683,GS6042,2026,2519.0,6454.0
178797,GS605,2016,0.0,5394.0
178798,GS605,2017,0.0,17029.0
178799,GS605,2018,0.0,459.0
178800,GS605,2019,0.0,45995.0
178801,GS605,2020,0.0,118096.0
178802,GS605,2021,402200.0,62066.0
178803,GS605,2022,0.0,120283.0
178804,GS605,2023,0.0,272753.0
178805,GS605,2024,0.0,42314.0
178806,GS605,2025,0.0,1272.0
178807,GS605,2026,0.0,1111.0
178832,GS6050,2020,6083.0,5962.0
178834,GS6050,2022,8929.0,8929.0
178862,GS6051,2019,7401.0,0.0
178864,GS6051,2021,7401.0,7181.0
178865,GS6051,2022,0.0,220.0
179266,GS608,2020,419842.0,101.0
179267,GS608,2021,532616.0,412475.0
179268,GS608,2022,0.0,151363.0
179269,GS608,2023,0.0,146471.0
179270,GS608,2024,0.0,125477.0
179271,GS608,2025,663711.0,11288.0
179272,GS608,2026,0.0,84743.0
179324,GS609,2016,0.0,62.0
179334,GS609,2026,0.0,29.0
179421,GS6101,2020,17545.0,0.0
179422,GS6101,2021,7887.0,7012.0
179423,GS6101,2022,0.0,18420.0
179454,GS6108,2022,98290.0,0.0
179455,GS6108,2023,0.0,13152.0
179456,GS6108,2024,0.0,20138.0
179457,GS6108,2025,0.0,11901.0
179458,GS6108,2026,0.0,52119.0
179485,GS6109,2022,99748.0,0.0
179486,GS6109,2023,0.0,13134.0
179487,GS6109,2024,0.0,30268.0
179488,GS6109,2025,0.0,732.0
179489,GS6109,2026,0.0,54621.0
179516,GS6111,2022,98925.0,0.0
179517,GS6111,2023,0.0,31764.0
179518,GS6111,2024,0.0,14261.0
179519,GS6111,2025,0.0,2725.0
179520,GS6111,2026,0.0,21905.0
179547,GS6112,2022,93307.0,0.0
179548,GS6112,2023,0.0,8229.0
179550,GS6112,2025,0.0,30399.0
179551,GS6112,2026,0.0,19895.0
179578,GS6113,2022,93307.0,0.0
179580,GS6113,2024,0.0,32929.0
179581,GS6113,2025,0.0,42757.0
179582,GS6113,2026,0.0,15866.0
179609,GS6114,2022,67761.0,0.0
179611,GS6114,2024,0.0,7680.0
179612,GS6114,2025,0.0,9365.0
179613,GS6114,2026,0.0,4001.0
179640,GS6115,2022,64668.0,0.0
179642,GS6115,2024,0.0,180.0
179643,GS6115,2025,0.0,30924.0
179644,GS6115,2026,0.0,22467.0
179671,GS6116,2022,58416.0,0.0
179672,GS6116,2023,0.0,7438.0
179673,GS6116,2024,0.0,11270.0
179674,GS6116,2025,0.0,13271.0
179675,GS6116,2026,0.0,7234.0
179696,GS612,2016,95830.0,122784.0
179697,GS612,2017,59152.0,87599.0
179698,GS612,2018,39857.0,85069.0
179699,GS612,2019,77571.0,41837.0
179700,GS612,2020,75243.0,71235.0
179701,GS612,2021,55134.0,99721.0
179702,GS612,2022,0.0,48760.0
179703,GS612,2023,0.0,28203.0
179704,GS612,2024,0.0,10739.0
179705,GS612,2025,0.0,100.0
179706,GS612,2026,0.0,1200.0
179730,GS6129,2019,17087.0,0.0
179731,GS6129,2020,8099.0,0.0
179733,GS6129,2022,0.0,25026.0
179734,GS6129,2023,0.0,79.0
179735,GS6129,2024,3352.0,0.0
179736,GS6129,2025,0.0,826.0
179737,GS6129,2026,0.0,818.0
179758,GS613,2016,0.0,1227.0
179759,GS613,2017,0.0,14067.0
179760,GS613,2018,0.0,5187.0
179761,GS613,2019,0.0,65756.0
179762,GS613,2020,0.0,41690.0
179763,GS613,2021,0.0,13396.0
179764,GS613,2022,0.0,25016.0
179765,GS613,2023,0.0,2686.0
179768,GS613,2026,0.0,200.0
179827,GS6139,2023,30319.0,30319.0
179828,GS6139,2024,44241.0,12751.0
179855,GS614,2020,0.0,12156.0
179913,GS615,2016,2700.0,0.0
179914,GS615,2017,2609.0,0.0
179915,GS615,2018,6462.0,0.0
179917,GS615,2020,0.0,18313.0
179922,GS615,2025,0.0,6462.0
179948,GS6152,2020,6770.0,0.0
179949,GS6152,2021,9590.0,0.0
179950,GS6152,2022,0.0,4582.0
179951,GS6152,2023,9486.0,19300.0
179952,GS6152,2024,10000.0,10636.0
179953,GS6152,2025,8454.0,732.0
179954,GS6152,2026,4529.0,7291.0
179979,GS6155,2020,23834.0,470.0
179980,GS6155,2021,0.0,3354.0
179981,GS6155,2022,46597.0,48069.0
179982,GS6155,2023,0.0,16998.0
179983,GS6155,2024,27314.0,743.0
179984,GS6155,2025,0.0,5341.0
179985,GS6155,2026,0.0,227.0
180037,GS617,2016,193450.0,77288.0
180038,GS617,2017,0.0,106788.0
180039,GS617,2018,221853.0,179159.0
180040,GS617,2019,0.0,106403.0
180041,GS617,2020,328879.0,59736.0
180042,GS617,2021,0.0,464024.0
180043,GS617,2022,0.0,2761.0
180044,GS617,2023,299612.0,0.0
180045,GS617,2024,0.0,54628.0
180046,GS617,2025,376319.0,184512.0
180047,GS617,2026,0.0,207622.0
180103,GS6189,2020,8301.0,5482.0
180104,GS6189,2021,4678.0,3798.0
180105,GS6189,2022,9615.0,1327.0
180106,GS6189,2023,5274.0,9510.0
180107,GS6189,2024,7195.0,7626.0
180108,GS6189,2025,6031.0,1459.0
180139,GS6193,2025,525609.0,15112.0
180140,GS6193,2026,0.0,1209.0
180226,GS6212,2019,41947.0,23440.0
180227,GS6212,2020,39340.0,6.0
180228,GS6212,2021,42534.0,24630.0
180229,GS6212,2022,19871.0,8112.0
180230,GS6212,2023,0.0,41214.0
180231,GS6212,2024,28340.0,4279.0
180232,GS6212,2025,0.0,30745.0
180233,GS6212,2026,0.0,50.0
180289,GS6235,2020,11387.0,0.0
180290,GS6235,2021,4928.0,11371.0
180291,GS6235,2022,0.0,4928.0
180292,GS6235,2023,10531.0,0.0
180293,GS6235,2024,0.0,2535.0
180294,GS6235,2025,26438.0,14907.0
180295,GS6235,2026,0.0,2400.0
180320,GS6236,2020,11329.0,0.0
180321,GS6236,2021,4882.0,11300.0
180322,GS6236,2022,0.0,4882.0
180323,GS6236,2023,10315.0,0.0
180324,GS6236,2024,0.0,2365.0
180325,GS6236,2025,6237.0,5063.0
180326,GS6236,2026,0.0,4.0
180351,GS6237,2020,11379.0,0.0
180352,GS6237,2021,3943.0,2315.0
180353,GS6237,2022,0.0,9158.0
180354,GS6237,2023,9194.0,817.0
180355,GS6237,2024,0.0,3128.0
180356,GS6237,2025,5355.0,5239.0
180413,GS6256,2020,15448.0,15448.0
180415,GS6256,2022,49497.0,41536.0
180416,GS6256,2023,73387.0,81348.0
180417,GS6256,2024,85219.0,85219.0
180418,GS6256,2025,106895.0,106895.0
180419,GS6256,2026,98689.0,63000.0
180475,GS6264,2020,27986.0,0.0
180476,GS6264,2021,34861.0,0.0
180478,GS6264,2023,19431.0,0.0
180507,GS6271,2021,45208.0,0.0
180509,GS6271,2023,48411.0,0.0
180510,GS6271,2024,89848.0,2124.0
180511,GS6271,2025,0.0,52899.0
180512,GS6271,2026,0.0,31.0
180541,GS6272,2024,378.0,0.0
180542,GS6272,2025,0.0,59.0
180566,GS6275,2018,41038.0,38000.0
180567,GS6275,2019,45010.0,39474.0
180568,GS6275,2020,45039.0,48030.0
180569,GS6275,2021,41545.0,24000.0
180570,GS6275,2022,32129.0,36876.0
180571,GS6275,2023,0.0,6470.0
180572,GS6275,2024,17049.0,11237.0
180573,GS6275,2025,0.0,32.0
180574,GS6275,2026,0.0,9190.0
180600,GS6279,2021,58096.0,284.0
180601,GS6279,2022,0.0,9650.0
180602,GS6279,2023,0.0,6022.0
180603,GS6279,2024,0.0,1398.0
180604,GS6279,2025,0.0,1113.0
180605,GS6279,2026,0.0,10522.0
180691,GS6289,2019,9596.0,0.0
180692,GS6289,2020,0.0,184.0
180693,GS6289,2021,0.0,189.0
180694,GS6289,2022,29146.0,6270.0
180695,GS6289,2023,11738.0,1459.0
180696,GS6289,2024,0.0,5500.0
180697,GS6289,2025,19007.0,0.0
180723,GS6290,2020,351616.0,350633.0
180724,GS6290,2021,650601.0,651584.0
180726,GS6290,2023,521010.0,38796.0
180727,GS6290,2024,0.0,161312.0
180728,GS6290,2025,512411.0,96674.0
180729,GS6290,2026,0.0,239062.0
180753,GS6301,2019,76895.0,0.0
180754,GS6301,2020,56229.0,50619.0
180755,GS6301,2021,53018.0,50682.0
180756,GS6301,2022,0.0,48629.0
180757,GS6301,2023,63499.0,27939.0
180758,GS6301,2024,46471.0,35120.0
180759,GS6301,2025,46637.0,42690.0
180760,GS6301,2026,0.0,41847.0
180812,GS633,2016,0.0,96174.0
180813,GS633,2017,0.0,20688.0
180814,GS633,2018,68814.0,86548.0
180815,GS633,2019,0.0,9340.0
180816,GS633,2020,0.0,7964.0
180817,GS633,2021,0.0,7153.0
180818,GS633,2022,50950.0,2354.0
180819,GS633,2023,72823.0,535.0
180820,GS633,2024,0.0,423.0
180821,GS633,2025,0.0,37.0
180822,GS633,2026,0.0,500.0
180846,GS6338,2019,8725.0,0.0
180847,GS6338,2020,7217.0,19.0
180849,GS6338,2022,0.0,15798.0
180850,GS6338,2023,6904.0,0.0
180851,GS6338,2024,3162.0,0.0
180874,GS634,2016,0.0,11573.0
180875,GS634,2017,0.0,7988.0
180876,GS634,2018,0.0,4230.0
180877,GS634,2019,0.0,4660.0
180878,GS634,2020,54457.0,4606.0
180879,GS634,2021,0.0,11348.0
180880,GS634,2022,0.0,8454.0
180881,GS634,2023,0.0,17187.0
180882,GS634,2024,0.0,8523.0
180883,GS634,2025,0.0,12711.0
180884,GS634,2026,0.0,2410.0
180909,GS6344,2020,6683.0,0.0
180910,GS6344,2021,7978.0,6584.0
180911,GS6344,2022,5284.0,5378.0
180912,GS6344,2023,0.0,3651.0
180913,GS6344,2024,9165.0,4332.0
180914,GS6344,2025,0.0,4019.0
180915,GS6344,2026,0.0,16.0
180939,GS6349,2019,7320.0,0.0
180940,GS6349,2020,3057.0,0.0
180941,GS6349,2021,6334.0,13032.0
180942,GS6349,2022,0.0,3251.0
180943,GS6349,2023,1600.0,424.0
180944,GS6349,2024,2989.0,1639.0
180945,GS6349,2025,5840.0,1534.0
180946,GS6349,2026,0.0,607.0
180967,GS635,2016,0.0,18067.0
180971,GS635,2020,0.0,425.0
180972,GS635,2021,0.0,290.0
181001,GS6350,2019,4695.0,2365.0
181002,GS6350,2020,3020.0,2236.0
181003,GS6350,2021,6957.0,6691.0
181004,GS6350,2022,0.0,2902.0
181005,GS6350,2023,2688.0,0.0
181006,GS6350,2024,3031.0,1484.0
181007,GS6350,2025,5696.0,1316.0
181008,GS6350,2026,0.0,2239.0
181032,GS6351,2019,4989.0,4890.0
181033,GS6351,2020,2941.0,0.0
181034,GS6351,2021,6107.0,4556.0
181035,GS6351,2022,0.0,4176.0
181036,GS6351,2023,1702.0,0.0
181037,GS6351,2024,3079.0,2106.0
181038,GS6351,2025,5972.0,2410.0
181066,GS6356,2022,21262.0,0.0
181067,GS6356,2023,32353.0,32206.0
181068,GS6356,2024,47210.0,5429.0
181069,GS6356,2025,0.0,4056.0
181091,GS636,2016,0.0,32433.0
181095,GS636,2020,0.0,686.0
181122,GS637,2016,0.0,1227.0
181123,GS637,2017,0.0,157.0
181124,GS637,2018,0.0,238.0
181125,GS637,2019,0.0,475.0
181126,GS637,2020,0.0,1087.0
181127,GS637,2021,0.0,1216.0
181129,GS637,2023,0.0,244.0
181130,GS637,2024,0.0,1.0
181153,GS638,2016,0.0,2500.0
181155,GS638,2018,0.0,194226.0
181156,GS638,2019,0.0,720.0
181157,GS638,2020,0.0,1577.0
181158,GS638,2021,0.0,4935.0
181159,GS638,2022,0.0,36221.0
181160,GS638,2023,0.0,50538.0
181187,GS6393,2019,78596.0,0.0
181188,GS6393,2020,76302.0,0.0
181189,GS6393,2021,76313.0,0.0
181190,GS6393,2022,0.0,23824.0
181191,GS6393,2023,0.0,1680.0
181192,GS6393,2024,53868.0,2124.0
181193,GS6393,2025,0.0,51744.0
181194,GS6393,2026,52422.0,0.0
181218,GS6394,2019,82118.0,0.0
181219,GS6394,2020,78186.0,0.0
181220,GS6394,2021,86855.0,0.0
181221,GS6394,2022,0.0,32496.0
181223,GS6394,2024,50947.0,0.0
181224,GS6394,2025,0.0,24015.0
181225,GS6394,2026,54658.0,27709.0
181251,GS6395,2021,7297.0,0.0
181252,GS6395,2022,63489.0,20039.0
181253,GS6395,2023,0.0,43259.0
181254,GS6395,2024,69547.0,55588.0
181255,GS6395,2025,66489.0,61567.0
181256,GS6395,2026,72685.0,59205.0
181312,GS6411,2020,81178.0,36.0
181313,GS6411,2021,0.0,80627.0
181314,GS6411,2022,100909.0,345.0
181315,GS6411,2023,0.0,64498.0
181316,GS6411,2024,0.0,28552.0
181317,GS6411,2025,0.0,2720.0
181318,GS6411,2026,0.0,3495.0
181344,GS6414,2021,19254.0,0.0
181346,GS6414,2023,17607.0,282.0
181347,GS6414,2024,0.0,4648.0
181348,GS6414,2025,0.0,5700.0
181375,GS6419,2021,7870.0,0.0
181377,GS6419,2023,9752.0,17373.0
181378,GS6419,2024,9829.0,593.0
181379,GS6419,2025,8160.0,359.0
181380,GS6419,2026,9850.0,3819.0
181401,GS642,2016,76466.0,40000.0
181402,GS642,2017,0.0,1525.0
181405,GS642,2020,0.0,6416.0
181406,GS642,2021,0.0,7815.0
181410,GS642,2025,0.0,8623.0
181411,GS642,2026,0.0,12087.0
181439,GS6420,2023,6946.0,6946.0
181440,GS6420,2024,8497.0,4726.0
181441,GS6420,2025,7844.0,3602.0
181442,GS6420,2026,9858.0,0.0
181530,GS6443,2021,7948.0,25.0
181531,GS6443,2022,0.0,1703.0
181532,GS6443,2023,6749.0,6043.0
181533,GS6443,2024,3149.0,2092.0
181534,GS6443,2025,0.0,2009.0
181535,GS6443,2026,0.0,91.0
181560,GS6444,2020,18614.0,0.0
181561,GS6444,2021,8528.0,0.0
181562,GS6444,2022,0.0,27142.0
181591,GS6445,2020,17922.0,753.0
181592,GS6445,2021,8700.0,3408.0
181593,GS6445,2022,0.0,22457.0
181594,GS6445,2023,0.0,4.0
181653,GS6460,2020,174.0,0.0
181655,GS6460,2022,641.0,0.0
181656,GS6460,2023,400.0,0.0
181657,GS6460,2024,615.0,314.0
181659,GS6460,2026,730.0,0.0
181682,GS6498,2018,26500.0,26492.0
181684,GS6498,2020,117494.0,0.0
181685,GS6498,2021,0.0,117502.0
181751,GS6503,2025,116943.0,0.0
181838,GS6513,2019,18535.0,0.0
181840,GS6513,2021,9709.0,18365.0
181841,GS6513,2022,0.0,9516.0
181869,GS6518,2019,9644.0,0.0
181870,GS6518,2020,0.0,3951.0
181871,GS6518,2021,2739.0,2839.0
181872,GS6518,2022,1909.0,6334.0
181873,GS6518,2023,11161.0,0.0
181874,GS6518,2024,2581.0,5224.0
181876,GS6518,2026,0.0,2530.0
181900,GS6519,2019,9945.0,0.0
181902,GS6519,2021,2757.0,2757.0
181903,GS6519,2022,1820.0,1548.0
181904,GS6519,2023,10991.0,8397.0
181905,GS6519,2024,2686.0,3505.0
181906,GS6519,2025,0.0,1236.0
181907,GS6519,2026,0.0,2633.0
181931,GS6520,2019,9973.0,0.0
181932,GS6520,2020,0.0,182.0
181933,GS6520,2021,2743.0,5007.0
181934,GS6520,2022,1903.0,7346.0
181935,GS6520,2023,11157.0,0.0
181936,GS6520,2024,2805.0,4917.0
181937,GS6520,2025,0.0,1532.0
181938,GS6520,2026,0.0,2750.0
181962,GS6521,2019,9425.0,0.0
181963,GS6521,2020,0.0,4153.0
181964,GS6521,2021,2618.0,4990.0
181965,GS6521,2022,2014.0,2018.0
181966,GS6521,2023,11121.0,0.0
181967,GS6521,2024,3309.0,5689.0
181968,GS6521,2025,0.0,1585.0
181969,GS6521,2026,0.0,3244.0
181993,GS6522,2019,10000.0,0.0
181994,GS6522,2020,0.0,9639.0
181995,GS6522,2021,2694.0,2477.0
181996,GS6522,2022,2314.0,623.0
181997,GS6522,2023,12118.0,0.0
181998,GS6522,2024,5409.0,4501.0
182000,GS6522,2026,0.0,5302.0
182024,GS6523,2019,9644.0,0.0
182025,GS6523,2020,0.0,9644.0
182026,GS6523,2021,2473.0,190.0
182027,GS6523,2022,1984.0,2503.0
182028,GS6523,2023,10706.0,1062.0
182029,GS6523,2024,3681.0,369.0
182031,GS6523,2026,0.0,3609.0
182057,GS653,2021,0.0,280.0
182058,GS653,2022,0.0,287.0
182059,GS653,2023,45237.0,15159.0
182060,GS653,2024,0.0,7206.0
182061,GS653,2025,0.0,6421.0
182062,GS653,2026,0.0,29024.0
182083,GS655,2016,0.0,5932.0
182084,GS655,2017,0.0,14845.0
182085,GS655,2018,0.0,6680.0
182086,GS655,2019,0.0,20836.0
182087,GS655,2020,0.0,6270.0
182088,GS655,2021,0.0,104249.0
182089,GS655,2022,0.0,3707.0
182090,GS655,2023,0.0,51.0
182091,GS655,2024,183704.0,0.0
182093,GS655,2026,450242.0,0.0
182118,GS6566,2020,12463.0,87.0
182119,GS6566,2021,0.0,445.0
182120,GS6566,2022,19103.0,224.0
182121,GS6566,2023,6524.0,975.0
182122,GS6566,2024,10532.0,258.0
182123,GS6566,2025,0.0,31.0
182147,GS6586,2018,1000.0,1000.0
182148,GS6586,2019,15806.0,500.0
182149,GS6586,2020,0.0,5506.0
182150,GS6586,2021,0.0,8558.0
182151,GS6586,2022,0.0,500.0
182152,GS6586,2023,0.0,505.0
182153,GS6586,2024,0.0,5.0
182155,GS6586,2026,0.0,232.0
182184,GS6588,2024,49065.0,0.0
182186,GS6588,2026,62278.0,6467.0
182209,GS659,2018,9746.0,0.0
182241,GS6597,2019,21051.0,3100.0
182242,GS6597,2020,20177.0,1024.0
182243,GS6597,2021,34345.0,213.0
182244,GS6597,2022,0.0,10255.0
182245,GS6597,2023,14277.0,39556.0
182246,GS6597,2024,0.0,14665.0
182247,GS6597,2025,0.0,18002.0
182248,GS6597,2026,0.0,111.0
182273,GS6598,2020,7194.0,0.0
182274,GS6598,2021,0.0,6000.0
182275,GS6598,2022,23041.0,24004.0
182276,GS6598,2023,30975.0,88.0
182277,GS6598,2024,0.0,12233.0
182278,GS6598,2025,106876.0,0.0
182279,GS6598,2026,42068.0,0.0
182303,GS6599,2019,8626.0,0.0
182304,GS6599,2020,7905.0,0.0
182305,GS6599,2021,4858.0,0.0
182306,GS6599,2022,0.0,20848.0
182308,GS6599,2024,4686.0,0.0
182310,GS6599,2026,2650.0,0.0
182333,GS660,2018,1892.0,0.0
182365,GS6600,2019,9802.0,0.0
182366,GS6600,2020,8924.0,0.0
182368,GS6600,2022,5973.0,20811.0
182369,GS6600,2023,5559.0,735.0
182370,GS6600,2024,0.0,576.0
182372,GS6600,2026,3024.0,0.0
182397,GS6604,2020,26423.0,9968.0
182398,GS6604,2021,48894.0,9684.0
182399,GS6604,2022,0.0,11089.0
182400,GS6604,2023,49152.0,25743.0
182401,GS6604,2024,0.0,14902.0
182402,GS6604,2025,0.0,10648.0
182403,GS6604,2026,0.0,862.0
182428,GS6607,2020,113490.0,0.0
182429,GS6607,2021,49621.0,89890.0
182430,GS6607,2022,0.0,6647.0
182431,GS6607,2023,50574.0,20032.0
182432,GS6607,2024,0.0,22458.0
182433,GS6607,2025,57288.0,5357.0
182434,GS6607,2026,0.0,2320.0
182455,GS662,2016,51054.0,0.0
182486,GS663,2016,0.0,6801.0
182487,GS663,2017,0.0,1556.0
182488,GS663,2018,0.0,60196.0
182489,GS663,2019,0.0,767.0
182490,GS663,2020,0.0,578.0
182491,GS663,2021,0.0,184.0
182492,GS663,2022,0.0,544.0
182493,GS663,2023,0.0,2591.0
182517,GS666,2016,46388.0,3519.0
182518,GS666,2017,23179.0,55042.0
182519,GS666,2018,23176.0,21411.0
182520,GS666,2019,21719.0,37361.0
182521,GS666,2020,19983.0,22210.0
182522,GS666,2021,0.0,10399.0
182523,GS666,2022,0.0,9749.0
182524,GS666,2023,0.0,269.0
182525,GS666,2024,0.0,3652.0
182548,GS670,2016,25294.0,0.0
182549,GS670,2017,66815.0,0.0
182550,GS670,2018,44894.0,0.0
182552,GS670,2020,49141.0,0.0
182553,GS670,2021,101243.0,0.0
182554,GS670,2022,51248.0,0.0
182556,GS670,2024,59453.0,16974.0
182557,GS670,2025,0.0,2137.0
182610,GS672,2016,91196.0,99992.0
182611,GS672,2017,0.0,46115.0
182612,GS672,2018,142363.0,55940.0
182613,GS672,2019,0.0,98123.0
182614,GS672,2020,0.0,27943.0
182615,GS672,2021,151194.0,150607.0
182616,GS672,2022,0.0,3479.0
182617,GS672,2023,165452.0,2209.0
182618,GS672,2024,163232.0,71707.0
182619,GS672,2025,0.0,168525.0
182620,GS672,2026,165526.0,73978.0
182676,GS6747,2020,155950.0,25696.0
182677,GS6747,2021,107332.0,178.0
182678,GS6747,2022,102712.0,1166.0
182679,GS6747,2023,0.0,606.0
182680,GS6747,2024,0.0,2470.0
182681,GS6747,2025,0.0,25347.0
182682,GS6747,2026,0.0,30179.0
182707,GS6748,2020,195018.0,33874.0
182708,GS6748,2021,156494.0,51987.0
182709,GS6748,2022,0.0,8818.0
182710,GS6748,2023,0.0,2295.0
182711,GS6748,2024,0.0,23107.0
182712,GS6748,2025,0.0,4620.0
182713,GS6748,2026,0.0,46748.0
182739,GS6749,2021,11397.0,11397.0
182741,GS6749,2023,6028.0,6028.0
182742,GS6749,2024,6552.0,4721.0
182744,GS6749,2026,0.0,1831.0
182767,GS675,2018,0.0,1243.0
182768,GS675,2019,0.0,2856.0
182769,GS675,2020,0.0,1064.0
182770,GS675,2021,0.0,2294.0
182771,GS675,2022,0.0,3077.0
182772,GS675,2023,0.0,84121.0
182773,GS675,2024,0.0,29405.0
182774,GS675,2025,0.0,42850.0
182775,GS675,2026,165979.0,102398.0
182802,GS6750,2022,7906.0,952.0
182803,GS6750,2023,0.0,157.0
182804,GS6750,2024,8511.0,9931.0
182805,GS6750,2025,0.0,4059.0
182862,GS6752,2020,10000.0,0.0
182863,GS6752,2021,2366.0,3686.0
182864,GS6752,2022,2251.0,6830.0
182865,GS6752,2023,1957.0,0.0
182866,GS6752,2024,2404.0,5164.0
182867,GS6752,2025,0.0,1298.0
182892,GS6753,2019,618153.0,0.0
182894,GS6753,2021,1104836.0,12714.0
182895,GS6753,2022,0.0,123928.0
182896,GS6753,2023,0.0,70899.0
182897,GS6753,2024,0.0,36197.0
182898,GS6753,2025,0.0,30245.0
182899,GS6753,2026,0.0,30031.0
182925,GS6756,2021,121082.0,0.0
182926,GS6756,2022,0.0,3928.0
182927,GS6756,2023,0.0,13105.0
182928,GS6756,2024,77367.0,88484.0
182929,GS6756,2025,0.0,29826.0
182930,GS6756,2026,0.0,3898.0
182987,GS6760,2021,399827.0,211974.0
182988,GS6760,2022,0.0,105688.0
182989,GS6760,2023,288480.0,30915.0
182990,GS6760,2024,0.0,20714.0
182991,GS6760,2025,0.0,165869.0
182992,GS6760,2026,234877.0,134555.0
183017,GS6783,2020,15020.0,771.0
183018,GS6783,2021,4868.0,13366.0
183019,GS6783,2022,0.0,3094.0
183020,GS6783,2023,9553.0,2714.0
183021,GS6783,2024,2544.0,0.0
183022,GS6783,2025,0.0,1787.0
183023,GS6783,2026,3670.0,2692.0
183048,GS6784,2020,15803.0,11000.0
183049,GS6784,2021,4581.0,4667.0
183050,GS6784,2022,0.0,1919.0
183051,GS6784,2023,9703.0,2853.0
183052,GS6784,2024,3492.0,0.0
183053,GS6784,2025,0.0,4134.0
183054,GS6784,2026,4660.0,504.0
183078,GS6786,2019,18692.0,0.0
183079,GS6786,2020,3228.0,17626.0
183080,GS6786,2021,2812.0,4078.0
183081,GS6786,2022,2715.0,416.0
183082,GS6786,2023,2365.0,2704.0
183083,GS6786,2024,0.0,3849.0
183084,GS6786,2025,0.0,1139.0
183109,GS6787,2019,18828.0,0.0
183110,GS6787,2020,2194.0,10483.0
183111,GS6787,2021,1874.0,7248.0
183112,GS6787,2022,1846.0,4023.0
183113,GS6787,2023,1577.0,1124.0
183114,GS6787,2024,0.0,3369.0
183115,GS6787,2025,0.0,72.0
183140,GS6788,2019,19194.0,5208.0
183141,GS6788,2020,2744.0,13959.0
183142,GS6788,2021,2319.0,2836.0
183143,GS6788,2022,2308.0,231.0
183144,GS6788,2023,1950.0,1984.0
183145,GS6788,2024,0.0,3204.0
183146,GS6788,2025,0.0,1093.0
183171,GS6789,2019,19030.0,0.0
183172,GS6789,2020,2744.0,10667.0
183173,GS6789,2021,2344.0,1010.0
183174,GS6789,2022,2308.0,3283.0
183175,GS6789,2023,1970.0,2838.0
183176,GS6789,2024,0.0,5466.0
183177,GS6789,2025,0.0,5132.0
183202,GS6790,2019,19967.0,270.0
183203,GS6790,2020,2656.0,18333.0
183204,GS6790,2021,2344.0,3685.0
183205,GS6790,2022,2227.0,4431.0
183206,GS6790,2023,1970.0,2226.0
183207,GS6790,2024,0.0,214.0
183208,GS6790,2025,0.0,5.0
183236,GS6793,2022,51251.0,0.0
183237,GS6793,2023,0.0,15015.0
183238,GS6793,2024,237808.0,17525.0
183239,GS6793,2025,0.0,18711.0
183261,GS683,2016,0.0,3750.0
183262,GS683,2017,0.0,4500.0
183263,GS683,2018,0.0,3376.0
183264,GS683,2019,133967.0,1624.0
183265,GS683,2020,119490.0,38926.0
183266,GS683,2021,0.0,72313.0
183267,GS683,2022,0.0,17157.0
183268,GS683,2023,170311.0,23124.0
183269,GS683,2024,0.0,14568.0
183270,GS683,2025,0.0,30609.0
183271,GS683,2026,207677.0,38087.0
183296,GS6830,2020,2178.0,288.0
183297,GS6830,2021,0.0,1890.0
183298,GS6830,2022,9905.0,1452.0
183299,GS6830,2023,4694.0,1703.0
183300,GS6830,2024,0.0,1755.0
183301,GS6830,2025,4827.0,0.0
183302,GS6830,2026,0.0,600.0
183330,GS6831,2023,76182.0,0.0
183331,GS6831,2024,0.0,2490.0
183332,GS6831,2025,0.0,1259.0
183360,GS6832,2022,71348.0,76.0
183363,GS6832,2025,0.0,5546.0
183364,GS6832,2026,0.0,7551.0
183389,GS6836,2020,16520.0,1383.0
183390,GS6836,2021,4493.0,11967.0
183391,GS6836,2022,0.0,5437.0
183392,GS6836,2023,9047.0,2290.0
183393,GS6836,2024,3841.0,1870.0
183394,GS6836,2025,0.0,1287.0
183395,GS6836,2026,5829.0,1761.0
183419,GS6837,2019,9997.0,3181.0
183420,GS6837,2020,10000.0,8861.0
183421,GS6837,2021,3113.0,8731.0
183422,GS6837,2022,2018.0,0.0
183424,GS6837,2024,0.0,4355.0
183450,GS6838,2019,10000.0,0.0
183451,GS6838,2020,10000.0,10775.0
183452,GS6838,2021,2075.0,9674.0
183453,GS6838,2022,1345.0,374.0
183454,GS6838,2023,0.0,820.0
183455,GS6838,2024,0.0,219.0
183456,GS6838,2025,0.0,1103.0
183478,GS685,2016,83076.0,9116.0
183479,GS685,2017,0.0,46974.0
183480,GS685,2018,88697.0,31495.0
183481,GS685,2019,183548.0,33748.0
183482,GS685,2020,0.0,4299.0
183483,GS685,2021,0.0,40216.0
183484,GS685,2022,0.0,92069.0
183485,GS685,2023,258242.0,42664.0
183486,GS685,2024,84270.0,58876.0
183487,GS685,2025,21724.0,47490.0
183488,GS685,2026,0.0,6145.0
183515,GS6852,2022,5635.0,0.0
183545,GS6853,2021,584793.0,34404.0
183546,GS6853,2022,80400.0,31782.0
183547,GS6853,2023,0.0,88920.0
183548,GS6853,2024,0.0,11244.0
183549,GS6853,2025,0.0,24512.0
183550,GS6853,2026,0.0,18528.0
183576,GS6854,2021,118389.0,13032.0
183577,GS6854,2022,75330.0,3426.0
183578,GS6854,2023,0.0,2387.0
183579,GS6854,2024,0.0,8701.0
183580,GS6854,2025,58720.0,52431.0
183581,GS6854,2026,0.0,1663.0
183607,GS6855,2021,200437.0,29043.0
183608,GS6855,2022,0.0,12894.0
183609,GS6855,2023,0.0,46031.0
183610,GS6855,2024,0.0,3974.0
183611,GS6855,2025,0.0,5500.0
183637,GS6856,2020,22621.0,0.0
183640,GS6856,2023,21387.0,0.0
183668,GS6857,2020,26513.0,0.0
183669,GS6857,2021,49947.0,0.0
183673,GS6857,2025,24037.0,10000.0
183674,GS6857,2026,0.0,24740.0
183699,GS6858,2020,69471.0,26500.0
183700,GS6858,2021,56235.0,133.0
183730,GS6861,2020,9862.0,0.0
183731,GS6861,2021,9634.0,20.0
183732,GS6861,2022,0.0,19304.0
183733,GS6861,2023,7428.0,60.0
183734,GS6861,2024,6074.0,0.0
183889,GS6887,2024,23118.0,7766.0
183890,GS6887,2025,0.0,10362.0
183891,GS6887,2026,32808.0,12120.0
183912,GS689,2016,0.0,225.0
183913,GS689,2017,2290.0,2870.0
183914,GS689,2018,0.0,53.0
183915,GS689,2019,0.0,1918.0
183916,GS689,2020,0.0,293.0
183917,GS689,2021,0.0,110.0
183918,GS689,2022,0.0,5312.0
183943,GS690,2016,0.0,609.0
183944,GS690,2017,0.0,2773.0
183945,GS690,2018,0.0,100566.0
183946,GS690,2019,0.0,112.0
183947,GS690,2020,0.0,35.0
183948,GS690,2021,0.0,3344.0
183949,GS690,2022,0.0,2750.0
183950,GS690,2023,0.0,100.0
183953,GS690,2026,0.0,500.0
184071,GS6998,2020,2948.0,1004.0
184072,GS6998,2021,4200.0,3583.0
184073,GS6998,2022,0.0,68.0
184074,GS6998,2023,15155.0,9425.0
184075,GS6998,2024,0.0,2355.0
184076,GS6998,2025,5586.0,560.0
184077,GS6998,2026,0.0,500.0
184102,GS6999,2020,76503.0,52950.0
184103,GS6999,2021,0.0,23466.0
184104,GS6999,2022,45880.0,939.0
184105,GS6999,2023,0.0,5.0
184106,GS6999,2024,0.0,44963.0
184107,GS6999,2025,87687.0,175.0
184108,GS6999,2026,0.0,8126.0
184134,GS7002,2021,546.0,0.0
184136,GS7002,2023,9532.0,1067.0
184137,GS7002,2024,27318.0,1685.0
184138,GS7002,2025,49682.0,2105.0
184139,GS7002,2026,63455.0,46195.0
184160,GS702,2016,0.0,548.0
184161,GS702,2017,0.0,2500.0
184162,GS702,2018,0.0,23942.0
184163,GS702,2019,82627.0,3367.0
184164,GS702,2020,0.0,62816.0
184165,GS702,2021,0.0,19857.0
184166,GS702,2022,69291.0,1478.0
184167,GS702,2023,0.0,21317.0
184168,GS702,2024,0.0,30300.0
184169,GS702,2025,94598.0,107389.0
184193,GS7049,2018,100503.0,200.0
184194,GS7049,2019,0.0,47338.0
184195,GS7049,2020,1000.0,35693.0
184196,GS7049,2021,285910.0,40067.0
184197,GS7049,2022,89700.0,267205.0
184198,GS7049,2023,400.0,72350.0
184199,GS7049,2024,5650.0,6463.0
184200,GS7049,2025,176567.0,10.0
184201,GS7049,2026,0.0,959.0
184222,GS707,2016,696707.0,238655.0
184223,GS707,2017,499657.0,245235.0
184224,GS707,2018,0.0,215879.0
184225,GS707,2019,0.0,30485.0
184226,GS707,2020,2490963.0,492089.0
184227,GS707,2021,4233439.0,2237893.0
184228,GS707,2022,0.0,1351911.0
184229,GS707,2023,0.0,1316263.0
184230,GS707,2024,2013037.0,394752.0
184231,GS707,2025,0.0,600716.0
184232,GS707,2026,552495.0,376561.0
184257,GS7071,2020,608592.0,160527.0
184258,GS7071,2021,989457.0,598391.0
184259,GS7071,2022,943156.0,456656.0
184260,GS7071,2023,0.0,354639.0
184261,GS7071,2024,909798.0,335708.0
184262,GS7071,2025,430919.0,280997.0
184263,GS7071,2026,651477.0,176725.0
184346,GS708,2016,34195.0,0.0
184349,GS708,2019,39022.0,0.0
184387,GS7080,2026,321592.0,0.0
184412,GS7090,2020,14165.0,0.0
184413,GS7090,2021,8365.0,0.0
184414,GS7090,2022,0.0,20000.0
184415,GS7090,2023,17504.0,10421.0
184416,GS7090,2024,0.0,1444.0
184418,GS7090,2026,0.0,8169.0
184449,GS7091,2026,143470.0,0.0
184508,GS7105,2023,451167.0,0.0
184539,GS7112,2023,5516.0,127.0
184540,GS7112,2024,0.0,3418.0
184541,GS7112,2025,6272.0,286.0
184567,GS7128,2020,10535.0,0.0
184568,GS7128,2021,0.0,10524.0
184570,GS7128,2023,11285.0,11296.0
184571,GS7128,2024,16757.0,16492.0
184572,GS7128,2025,26738.0,0.0
184573,GS7128,2026,0.0,5535.0
184598,GS7129,2020,11055.0,0.0
184599,GS7129,2021,0.0,11045.0
184601,GS7129,2023,0.0,10.0
184660,GS7130,2020,10623.0,0.0
184661,GS7130,2021,0.0,10613.0
184663,GS7130,2023,0.0,10.0
184691,GS7131,2020,10395.0,0.0
184692,GS7131,2021,0.0,10248.0
184693,GS7131,2022,0.0,136.0
184694,GS7131,2023,0.0,11.0
184723,GS7132,2021,2920.0,0.0
184724,GS7132,2022,3291.0,2920.0
184725,GS7132,2023,16234.0,34.0
184726,GS7132,2024,9791.0,6475.0
184727,GS7132,2025,9469.0,4936.0
184728,GS7132,2026,0.0,2492.0
184754,GS7133,2021,2632.0,0.0
184755,GS7133,2022,3314.0,2632.0
184756,GS7133,2023,15790.0,960.0
184757,GS7133,2024,9982.0,6555.0
184758,GS7133,2025,11041.0,4648.0
184759,GS7133,2026,0.0,9745.0
184785,GS7134,2021,3740.0,0.0
184786,GS7134,2022,3313.0,3747.0
184787,GS7134,2023,18219.0,9184.0
184788,GS7134,2024,8723.0,5283.0
184789,GS7134,2025,8697.0,93.0
184790,GS7134,2026,0.0,7587.0
184816,GS7135,2021,4032.0,0.0
184817,GS7135,2022,3254.0,6444.0
184818,GS7135,2023,15810.0,8495.0
184819,GS7135,2024,6602.0,132.0
184820,GS7135,2025,7720.0,161.0
184821,GS7135,2026,0.0,5.0
184847,GS7136,2021,2443.0,0.0
184848,GS7136,2022,2830.0,5273.0
184849,GS7136,2023,12581.0,5533.0
184850,GS7136,2024,6460.0,2003.0
184851,GS7136,2025,11617.0,1398.0
184852,GS7136,2026,0.0,1460.0
184914,GS7138,2026,279409.0,0.0
185032,GS7147,2020,8301.0,1346.0
185033,GS7147,2021,4683.0,2102.0
185034,GS7147,2022,9517.0,9401.0
185035,GS7147,2023,4459.0,8356.0
185036,GS7147,2024,6085.0,8855.0
185037,GS7147,2025,5107.0,2378.0
185063,GS7148,2020,8301.0,1301.0
185064,GS7148,2021,4683.0,7324.0
185065,GS7148,2022,9512.0,4221.0
185066,GS7148,2023,5150.0,6194.0
185067,GS7148,2024,7026.0,11023.0
185068,GS7148,2025,6221.0,1725.0
185069,GS7148,2026,0.0,836.0
185094,GS7149,2020,8301.0,1301.0
185095,GS7149,2021,4683.0,7324.0
185096,GS7149,2022,9463.0,4221.0
185097,GS7149,2023,5236.0,2046.0
185098,GS7149,2024,7145.0,12428.0
185099,GS7149,2025,5457.0,980.0
185123,GS715,2018,0.0,2777.0
185124,GS715,2019,0.0,467.0
185125,GS715,2020,0.0,21.0
185126,GS715,2021,0.0,3197.0
185127,GS715,2022,0.0,285.0
185128,GS715,2023,0.0,372360.0
185129,GS715,2024,0.0,2207.0
185130,GS715,2025,0.0,8107.0
185131,GS715,2026,46760.0,268.0
185156,GS7150,2020,8301.0,1301.0
185157,GS7150,2021,4683.0,7324.0
185158,GS7150,2022,9414.0,2059.0
185159,GS7150,2023,5190.0,6198.0
185160,GS7150,2024,7082.0,13337.0
185161,GS7150,2025,5361.0,152.0
185162,GS7150,2026,0.0,40.0
185193,GS7151,2026,123720.0,0.0
185218,GS7152,2020,524227.0,0.0
185219,GS7152,2021,694591.0,88177.0
185220,GS7152,2022,655362.0,37810.0
185221,GS7152,2023,0.0,110943.0
185222,GS7152,2024,838933.0,247044.0
185223,GS7152,2025,885807.0,399128.0
185224,GS7152,2026,256868.0,506912.0
185250,GS7153,2021,26725.0,14933.0
185251,GS7153,2022,15286.0,7959.0
185252,GS7153,2023,0.0,13181.0
185253,GS7153,2024,11923.0,786.0
185254,GS7153,2025,0.0,4797.0
185286,GS7154,2026,417782.0,0.0
185307,GS716,2016,11040.0,105.0
185308,GS716,2017,11542.0,66.0
185309,GS716,2018,11463.0,518.0
185310,GS716,2019,0.0,154.0
185311,GS716,2020,14291.0,63413.0
185312,GS716,2021,0.0,251.0
185313,GS716,2022,4642.0,201.0
185314,GS716,2023,0.0,7506.0
185315,GS716,2024,0.0,12101.0
185317,GS716,2026,0.0,10149.0
185343,GS7164,2021,359070.0,92946.0
185344,GS7164,2022,0.0,105645.0
185345,GS7164,2023,0.0,45447.0
185346,GS7164,2024,0.0,13910.0
185347,GS7164,2025,0.0,96964.0
185348,GS7164,2026,0.0,3134.0
185439,GS726,2024,27075.0,25000.0
185441,GS726,2026,0.0,85.0
185466,GS7287,2020,1347.0,0.0
185467,GS7287,2021,1876.0,0.0
185468,GS7287,2022,0.0,1347.0
185469,GS7287,2023,6083.0,1876.0
185470,GS7287,2024,1990.0,1951.0
185471,GS7287,2025,0.0,950.0
185497,GS7288,2020,1475.0,0.0
185498,GS7288,2021,1882.0,0.0
185499,GS7288,2022,0.0,1475.0
185500,GS7288,2023,6094.0,1882.0
185501,GS7288,2024,1990.0,1951.0
185502,GS7288,2025,0.0,950.0
185503,GS7288,2026,1939.0,0.0
185528,GS7289,2020,1521.0,0.0
185529,GS7289,2021,1882.0,0.0
185530,GS7289,2022,0.0,1521.0
185531,GS7289,2023,6094.0,1882.0
185532,GS7289,2024,1990.0,1951.0
185533,GS7289,2025,0.0,950.0
185534,GS7289,2026,1807.0,0.0
185564,GS729,2025,17567.0,0.0
185590,GS7290,2020,1759.0,0.0
185591,GS7290,2021,1882.0,0.0
185592,GS7290,2022,0.0,1759.0
185593,GS7290,2023,6094.0,1882.0
185594,GS7290,2024,1990.0,5608.0
185621,GS7291,2020,1491.0,0.0
185622,GS7291,2021,1882.0,0.0
185623,GS7291,2022,0.0,1491.0
185624,GS7291,2023,6094.0,1882.0
185625,GS7291,2024,1990.0,2986.0
185626,GS7291,2025,0.0,64.0
185652,GS7292,2020,1616.0,0.0
185653,GS7292,2021,2882.0,0.0
185654,GS7292,2022,0.0,2595.0
185655,GS7292,2023,5094.0,1894.0
185656,GS7292,2024,1990.0,430.0
185657,GS7292,2025,0.0,2033.0
185683,GS7293,2020,11679.0,0.0
185684,GS7293,2021,9973.0,11636.0
185685,GS7293,2022,0.0,6552.0
185686,GS7293,2023,10000.0,13024.0
185687,GS7293,2024,10000.0,0.0
185688,GS7293,2025,8139.0,6590.0
185689,GS7293,2026,0.0,3462.0
185710,GS730,2016,38795.0,1932.0
185711,GS730,2017,0.0,12002.0
185712,GS730,2018,0.0,1022.0
185713,GS730,2019,0.0,227.0
185714,GS730,2020,0.0,17405.0
185715,GS730,2021,0.0,3481.0
185716,GS730,2022,0.0,4211.0
185717,GS730,2023,0.0,718.0
185718,GS730,2024,0.0,1228.0
185719,GS730,2025,0.0,700.0
185744,GS7303,2019,8000.0,0.0
185747,GS7303,2022,0.0,4000.0
185748,GS7303,2023,0.0,4000.0
185776,GS7311,2020,9781.0,6777.0
185777,GS7311,2021,1838.0,2451.0
185778,GS7311,2022,1648.0,3749.0
185779,GS7311,2023,1638.0,151.0
185780,GS7311,2024,1938.0,2629.0
185781,GS7311,2025,0.0,1086.0
185807,GS7312,2020,708258.0,62.0
185808,GS7312,2021,1781528.0,221779.0
185809,GS7312,2022,555874.0,771560.0
185810,GS7312,2023,0.0,749034.0
185811,GS7312,2024,1312595.0,364744.0
185812,GS7312,2025,0.0,539485.0
185813,GS7312,2026,0.0,278264.0
185839,GS7317,2021,10181.0,0.0
185840,GS7317,2022,8078.0,8798.0
185841,GS7317,2023,0.0,6564.0
185842,GS7317,2024,8813.0,2870.0
185870,GS7318,2021,23310.0,0.0
185871,GS7318,2022,11310.0,13436.0
185872,GS7318,2023,0.0,20374.0
185873,GS7318,2024,12503.0,349.0
185874,GS7318,2025,0.0,262.0
185899,GS733,2019,80436.0,0.0
185900,GS733,2020,0.0,15510.0
185901,GS733,2021,122000.0,150807.0
185902,GS733,2022,0.0,61874.0
185903,GS733,2023,0.0,9204.0
185904,GS733,2024,0.0,5674.0
185931,GS7330,2020,16000.0,0.0
185932,GS7330,2021,2980.0,15722.0
185933,GS7330,2022,3646.0,2411.0
185934,GS7330,2023,6134.0,4199.0
185935,GS7330,2024,4648.0,1814.0
185936,GS7330,2025,0.0,712.0
185937,GS7330,2026,3863.0,1514.0
185962,GS7331,2020,16000.0,0.0
185963,GS7331,2021,2576.0,15733.0
185964,GS7331,2022,3152.0,267.0
185965,GS7331,2023,4932.0,3377.0
185966,GS7331,2024,4575.0,2966.0
185967,GS7331,2025,0.0,2378.0
185968,GS7331,2026,3109.0,0.0
185993,GS7332,2020,16000.0,0.0
185994,GS7332,2021,3091.0,15918.0
185995,GS7332,2022,3783.0,2282.0
185996,GS7332,2023,6360.0,3027.0
185997,GS7332,2024,6338.0,5015.0
185998,GS7332,2025,0.0,2549.0
185999,GS7332,2026,4011.0,2854.0
186024,GS7333,2020,16000.0,0.0
186025,GS7333,2021,3090.0,15881.0
186026,GS7333,2022,3784.0,119.0
186027,GS7333,2023,6360.0,4353.0
186028,GS7333,2024,6303.0,3688.0
186029,GS7333,2025,0.0,6679.0
186030,GS7333,2026,4011.0,134.0
186055,GS7334,2020,16000.0,3833.0
186056,GS7334,2021,2576.0,8835.0
186057,GS7334,2022,3152.0,319.0
186058,GS7334,2023,5299.0,6206.0
186059,GS7334,2024,5486.0,1567.0
186060,GS7334,2025,0.0,1486.0
186061,GS7334,2026,3341.0,2257.0
186086,GS7335,2020,16000.0,0.0
186087,GS7335,2021,2574.0,15860.0
186088,GS7335,2022,2103.0,140.0
186089,GS7335,2023,6349.0,6296.0
186090,GS7335,2024,4395.0,2461.0
186092,GS7335,2026,3341.0,1309.0
186117,GS7336,2020,16000.0,11667.0
186118,GS7336,2021,2405.0,4055.0
186119,GS7336,2022,0.0,119.0
186120,GS7336,2023,7897.0,5703.0
186121,GS7336,2024,4613.0,3278.0
186123,GS7336,2026,3120.0,1224.0
186148,GS7343,2020,7597.0,0.0
186150,GS7343,2022,0.0,7597.0
186151,GS7343,2023,13983.0,0.0
186152,GS7343,2024,5259.0,0.0
186180,GS7345,2021,5190.0,683.0
186181,GS7345,2022,6089.0,3558.0
186182,GS7345,2023,0.0,931.0
186183,GS7345,2024,9410.0,6089.0
186239,GS735,2018,0.0,5600.0
186240,GS735,2019,0.0,20.0
186241,GS735,2020,0.0,317.0
186244,GS735,2023,0.0,2600.0
186245,GS735,2024,181325.0,0.0
186247,GS735,2026,399955.0,0.0
186275,GS7356,2023,11857.0,89.0
186276,GS7356,2024,7435.0,0.0
186277,GS7356,2025,18225.0,0.0
186333,GS7361,2019,50801.0,8709.0
186334,GS7361,2020,0.0,41769.0
186336,GS7361,2022,0.0,31.0
186337,GS7361,2023,0.0,284.0
186365,GS7362,2020,2576.0,0.0
186366,GS7362,2021,7708.0,4836.0
186367,GS7362,2022,0.0,4846.0
186368,GS7362,2023,3606.0,0.0
186369,GS7362,2024,3188.0,354.0
186370,GS7362,2025,5939.0,1823.0
186396,GS7363,2020,2569.0,0.0
186397,GS7363,2021,7704.0,4003.0
186398,GS7363,2022,0.0,5535.0
186399,GS7363,2023,3568.0,621.0
186400,GS7363,2024,3156.0,2174.0
186401,GS7363,2025,6702.0,3417.0
186427,GS7364,2020,2595.0,0.0
186428,GS7364,2021,9169.0,4980.0
186429,GS7364,2022,0.0,3028.0
186430,GS7364,2023,3509.0,3856.0
186431,GS7364,2024,2660.0,333.0
186432,GS7364,2025,7144.0,1463.0
186433,GS7364,2026,0.0,185.0
186458,GS7365,2020,1767.0,0.0
186459,GS7365,2021,7143.0,1636.0
186460,GS7365,2022,0.0,7101.0
186461,GS7365,2023,3209.0,3145.0
186462,GS7365,2024,3068.0,0.0
186463,GS7365,2025,7539.0,173.0
186489,GS7366,2020,1929.0,0.0
186490,GS7366,2021,7795.0,3779.0
186491,GS7366,2022,0.0,5289.0
186492,GS7366,2023,2853.0,0.0
186493,GS7366,2024,3188.0,2305.0
186494,GS7366,2025,6826.0,1608.0
186495,GS7366,2026,0.0,104.0
186520,GS7367,2020,9534.0,0.0
186521,GS7367,2021,0.0,9534.0
186551,GS7368,2020,9616.0,0.0
186552,GS7368,2021,0.0,4112.0
186553,GS7368,2022,0.0,2664.0
186554,GS7368,2023,0.0,40.0
186556,GS7368,2025,0.0,2800.0
186582,GS7369,2020,7699.0,2124.0
186583,GS7369,2021,0.0,5575.0
186613,GS7370,2020,7671.0,7671.0
186644,GS7371,2020,7589.0,7589.0
186675,GS7372,2020,7616.0,7616.0
186706,GS7391,2020,7769.0,0.0
186707,GS7391,2021,9973.0,4707.0
186708,GS7391,2022,0.0,6554.0
186709,GS7391,2023,10000.0,15304.0
186710,GS7391,2024,10000.0,0.0
186711,GS7391,2025,10000.0,6578.0
186712,GS7391,2026,0.0,4005.0
186799,GS7394,2020,9426.0,0.0
186800,GS7394,2021,8904.0,0.0
186801,GS7394,2022,0.0,18152.0
186803,GS7394,2024,7524.0,0.0
186805,GS7394,2026,4083.0,0.0
186830,GS7395,2020,1299.0,0.0
186831,GS7395,2021,6454.0,1623.0
186832,GS7395,2022,9345.0,1961.0
186833,GS7395,2023,4946.0,8778.0
186834,GS7395,2024,6749.0,13789.0
186835,GS7395,2025,4510.0,0.0
186861,GS7396,2020,1299.0,0.0
186862,GS7396,2021,6454.0,1623.0
186863,GS7396,2022,9290.0,3682.0
186864,GS7396,2023,5412.0,7299.0
186865,GS7396,2024,7360.0,14823.0
186866,GS7396,2025,5564.0,0.0
186892,GS7397,2020,1299.0,0.0
186893,GS7397,2021,6454.0,1623.0
186894,GS7397,2022,9243.0,2582.0
186895,GS7397,2023,5152.0,8670.0
186896,GS7397,2024,7029.0,12267.0
186897,GS7397,2025,6299.0,359.0
186923,GS7398,2020,1299.0,0.0
186924,GS7398,2021,6454.0,1898.0
186925,GS7398,2022,9185.0,4350.0
186926,GS7398,2023,5272.0,8751.0
186927,GS7398,2024,7192.0,14129.0
186928,GS7398,2025,5220.0,20.0
186954,GS7399,2020,1299.0,0.0
186955,GS7399,2021,6454.0,4268.0
186956,GS7399,2022,9150.0,3888.0
186957,GS7399,2023,5381.0,6659.0
186958,GS7399,2024,7341.0,12780.0
186959,GS7399,2025,5209.0,0.0
186985,GS7400,2020,1299.0,0.0
186986,GS7400,2021,6454.0,5031.0
186987,GS7400,2022,9078.0,4983.0
186988,GS7400,2023,5522.0,4741.0
186989,GS7400,2024,7250.0,12816.0
186990,GS7400,2025,5653.0,0.0
186991,GS7400,2026,0.0,3762.0
187016,GS7401,2020,1280.0,0.0
187017,GS7401,2021,6430.0,5522.0
187018,GS7401,2022,9052.0,4129.0
187019,GS7401,2023,5420.0,6963.0
187020,GS7401,2024,7352.0,12581.0
187021,GS7401,2025,6215.0,1167.0
187022,GS7401,2026,0.0,2575.0
187079,GS7433,2021,145111.0,23818.0
187080,GS7433,2022,76396.0,22176.0
187081,GS7433,2023,79903.0,136210.0
187082,GS7433,2024,0.0,50511.0
187083,GS7433,2025,0.0,6685.0
187084,GS7433,2026,0.0,53536.0
187110,GS7434,2021,144246.0,0.0
187111,GS7434,2022,75844.0,114241.0
187112,GS7434,2023,79032.0,104333.0
187143,GS7435,2023,728.0,728.0
187145,GS7435,2025,591.0,50.0
187172,GS7436,2021,11978.0,11978.0
187174,GS7436,2023,5505.0,5472.0
187175,GS7436,2024,5984.0,5979.0
187202,GS7437,2020,4288.0,0.0
187203,GS7437,2021,9973.0,973.0
187205,GS7437,2023,10000.0,19648.0
187206,GS7437,2024,10000.0,92.0
187207,GS7437,2025,7863.0,7872.0
187208,GS7437,2026,0.0,5060.0
187235,GS7438,2022,103512.0,42000.0
187236,GS7438,2023,95762.0,82226.0
187237,GS7438,2024,0.0,50131.0
187238,GS7438,2025,0.0,6054.0
187239,GS7438,2026,0.0,11780.0
187262,GS744,2018,236637.0,1771.0
187263,GS744,2019,0.0,75460.0
187264,GS744,2020,0.0,97288.0
187265,GS744,2021,287270.0,44622.0
187266,GS744,2022,0.0,103169.0
187267,GS744,2023,0.0,37734.0
187268,GS744,2024,235738.0,17560.0
187269,GS744,2025,250356.0,154591.0
187270,GS744,2026,0.0,131842.0
187358,GS7444,2021,4629.0,214.0
187359,GS7444,2022,0.0,4377.0
187360,GS7444,2023,9921.0,38.0
187361,GS7444,2024,0.0,4662.0
187362,GS7444,2025,0.0,1555.0
187363,GS7444,2026,21881.0,1000.0
187388,GS7448,2020,5358.0,0.0
187389,GS7448,2021,0.0,5348.0
187390,GS7448,2022,7989.0,7830.0
187391,GS7448,2023,8477.0,0.0
187393,GS7448,2025,0.0,5554.0
187394,GS7448,2026,7180.0,2283.0
187419,GS7449,2020,3016.0,0.0
187420,GS7449,2021,0.0,3010.0
187421,GS7449,2022,10993.0,10774.0
187422,GS7449,2023,13260.0,0.0
187424,GS7449,2025,0.0,6981.0
187425,GS7449,2026,13149.0,3571.0
187451,GS745,2021,155600.0,3110.0
187452,GS745,2022,246347.0,7453.0
187453,GS745,2023,0.0,58027.0
187454,GS745,2024,0.0,37875.0
187455,GS745,2025,0.0,26608.0
187456,GS745,2026,0.0,2849.0
187481,GS7450,2020,8630.0,0.0
187482,GS7450,2021,0.0,8616.0
187483,GS7450,2022,11926.0,11689.0
187484,GS7450,2023,12689.0,0.0
187485,GS7450,2024,0.0,73.0
187486,GS7450,2025,0.0,9020.0
187487,GS7450,2026,9903.0,3417.0
187512,GS7451,2020,3073.0,0.0
187513,GS7451,2021,0.0,3040.0
187514,GS7451,2022,11540.0,9447.0
187515,GS7451,2023,13217.0,3.0
187516,GS7451,2024,0.0,1886.0
187517,GS7451,2025,0.0,9395.0
187518,GS7451,2026,13554.0,3559.0
187543,GS7452,2020,2168.0,0.0
187544,GS7452,2021,0.0,1565.0
187545,GS7452,2022,6572.0,6790.0
187546,GS7452,2023,8052.0,252.0
187547,GS7452,2024,0.0,72.0
187548,GS7452,2025,0.0,5652.0
187549,GS7452,2026,7652.0,2168.0
187576,GS7453,2022,4251.0,4214.0
187577,GS7453,2023,13417.0,0.0
187578,GS7453,2024,0.0,37.0
187579,GS7453,2025,0.0,9537.0
187580,GS7453,2026,14145.0,3613.0
187607,GS7454,2022,5149.0,5112.0
187608,GS7454,2023,13017.0,0.0
187609,GS7454,2024,0.0,37.0
187610,GS7454,2025,0.0,9253.0
187611,GS7454,2026,13760.0,3505.0
187637,GS7456,2021,905.0,905.0
187638,GS7456,2022,2985.0,0.0
187639,GS7456,2023,11203.0,288.0
187640,GS7456,2024,0.0,2403.0
187641,GS7456,2025,0.0,839.0
187642,GS7456,2026,0.0,1038.0
187668,GS7457,2021,674.0,674.0
187669,GS7457,2022,2674.0,0.0
187670,GS7457,2023,9173.0,18.0
187671,GS7457,2024,0.0,2674.0
187672,GS7457,2025,0.0,953.0
187673,GS7457,2026,0.0,1709.0
187699,GS7458,2021,987.0,987.0
187700,GS7458,2022,3454.0,0.0
187701,GS7458,2023,10015.0,81.0
187702,GS7458,2024,0.0,908.0
187703,GS7458,2025,0.0,1818.0
187704,GS7458,2026,0.0,2111.0
187730,GS7459,2021,1651.0,1651.0
187731,GS7459,2022,3221.0,0.0
187732,GS7459,2023,12374.0,40.0
187733,GS7459,2024,0.0,4849.0
187734,GS7459,2025,0.0,6177.0
187735,GS7459,2026,0.0,100.0
187756,GS746,2016,28959.0,0.0
187762,GS746,2022,36219.0,0.0
187792,GS7460,2021,836.0,836.0
187793,GS7460,2022,3426.0,0.0
187794,GS7460,2023,8694.0,43.0
187795,GS7460,2024,0.0,570.0
187796,GS7460,2025,0.0,2870.0
187797,GS7460,2026,0.0,2339.0
187946,GS7465,2020,8699.0,0.0
187947,GS7465,2021,7629.0,0.0
187948,GS7465,2022,0.0,15566.0
187950,GS7465,2024,6574.0,0.0
187951,GS7465,2025,0.0,96.0
187952,GS7465,2026,4434.0,43.0
187977,GS7466,2020,25556.0,25000.0
187978,GS7466,2021,42369.0,39927.0
187979,GS7466,2022,81202.0,41833.0
187980,GS7466,2023,0.0,13780.0
187981,GS7466,2024,38602.0,817.0
187982,GS7466,2025,0.0,226.0
188008,GS7467,2020,24101.0,14850.0
188009,GS7467,2021,0.0,9251.0
188010,GS7467,2022,59478.0,8445.0
188011,GS7467,2023,29719.0,71816.0
188012,GS7467,2024,32440.0,9806.0
188013,GS7467,2025,0.0,17359.0
188014,GS7467,2026,0.0,9160.0
188039,GS7468,2020,487922.0,30200.0
188040,GS7468,2021,669673.0,39692.0
188041,GS7468,2022,682989.0,336904.0
188042,GS7468,2023,0.0,233894.0
188043,GS7468,2024,1124922.0,694474.0
188044,GS7468,2025,881410.0,290510.0
188045,GS7468,2026,276267.0,530206.0
188071,GS7469,2021,194913.0,31471.0
188072,GS7469,2022,107875.0,131126.0
188073,GS7469,2023,0.0,2699.0
188074,GS7469,2024,184220.0,110526.0
188075,GS7469,2025,0.0,2006.0
188076,GS7469,2026,258392.0,313.0
188102,GS7470,2021,2854.0,0.0
188103,GS7470,2022,3025.0,5879.0
188104,GS7470,2023,13323.0,4279.0
188105,GS7470,2024,6354.0,2314.0
188106,GS7470,2025,8719.0,2618.0
188107,GS7470,2026,0.0,726.0
188133,GS7471,2021,3416.0,0.0
188134,GS7471,2022,3313.0,5080.0
188135,GS7471,2023,14382.0,6520.0
188136,GS7471,2024,6177.0,1543.0
188137,GS7471,2025,8531.0,4725.0
188164,GS7472,2021,2982.0,0.0
188165,GS7472,2022,3009.0,4334.0
188166,GS7472,2023,13339.0,5911.0
188167,GS7472,2024,6314.0,146.0
188168,GS7472,2025,9121.0,4568.0
188169,GS7472,2026,2534.0,0.0
188195,GS7473,2021,2433.0,0.0
188196,GS7473,2022,2663.0,3069.0
188197,GS7473,2023,11809.0,5496.0
188198,GS7473,2024,6279.0,457.0
188199,GS7473,2025,11760.0,4227.0
188200,GS7473,2026,2892.0,364.0
188226,GS7474,2021,2795.0,1104.0
188227,GS7474,2022,3302.0,1691.0
188228,GS7474,2023,13494.0,7107.0
188229,GS7474,2024,6564.0,5065.0
188230,GS7474,2025,12068.0,4918.0
188231,GS7474,2026,2574.0,0.0
188257,GS7475,2021,9182.0,7147.0
188258,GS7475,2022,2987.0,2987.0
188259,GS7475,2023,6550.0,1917.0
188260,GS7475,2024,5767.0,4954.0
188261,GS7475,2025,0.0,3389.0
188262,GS7475,2026,0.0,530.0
188288,GS7476,2021,9181.0,3050.0
188289,GS7476,2022,2944.0,6972.0
188290,GS7476,2023,6590.0,1766.0
188291,GS7476,2024,6428.0,6026.0
188292,GS7476,2025,0.0,1878.0
188293,GS7476,2026,0.0,3228.0
188319,GS7477,2021,9083.0,874.0
188320,GS7477,2022,2891.0,8757.0
188321,GS7477,2023,6685.0,1892.0
188322,GS7477,2024,5507.0,5682.0
188323,GS7477,2025,0.0,1412.0
188324,GS7477,2026,0.0,3359.0
188350,GS7478,2021,7908.0,2274.0
188351,GS7478,2022,1178.0,5769.0
188352,GS7478,2023,7837.0,744.0
188353,GS7478,2024,5639.0,4936.0
188354,GS7478,2025,0.0,1820.0
188355,GS7478,2026,0.0,3439.0
188381,GS7479,2021,8255.0,3030.0
188382,GS7479,2022,0.0,5071.0
188383,GS7479,2023,8734.0,422.0
188384,GS7479,2024,6484.0,4912.0
188385,GS7479,2025,0.0,3470.0
188386,GS7479,2026,0.0,3953.0
188407,GS748,2016,4414.0,1266.0
188408,GS748,2017,0.0,18.0
188409,GS748,2018,6436.0,0.0
188410,GS748,2019,0.0,692.0
188411,GS748,2020,3362.0,6173.0
188412,GS748,2021,0.0,5273.0
188413,GS748,2022,0.0,3295.0
188414,GS748,2023,0.0,62.0
188443,GS7480,2021,7477.0,1895.0
188444,GS7480,2022,0.0,5492.0
188445,GS7480,2023,8719.0,2696.0
188446,GS7480,2024,5904.0,2962.0
188447,GS7480,2025,0.0,3019.0
188448,GS7480,2026,0.0,3600.0
188474,GS7481,2021,7201.0,1550.0
188475,GS7481,2022,0.0,253.0
188476,GS7481,2023,8061.0,2330.0
188477,GS7481,2024,6031.0,3313.0
188478,GS7481,2025,0.0,4064.0
188479,GS7481,2026,0.0,1884.0
188505,GS7482,2021,7762.0,6909.0
188506,GS7482,2022,0.0,13.0
188507,GS7482,2023,8862.0,4495.0
188508,GS7482,2024,6822.0,1123.0
188509,GS7482,2025,0.0,3640.0
188510,GS7482,2026,0.0,272.0
188536,GS7483,2021,7066.0,1745.0
188537,GS7483,2022,0.0,4088.0
188538,GS7483,2023,8766.0,3942.0
188539,GS7483,2024,6983.0,2736.0
188540,GS7483,2025,0.0,3270.0
188541,GS7483,2026,0.0,4257.0
188567,GS7484,2021,7061.0,2849.0
188568,GS7484,2022,0.0,2938.0
188569,GS7484,2023,8752.0,1926.0
188570,GS7484,2024,7105.0,2986.0
188571,GS7484,2025,0.0,7756.0
188572,GS7484,2026,0.0,260.0
188756,GS749,2024,6884.0,0.0
188817,GS7491,2023,112859.0,0.0
188819,GS7491,2025,0.0,945.0
188876,GS7493,2020,20295.0,0.0
188877,GS7493,2021,0.0,3049.0
188878,GS7493,2022,0.0,17089.0
188879,GS7493,2023,33836.0,172.0
188880,GS7493,2024,8804.0,80.0
188881,GS7493,2025,15082.0,261.0
188882,GS7493,2026,0.0,1.0
188909,GS7495,2022,98203.0,37769.0
188910,GS7495,2023,0.0,37826.0
188911,GS7495,2024,357352.0,4460.0
188912,GS7495,2025,0.0,86539.0
188913,GS7495,2026,523364.0,27218.0
188941,GS7496,2023,18828.0,0.0
188942,GS7496,2024,0.0,14554.0
188943,GS7496,2025,0.0,4274.0
188974,GS7497,2025,141800.0,779.0
189000,GS7498,2020,21662.0,0.0
189001,GS7498,2021,14407.0,0.0
189002,GS7498,2022,15158.0,0.0
189058,GS750,2016,0.0,81992.0
189059,GS750,2017,168194.0,67213.0
189060,GS750,2018,84022.0,7252.0
189061,GS750,2019,0.0,41000.0
189062,GS750,2020,98181.0,186425.0
189063,GS750,2021,0.0,39218.0
189064,GS750,2022,0.0,93300.0
189065,GS750,2023,0.0,16464.0
189066,GS750,2024,0.0,9916.0
189068,GS750,2026,0.0,200.0
189186,GS7504,2020,16051.0,0.0
189187,GS7504,2021,10676.0,0.0
189188,GS7504,2022,11232.0,0.0
189217,GS7505,2020,56536.0,0.0
189218,GS7505,2021,37644.0,0.0
189219,GS7505,2022,39605.0,0.0
189248,GS7506,2020,11762.0,0.0
189249,GS7506,2021,14703.0,16776.0
189250,GS7506,2022,14447.0,14587.0
189251,GS7506,2023,14332.0,5093.0
189252,GS7506,2024,14769.0,6725.0
189253,GS7506,2025,13377.0,20335.0
189254,GS7506,2026,0.0,12456.0
189279,GS7507,2020,2025.0,0.0
189280,GS7507,2021,14714.0,13633.0
189281,GS7507,2022,14489.0,10708.0
189282,GS7507,2023,14366.0,14859.0
189283,GS7507,2024,14842.0,16958.0
189284,GS7507,2025,13309.0,2750.0
189285,GS7507,2026,0.0,924.0
189310,GS7508,2020,133512.0,0.0
189311,GS7508,2021,51228.0,0.0
189341,GS7509,2020,40943.0,0.0
189342,GS7509,2021,51780.0,0.0
189368,GS751,2016,117437.0,118408.0
189369,GS751,2017,117063.0,112500.0
189370,GS751,2018,104237.0,36309.0
189371,GS751,2019,103000.0,110247.0
189372,GS751,2020,62440.0,120890.0
189373,GS751,2021,62820.0,8033.0
189374,GS751,2022,0.0,43656.0
189375,GS751,2023,114156.0,43797.0
189376,GS751,2024,51739.0,76521.0
189377,GS751,2025,0.0,48117.0
189378,GS751,2026,29396.0,19549.0
189402,GS7510,2019,47992.0,25000.0
189403,GS7510,2020,51078.0,22223.0
189404,GS7510,2021,0.0,44168.0
189405,GS7510,2022,44896.0,10129.0
189406,GS7510,2023,43426.0,40523.0
189407,GS7510,2024,0.0,41026.0
189408,GS7510,2025,32716.0,0.0
189409,GS7510,2026,0.0,16224.0
189434,GS7512,2020,7234.0,0.0
189435,GS7512,2021,6181.0,0.0
189436,GS7512,2022,0.0,12282.0
189437,GS7512,2023,5344.0,0.0
189440,GS7512,2026,2850.0,0.0
189469,GS7513,2024,19026.0,7292.0
189470,GS7513,2025,28476.0,11252.0
189806,GS7524,2020,6210.0,0.0
189807,GS7524,2021,0.0,1748.0
189808,GS7524,2022,6356.0,0.0
189809,GS7524,2023,6239.0,0.0
189810,GS7524,2024,9988.0,1377.0
189811,GS7524,2025,0.0,1255.0
189812,GS7524,2026,8371.0,9918.0
189839,GS7525,2022,940585.0,0.0
189840,GS7525,2023,873597.0,338238.0
189841,GS7525,2024,0.0,602347.0
189842,GS7525,2025,0.0,10000.0
189870,GS7526,2022,74397.0,0.0
189871,GS7526,2023,59011.0,106.0
189872,GS7526,2024,0.0,40389.0
189873,GS7526,2025,0.0,6183.0
189874,GS7526,2026,0.0,2147.0
189904,GS7527,2025,536703.0,0.0
189935,GS7528,2025,25482.0,0.0
189988,GS753,2016,0.0,38738.0
189989,GS753,2017,0.0,57069.0
189990,GS753,2018,362878.0,5329.0
189991,GS753,2019,0.0,110438.0
189992,GS753,2020,0.0,14890.0
189993,GS753,2021,268524.0,169347.0
189994,GS753,2022,0.0,97870.0
189995,GS753,2023,201037.0,45031.0
189996,GS753,2024,0.0,77907.0
189997,GS753,2025,208894.0,109086.0
189998,GS753,2026,159353.0,3527.0
190055,GS7531,2021,9616.0,7000.0
190056,GS7531,2022,8594.0,578.0
190057,GS7531,2023,0.0,9055.0
190058,GS7531,2024,0.0,257.0
190059,GS7531,2025,0.0,1311.0
190086,GS7532,2021,508684.0,67735.0
190087,GS7532,2022,0.0,184267.0
190088,GS7532,2023,539140.0,81334.0
190089,GS7532,2024,415123.0,151512.0
190090,GS7532,2025,222529.0,86317.0
190091,GS7532,2026,335456.0,549606.0
190117,GS7533,2021,176452.0,0.0
190118,GS7533,2022,199937.0,59948.0
190119,GS7533,2023,203508.0,18656.0
190120,GS7533,2024,200865.0,22081.0
190121,GS7533,2025,198496.0,198920.0
190122,GS7533,2026,0.0,92291.0
190149,GS7534,2022,424859.0,3000.0
190150,GS7534,2023,733199.0,106241.0
190151,GS7534,2024,456542.0,303476.0
190152,GS7534,2025,0.0,167824.0
190153,GS7534,2026,0.0,156163.0
190182,GS7535,2024,43140.0,0.0
190183,GS7535,2025,0.0,2048.0
190184,GS7535,2026,0.0,6276.0
190241,GS7538,2021,1529039.0,0.0
190242,GS7538,2022,0.0,307992.0
190243,GS7538,2023,0.0,636198.0
190244,GS7538,2024,0.0,108995.0
190245,GS7538,2025,299425.0,65901.0
190246,GS7538,2026,0.0,227892.0
190271,GS7539,2020,8457.0,0.0
190273,GS7539,2022,7253.0,11298.0
190274,GS7539,2023,5789.0,833.0
190275,GS7539,2024,0.0,1268.0
190276,GS7539,2025,0.0,980.0
190277,GS7539,2026,2812.0,0.0
190306,GS7540,2024,12072.0,4820.0
190308,GS7540,2026,0.0,3882.0
190337,GS7541,2024,7518.0,4180.0
190338,GS7541,2025,0.0,1818.0
190339,GS7541,2026,0.0,1441.0
190427,GS7544,2021,67986.0,20665.0
190428,GS7544,2022,24114.0,5277.0
190429,GS7544,2023,25908.0,40528.0
190430,GS7544,2024,0.0,20067.0
190432,GS7544,2026,0.0,1255.0
190521,GS7547,2022,298871.0,207904.0
190522,GS7547,2023,0.0,57903.0
190523,GS7547,2024,0.0,24728.0
190524,GS7547,2025,0.0,7326.0
190525,GS7547,2026,0.0,678.0
190552,GS7548,2022,58030.0,0.0
190555,GS7548,2025,113457.0,0.0
190556,GS7548,2026,0.0,2267.0
190583,GS7549,2022,112583.0,720.0
190585,GS7549,2024,0.0,5566.0
190586,GS7549,2025,0.0,85252.0
190587,GS7549,2026,106790.0,0.0
190646,GS7550,2023,139728.0,13115.0
190647,GS7550,2024,0.0,30879.0
190648,GS7550,2025,0.0,8810.0
190649,GS7550,2026,0.0,732.0
190676,GS7551,2022,123814.0,0.0
190677,GS7551,2023,0.0,7913.0
190678,GS7551,2024,85607.0,83747.0
190679,GS7551,2025,0.0,19215.0
190680,GS7551,2026,0.0,320.0
190711,GS7552,2026,21516.0,0.0
190737,GS7553,2021,85939.0,0.0
190738,GS7553,2022,0.0,941.0
190739,GS7553,2023,0.0,64947.0
190740,GS7553,2024,0.0,20051.0
190773,GS7554,2026,6239.0,0.0
190830,GS7556,2021,8120.0,8108.0
190831,GS7556,2022,10000.0,10012.0
190832,GS7556,2023,10000.0,10000.0
190834,GS7556,2025,7026.0,6374.0
190863,GS7557,2023,53999.0,10590.0
190864,GS7557,2024,57504.0,10412.0
190865,GS7557,2025,48855.0,19947.0
190866,GS7557,2026,60000.0,73281.0
190949,GS756,2016,39672.0,0.0
191016,GS7561,2021,16021.0,159.0
191017,GS7561,2022,0.0,4297.0
191018,GS7561,2023,0.0,1161.0
191019,GS7561,2024,0.0,6375.0
191020,GS7561,2025,0.0,4029.0
191171,GS7566,2021,10517.0,4921.0
191172,GS7566,2022,9014.0,931.0
191173,GS7566,2023,7765.0,5791.0
191174,GS7566,2024,7815.0,13978.0
191175,GS7566,2025,0.0,5927.0
191176,GS7566,2026,7369.0,2171.0
191203,GS7567,2022,8372.0,1781.0
191204,GS7567,2023,7760.0,0.0
191205,GS7567,2024,7754.0,14925.0
191206,GS7567,2025,0.0,7180.0
191207,GS7567,2026,6926.0,644.0
191295,GS7570,2021,19515.0,0.0
191296,GS7570,2022,0.0,17607.0
191297,GS7570,2023,0.0,1254.0
191298,GS7570,2024,0.0,654.0
191326,GS7571,2021,19515.0,0.0
191327,GS7571,2022,0.0,19311.0
191331,GS7571,2026,0.0,100.0
191358,GS7572,2022,294765.0,30132.0
191359,GS7572,2023,282772.0,137356.0
191360,GS7572,2024,273534.0,87195.0
191361,GS7572,2025,267855.0,248899.0
191362,GS7572,2026,0.0,68103.0
191389,GS7574,2022,3300.0,0.0
191391,GS7574,2024,3326.0,0.0
191392,GS7574,2025,3206.0,280.0
191393,GS7574,2026,3116.0,0.0
191422,GS7575,2024,164721.0,0.0
191449,GS7576,2020,52704.0,40000.0
191450,GS7576,2021,0.0,3615.0
191451,GS7576,2022,40010.0,39644.0
191452,GS7576,2023,43228.0,123.0
191453,GS7576,2024,56657.0,8913.0
191454,GS7576,2025,0.0,39953.0
191548,GS7579,2026,56159.0,0.0
191574,GS7580,2021,2604.0,0.0
191575,GS7580,2022,0.0,2604.0
191576,GS7580,2023,11771.0,0.0
191577,GS7580,2024,6219.0,1806.0
191578,GS7580,2025,0.0,6023.0
191579,GS7580,2026,0.0,617.0
191605,GS7581,2021,3051.0,0.0
191606,GS7581,2022,0.0,3051.0
191607,GS7581,2023,11850.0,0.0
191608,GS7581,2024,6829.0,246.0
191609,GS7581,2025,0.0,6141.0
191610,GS7581,2026,0.0,1155.0
191636,GS7582,2021,2607.0,0.0
191637,GS7582,2022,0.0,2607.0
191638,GS7582,2023,10927.0,3345.0
191639,GS7582,2024,5659.0,0.0
191640,GS7582,2025,0.0,4334.0
191641,GS7582,2026,0.0,108.0
191667,GS7583,2021,2371.0,0.0
191668,GS7583,2022,0.0,2371.0
191669,GS7583,2023,9787.0,5170.0
191670,GS7583,2024,6001.0,2315.0
191671,GS7583,2025,0.0,2131.0
191698,GS7584,2021,2702.0,0.0
191699,GS7584,2022,0.0,2702.0
191700,GS7584,2023,10430.0,4002.0
191701,GS7584,2024,5768.0,5647.0
191702,GS7584,2025,0.0,597.0
191703,GS7584,2026,0.0,7.0
191729,GS7585,2021,2509.0,0.0
191730,GS7585,2022,0.0,2509.0
191731,GS7585,2023,11136.0,0.0
191732,GS7585,2024,5607.0,10382.0
191733,GS7585,2025,0.0,548.0
191791,GS7587,2021,6033.0,2500.0
191792,GS7587,2022,0.0,430.0
191793,GS7587,2023,63693.0,18722.0
191794,GS7587,2024,0.0,13091.0
191795,GS7587,2025,0.0,25839.0
191796,GS7587,2026,0.0,1878.0
191947,GS7592,2022,76868.0,29570.0
191948,GS7592,2023,60000.0,26578.0
191949,GS7592,2024,47860.0,12865.0
191950,GS7592,2025,53816.0,26203.0
191951,GS7592,2026,0.0,57808.0
191978,GS7593,2022,49076.0,3953.0
191979,GS7593,2023,60000.0,27823.0
191980,GS7593,2024,43433.0,33427.0
191981,GS7593,2025,49652.0,14042.0
191982,GS7593,2026,0.0,57031.0
192009,GS7594,2022,11580.0,6055.0
192010,GS7594,2023,43495.0,3140.0
192011,GS7594,2024,49036.0,17217.0
192012,GS7594,2025,49379.0,41045.0
192013,GS7594,2026,0.0,45657.0
192042,GS7595,2024,38096.0,0.0
192043,GS7595,2025,49693.0,37370.0
192044,GS7595,2026,0.0,2157.0
192073,GS7596,2024,22117.0,0.0
192074,GS7596,2025,34499.0,27407.0
192075,GS7596,2026,0.0,10770.0
192258,GS7602,2023,18080.0,8000.0
192259,GS7602,2024,22816.0,20513.0
192260,GS7602,2025,0.0,373.0
192317,GS7604,2020,124661.0,0.0
192318,GS7604,2021,101474.0,31164.0
192319,GS7604,2022,99473.0,24913.0
192320,GS7604,2023,99006.0,29145.0
192321,GS7604,2024,0.0,293441.0
192322,GS7604,2025,0.0,12712.0
192323,GS7604,2026,0.0,22985.0
192348,GS7605,2020,121337.0,0.0
192349,GS7605,2021,99340.0,0.0
192350,GS7605,2022,97419.0,2289.0
192351,GS7605,2023,96895.0,18972.0
192352,GS7605,2024,0.0,205799.0
192353,GS7605,2025,0.0,86111.0
192354,GS7605,2026,0.0,17115.0
192379,GS7606,2020,125723.0,0.0
192380,GS7606,2021,100541.0,9000.0
192381,GS7606,2022,98556.0,19916.0
192382,GS7606,2023,97875.0,39059.0
192383,GS7606,2024,0.0,181112.0
192384,GS7606,2025,0.0,95043.0
192385,GS7606,2026,0.0,14232.0
192506,GS7610,2023,229.0,1.0
192630,GS7614,2023,45213.0,0.0
192631,GS7614,2024,0.0,381.0
192632,GS7614,2025,0.0,1915.0
192633,GS7614,2026,0.0,10576.0
192661,GS7615,2023,35268.0,20705.0
192662,GS7615,2024,0.0,242.0
192664,GS7615,2026,0.0,14321.0
192693,GS7616,2024,276458.0,0.0
192694,GS7616,2025,86057.0,388.0
192695,GS7616,2026,0.0,2106.0
192753,GS7620,2022,133982.0,1382.0
192754,GS7620,2023,0.0,100473.0
192755,GS7620,2024,185410.0,20964.0
192756,GS7620,2025,0.0,11163.0
192757,GS7620,2026,282173.0,0.0
192788,GS7621,2026,262301.0,0.0
192818,GS7622,2025,115278.0,0.0
192847,GS7623,2023,350.0,0.0
192848,GS7623,2024,749.0,0.0
192849,GS7623,2025,0.0,10.0
192850,GS7623,2026,0.0,90.0
192910,GS7625,2024,529270.0,0.0
192941,GS7626,2024,304645.0,0.0
192971,GS7627,2023,186654.0,0.0
192972,GS7627,2024,227399.0,67826.0
192973,GS7627,2025,309019.0,111774.0
192974,GS7627,2026,303160.0,132443.0
193001,GS7628,2022,228537.0,70.0
193002,GS7628,2023,0.0,1260.0
193003,GS7628,2024,100627.0,0.0
193004,GS7628,2025,0.0,480.0
193032,GS7629,2022,180803.0,57.0
193033,GS7629,2023,0.0,1000.0
193034,GS7629,2024,89539.0,962.0
193035,GS7629,2025,0.0,235.0
193063,GS7630,2022,163511.0,0.0
193064,GS7630,2023,0.0,70950.0
193065,GS7630,2024,0.0,695.0
193066,GS7630,2025,81728.0,500.0
193094,GS7631,2022,103497.0,0.0
193098,GS7631,2026,78648.0,0.0
193125,GS7632,2022,169942.0,0.0
193126,GS7632,2023,0.0,1250.0
193127,GS7632,2024,131995.0,92.0
193128,GS7632,2025,0.0,398.0
193156,GS7633,2022,227115.0,0.0
193157,GS7633,2023,0.0,1669.0
193158,GS7633,2024,166007.0,292.0
193159,GS7633,2025,0.0,399.0
193160,GS7633,2026,0.0,38840.0
193220,GS7635,2024,109054.0,0.0
193280,GS7637,2022,89155.0,22075.0
193281,GS7637,2023,56356.0,79719.0
193282,GS7637,2024,55774.0,20449.0
193283,GS7637,2025,70849.0,48856.0
193284,GS7637,2026,0.0,4629.0
193311,GS7638,2022,87447.0,23077.0
193312,GS7638,2023,56519.0,79114.0
193313,GS7638,2024,56879.0,21575.0
193314,GS7638,2025,70849.0,97939.0
193315,GS7638,2026,0.0,7000.0
193342,GS7639,2022,80764.0,84.0
193343,GS7639,2023,56433.0,43924.0
193344,GS7639,2024,53586.0,43630.0
193345,GS7639,2025,70849.0,138963.0
193346,GS7639,2026,0.0,7331.0
193368,GS764,2017,28149.0,0.0
193370,GS764,2019,0.0,333.0
193371,GS764,2020,0.0,228.0
193372,GS764,2021,0.0,5754.0
193373,GS764,2022,58190.0,4062.0
193374,GS764,2023,0.0,18634.0
193375,GS764,2024,0.0,424.0
193376,GS764,2025,37177.0,0.0
193377,GS764,2026,0.0,5499.0
193404,GS7640,2022,69412.0,0.0
193405,GS7640,2023,55508.0,27882.0
193406,GS7640,2024,48378.0,36811.0
193407,GS7640,2025,70849.0,88453.0
193408,GS7640,2026,0.0,30527.0
193435,GS7641,2022,62431.0,15038.0
193436,GS7641,2023,56232.0,22325.0
193437,GS7641,2024,56141.0,17103.0
193438,GS7641,2025,70849.0,149563.0
193439,GS7641,2026,0.0,140.0
193466,GS7642,2022,52887.0,0.0
193467,GS7642,2023,56271.0,1047.0
193468,GS7642,2024,56394.0,33370.0
193469,GS7642,2025,70849.0,122415.0
193470,GS7642,2026,0.0,5638.0
193497,GS7643,2022,49461.0,0.0
193498,GS7643,2023,56245.0,413.0
193499,GS7643,2024,49047.0,1703.0
193500,GS7643,2025,70849.0,136602.0
193501,GS7643,2026,0.0,9786.0
193528,GS7644,2022,22900.0,6291.0
193529,GS7644,2023,55722.0,497.0
193530,GS7644,2024,50453.0,0.0
193531,GS7644,2025,70849.0,112168.0
193532,GS7644,2026,0.0,6625.0
193560,GS7645,2023,22813.0,23.0
193561,GS7645,2024,54219.0,0.0
193562,GS7645,2025,70849.0,90495.0
193563,GS7645,2026,0.0,28428.0
193591,GS7646,2023,13240.0,0.0
193592,GS7646,2024,59488.0,232.0
193593,GS7646,2025,70849.0,115951.0
193594,GS7646,2026,0.0,5638.0
193622,GS7647,2023,2120.0,0.0
193623,GS7647,2024,59914.0,1573.0
193624,GS7647,2025,70849.0,99092.0
193625,GS7647,2026,0.0,5638.0
193654,GS7648,2024,49213.0,0.0
193655,GS7648,2025,70849.0,110124.0
193656,GS7648,2026,0.0,8522.0
193685,GS7649,2024,36402.0,0.0
193686,GS7649,2025,70849.0,100197.0
193687,GS7649,2026,0.0,5638.0
193708,GS765,2016,45707.0,0.0
193709,GS765,2017,43169.0,0.0
193710,GS765,2018,47382.0,0.0
193711,GS765,2019,34025.0,0.0
193712,GS765,2020,29868.0,0.0
193713,GS765,2021,38484.0,0.0
193714,GS765,2022,39960.0,0.0
193747,GS7650,2024,24601.0,0.0
193748,GS7650,2025,70849.0,88396.0
193749,GS7650,2026,0.0,5638.0
193778,GS7651,2024,5362.0,0.0
193779,GS7651,2025,70849.0,23686.0
193780,GS7651,2026,0.0,11169.0
193810,GS7652,2025,167887.0,27420.0
193811,GS7652,2026,130832.0,24140.0
193871,GS7664,2024,867303.0,0.0
193901,GS7666,2023,95845.0,0.0
193903,GS7666,2025,36467.0,0.0
193932,GS7668,2023,49701.0,2135.0
193965,GS7669,2025,140021.0,25010.0
193992,GS7671,2021,6770.0,0.0
193993,GS7671,2022,0.0,2409.0
193994,GS7671,2023,9344.0,2321.0
193995,GS7671,2024,0.0,4182.0
193996,GS7671,2025,4620.0,390.0
193997,GS7671,2026,4876.0,0.0
194023,GS7672,2021,3733.0,0.0
194025,GS7672,2023,8947.0,1226.0
194026,GS7672,2024,0.0,4151.0
194027,GS7672,2025,5137.0,352.0
194028,GS7672,2026,6275.0,4.0
194152,GS7676,2026,70368.0,0.0
194182,GS7677,2025,111345.0,0.0
194213,GS7678,2025,999168.0,0.0
194243,GS7679,2024,119858.0,5000.0
194244,GS7679,2025,0.0,26370.0
194267,GS768,2017,63290.0,0.0
194270,GS768,2020,49560.0,86.0
194271,GS768,2021,10000.0,5054.0
194272,GS768,2022,0.0,4676.0
194273,GS768,2023,71806.0,19877.0
194274,GS768,2024,0.0,9786.0
194275,GS768,2025,0.0,1958.0
194276,GS768,2026,0.0,31.0
194490,GS7686,2023,7924.0,0.0
194521,GS7687,2023,102414.0,46296.0
194522,GS7687,2024,53603.0,83629.0
194523,GS7687,2025,0.0,11147.0
194524,GS7687,2026,69813.0,22944.0
194552,GS7688,2023,74530.0,33988.0
194553,GS7688,2024,54461.0,76586.0
194554,GS7688,2025,0.0,3552.0
194555,GS7688,2026,63206.0,2994.0
194583,GS7689,2023,36317.0,6694.0
194584,GS7689,2024,55560.0,122.0
194585,GS7689,2025,0.0,9060.0
194586,GS7689,2026,65542.0,65550.0
194607,GS769,2016,106580.0,96551.0
194608,GS769,2017,136944.0,71187.0
194609,GS769,2018,169414.0,20052.0
194610,GS769,2019,0.0,170378.0
194611,GS769,2020,379678.0,180139.0
194612,GS769,2021,219578.0,184570.0
194613,GS769,2022,0.0,238116.0
194614,GS769,2023,236881.0,303442.0
194615,GS769,2024,253599.0,263950.0
194616,GS769,2025,293902.0,302307.0
194617,GS769,2026,0.0,1819.0
194646,GS7690,2024,36453.0,0.0
194647,GS7690,2025,0.0,687.0
194648,GS7690,2026,64923.0,43840.0
194677,GS7691,2024,15422.0,0.0
194679,GS7691,2026,65328.0,53001.0
194708,GS7692,2024,36864.0,206.0
194709,GS7692,2025,86658.0,40947.0
194710,GS7692,2026,0.0,4622.0
195608,GS7720,2025,1425294.0,120.0
195639,GS7721,2025,549062.0,0.0
195701,GS7723,2025,831304.0,106895.0
195702,GS7723,2026,0.0,593205.0
195729,GS7724,2022,299414.0,137701.0
195730,GS7724,2023,0.0,23098.0
195731,GS7724,2024,0.0,10175.0
195732,GS7724,2025,465575.0,11421.0
195733,GS7724,2026,0.0,139.0
195791,GS7726,2022,1078700.0,19352.0
195792,GS7726,2023,841554.0,537099.0
195793,GS7726,2024,0.0,526492.0
195794,GS7726,2025,654490.0,596563.0
195795,GS7726,2026,800728.0,157844.0
195823,GS7727,2023,324518.0,0.0
195824,GS7727,2024,0.0,202428.0
195825,GS7727,2025,762904.0,38487.0
195826,GS7727,2026,0.0,108659.0
195887,GS7731,2025,57247.0,24041.0
195888,GS7731,2026,23271.0,0.0
195947,GS7733,2023,124496.0,0.0
195978,GS7734,2023,40411.0,0.0
195979,GS7734,2024,0.0,370.0
196011,GS7735,2025,83177.0,0.0
196043,GS7736,2026,136047.0,0.0
196069,GS7737,2021,24982.0,0.0
196070,GS7737,2022,0.0,267.0
196073,GS7737,2025,54643.0,15706.0
196074,GS7737,2026,0.0,26920.0
196133,GS7739,2023,519489.0,0.0
196134,GS7739,2024,464178.0,379990.0
196135,GS7739,2025,421567.0,2850.0
196136,GS7739,2026,0.0,9326.0
196198,GS7740,2026,201899.0,0.0
196228,GS7741,2025,251465.0,0.0
196259,GS7742,2025,236816.0,0.0
196319,GS7744,2023,158840.0,15421.0
196320,GS7744,2024,0.0,143296.0
196321,GS7744,2025,203552.0,3401.0
196350,GS7745,2023,1125127.0,62693.0
196351,GS7745,2024,1244195.0,138610.0
196352,GS7745,2025,0.0,699080.0
196353,GS7745,2026,0.0,371044.0
196381,GS7746,2023,191319.0,0.0
196382,GS7746,2024,0.0,2193.0
196383,GS7746,2025,0.0,2936.0
196384,GS7746,2026,0.0,800.0
196539,GS7750,2026,349686.0,0.0
196628,GS7754,2022,323794.0,0.0
196629,GS7754,2023,0.0,2143.0
196630,GS7754,2024,0.0,74366.0
196631,GS7754,2025,0.0,28111.0
196632,GS7754,2026,0.0,1096.0
196783,GS7760,2022,373076.0,0.0
196785,GS7760,2024,1292413.0,67000.0
196786,GS7760,2025,1876194.0,53986.0
196787,GS7760,2026,0.0,59572.0
196818,GS7761,2026,1082635.0,0.0
196846,GS7762,2023,61482.0,14723.0
196847,GS7762,2024,79670.0,25384.0
196848,GS7762,2025,23717.0,47685.0
196849,GS7762,2026,0.0,26078.0
196941,GS777,2025,0.0,21.0
197003,GS7775,2025,145705.0,0.0
197058,GS778,2018,0.0,133.0
197059,GS778,2019,0.0,20.0
197061,GS778,2021,0.0,10.0
197062,GS778,2022,0.0,4145.0
197063,GS778,2023,0.0,2131.0
197064,GS778,2024,0.0,1310.0
197065,GS778,2025,0.0,1816.0
197123,GS7783,2021,20320.0,10001.0
197124,GS7783,2022,0.0,5000.0
197125,GS7783,2023,42927.0,4517.0
197126,GS7783,2024,0.0,26148.0
197127,GS7783,2025,64961.0,8472.0
197128,GS7783,2026,0.0,72740.0
197157,GS7784,2024,11664.0,0.0
197251,GS7788,2025,59500.0,0.0
197282,GS7789,2025,186772.0,0.0
197283,GS7789,2026,0.0,16962.0
197376,GS7792,2026,43046.0,0.0
197437,GS7794,2025,34811.0,0.0
197438,GS7794,2026,0.0,2900.0
197624,GS7800,2026,68699.0,2.0
197653,GS7801,2024,592359.0,650.0
197654,GS7801,2025,314506.0,149968.0
197738,GS784,2016,0.0,3047.0
197739,GS784,2017,0.0,134.0
197740,GS784,2018,0.0,332.0
197741,GS784,2019,0.0,331.0
197742,GS784,2020,0.0,1299.0
197747,GS784,2025,0.0,2643.0
198111,GS813,2017,7609.0,0.0
198114,GS813,2020,0.0,10210.0
198115,GS813,2021,0.0,151.0
198117,GS813,2023,7073.0,46.0
198118,GS813,2024,0.0,3911.0
198119,GS813,2025,0.0,5635.0
198120,GS813,2026,0.0,1345.0
198141,GS814,2016,5906.0,0.0
198142,GS814,2017,10223.0,0.0
198143,GS814,2018,0.0,117.0
198144,GS814,2019,4634.0,0.0
198145,GS814,2020,0.0,16205.0
198146,GS814,2021,0.0,204.0
198147,GS814,2022,0.0,45.0
198148,GS814,2023,0.0,47.0
198149,GS814,2024,0.0,5118.0
198150,GS814,2025,0.0,4542.0
198172,GS816,2016,344453.0,51669.0
198173,GS816,2017,0.0,34942.0
198174,GS816,2018,403138.0,191894.0
198175,GS816,2019,328253.0,116424.0
198176,GS816,2020,0.0,145236.0
198177,GS816,2021,0.0,229077.0
198178,GS816,2022,0.0,203432.0
198179,GS816,2023,0.0,45687.0
198180,GS816,2024,0.0,13515.0
198181,GS816,2025,0.0,14769.0
198182,GS816,2026,0.0,3906.0
198203,GS817,2016,4571.0,91.0
198204,GS817,2017,4281.0,93.0
198206,GS817,2019,8607.0,0.0
198207,GS817,2020,0.0,16115.0
198208,GS817,2021,6384.0,0.0
198209,GS817,2022,0.0,122.0
198210,GS817,2023,0.0,175.0
198212,GS817,2025,0.0,22976.0
198213,GS817,2026,0.0,394.0
198265,GS824,2016,0.0,8746.0
198267,GS824,2018,108587.0,10643.0
198268,GS824,2019,0.0,55422.0
198269,GS824,2020,0.0,21261.0
198270,GS824,2021,0.0,17132.0
198271,GS824,2022,0.0,29884.0
198272,GS824,2023,0.0,7713.0
198273,GS824,2024,0.0,1840.0
198274,GS824,2025,0.0,32.0
198275,GS824,2026,0.0,935.0
198296,GS825,2016,0.0,11.0
198297,GS825,2017,4935.0,40.0
198299,GS825,2019,0.0,71.0
198300,GS825,2020,0.0,1903.0
198301,GS825,2021,0.0,3252.0
198302,GS825,2022,0.0,53.0
198303,GS825,2023,0.0,343.0
198304,GS825,2024,0.0,1386.0
198361,GS827,2019,0.0,52.0
198362,GS827,2020,0.0,1609.0
198363,GS827,2021,0.0,1211.0
198364,GS827,2022,0.0,1036.0
198366,GS827,2024,0.0,118.0
198392,GS828,2019,223819.0,0.0
198394,GS828,2021,78348.0,0.0
198395,GS828,2022,138327.0,0.0
198396,GS828,2023,139644.0,27190.0
198397,GS828,2024,0.0,81164.0
198398,GS828,2025,73237.0,51429.0
198399,GS828,2026,32437.0,12050.0
198454,GS832,2019,18001.0,18192.0
198455,GS832,2020,0.0,90.0
198457,GS832,2022,0.0,269.0
198513,GS835,2016,25763.0,35000.0
198514,GS835,2017,0.0,22695.0
198515,GS835,2018,25659.0,0.0
198516,GS835,2019,10282.0,385.0
198517,GS835,2020,14216.0,21179.0
198518,GS835,2021,16636.0,30056.0
198519,GS835,2022,0.0,12779.0
198520,GS835,2023,12202.0,18796.0
198521,GS835,2024,18213.0,67.0
198522,GS835,2025,0.0,26224.0
198523,GS835,2026,0.0,17.0
198545,GS836,2017,0.0,1180.0
198582,GS840,2023,7884.0,0.0
198637,GS843,2016,0.0,36570.0
198638,GS843,2017,48632.0,21722.0
198639,GS843,2018,0.0,3840.0
198640,GS843,2019,0.0,29084.0
198643,GS843,2022,0.0,4686.0
198645,GS843,2024,0.0,3959.0
198647,GS843,2026,0.0,600.0
198677,GS845,2025,104936.0,0.0
198792,GS849,2016,32749.0,0.0
198797,GS849,2021,52229.0,0.0
198799,GS849,2023,23605.0,9841.0
198800,GS849,2024,0.0,7813.0
198801,GS849,2025,0.0,3043.0
198802,GS849,2026,0.0,169.0
198823,GS850,2016,0.0,25780.0
198824,GS850,2017,0.0,25944.0
198825,GS850,2018,39449.0,11071.0
198826,GS850,2019,0.0,10593.0
198827,GS850,2020,0.0,24448.0
198828,GS850,2021,0.0,22706.0
198829,GS850,2022,0.0,2849.0
198830,GS850,2023,0.0,2043.0
198832,GS850,2025,0.0,222.0
198833,GS850,2026,0.0,500.0
198886,GS854,2017,0.0,25377.0
198887,GS854,2018,0.0,36125.0
198888,GS854,2019,0.0,37279.0
198889,GS854,2020,110982.0,47076.0
198890,GS854,2021,0.0,51880.0
198891,GS854,2022,0.0,14921.0
198892,GS854,2023,146531.0,15161.0
198893,GS854,2024,0.0,25714.0
198894,GS854,2025,0.0,650.0
198895,GS854,2026,0.0,1500.0
198916,GS858,2016,66831.0,0.0
198920,GS858,2020,70671.0,74.0
198921,GS858,2021,0.0,1695.0
198922,GS858,2022,660.0,2014.0
198923,GS858,2023,0.0,2878.0
198925,GS858,2025,0.0,319.0
198926,GS858,2026,0.0,14.0
199257,GS872,2016,0.0,2679.0
199258,GS872,2017,46169.0,9798.0
199259,GS872,2018,0.0,36778.0
199260,GS872,2019,0.0,2943.0
199261,GS872,2020,0.0,480.0
199262,GS872,2021,0.0,16.0
199263,GS872,2022,0.0,3604.0
199264,GS872,2023,0.0,1644.0
199266,GS872,2025,16311.0,0.0
199267,GS872,2026,0.0,8.0
199412,GS879,2016,59274.0,77831.0
199413,GS879,2017,87353.0,29419.0
199414,GS879,2018,109698.0,51126.0
199415,GS879,2019,0.0,101431.0
199416,GS879,2020,276173.0,89467.0
199417,GS879,2021,0.0,134100.0
199418,GS879,2022,162894.0,181732.0
199419,GS879,2023,422248.0,250316.0
199420,GS879,2024,289372.0,267326.0
199421,GS879,2025,0.0,221440.0
199422,GS879,2026,306908.0,3603.0
199444,GS880,2017,3430.0,0.0
199446,GS880,2019,8349.0,0.0
199447,GS880,2020,0.0,3202.0
199448,GS880,2021,0.0,3272.0
199449,GS880,2022,0.0,3085.0
199450,GS880,2023,0.0,2141.0
199451,GS880,2024,0.0,79.0
199474,GS883,2016,0.0,3352.0
199475,GS883,2017,27679.0,508.0
199476,GS883,2018,0.0,16668.0
199477,GS883,2019,0.0,31218.0
199478,GS883,2020,0.0,254.0
199479,GS883,2021,0.0,15.0
199480,GS883,2022,0.0,3396.0
199481,GS883,2023,0.0,1.0
199536,GS886,2016,0.0,485680.0
199537,GS886,2017,0.0,364726.0
199538,GS886,2018,0.0,408356.0
199539,GS886,2019,0.0,316741.0
199540,GS886,2020,0.0,177242.0
199541,GS886,2021,0.0,7924.0
199542,GS886,2022,0.0,7582.0
199543,GS886,2023,0.0,45958.0
199544,GS886,2024,0.0,123.0
199545,GS886,2025,0.0,317.0
199546,GS886,2026,0.0,322.0
199567,GS887,2016,0.0,18840.0
199569,GS887,2018,0.0,7199.0
199570,GS887,2019,0.0,12264.0
199571,GS887,2020,0.0,776.0
199574,GS887,2023,0.0,1.0
199722,GS905,2016,0.0,16144.0
199723,GS905,2017,0.0,12.0
199724,GS905,2018,566318.0,1939.0
199725,GS905,2019,0.0,6668.0
199726,GS905,2020,0.0,33571.0
199727,GS905,2021,0.0,205528.0
199728,GS905,2022,529365.0,207811.0
199729,GS905,2023,276056.0,241172.0
199730,GS905,2024,272893.0,282653.0
199731,GS905,2025,0.0,143642.0
199732,GS905,2026,290808.0,22394.0
199753,GS906,2016,48648.0,86365.0
199754,GS906,2017,0.0,76408.0
199755,GS906,2018,0.0,16315.0
199756,GS906,2019,88963.0,3379.0
199757,GS906,2020,0.0,20618.0
199758,GS906,2021,0.0,45228.0
199759,GS906,2022,0.0,1555.0
199760,GS906,2023,0.0,19882.0
199761,GS906,2024,141189.0,1424.0
199763,GS906,2026,0.0,700.0
199877,GS913,2016,24777.0,0.0
199878,GS913,2017,27560.0,0.0
199879,GS913,2018,28930.0,0.0
199880,GS913,2019,28654.0,0.0
199881,GS913,2020,26239.0,0.0
199883,GS913,2022,50632.0,24749.0
199884,GS913,2023,24568.0,567.0
199886,GS913,2025,19060.0,19655.0
199887,GS913,2026,0.0,4827.0
199940,GS917,2017,95664.0,30000.0
199941,GS917,2018,0.0,11058.0
199942,GS917,2019,0.0,809.0
199943,GS917,2020,0.0,53797.0
199971,GS918,2017,0.0,2303.0
199972,GS918,2018,0.0,133.0
199973,GS918,2019,0.0,87.0
199976,GS918,2022,0.0,3422.0
200003,GS922,2018,9195.0,6695.0
200004,GS922,2019,0.0,1086.0
200005,GS922,2020,28992.0,171.0
200006,GS922,2021,12972.0,1395.0
200007,GS922,2022,0.0,10496.0
200008,GS922,2023,0.0,5229.0
200009,GS922,2024,0.0,11170.0
200010,GS922,2025,0.0,427.0
200011,GS922,2026,0.0,80.0
200218,GS931,2016,0.0,16.0
200219,GS931,2017,0.0,981.0
200220,GS931,2018,0.0,9596.0
200221,GS931,2019,0.0,155709.0
200222,GS931,2020,0.0,44306.0
200223,GS931,2021,174463.0,47817.0
200224,GS931,2022,0.0,18059.0
200225,GS931,2023,0.0,28111.0
200226,GS931,2024,0.0,7164.0
200227,GS931,2025,0.0,1318.0
200228,GS931,2026,0.0,1904.0
200250,GS935,2017,0.0,5213.0
200251,GS935,2018,0.0,57804.0
200252,GS935,2019,0.0,62375.0
200253,GS935,2020,288074.0,80020.0
200254,GS935,2021,0.0,114700.0
200255,GS935,2022,330393.0,114298.0
200256,GS935,2023,0.0,34475.0
200257,GS935,2024,0.0,40948.0
200258,GS935,2025,346560.0,634.0
200259,GS935,2026,0.0,12730.0
200311,GS939,2016,2791.0,0.0
200313,GS939,2018,5354.0,0.0
200314,GS939,2019,6611.0,0.0
200318,GS939,2023,7271.0,0.0
200320,GS939,2025,7222.0,9.0
200321,GS939,2026,0.0,1117.0
200373,GS947,2016,0.0,4731.0
200374,GS947,2017,0.0,10512.0
200375,GS947,2018,0.0,38311.0
200376,GS947,2019,0.0,48783.0
200377,GS947,2020,120867.0,34801.0
200378,GS947,2021,0.0,45249.0
200379,GS947,2022,0.0,17515.0
200380,GS947,2023,0.0,43316.0
200381,GS947,2024,85883.0,11566.0
200383,GS947,2026,0.0,1000.0
200404,GS949,2016,975704.0,139763.0
200405,GS949,2017,0.0,84673.0
200406,GS949,2018,0.0,276354.0
200407,GS949,2019,0.0,504496.0
200408,GS949,2020,0.0,197593.0
200409,GS949,2021,0.0,156283.0
200410,GS949,2022,0.0,36184.0
200411,GS949,2023,0.0,23159.0
200412,GS949,2024,0.0,135.0
200413,GS949,2025,0.0,25593.0
200414,GS949,2026,0.0,42113.0
200436,GS950,2017,0.0,5000.0
200437,GS950,2018,0.0,200.0
200438,GS950,2019,0.0,20420.0
200439,GS950,2020,192477.0,106778.0
200440,GS950,2021,0.0,72030.0
200441,GS950,2022,0.0,38789.0
200442,GS950,2023,0.0,26645.0
200443,GS950,2024,0.0,3806.0
200444,GS950,2025,103134.0,12736.0
200445,GS950,2026,0.0,10000.0
200528,GS955,2016,0.0,296.0
200529,GS955,2017,0.0,3138.0
200531,GS955,2019,0.0,801.0
200535,GS955,2023,110256.0,0.0
200536,GS955,2024,0.0,11165.0
200537,GS955,2025,0.0,88397.0
200538,GS955,2026,0.0,38286.0
200622,GS961,2017,55161.0,0.0
200631,GS961,2026,24660.0,0.0
200652,GS963,2016,0.0,61841.0
200654,GS963,2018,31674.0,12381.0
200656,GS963,2020,0.0,67708.0
200657,GS963,2021,0.0,25983.0
200660,GS963,2024,107570.0,0.0
200683,GS966,2016,0.0,179736.0
200684,GS966,2017,622032.0,307293.0
200685,GS966,2018,0.0,300518.0
200686,GS966,2019,0.0,177013.0
200687,GS966,2020,0.0,33732.0
200688,GS966,2021,0.0,174548.0
200689,GS966,2022,0.0,18126.0
200690,GS966,2023,0.0,47882.0
200691,GS966,2024,0.0,6621.0
200692,GS966,2025,0.0,6792.0
200693,GS966,2026,0.0,1863.0
200776,GS971,2016,262436.0,247503.0
200777,GS971,2017,0.0,150586.0
200778,GS971,2018,0.0,122560.0
200779,GS971,2019,745690.0,3204.0
200780,GS971,2020,0.0,183139.0
200781,GS971,2021,0.0,419473.0
200782,GS971,2022,0.0,38102.0
200783,GS971,2023,0.0,1007.0
200784,GS971,2024,0.0,2862.0
200785,GS971,2025,875574.0,19858.0
200786,GS971,2026,0.0,1501.0
200869,GS976,2016,36931.0,4782.0
200870,GS976,2017,18289.0,33859.0
200871,GS976,2018,0.0,35234.0
200872,GS976,2019,48380.0,39402.0
200873,GS976,2020,0.0,3666.0
200874,GS976,2021,0.0,57825.0
200875,GS976,2022,0.0,888.0
200876,GS976,2023,0.0,78.0
200879,GS976,2026,0.0,300.0
200900,GS977,2016,14780.0,1289.0
200901,GS977,2017,1481.0,5940.0
200902,GS977,2018,0.0,322.0
200904,GS977,2020,0.0,4837.0
200905,GS977,2021,0.0,505.0
200906,GS977,2022,0.0,3368.0
200932,GS978,2017,14841.0,2747.0
200934,GS978,2019,0.0,3000.0
200935,GS978,2020,0.0,2790.0
200936,GS978,2021,0.0,4345.0
200938,GS978,2023,0.0,630.0
200939,GS978,2024,0.0,892.0
201000,GS980,2023,23121.0,4574.0
201001,GS980,2024,9077.0,9077.0
201003,GS980,2026,13607.0,13607.0
201055,GS986,2016,0.0,1706.0
201056,GS986,2017,0.0,567.0
201058,GS986,2019,0.0,481.0
201059,GS986,2020,0.0,304.0
201065,GS986,2026,0.0,24.0
201086,GS987,2016,0.0,974.0
201096,GS987,2026,0.0,19.0
201117,GS988,2016,0.0,6767.0
201118,GS988,2017,3951.0,11849.0
201119,GS988,2018,6406.0,417.0
201120,GS988,2019,0.0,14252.0
201124,GS988,2023,0.0,205.0
201127,GS988,2026,0.0,380.0
201148,GS989,2016,2889.0,0.0
201149,GS989,2017,2277.0,10997.0
201150,GS989,2018,1067.0,7034.0
201151,GS989,2019,0.0,3560.0
201155,GS989,2023,0.0,65.0
201158,GS989,2026,0.0,213.0
201210,GS991,2016,0.0,27.0
201241,GS992,2016,3466.0,6575.0
201242,GS992,2017,1740.0,11755.0
201243,GS992,2018,0.0,25.0
201244,GS992,2019,0.0,85.0
201248,GS992,2023,0.0,34.0
201251,GS992,2026,0.0,268.0
201272,GS993,2016,4731.0,539.0
201273,GS993,2017,3029.0,7988.0
201274,GS993,2018,4557.0,4161.0
201275,GS993,2019,0.0,11060.0
201276,GS993,2020,0.0,1280.0
201277,GS993,2021,0.0,312.0
201278,GS993,2022,0.0,40.0
201279,GS993,2023,0.0,150.0
201282,GS993,2026,0.0,226.0
201304,GS997,2017,10987.0,8711.0
201305,GS997,2018,0.0,991.0
201306,GS997,2019,11748.0,8566.0
201307,GS997,2020,0.0,3876.0
201308,GS997,2021,0.0,393.0
201309,GS997,2022,12207.0,12404.0
201310,GS997,2023,0.0,10.0
201311,GS997,2024,11961.0,0.0
201529,ISOprj_1H502CZZH1S0VMYW,2025,3256.804,1649.0
201530,ISOprj_1H502CZZH1S0VMYW,2026,1499.721,410.0
201561,ISOprj_1HCHT9G2H1S05MYP,2026,2.959,1.0
201589,ISOprj_1HHYZFVGW1S044ZY,2023,1373.157,0.0
201590,ISOprj_1HHYZFVGW1S044ZY,2024,10206.875,3375.0
201591,ISOprj_1HHYZFVGW1S044ZY,2025,24325.941,4903.775
201592,ISOprj_1HHYZFVGW1S044ZY,2026,32919.556,8173.917
201621,ISOprj_1HZSSWBQM1S08H83,2024,105.065,70.04
201622,ISOprj_1HZSSWBQM1S08H83,2025,4340.492,2837.496
201623,ISOprj_1HZSSWBQM1S08H83,2026,3665.405,2192.082
201652,ISOprj_1J4P33N6W1S0RKE2,2024,882.916,500.0
201653,ISOprj_1J4P33N6W1S0RKE2,2025,9560.393,3089.0
201654,ISOprj_1J4P33N6W1S0RKE2,2026,8978.884,9648.05
201683,ISOprj_1J7NQMR9V1S04P0D,2024,230.819,0.0
201684,ISOprj_1J7NQMR9V1S04P0D,2025,0.0,81.025
201685,ISOprj_1J7NQMR9V1S04P0D,2026,150.812,0.0
201777,ISOprj_1JFA3YY9P1S0YVKR,2025,467.377,151.0
201778,ISOprj_1JFA3YY9P1S0YVKR,2026,879.849,129.0
201809,ISOprj_1JKR5RQG81S0Y2CZ,2026,492.4,100.0
201870,ISOprj_1JN6XNWDQ1S0BSN7,2025,3.449,3.449
201871,ISOprj_1JN6XNWDQ1S0BSN7,2026,46.768,0.0
201963,ISOprj_1JQ775W7D1S0WYSA,2025,313.57,0.0
202025,ISOprj_1JQEQKCF91S06HAJ,2025,347.34,63.0
202026,ISOprj_1JQEQKCF91S06HAJ,2026,1041.306,260.619
202181,ISOprj_1JWX91R5E1S00PN0,2026,4.87,0.0
202211,ISOprj_1JXCRW5ST1S0EEKH,2025,2981.463,2000.0
202212,ISOprj_1JXCRW5ST1S0EEKH,2026,3847.144,885.0
202243,ISOprj_1JY1YXDBS1S01Y05,2026,12086.289,1246.004
202273,ISOprj_1JYCV03BW1S0RTE5,2025,216.923,0.0
202274,ISOprj_1JYCV03BW1S0RTE5,2026,2710.062,0.0
202398,ISOprj_1JZ0ZD3JN1S0SHW9,2026,46.001,46.0
202429,ISOprj_1JZJY8NY61S0RH07,2026,6448.34,919.0
202522,ISOprj_1K10D531D1S0DEV9,2026,200.851,44.3
202677,ISOprj_1K39D0N8S1S0TMKX,2026,75.156,23.002
202708,ISOprj_1K3MGXD4A1S0S3H8,2026,316.089,0.0
202738,ISOprj_1K3S0527T1S0KYXT,2025,48.539,0.0
202770,ISOprj_1K3VWSDS61S0QKV7,2026,1.44,0.0
203018,ISOprj_1K7HK8Q4S1S0D4W4,2026,418.869,0.0
203173,ISOprj_1KA95092G1S093EM,2026,21771.53,0.0
203235,ISOprj_1KC8T0EGS1S0H36R,2026,5.488,0.0
203328,ISOprj_1KESD32TS1S0ZHGV,2026,2765.471,0.0
203359,ISOprj_1KFDNVSDZ1S0QA39,2026,103.467,60.0
203545,ISOprj_1KP390EAC1S0WTMV,2026,6004.706,0.0
203638,ISOprj_1KRAVH8Y81S0WQ8Z,2026,2089.21,0.0
203722,VCS1,2017,0.0,34.0
203752,VCS10,2016,0.0,1619.0
203753,VCS10,2017,0.0,1188.0
203754,VCS10,2018,0.0,323069.0
203755,VCS10,2019,0.0,246009.0
203756,VCS10,2020,0.0,511533.0
203757,VCS10,2021,4586251.0,1236799.0
203758,VCS10,2022,0.0,1180745.0
203759,VCS10,2023,0.0,636543.0
203760,VCS10,2024,0.0,979080.0
203761,VCS10,2025,0.0,229542.0
203762,VCS10,2026,20408.0,328152.0
203848,VCS1001,2019,224584.0,0.0
203849,VCS1001,2020,163963.0,113886.0
203850,VCS1001,2021,0.0,37950.0
203851,VCS1001,2022,146593.0,146593.0
203852,VCS1001,2023,121378.0,8991.0
203853,VCS1001,2024,0.0,142547.0
203854,VCS1001,2025,0.0,33538.0
203855,VCS1001,2026,0.0,87137.0
203878,VCS1002,2018,1197415.0,82156.0
203879,VCS1002,2019,1403568.0,425387.0
203880,VCS1002,2020,0.0,846525.0
203881,VCS1002,2021,0.0,652476.0
203882,VCS1002,2022,0.0,209593.0
203883,VCS1002,2023,0.0,125234.0
203884,VCS1002,2024,0.0,9230.0
203885,VCS1002,2025,0.0,26603.0
203886,VCS1002,2026,0.0,3515.0
203970,VCS1006,2017,7092.0,0.0
204099,VCS101,2022,0.0,14.0
204195,VCS1012,2025,15827.0,0.0
204286,VCS1015,2023,78003.0,0.0
204287,VCS1015,2024,0.0,9526.0
204288,VCS1015,2025,0.0,39472.0
204289,VCS1015,2026,0.0,500.0
204372,VCS1018,2016,0.0,13607.0
204379,VCS1018,2023,0.0,805.0
204404,VCS1019,2017,0.0,121464.0
204405,VCS1019,2018,0.0,7963.0
204406,VCS1019,2019,0.0,3925.0
204407,VCS1019,2020,0.0,6559.0
204408,VCS1019,2021,583539.0,1818.0
204409,VCS1019,2022,191901.0,0.0
204410,VCS1019,2023,0.0,390268.0
204411,VCS1019,2024,0.0,385172.0
204465,VCS1020,2016,85543.0,0.0
204467,VCS1020,2018,0.0,58218.0
204468,VCS1020,2019,69647.0,72879.0
204469,VCS1020,2020,0.0,24093.0
204470,VCS1020,2021,54716.0,0.0
204471,VCS1020,2022,0.0,6254.0
204472,VCS1020,2023,25941.0,6661.0
204473,VCS1020,2024,0.0,9382.0
204474,VCS1020,2025,0.0,3999.0
204475,VCS1020,2026,0.0,6989.0
204501,VCS1021,2021,34931.0,25.0
204502,VCS1021,2022,9721.0,44627.0
204504,VCS1021,2024,2505.0,0.0
204506,VCS1021,2026,0.0,2505.0
204532,VCS1022,2021,30265.0,828.0
204533,VCS1022,2022,0.0,6920.0
204534,VCS1022,2023,0.0,19478.0
204535,VCS1022,2024,2373.0,0.0
204536,VCS1022,2025,0.0,3039.0
204537,VCS1022,2026,0.0,2373.0
204558,VCS1023,2016,24102.0,32216.0
204559,VCS1023,2017,0.0,282.0
204563,VCS1023,2021,72758.0,1839.0
204564,VCS1023,2022,39022.0,47848.0
204565,VCS1023,2023,0.0,50830.0
204566,VCS1023,2024,6991.0,0.0
204567,VCS1023,2025,0.0,100.0
204568,VCS1023,2026,0.0,2735.0
204594,VCS1024,2021,42653.0,1026.0
204595,VCS1024,2022,11937.0,14155.0
204596,VCS1024,2023,0.0,32121.0
204597,VCS1024,2024,3695.0,5853.0
204599,VCS1024,2026,0.0,5082.0
204651,VCS1026,2016,32149.0,0.0
204654,VCS1026,2019,24078.0,56227.0
204657,VCS1026,2022,19423.0,554.0
204658,VCS1026,2023,5066.0,2069.0
204659,VCS1026,2024,0.0,16380.0
204660,VCS1026,2025,14350.0,374.0
204661,VCS1026,2026,0.0,19416.0
204720,VCS1028,2023,0.0,9244.0
204781,VCS103,2022,111050.0,0.0
204782,VCS103,2023,0.0,107795.0
204837,VCS1031,2016,0.0,265.0
204838,VCS1031,2017,0.0,83.0
204839,VCS1031,2018,0.0,201.0
204840,VCS1031,2019,0.0,200.0
204841,VCS1031,2020,0.0,1670.0
204843,VCS1031,2022,254428.0,0.0
204844,VCS1031,2023,0.0,10814.0
204845,VCS1031,2024,324208.0,205145.0
204846,VCS1031,2025,0.0,331101.0
204847,VCS1031,2026,0.0,23452.0
204868,VCS1032,2016,0.0,20110.0
204869,VCS1032,2017,0.0,19890.0
204872,VCS1032,2020,214696.0,0.0
204874,VCS1032,2022,18534.0,11804.0
204875,VCS1032,2023,0.0,64.0
204876,VCS1032,2024,0.0,2035.0
204877,VCS1032,2025,0.0,21896.0
204878,VCS1032,2026,0.0,2099.0
204930,VCS1034,2016,0.0,89941.0
204931,VCS1034,2017,0.0,1232.0
204963,VCS1035,2018,0.0,2495.0
204964,VCS1035,2019,0.0,2495.0
204968,VCS1035,2023,0.0,7659.0
204993,VCS1036,2017,0.0,4646.0
204994,VCS1036,2018,0.0,7737.0
204995,VCS1036,2019,279976.0,111155.0
204996,VCS1036,2020,0.0,48974.0
204997,VCS1036,2021,0.0,7206.0
204998,VCS1036,2022,0.0,36766.0
204999,VCS1036,2023,0.0,26984.0
205000,VCS1036,2024,0.0,48891.0
205028,VCS1037,2021,0.0,122728.0
205029,VCS1037,2022,2165354.0,1860895.0
205030,VCS1037,2023,0.0,4344.0
205031,VCS1037,2024,0.0,48711.0
205032,VCS1037,2025,0.0,245168.0
205033,VCS1037,2026,0.0,5519.0
205054,VCS1038,2016,0.0,5509.0
205055,VCS1038,2017,0.0,2163.0
205056,VCS1038,2018,0.0,6987.0
205057,VCS1038,2019,0.0,2501.0
205058,VCS1038,2020,0.0,15427.0
205059,VCS1038,2021,0.0,10.0
205060,VCS1038,2022,0.0,393.0
205063,VCS1038,2025,0.0,10.0
205064,VCS1038,2026,0.0,2.0
205092,VCS1039,2023,573751.0,109.0
205148,VCS1040,2017,0.0,6123.0
205149,VCS1040,2018,0.0,1000.0
205180,VCS1041,2018,0.0,122176.0
205184,VCS1041,2022,467156.0,4000.0
205185,VCS1041,2023,0.0,74340.0
205186,VCS1041,2024,0.0,90504.0
205187,VCS1041,2025,0.0,177004.0
205188,VCS1041,2026,0.0,62180.0
205209,VCS1042,2016,0.0,6655.0
205210,VCS1042,2017,0.0,67810.0
205211,VCS1042,2018,0.0,577.0
205212,VCS1042,2019,0.0,527.0
205213,VCS1042,2020,0.0,186.0
205216,VCS1042,2023,345162.0,0.0
205217,VCS1042,2024,0.0,44042.0
205218,VCS1042,2025,0.0,209242.0
205219,VCS1042,2026,0.0,25543.0
205242,VCS1043,2018,0.0,120316.0
205247,VCS1043,2023,308513.0,0.0
205248,VCS1043,2024,0.0,137244.0
205249,VCS1043,2025,0.0,8475.0
205250,VCS1043,2026,0.0,14590.0
205276,VCS1044,2021,0.0,21775.0
205277,VCS1044,2022,0.0,1642.0
205278,VCS1044,2023,0.0,26602.0
205279,VCS1044,2024,0.0,2732.0
205280,VCS1044,2025,0.0,8467.0
205302,VCS1045,2016,0.0,2323.0
205303,VCS1045,2017,0.0,2027.0
205308,VCS1045,2022,312987.0,173393.0
205309,VCS1045,2023,39158.0,8743.0
205310,VCS1045,2024,37843.0,30070.0
205311,VCS1045,2025,0.0,28459.0
205312,VCS1045,2026,0.0,89938.0
205489,VCS1050,2017,46060.0,0.0
205493,VCS1050,2021,0.0,46060.0
205495,VCS1050,2023,51948.0,0.0
205496,VCS1050,2024,90651.0,486.0
205497,VCS1050,2025,49061.0,44489.0
205498,VCS1050,2026,0.0,946.0
205519,VCS1051,2016,0.0,276.0
205520,VCS1051,2017,0.0,299.0
205526,VCS1051,2023,91909.0,0.0
205553,VCS1052,2019,56209.0,564.0
205555,VCS1052,2021,0.0,55632.0
205559,VCS1052,2025,556706.0,0.0
205614,VCS1054,2018,17561.0,17561.0
205648,VCS1055,2021,990978.0,157210.0
205649,VCS1055,2022,0.0,508251.0
205650,VCS1055,2023,0.0,409340.0
205651,VCS1055,2024,0.0,126583.0
205653,VCS1055,2026,0.0,175137.0
205675,VCS1056,2017,0.0,20000.0
205676,VCS1056,2018,0.0,48531.0
205804,VCS106,2022,0.0,1.0
205829,VCS1060,2016,32401.0,0.0
205830,VCS1060,2017,12887.0,0.0
205831,VCS1060,2018,32393.0,0.0
205832,VCS1060,2019,33668.0,38206.0
205834,VCS1060,2021,49530.0,32393.0
205835,VCS1060,2022,0.0,38111.0
205836,VCS1060,2023,31464.0,0.0
205837,VCS1060,2024,0.0,656.0
205838,VCS1060,2025,0.0,52169.0
205866,VCS1061,2022,0.0,6.0
205867,VCS1061,2023,0.0,126.0
205868,VCS1061,2024,0.0,130.0
205869,VCS1061,2025,0.0,1793.0
205922,VCS1063,2016,0.0,31857.0
205926,VCS1063,2020,0.0,23274.0
205928,VCS1063,2022,0.0,7405.0
206018,VCS1066,2019,0.0,35700.0
206020,VCS1066,2021,179860.0,70.0
206022,VCS1066,2023,96676.0,164257.0
206023,VCS1066,2024,0.0,34759.0
206046,VCS1067,2016,416745.0,70779.0
206047,VCS1067,2017,0.0,20714.0
206048,VCS1067,2018,418096.0,31831.0
206049,VCS1067,2019,1700599.0,34364.0
206050,VCS1067,2020,0.0,187277.0
206051,VCS1067,2021,745894.0,403000.0
206052,VCS1067,2022,781606.0,356108.0
206053,VCS1067,2023,0.0,2009990.0
206054,VCS1067,2024,0.0,758356.0
206055,VCS1067,2025,0.0,538753.0
206056,VCS1067,2026,0.0,116293.0
206082,VCS1068,2021,73110.0,50685.0
206083,VCS1068,2022,0.0,2236.0
206084,VCS1068,2023,0.0,10542.0
206085,VCS1068,2024,0.0,151.0
206086,VCS1068,2025,0.0,1337.0
206109,VCS1069,2017,0.0,276.0
206114,VCS1069,2022,37500.0,0.0
206115,VCS1069,2023,0.0,37500.0
206170,VCS1070,2016,0.0,1776.0
206171,VCS1070,2017,0.0,7237.0
206172,VCS1070,2018,0.0,3849.0
206173,VCS1070,2019,0.0,5706.0
206174,VCS1070,2020,0.0,5120.0
206175,VCS1070,2021,0.0,29982.0
206176,VCS1070,2022,0.0,4589.0
206201,VCS1071,2016,0.0,52.0
206333,VCS1075,2024,15031.0,0.0
206334,VCS1075,2025,82027.0,0.0
206356,VCS1076,2016,0.0,61046.0
206358,VCS1076,2018,0.0,6667.0
206359,VCS1076,2019,0.0,5578.0
206387,VCS1077,2016,25000.0,97600.0
206388,VCS1077,2017,0.0,50.0
206390,VCS1077,2019,0.0,81.0
206391,VCS1077,2020,0.0,563.0
206392,VCS1077,2021,0.0,3356.0
206393,VCS1077,2022,0.0,6736.0
206394,VCS1077,2023,0.0,3058.0
206395,VCS1077,2024,0.0,38661.0
206396,VCS1077,2025,0.0,6000.0
206423,VCS1078,2021,0.0,308.0
206425,VCS1078,2023,0.0,27519.0
206426,VCS1078,2024,0.0,9663.0
206450,VCS1079,2017,17377.0,0.0
206452,VCS1079,2019,0.0,17377.0
206453,VCS1079,2020,0.0,11115.0
206454,VCS1079,2021,0.0,1976.0
206455,VCS1079,2022,0.0,32.0
206542,VCS1081,2016,0.0,32446.0
206545,VCS1081,2019,17560.0,0.0
206546,VCS1081,2020,52311.0,69871.0
206548,VCS1081,2022,0.0,3339.0
206549,VCS1081,2023,77663.0,54857.0
206550,VCS1081,2024,0.0,26653.0
206551,VCS1081,2025,0.0,1468.0
206573,VCS1082,2016,7920.0,0.0
206574,VCS1082,2017,8082.0,5797.0
206575,VCS1082,2018,9528.0,5356.0
206576,VCS1082,2019,0.0,18289.0
206577,VCS1082,2020,0.0,2686.0
206578,VCS1082,2021,0.0,1076.0
206579,VCS1082,2022,0.0,3604.0
206580,VCS1082,2023,0.0,3724.0
206581,VCS1082,2024,0.0,1388.0
206612,VCS1083,2024,48091.0,48091.0
206614,VCS1083,2026,39823.0,0.0
206635,VCS1084,2016,4338.0,0.0
206636,VCS1084,2017,0.0,4338.0
206638,VCS1084,2019,4396.0,1900.0
206640,VCS1084,2021,0.0,1000.0
206641,VCS1084,2022,0.0,649.0
206642,VCS1084,2023,0.0,847.0
206670,VCS1085,2020,0.0,34156.0
206671,VCS1085,2021,229270.0,67086.0
206672,VCS1085,2022,0.0,40179.0
206673,VCS1085,2023,0.0,71186.0
206674,VCS1085,2024,0.0,34090.0
206675,VCS1085,2025,0.0,14393.0
206676,VCS1085,2026,0.0,1765.0
206765,VCS1088,2022,30981.0,14622.0
206766,VCS1088,2023,0.0,16353.0
206767,VCS1088,2024,0.0,2.0
206790,VCS1089,2016,0.0,9655.0
206794,VCS1089,2020,20801.0,850.0
206795,VCS1089,2021,8817.0,12380.0
206796,VCS1089,2022,0.0,5049.0
206797,VCS1089,2023,0.0,850.0
206798,VCS1089,2024,0.0,850.0
206852,VCS1090,2016,0.0,1500.0
206855,VCS1090,2019,0.0,750.0
206856,VCS1090,2020,180835.0,0.0
206857,VCS1090,2021,0.0,90000.0
206858,VCS1090,2022,38257.0,0.0
206883,VCS1091,2016,20783.0,3000.0
206886,VCS1091,2019,0.0,17533.0
206888,VCS1091,2021,0.0,100.0
206890,VCS1091,2023,60558.0,0.0
206891,VCS1091,2024,0.0,52.0
206892,VCS1091,2025,0.0,92.0
206922,VCS1092,2024,0.0,2000.0
206924,VCS1092,2026,0.0,1226.0
206976,VCS1094,2016,550307.0,161668.0
206977,VCS1094,2017,259271.0,72862.0
206978,VCS1094,2018,156230.0,70866.0
206979,VCS1094,2019,0.0,193562.0
206980,VCS1094,2020,177983.0,104709.0
206981,VCS1094,2021,41867.0,472075.0
206982,VCS1094,2022,110053.0,208863.0
206983,VCS1094,2023,0.0,187608.0
206984,VCS1094,2024,0.0,333805.0
206985,VCS1094,2025,0.0,3930.0
206986,VCS1094,2026,0.0,12.0
207039,VCS1096,2017,40347.0,24500.0
207041,VCS1096,2019,0.0,15847.0
207100,VCS1098,2016,16377.0,88500.0
207101,VCS1098,2017,0.0,45534.0
207131,VCS1099,2016,0.0,40943.0
207132,VCS1099,2017,0.0,23020.0
207169,VCS11,2023,0.0,30000.0
207229,VCS1100,2021,2282048.0,665355.0
207230,VCS1100,2022,0.0,185406.0
207231,VCS1100,2023,1460318.0,162177.0
207232,VCS1100,2024,889110.0,351142.0
207233,VCS1100,2025,0.0,156228.0
207234,VCS1100,2026,0.0,199599.0
207286,VCS1102,2016,0.0,5704.0
207287,VCS1102,2017,0.0,12850.0
207323,VCS1103,2022,1202884.0,0.0
207325,VCS1103,2024,0.0,18261.0
207326,VCS1103,2025,0.0,28563.0
207327,VCS1103,2026,0.0,26066.0
207357,VCS1104,2025,1496.0,0.0
207503,VCS1109,2016,0.0,15135.0
207510,VCS1109,2023,69976.0,0.0
207538,VCS111,2020,77232.0,0.0
207539,VCS111,2021,86646.0,31639.0
207540,VCS111,2022,0.0,7000.0
207543,VCS111,2025,0.0,2503.0
207544,VCS111,2026,0.0,4740.0
207597,VCS1111,2017,0.0,18650.0
207598,VCS1111,2018,0.0,5169.0
207599,VCS1111,2019,0.0,2000.0
207600,VCS1111,2020,0.0,22402.0
207601,VCS1111,2021,0.0,17808.0
207602,VCS1111,2022,0.0,24188.0
207603,VCS1111,2023,0.0,11899.0
207604,VCS1111,2024,0.0,9873.0
207605,VCS1111,2025,0.0,6328.0
207628,VCS1112,2017,0.0,23164.0
207630,VCS1112,2019,162177.0,33642.0
207631,VCS1112,2020,538080.0,113759.0
207632,VCS1112,2021,0.0,82947.0
207633,VCS1112,2022,0.0,98584.0
207634,VCS1112,2023,566950.0,102935.0
207635,VCS1112,2024,0.0,79683.0
207636,VCS1112,2025,0.0,174095.0
207637,VCS1112,2026,0.0,96598.0
207658,VCS1113,2016,0.0,1149.0
207659,VCS1113,2017,0.0,33217.0
207660,VCS1113,2018,180586.0,4583.0
207661,VCS1113,2019,0.0,30710.0
207662,VCS1113,2020,371012.0,93545.0
207663,VCS1113,2021,220892.0,153158.0
207664,VCS1113,2022,0.0,305426.0
207665,VCS1113,2023,0.0,29429.0
207666,VCS1113,2024,473661.0,19694.0
207667,VCS1113,2025,0.0,227475.0
207668,VCS1113,2026,0.0,842.0
207689,VCS1114,2016,0.0,6992.0
207694,VCS1114,2021,0.0,101.0
207695,VCS1114,2022,97298.0,2638.0
207696,VCS1114,2023,0.0,81365.0
207697,VCS1114,2024,0.0,6541.0
207699,VCS1114,2026,13036.0,0.0
207721,VCS1115,2017,334557.0,8606.0
207722,VCS1115,2018,0.0,143023.0
207723,VCS1115,2019,0.0,99383.0
207724,VCS1115,2020,0.0,54374.0
207725,VCS1115,2021,1314253.0,233069.0
207726,VCS1115,2022,246388.0,233994.0
207727,VCS1115,2023,0.0,393570.0
207728,VCS1115,2024,0.0,261348.0
207729,VCS1115,2025,0.0,58015.0
207730,VCS1115,2026,0.0,14859.0
207787,VCS1117,2021,305407.0,255643.0
207813,VCS1118,2016,0.0,575.0
207846,VCS1119,2018,5110.0,5110.0
207907,VCS1120,2017,60249.0,0.0
207908,VCS1120,2018,0.0,26685.0
207909,VCS1120,2019,0.0,33564.0
207911,VCS1120,2021,0.0,4705.0
207937,VCS1121,2016,0.0,60053.0
207938,VCS1121,2017,0.0,4947.0
207939,VCS1121,2018,0.0,15500.0
207940,VCS1121,2019,0.0,19382.0
207942,VCS1121,2021,454523.0,232316.0
207943,VCS1121,2022,22679.0,36867.0
207944,VCS1121,2023,0.0,26463.0
207945,VCS1121,2024,0.0,40186.0
207946,VCS1121,2025,0.0,1917.0
207947,VCS1121,2026,0.0,2536.0
207968,VCS1122,2016,0.0,105508.0
207969,VCS1122,2017,0.0,161260.0
207970,VCS1122,2018,0.0,152406.0
207971,VCS1122,2019,0.0,21541.0
207975,VCS1122,2023,1561576.0,16250.0
207976,VCS1122,2024,0.0,285105.0
207977,VCS1122,2025,0.0,213651.0
207978,VCS1122,2026,0.0,81642.0
208092,VCS1126,2016,0.0,15549.0
208093,VCS1126,2017,0.0,11850.0
208094,VCS1126,2018,0.0,39925.0
208095,VCS1126,2019,0.0,92321.0
208096,VCS1126,2020,806163.0,92174.0
208097,VCS1126,2021,0.0,195138.0
208129,VCS1127,2022,438602.0,2857.0
208130,VCS1127,2023,0.0,26839.0
208131,VCS1127,2024,0.0,11442.0
208132,VCS1127,2025,0.0,10834.0
208133,VCS1127,2026,0.0,3738.0
208160,VCS1128,2022,501498.0,12263.0
208161,VCS1128,2023,132371.0,40230.0
208162,VCS1128,2024,0.0,134721.0
208163,VCS1128,2025,0.0,330112.0
208164,VCS1128,2026,0.0,107519.0
208188,VCS1129,2019,10859.0,10859.0
208312,VCS1133,2019,44018.0,0.0
208314,VCS1133,2021,0.0,20.0
208315,VCS1133,2022,43125.0,59916.0
208316,VCS1133,2023,0.0,641.0
208317,VCS1133,2024,0.0,336.0
208318,VCS1133,2025,0.0,129.0
208319,VCS1133,2026,48633.0,22379.0
208343,VCS1134,2019,284783.0,146601.0
208347,VCS1134,2023,0.0,36671.0
208348,VCS1134,2024,0.0,27814.0
208374,VCS1135,2019,151611.0,0.0
208375,VCS1135,2020,0.0,21652.0
208376,VCS1135,2021,0.0,11326.0
208377,VCS1135,2022,0.0,2692.0
208378,VCS1135,2023,0.0,24247.0
208381,VCS1135,2026,0.0,19008.0
208402,VCS1136,2016,0.0,2001.0
208405,VCS1136,2019,209298.0,105526.0
208409,VCS1136,2023,0.0,56268.0
208436,VCS1137,2019,129912.0,0.0
208437,VCS1137,2020,0.0,31579.0
208438,VCS1137,2021,0.0,62666.0
208439,VCS1137,2022,0.0,26.0
208442,VCS1137,2025,0.0,205.0
208467,VCS1138,2019,60564.0,15361.0
208468,VCS1138,2020,0.0,22773.0
208469,VCS1138,2021,0.0,22430.0
208498,VCS1139,2019,87833.0,9395.0
208499,VCS1139,2020,0.0,33382.0
208500,VCS1139,2021,0.0,45056.0
208558,VCS1140,2017,73034.0,10238.0
208559,VCS1140,2018,0.0,2100.0
208560,VCS1140,2019,0.0,162.0
208561,VCS1140,2020,80804.0,0.0
208562,VCS1140,2021,454707.0,27182.0
208563,VCS1140,2022,309352.0,26619.0
208564,VCS1140,2023,0.0,708.0
208566,VCS1140,2025,0.0,41406.0
208567,VCS1140,2026,0.0,4480.0
208588,VCS1141,2016,245652.0,0.0
208589,VCS1141,2017,0.0,100145.0
208590,VCS1141,2018,0.0,2326.0
208591,VCS1141,2019,0.0,5002.0
208592,VCS1141,2020,0.0,4206.0
208593,VCS1141,2021,644011.0,372910.0
208594,VCS1141,2022,143480.0,156979.0
208595,VCS1141,2023,0.0,239632.0
208596,VCS1141,2024,0.0,11408.0
208597,VCS1141,2025,57756.0,1816.0
208619,VCS1142,2016,11379.0,2846.0
208620,VCS1142,2017,5208.0,1112.0
208621,VCS1142,2018,8924.0,2039.0
208622,VCS1142,2019,7155.0,4914.0
208623,VCS1142,2020,6446.0,5396.0
208624,VCS1142,2021,2122.0,1743.0
208651,VCS1143,2017,0.0,8500.0
208652,VCS1143,2018,0.0,1500.0
208655,VCS1143,2021,286218.0,108763.0
208656,VCS1143,2022,107929.0,94330.0
208657,VCS1143,2023,0.0,17329.0
208658,VCS1143,2024,0.0,22857.0
208659,VCS1143,2025,0.0,22420.0
208660,VCS1143,2026,0.0,48434.0
208685,VCS1144,2020,10504.0,2693.0
208686,VCS1144,2021,15044.0,12807.0
208687,VCS1144,2022,4278.0,2648.0
208690,VCS1144,2025,2938.0,8581.0
208748,VCS1146,2021,3571344.0,824861.0
208749,VCS1146,2022,1639757.0,2336441.0
208750,VCS1146,2023,3172115.0,1659087.0
208751,VCS1146,2024,0.0,517735.0
208752,VCS1146,2025,0.0,47137.0
208753,VCS1146,2026,0.0,485591.0
208778,VCS1147,2020,182347.0,179000.0
208779,VCS1147,2021,0.0,300.0
208782,VCS1147,2024,0.0,1650.0
208784,VCS1147,2026,0.0,1379.0
208806,VCS1148,2017,0.0,63224.0
208810,VCS1148,2021,0.0,2199.0
208869,VCS115,2018,0.0,35582.0
208960,VCS1152,2016,85147.0,0.0
208961,VCS1152,2017,0.0,85147.0
208966,VCS1152,2022,170027.0,58993.0
208967,VCS1152,2023,0.0,24203.0
208968,VCS1152,2024,0.0,23515.0
208969,VCS1152,2025,0.0,4788.0
208970,VCS1152,2026,0.0,3223.0
209000,VCS1153,2025,3406.0,3406.0
209022,VCS1155,2016,0.0,3378.0
209146,VCS1159,2016,0.0,33420.0
209147,VCS1159,2017,0.0,5083.0
209178,VCS116,2017,0.0,42316.0
209213,VCS1160,2021,247259.0,111956.0
209214,VCS1160,2022,0.0,64738.0
209215,VCS1160,2023,0.0,22001.0
209216,VCS1160,2024,0.0,5954.0
209217,VCS1160,2025,0.0,100.0
209271,VCS1162,2017,54843.0,39001.0
209272,VCS1162,2018,0.0,11733.0
209273,VCS1162,2019,0.0,4196.0
209274,VCS1162,2020,54843.0,24070.0
209275,VCS1162,2021,274215.0,156865.0
209276,VCS1162,2022,0.0,55837.0
209277,VCS1162,2023,0.0,65540.0
209278,VCS1162,2024,0.0,29515.0
209279,VCS1162,2025,0.0,15206.0
209280,VCS1162,2026,0.0,10649.0
209301,VCS1163,2016,0.0,34608.0
209302,VCS1163,2017,0.0,580.0
209303,VCS1163,2018,0.0,8.0
209304,VCS1163,2019,494296.0,484663.0
209305,VCS1163,2020,82810.0,16165.0
209306,VCS1163,2021,76665.0,0.0
209307,VCS1163,2022,34324.0,159845.0
209311,VCS1163,2026,0.0,23000.0
209399,VCS1166,2021,224553.0,85776.0
209400,VCS1166,2022,0.0,47827.0
209401,VCS1166,2023,0.0,32715.0
209402,VCS1166,2024,0.0,186.0
209404,VCS1166,2026,0.0,45998.0
209426,VCS1167,2017,0.0,1478.0
209432,VCS1167,2023,0.0,18434.0
209456,VCS1168,2016,0.0,79539.0
209457,VCS1168,2017,0.0,81724.0
209458,VCS1168,2018,0.0,147351.0
209459,VCS1168,2019,0.0,133181.0
209460,VCS1168,2020,1000001.0,36386.0
209461,VCS1168,2021,0.0,241502.0
209462,VCS1168,2022,1273584.0,379545.0
209463,VCS1168,2023,0.0,851982.0
209464,VCS1168,2024,0.0,796510.0
209465,VCS1168,2025,0.0,118784.0
209466,VCS1168,2026,0.0,92784.0
209524,VCS117,2022,108508.0,0.0
209525,VCS117,2023,0.0,108508.0
209678,VCS1174,2021,242293.0,85144.0
209681,VCS1174,2024,64201.0,2389.0
209682,VCS1174,2025,0.0,16780.0
209683,VCS1174,2026,0.0,22523.0
209704,VCS1175,2016,16724.0,122659.0
209705,VCS1175,2017,0.0,46496.0
209706,VCS1175,2018,169614.0,105248.0
209707,VCS1175,2019,45852.0,113520.0
209708,VCS1175,2020,0.0,20866.0
209709,VCS1175,2021,0.0,7904.0
209710,VCS1175,2022,0.0,2322.0
209713,VCS1175,2025,0.0,295.0
209714,VCS1175,2026,0.0,18962.0
209923,VCS1181,2018,85942.0,37200.0
209924,VCS1181,2019,61196.0,49698.0
209925,VCS1181,2020,0.0,33462.0
209926,VCS1181,2021,0.0,26778.0
209927,VCS1181,2022,300202.0,209014.0
209928,VCS1181,2023,0.0,63074.0
209929,VCS1181,2024,0.0,18995.0
209930,VCS1181,2025,0.0,4764.0
209931,VCS1181,2026,0.0,1407.0
209954,VCS1182,2018,80706.0,75000.0
209955,VCS1182,2019,41784.0,26684.0
209956,VCS1182,2020,0.0,16127.0
209957,VCS1182,2021,237397.0,4679.0
209958,VCS1182,2022,0.0,100.0
209959,VCS1182,2023,0.0,7888.0
209960,VCS1182,2024,0.0,53443.0
209961,VCS1182,2025,0.0,18460.0
209985,VCS1183,2018,61417.0,0.0
209986,VCS1183,2019,0.0,60230.0
209988,VCS1183,2021,0.0,1187.0
209989,VCS1183,2022,340692.0,0.0
209991,VCS1183,2024,0.0,65.0
209992,VCS1183,2025,0.0,2433.0
209993,VCS1183,2026,0.0,99.0
210021,VCS1184,2023,101864.0,1493.0
210022,VCS1184,2024,0.0,9983.0
210023,VCS1184,2025,100132.0,17.0
210024,VCS1184,2026,0.0,189.0
210045,VCS1185,2016,46014.0,0.0
210046,VCS1185,2017,23513.0,23079.0
210047,VCS1185,2018,0.0,10000.0
210048,VCS1185,2019,0.0,16329.0
210049,VCS1185,2020,33673.0,23202.0
210050,VCS1185,2021,0.0,22949.0
210051,VCS1185,2022,17566.0,7641.0
210053,VCS1185,2024,17018.0,0.0
210054,VCS1185,2025,0.0,17566.0
210077,VCS1186,2017,96119.0,22949.0
210079,VCS1186,2019,506776.0,0.0
210080,VCS1186,2020,0.0,500.0
210081,VCS1186,2021,0.0,185988.0
210082,VCS1186,2022,0.0,275297.0
210083,VCS1186,2023,0.0,20633.0
210084,VCS1186,2024,0.0,9528.0
210085,VCS1186,2025,327312.0,20987.0
210086,VCS1186,2026,0.0,41285.0
210108,VCS1187,2017,35438.0,0.0
210110,VCS1187,2019,0.0,30000.0
210111,VCS1187,2020,0.0,5070.0
210112,VCS1187,2021,127933.0,368.0
210113,VCS1187,2022,127991.0,175217.0
210114,VCS1187,2023,0.0,22848.0
210115,VCS1187,2024,0.0,17496.0
210139,VCS1188,2017,63369.0,0.0
210142,VCS1188,2020,0.0,61000.0
210143,VCS1188,2021,335659.0,97205.0
210144,VCS1188,2022,403631.0,384223.0
210145,VCS1188,2023,0.0,61699.0
210146,VCS1188,2024,0.0,10992.0
210147,VCS1188,2025,0.0,80433.0
210148,VCS1188,2026,0.0,6751.0
210169,VCS1189,2016,0.0,40000.0
210170,VCS1189,2017,49013.0,49400.0
210171,VCS1189,2018,0.0,48000.0
210172,VCS1189,2019,0.0,31896.0
210173,VCS1189,2020,0.0,3705.0
210174,VCS1189,2021,307768.0,90225.0
210175,VCS1189,2022,358660.0,427368.0
210176,VCS1189,2023,0.0,63036.0
210177,VCS1189,2024,0.0,50843.0
210178,VCS1189,2025,0.0,2062.0
210179,VCS1189,2026,0.0,3676.0
210234,VCS1190,2019,277867.0,0.0
210235,VCS1190,2020,0.0,86090.0
210236,VCS1190,2021,84173.0,114992.0
210237,VCS1190,2022,56223.0,143888.0
210238,VCS1190,2023,0.0,5926.0
210239,VCS1190,2024,0.0,11144.0
210265,VCS1191,2019,363940.0,0.0
210266,VCS1191,2020,0.0,16292.0
210267,VCS1191,2021,143444.0,166573.0
210268,VCS1191,2022,66202.0,243781.0
210269,VCS1191,2023,57057.0,65211.0
210270,VCS1191,2024,0.0,46792.0
210271,VCS1191,2025,0.0,7774.0
210272,VCS1191,2026,0.0,965.0
210294,VCS1192,2017,44224.0,0.0
210331,VCS1193,2023,7667.0,0.0
210356,VCS1194,2017,0.0,946.0
210357,VCS1194,2018,0.0,14880.0
210358,VCS1194,2019,513733.0,529262.0
210359,VCS1194,2020,0.0,11345.0
210360,VCS1194,2021,220809.0,13297.0
210361,VCS1194,2022,213420.0,360.0
210362,VCS1194,2023,0.0,138857.0
210363,VCS1194,2024,0.0,82583.0
210364,VCS1194,2025,0.0,69.0
210386,VCS1195,2016,21074.0,13413.0
210387,VCS1195,2017,0.0,7661.0
210388,VCS1195,2018,121073.0,9580.0
210389,VCS1195,2019,200754.0,229147.0
210390,VCS1195,2020,0.0,10666.0
210391,VCS1195,2021,104378.0,2789.0
210392,VCS1195,2022,66844.0,112229.0
210393,VCS1195,2023,0.0,47552.0
210394,VCS1195,2024,0.0,14242.0
210420,VCS1196,2019,0.0,33525.0
210423,VCS1196,2022,150074.0,0.0
210424,VCS1196,2023,131134.0,3363.0
210425,VCS1196,2024,0.0,39297.0
210426,VCS1196,2025,0.0,60756.0
210427,VCS1196,2026,0.0,75341.0
210451,VCS1197,2019,291241.0,169641.0
210452,VCS1197,2020,0.0,62229.0
210453,VCS1197,2021,120493.0,50334.0
210454,VCS1197,2022,98433.0,130413.0
210455,VCS1197,2023,0.0,6076.0
210456,VCS1197,2024,0.0,13798.0
210485,VCS1198,2022,1069278.0,333982.0
210486,VCS1198,2023,0.0,100008.0
210487,VCS1198,2024,0.0,279602.0
210488,VCS1198,2025,0.0,30498.0
210489,VCS1198,2026,33366.0,143091.0
210513,VCS1199,2019,0.0,750.0
210515,VCS1199,2021,281345.0,15674.0
210516,VCS1199,2022,0.0,49860.0
210517,VCS1199,2023,0.0,104747.0
210518,VCS1199,2024,0.0,19019.0
210519,VCS1199,2025,0.0,15011.0
210520,VCS1199,2026,0.0,3736.0
210546,VCS12,2021,925415.0,549077.0
210547,VCS12,2022,0.0,43141.0
210548,VCS12,2023,0.0,43935.0
210549,VCS12,2024,0.0,5618.0
210550,VCS12,2025,0.0,2383.0
210551,VCS12,2026,0.0,103027.0
210572,VCS120,2016,0.0,312.0
210574,VCS120,2018,0.0,836.0
210575,VCS120,2019,33408.0,28000.0
210576,VCS120,2020,0.0,5350.0
210577,VCS120,2021,0.0,3250.0
210578,VCS120,2022,26881.0,107883.0
210579,VCS120,2023,16553.0,15500.0
210580,VCS120,2024,19301.0,20941.0
210582,VCS120,2026,0.0,1441.0
210603,VCS1200,2016,0.0,8043.0
210604,VCS1200,2017,0.0,34804.0
210605,VCS1200,2018,0.0,2418.0
210606,VCS1200,2019,524929.0,7594.0
210607,VCS1200,2020,282346.0,395177.0
210608,VCS1200,2021,0.0,65000.0
210609,VCS1200,2022,0.0,50000.0
210610,VCS1200,2023,0.0,3965.0
210611,VCS1200,2024,0.0,163580.0
210612,VCS1200,2025,0.0,47750.0
210634,VCS1201,2016,142798.0,6143.0
210635,VCS1201,2017,0.0,6442.0
210636,VCS1201,2018,832225.0,40944.0
210637,VCS1201,2019,0.0,125237.0
210638,VCS1201,2020,0.0,249377.0
210639,VCS1201,2021,0.0,152808.0
210640,VCS1201,2022,0.0,262065.0
210641,VCS1201,2023,1307548.0,91758.0
210642,VCS1201,2024,389949.0,1251870.0
210643,VCS1201,2025,0.0,49579.0
210644,VCS1201,2026,0.0,28870.0
210665,VCS1202,2016,151673.0,193609.0
210666,VCS1202,2017,143862.0,152916.0
210667,VCS1202,2018,0.0,232021.0
210668,VCS1202,2019,330842.0,352567.0
210669,VCS1202,2020,209106.0,209100.0
210670,VCS1202,2021,189663.0,3336.0
210671,VCS1202,2022,208194.0,199261.0
210672,VCS1202,2023,260011.0,3156.0
210673,VCS1202,2024,190633.0,213455.0
210674,VCS1202,2025,192361.0,140212.0
210675,VCS1202,2026,0.0,493834.0
210696,VCS1203,2016,13361.0,0.0
210697,VCS1203,2017,12112.0,10000.0
210701,VCS1203,2021,59726.0,41003.0
210702,VCS1203,2022,9370.0,9395.0
210703,VCS1203,2023,0.0,16366.0
210704,VCS1203,2024,0.0,2964.0
210705,VCS1203,2025,0.0,1.0
210730,VCS1204,2019,0.0,34000.0
210731,VCS1204,2020,811737.0,25641.0
210732,VCS1204,2021,0.0,274533.0
210733,VCS1204,2022,0.0,71330.0
210734,VCS1204,2023,0.0,42599.0
210735,VCS1204,2024,0.0,357294.0
210736,VCS1204,2025,0.0,19274.0
210737,VCS1204,2026,0.0,1057.0
210763,VCS1205,2021,1222788.0,492345.0
210764,VCS1205,2022,0.0,458501.0
210765,VCS1205,2023,0.0,100.0
210766,VCS1205,2024,0.0,13819.0
210767,VCS1205,2025,0.0,34397.0
210792,VCS1206,2019,173060.0,0.0
210793,VCS1206,2020,0.0,173060.0
210823,VCS1207,2019,85844.0,29333.0
210824,VCS1207,2020,0.0,44177.0
210825,VCS1207,2021,42178.0,11000.0
210826,VCS1207,2022,37762.0,34850.0
210827,VCS1207,2023,1118.0,7009.0
210830,VCS1207,2026,0.0,1653.0
210857,VCS1208,2022,0.0,21208.0
210858,VCS1208,2023,0.0,4105.0
210859,VCS1208,2024,0.0,8236.0
210861,VCS1208,2026,0.0,8129.0
210885,VCS1209,2019,25162.0,12761.0
210886,VCS1209,2020,69440.0,12401.0
210887,VCS1209,2021,9623.0,32114.0
210888,VCS1209,2022,0.0,21571.0
210889,VCS1209,2023,0.0,190.0
210890,VCS1209,2024,0.0,9431.0
210891,VCS1209,2025,0.0,15755.0
210947,VCS1210,2019,281631.0,98565.0
210948,VCS1210,2020,56223.0,132943.0
210949,VCS1210,2021,36725.0,0.0
210950,VCS1210,2022,0.0,50123.0
210951,VCS1210,2023,80918.0,3850.0
210952,VCS1210,2024,0.0,15212.0
210953,VCS1210,2025,0.0,73021.0
210954,VCS1210,2026,0.0,865.0
210978,VCS1211,2019,351568.0,59817.0
210979,VCS1211,2020,73490.0,236875.0
210980,VCS1211,2021,49954.0,72682.0
210981,VCS1211,2022,55590.0,32148.0
210983,VCS1211,2024,0.0,13532.0
210984,VCS1211,2025,0.0,66291.0
210985,VCS1211,2026,0.0,550.0
211068,VCS1214,2016,0.0,25853.0
211071,VCS1214,2019,411584.0,363811.0
211072,VCS1214,2020,0.0,2639.0
211073,VCS1214,2021,175417.0,18305.0
211074,VCS1214,2022,136451.0,134277.0
211075,VCS1214,2023,3555.0,96156.0
211076,VCS1214,2024,0.0,60087.0
211077,VCS1214,2025,0.0,3027.0
211099,VCS1215,2016,499555.0,158483.0
211100,VCS1215,2017,0.0,49750.0
211101,VCS1215,2018,0.0,11045.0
211102,VCS1215,2019,0.0,29211.0
211103,VCS1215,2020,0.0,16504.0
211104,VCS1215,2021,0.0,100221.0
211105,VCS1215,2022,0.0,30028.0
211106,VCS1215,2023,0.0,44522.0
211107,VCS1215,2024,0.0,35000.0
211108,VCS1215,2025,0.0,10478.0
211109,VCS1215,2026,466636.0,0.0
211130,VCS1216,2016,0.0,17871.0
211131,VCS1216,2017,75991.0,15237.0
211132,VCS1216,2018,45809.0,58438.0
211133,VCS1216,2019,0.0,52494.0
211134,VCS1216,2020,154217.0,131451.0
211135,VCS1216,2021,0.0,11621.0
211136,VCS1216,2022,93939.0,9485.0
211137,VCS1216,2023,103650.0,2845.0
211138,VCS1216,2024,0.0,2785.0
211139,VCS1216,2025,0.0,100034.0
211167,VCS1217,2022,59928.0,30258.0
211168,VCS1217,2023,0.0,2563.0
211169,VCS1217,2024,0.0,10369.0
211170,VCS1217,2025,0.0,3975.0
211171,VCS1217,2026,0.0,12023.0
211197,VCS1218,2021,641021.0,178737.0
211198,VCS1218,2022,0.0,26436.0
211199,VCS1218,2023,0.0,15905.0
211200,VCS1218,2024,0.0,62357.0
211201,VCS1218,2025,358109.0,198776.0
211202,VCS1218,2026,0.0,115254.0
211223,VCS1219,2016,39519.0,7000.0
211224,VCS1219,2017,0.0,5389.0
211225,VCS1219,2018,0.0,5083.0
211226,VCS1219,2019,0.0,28.0
211289,VCS1220,2020,157077.0,0.0
211321,VCS1221,2021,706792.0,106182.0
211322,VCS1221,2022,0.0,828.0
211323,VCS1221,2023,0.0,14953.0
211324,VCS1221,2024,0.0,13905.0
211325,VCS1221,2025,0.0,262704.0
211326,VCS1221,2026,0.0,122763.0
211441,VCS1225,2017,143905.0,0.0
211443,VCS1225,2019,160355.0,57383.0
211444,VCS1225,2020,0.0,59275.0
211445,VCS1225,2021,0.0,34807.0
211446,VCS1225,2022,0.0,28702.0
211447,VCS1225,2023,0.0,13368.0
211449,VCS1225,2025,0.0,1594.0
211471,VCS1226,2016,0.0,12286.0
211539,VCS1228,2022,0.0,9160.0
211540,VCS1228,2023,0.0,1498.0
211542,VCS1228,2025,0.0,3212.0
211564,VCS1229,2016,0.0,3736.0
211565,VCS1229,2017,0.0,765.0
211566,VCS1229,2018,0.0,29.0
211568,VCS1229,2020,0.0,143.0
211570,VCS1229,2022,15695.0,0.0
211632,VCS1230,2022,0.0,2145.0
211633,VCS1230,2023,0.0,1473.0
211634,VCS1230,2024,0.0,2.0
211662,VCS1231,2021,127874.0,0.0
211665,VCS1231,2024,86621.0,0.0
211666,VCS1231,2025,0.0,99386.0
211693,VCS1232,2021,122458.0,0.0
211696,VCS1232,2024,72691.0,10000.0
211697,VCS1232,2025,0.0,43782.0
211698,VCS1232,2026,0.0,1275.0
211723,VCS1233,2020,211765.0,41346.0
211724,VCS1233,2021,0.0,157718.0
211725,VCS1233,2022,0.0,8591.0
211726,VCS1233,2023,0.0,79.0
211728,VCS1233,2025,0.0,1.0
211818,VCS1236,2022,213739.0,35544.0
211819,VCS1236,2023,0.0,7712.0
211820,VCS1236,2024,0.0,48281.0
211821,VCS1236,2025,0.0,36362.0
211822,VCS1236,2026,0.0,22979.0
211875,VCS1238,2017,59644.0,33766.0
211877,VCS1238,2019,27415.0,3000.0
211878,VCS1238,2020,95539.0,115832.0
211879,VCS1238,2021,181635.0,211635.0
211881,VCS1238,2023,43898.0,0.0
211942,VCS124,2022,41837.0,0.0
211943,VCS124,2023,59097.0,0.0
211944,VCS124,2024,0.0,37648.0
211945,VCS124,2025,0.0,3805.0
211967,VCS1240,2016,0.0,13972.0
211968,VCS1240,2017,0.0,14095.0
211969,VCS1240,2018,0.0,13435.0
211970,VCS1240,2019,0.0,13748.0
211972,VCS1240,2021,0.0,11286.0
211973,VCS1240,2022,275155.0,275155.0
211975,VCS1240,2024,476043.0,476043.0
211976,VCS1240,2025,206392.0,206392.0
211977,VCS1240,2026,227834.0,227834.0
211999,VCS1241,2017,16610.0,250.0
212000,VCS1241,2018,0.0,1000.0
212001,VCS1241,2019,0.0,1250.0
212002,VCS1241,2020,0.0,14110.0
212003,VCS1241,2021,71560.0,0.0
212004,VCS1241,2022,0.0,27845.0
212005,VCS1241,2023,0.0,13898.0
212006,VCS1241,2024,0.0,2231.0
212007,VCS1241,2025,0.0,3540.0
212008,VCS1241,2026,26836.0,360.0
212029,VCS1242,2016,0.0,48747.0
212030,VCS1242,2017,0.0,442.0
212035,VCS1242,2022,167925.0,86187.0
212036,VCS1242,2023,152960.0,0.0
212037,VCS1242,2024,0.0,19958.0
212038,VCS1242,2025,0.0,1209.0
212189,VCS1247,2021,17071.0,7526.0
212190,VCS1247,2022,198929.0,13557.0
212191,VCS1247,2023,0.0,20.0
212220,VCS1248,2021,21576.0,0.0
212221,VCS1248,2022,233133.0,0.0
212251,VCS1249,2021,10535.0,0.0
212252,VCS1249,2022,181905.0,0.0
212313,VCS1250,2021,18556.0,0.0
212314,VCS1250,2022,140800.0,247.0
212342,VCS1251,2019,0.0,2740.0
212346,VCS1251,2023,0.0,960.0
212349,VCS1251,2026,0.0,3316.0
212370,VCS1252,2016,0.0,5049.0
212371,VCS1252,2017,0.0,25.0
212373,VCS1252,2019,0.0,2824.0
212375,VCS1252,2021,0.0,21022.0
212376,VCS1252,2022,0.0,5552.0
212378,VCS1252,2024,0.0,814.0
212380,VCS1252,2026,0.0,4910.0
212407,VCS1253,2022,0.0,11634.0
212408,VCS1253,2023,0.0,14.0
212410,VCS1253,2025,0.0,1335.0
212411,VCS1253,2026,0.0,1618.0
212437,VCS1254,2021,206094.0,56930.0
212438,VCS1254,2022,46841.0,0.0
212439,VCS1254,2023,34328.0,56050.0
212440,VCS1254,2024,28394.0,31919.0
212441,VCS1254,2025,0.0,51306.0
212442,VCS1254,2026,0.0,46833.0
212525,VCS1257,2016,332165.0,320741.0
212526,VCS1257,2017,224170.0,466611.0
212527,VCS1257,2018,192493.0,293734.0
212528,VCS1257,2019,329800.0,111890.0
212529,VCS1257,2020,438620.0,119298.0
212530,VCS1257,2021,0.0,358365.0
212531,VCS1257,2022,348978.0,134758.0
212532,VCS1257,2023,0.0,358026.0
212533,VCS1257,2024,331390.0,82803.0
212534,VCS1257,2025,285053.0,116239.0
212535,VCS1257,2026,229568.0,221057.0
212557,VCS1258,2017,55915.0,17038.0
212558,VCS1258,2018,251925.0,137219.0
212559,VCS1258,2019,270700.0,105400.0
212560,VCS1258,2020,355824.0,74246.0
212561,VCS1258,2021,1151085.0,386307.0
212562,VCS1258,2022,0.0,676893.0
212563,VCS1258,2023,0.0,98854.0
212564,VCS1258,2024,0.0,428120.0
212565,VCS1258,2025,298571.0,36469.0
212566,VCS1258,2026,228628.0,47693.0
212587,VCS1259,2016,0.0,8044.0
212589,VCS1259,2018,0.0,10583.0
212591,VCS1259,2020,0.0,750.0
212592,VCS1259,2021,0.0,64078.0
212593,VCS1259,2022,0.0,1810.0
212594,VCS1259,2023,0.0,252.0
212650,VCS1261,2017,1460844.0,317075.0
212651,VCS1261,2018,0.0,127009.0
212652,VCS1261,2019,0.0,148293.0
212653,VCS1261,2020,0.0,58930.0
212654,VCS1261,2021,0.0,367752.0
212655,VCS1261,2022,114254.0,185049.0
212656,VCS1261,2023,0.0,123164.0
212657,VCS1261,2024,0.0,121254.0
212658,VCS1261,2025,0.0,48171.0
212659,VCS1261,2026,0.0,1493.0
212746,VCS1264,2020,124918.0,0.0
212934,VCS127,2022,0.0,500.0
212935,VCS127,2023,0.0,5621.0
213269,VCS128,2016,0.0,11628.0
213270,VCS128,2017,0.0,9480.0
213275,VCS128,2022,0.0,5297.0
213276,VCS128,2023,0.0,12943.0
213455,VCS1285,2016,0.0,62696.0
213456,VCS1285,2017,0.0,4255.0
213488,VCS1286,2018,48087.0,0.0
213489,VCS1286,2019,0.0,9888.0
213490,VCS1286,2020,23537.0,26800.0
213491,VCS1286,2021,0.0,34636.0
213492,VCS1286,2022,8514.0,0.0
213494,VCS1286,2024,0.0,300.0
213583,VCS1289,2020,126103.0,19500.0
213585,VCS1289,2022,311855.0,3643.0
213586,VCS1289,2023,64338.0,184191.0
213587,VCS1289,2024,0.0,102389.0
213588,VCS1289,2025,225435.0,133657.0
213589,VCS1289,2026,0.0,108999.0
213673,VCS1291,2017,616224.0,381568.0
213674,VCS1291,2018,169155.0,57761.0
213675,VCS1291,2019,0.0,113900.0
213676,VCS1291,2020,0.0,38277.0
213677,VCS1291,2021,742829.0,306849.0
213678,VCS1291,2022,0.0,433033.0
213679,VCS1291,2023,0.0,191484.0
213680,VCS1291,2024,0.0,5336.0
213703,VCS1293,2016,0.0,20492.0
213737,VCS1294,2019,0.0,75966.0
213738,VCS1294,2020,0.0,11861.0
213739,VCS1294,2021,0.0,11660.0
213741,VCS1294,2023,0.0,7376.0
213833,VCS1297,2022,272541.0,630.0
213920,VCS13,2016,1072724.0,0.0
213921,VCS13,2017,0.0,593656.0
213923,VCS13,2019,0.0,80000.0
213924,VCS13,2020,0.0,160000.0
213925,VCS13,2021,0.0,53929.0
213928,VCS13,2024,0.0,319068.0
213951,VCS130,2016,0.0,616.0
213952,VCS130,2017,0.0,30.0
213953,VCS130,2018,0.0,1236.0
213954,VCS130,2019,0.0,235.0
213982,VCS1300,2016,108255.0,0.0
213984,VCS1300,2018,0.0,12249.0
213985,VCS1300,2019,0.0,63265.0
213987,VCS1300,2021,155562.0,0.0
213988,VCS1300,2022,0.0,29506.0
213989,VCS1300,2023,39543.0,8000.0
213990,VCS1300,2024,0.0,16201.0
213991,VCS1300,2025,0.0,94298.0
213992,VCS1300,2026,0.0,5806.0
214017,VCS1301,2020,557798.0,250000.0
214018,VCS1301,2021,0.0,43289.0
214019,VCS1301,2022,0.0,84079.0
214020,VCS1301,2023,68535.0,107703.0
214021,VCS1301,2024,0.0,39157.0
214022,VCS1301,2025,0.0,9932.0
214023,VCS1301,2026,0.0,1775.0
214081,VCS1303,2022,60857.0,0.0
214106,VCS1304,2016,0.0,27117.0
214107,VCS1304,2017,0.0,984.0
214108,VCS1304,2018,0.0,2926.0
214231,VCS1308,2017,245861.0,0.0
214236,VCS1308,2022,0.0,4048.0
214237,VCS1308,2023,483557.0,74350.0
214238,VCS1308,2024,0.0,65394.0
214239,VCS1308,2025,0.0,26220.0
214240,VCS1308,2026,198128.0,0.0
214292,VCS131,2016,0.0,23400.0
214293,VCS131,2017,10807.0,1062.0
214294,VCS131,2018,0.0,358.0
214295,VCS131,2019,0.0,269.0
214297,VCS131,2021,0.0,11.0
214298,VCS131,2022,10820.0,0.0
214323,VCS1310,2016,0.0,1754.0
214324,VCS1310,2017,0.0,166585.0
214325,VCS1310,2018,0.0,7835.0
214326,VCS1310,2019,0.0,282.0
214327,VCS1310,2020,700322.0,0.0
214328,VCS1310,2021,0.0,148224.0
214329,VCS1310,2022,0.0,193846.0
214330,VCS1310,2023,0.0,144794.0
214331,VCS1310,2024,0.0,16854.0
214332,VCS1310,2025,0.0,193.0
214333,VCS1310,2026,0.0,716.0
214355,VCS1311,2017,3915496.0,0.0
214358,VCS1311,2020,0.0,11870.0
214359,VCS1311,2021,0.0,17594.0
214360,VCS1311,2022,0.0,806.0
214361,VCS1311,2023,0.0,20.0
214478,VCS1315,2016,96490.0,0.0
214480,VCS1315,2018,0.0,96490.0
214482,VCS1315,2020,121083.0,2000.0
214485,VCS1315,2023,86509.0,14165.0
214486,VCS1315,2024,0.0,44280.0
214487,VCS1315,2025,0.0,7184.0
214488,VCS1315,2026,0.0,7910.0
214543,VCS1317,2019,1358.0,1358.0
214548,VCS1317,2024,3215.0,369.0
214549,VCS1317,2025,0.0,294.0
214572,VCS1318,2017,123906.0,43116.0
214573,VCS1318,2018,0.0,43667.0
214575,VCS1318,2020,0.0,31382.0
214576,VCS1318,2021,228542.0,25333.0
214577,VCS1318,2022,0.0,78075.0
214578,VCS1318,2023,0.0,41076.0
214579,VCS1318,2024,0.0,5526.0
214580,VCS1318,2025,0.0,36283.0
214602,VCS1319,2016,38980.0,55000.0
214603,VCS1319,2017,42728.0,77311.0
214604,VCS1319,2018,36682.0,14991.0
214605,VCS1319,2019,0.0,36498.0
214606,VCS1319,2020,16219.0,5721.0
214607,VCS1319,2021,0.0,31705.0
214608,VCS1319,2022,25520.0,25520.0
214610,VCS1319,2024,0.0,865.0
214611,VCS1319,2025,101630.0,18.0
214612,VCS1319,2026,0.0,16.0
214633,VCS132,2016,0.0,152.0
214634,VCS132,2017,0.0,324.0
214635,VCS132,2018,0.0,7029.0
214637,VCS132,2020,0.0,34804.0
214638,VCS132,2021,84642.0,79219.0
214641,VCS132,2024,0.0,5423.0
214731,VCS1322,2021,364219.0,0.0
214732,VCS1322,2022,0.0,163988.0
214733,VCS1322,2023,0.0,3459.0
214734,VCS1322,2024,0.0,143.0
214735,VCS1322,2025,361957.0,64.0
214736,VCS1322,2026,0.0,15.0
214819,VCS1325,2016,36171.0,0.0
214820,VCS1325,2017,0.0,229.0
214821,VCS1325,2018,0.0,435.0
214822,VCS1325,2019,0.0,992.0
214823,VCS1325,2020,0.0,217.0
214824,VCS1325,2021,0.0,373.0
214825,VCS1325,2022,0.0,22182.0
214826,VCS1325,2023,0.0,161.0
214827,VCS1325,2024,0.0,786.0
214850,VCS1326,2016,514637.0,0.0
214857,VCS1326,2023,1551113.0,1976297.0
214912,VCS1328,2016,57835.0,0.0
214913,VCS1328,2017,0.0,32518.0
214914,VCS1328,2018,0.0,7088.0
214915,VCS1328,2019,0.0,3020.0
214916,VCS1328,2020,0.0,22827.0
214918,VCS1328,2022,0.0,2202.0
214921,VCS1328,2025,328001.0,0.0
214922,VCS1328,2026,0.0,58132.0
214943,VCS1329,2016,0.0,21049.0
214944,VCS1329,2017,0.0,1872.0
214945,VCS1329,2018,0.0,586.0
214947,VCS1329,2020,70257.0,200.0
214948,VCS1329,2021,512583.0,287673.0
214949,VCS1329,2022,0.0,162937.0
214950,VCS1329,2023,0.0,36479.0
214951,VCS1329,2024,0.0,5654.0
214952,VCS1329,2025,0.0,64063.0
214953,VCS1329,2026,0.0,1337.0
214975,VCS133,2017,0.0,246.0
214976,VCS133,2018,23527.0,43693.0
214977,VCS133,2019,114518.0,56030.0
214978,VCS133,2020,0.0,65337.0
214979,VCS133,2021,0.0,5964.0
214980,VCS133,2022,0.0,25.0
215010,VCS1330,2021,31320.0,2592.0
215011,VCS1330,2022,183208.0,30055.0
215012,VCS1330,2023,48647.0,16495.0
215013,VCS1330,2024,0.0,663.0
215014,VCS1330,2025,0.0,9055.0
215015,VCS1330,2026,0.0,19017.0
215044,VCS1331,2024,106620.0,0.0
215068,VCS1332,2017,1568.0,738.0
215069,VCS1332,2018,0.0,469.0
215226,VCS1337,2020,92164.0,0.0
215253,VCS1338,2016,17199.0,124.0
215254,VCS1338,2017,0.0,17199.0
215255,VCS1338,2018,0.0,13100.0
215258,VCS1338,2021,137776.0,6414.0
215259,VCS1338,2022,0.0,129798.0
215260,VCS1338,2023,0.0,1296.0
215262,VCS1338,2025,0.0,16.0
215263,VCS1338,2026,0.0,2.0
215349,VCS1340,2019,1233546.0,450000.0
215350,VCS1340,2020,3468965.0,2352078.0
215351,VCS1340,2021,4438780.0,1150330.0
215352,VCS1340,2022,0.0,2118460.0
215353,VCS1340,2023,0.0,1884692.0
215354,VCS1340,2024,0.0,76499.0
215355,VCS1340,2025,1454054.0,79227.0
215356,VCS1340,2026,0.0,40638.0
215413,VCS1342,2021,185615.0,305.0
215414,VCS1342,2022,0.0,17731.0
215417,VCS1342,2025,0.0,6268.0
215471,VCS1344,2017,0.0,154879.0
215476,VCS1344,2022,502058.0,50000.0
215477,VCS1344,2023,0.0,203502.0
215478,VCS1344,2024,0.0,192679.0
215479,VCS1344,2025,0.0,1558.0
215480,VCS1344,2026,0.0,6758.0
215506,VCS1345,2021,497174.0,98179.0
215507,VCS1345,2022,1681349.0,292613.0
215508,VCS1345,2023,0.0,101027.0
215509,VCS1345,2024,0.0,10293.0
215510,VCS1345,2025,0.0,353.0
215511,VCS1345,2026,544660.0,70.0
215538,VCS1346,2022,518395.0,141433.0
215539,VCS1346,2023,0.0,5000.0
215540,VCS1346,2024,0.0,396791.0
215541,VCS1346,2025,0.0,65978.0
215542,VCS1346,2026,0.0,4252.0
215569,VCS1347,2022,7504.0,0.0
215594,VCS1348,2016,107925.0,0.0
215600,VCS1348,2022,0.0,42263.0
215601,VCS1348,2023,0.0,21218.0
215602,VCS1348,2024,333741.0,12331.0
215603,VCS1348,2025,103182.0,13570.0
215604,VCS1348,2026,0.0,7712.0
215626,VCS1349,2017,125466.0,33000.0
215627,VCS1349,2018,0.0,7797.0
215628,VCS1349,2019,0.0,30502.0
215629,VCS1349,2020,0.0,459.0
215630,VCS1349,2021,216931.0,228095.0
215631,VCS1349,2022,118740.0,21723.0
215632,VCS1349,2023,0.0,7911.0
215633,VCS1349,2024,0.0,16900.0
215634,VCS1349,2025,184207.0,113684.0
215635,VCS1349,2026,0.0,3160.0
215663,VCS135,2023,0.0,2950.0
215749,VCS1352,2016,251185.0,296978.0
215750,VCS1352,2017,0.0,54826.0
215752,VCS1352,2019,8619.0,8677.0
215753,VCS1352,2020,354537.0,145369.0
215754,VCS1352,2021,0.0,37506.0
215755,VCS1352,2022,0.0,157250.0
215756,VCS1352,2023,0.0,6905.0
215757,VCS1352,2024,0.0,4216.0
215758,VCS1352,2025,0.0,3309.0
215780,VCS1353,2016,1426815.0,724482.0
215781,VCS1353,2017,0.0,543479.0
215782,VCS1353,2018,0.0,34740.0
215783,VCS1353,2019,0.0,22460.0
215784,VCS1353,2020,2204842.0,230052.0
215785,VCS1353,2021,0.0,830616.0
215786,VCS1353,2022,513393.0,925998.0
215787,VCS1353,2023,0.0,234684.0
215788,VCS1353,2024,0.0,147842.0
215789,VCS1353,2025,0.0,158049.0
215790,VCS1353,2026,0.0,60921.0
215811,VCS1354,2016,27805.0,27805.0
215812,VCS1354,2017,35756.0,11679.0
215813,VCS1354,2018,32952.0,16115.0
215814,VCS1354,2019,0.0,13506.0
215815,VCS1354,2020,56096.0,34031.0
215816,VCS1354,2021,0.0,48547.0
215817,VCS1354,2022,0.0,926.0
215818,VCS1354,2023,59965.0,1500.0
215819,VCS1354,2024,0.0,2000.0
215820,VCS1354,2025,0.0,25448.0
215821,VCS1354,2026,88713.0,4701.0
215843,VCS1355,2017,6064.0,756.0
215844,VCS1355,2018,0.0,509.0
215845,VCS1355,2019,6800.0,4254.0
215846,VCS1355,2020,30232.0,12922.0
215847,VCS1355,2021,0.0,1629.0
215848,VCS1355,2022,0.0,340.0
215849,VCS1355,2023,2939.0,0.0
215850,VCS1355,2024,0.0,1981.0
215851,VCS1355,2025,0.0,20000.0
215852,VCS1355,2026,0.0,1044.0
215873,VCS1356,2016,0.0,1388.0
215874,VCS1356,2017,0.0,28948.0
215875,VCS1356,2018,0.0,8150.0
215876,VCS1356,2019,1334392.0,46970.0
215877,VCS1356,2020,352446.0,1042727.0
215878,VCS1356,2021,0.0,249417.0
215879,VCS1356,2022,0.0,205436.0
215880,VCS1356,2023,0.0,39004.0
215881,VCS1356,2024,0.0,107197.0
215882,VCS1356,2025,0.0,25743.0
215883,VCS1356,2026,0.0,735.0
215966,VCS1359,2016,639905.0,81485.0
215967,VCS1359,2017,320334.0,433974.0
215968,VCS1359,2018,0.0,11961.0
215969,VCS1359,2019,0.0,81757.0
215970,VCS1359,2020,0.0,225706.0
215971,VCS1359,2021,0.0,257114.0
215972,VCS1359,2022,0.0,88236.0
215973,VCS1359,2023,0.0,39065.0
215974,VCS1359,2024,0.0,4071.0
215975,VCS1359,2025,0.0,1550.0
216031,VCS1360,2019,1991064.0,3369.0
216032,VCS1360,2020,321623.0,166682.0
216033,VCS1360,2021,226349.0,304237.0
216034,VCS1360,2022,0.0,81697.0
216035,VCS1360,2023,0.0,905350.0
216036,VCS1360,2024,58145.0,742129.0
216037,VCS1360,2025,0.0,155599.0
216038,VCS1360,2026,0.0,53509.0
216065,VCS1361,2022,28883.0,94.0
216066,VCS1361,2023,0.0,1.0
216094,VCS1362,2020,201882.0,0.0
216095,VCS1362,2021,165786.0,9599.0
216096,VCS1362,2022,0.0,223962.0
216097,VCS1362,2023,0.0,44307.0
216098,VCS1362,2024,0.0,34268.0
216099,VCS1362,2025,135619.0,87138.0
216100,VCS1362,2026,68148.0,73122.0
216156,VCS1364,2020,87372.0,87372.0
216157,VCS1364,2021,177633.0,0.0
216159,VCS1364,2023,0.0,7191.0
216160,VCS1364,2024,0.0,78791.0
216161,VCS1364,2025,0.0,35907.0
216162,VCS1364,2026,229440.0,0.0
216245,VCS1367,2016,0.0,60.0
216247,VCS1367,2018,0.0,103.0
216249,VCS1367,2020,51467.0,0.0
216252,VCS1367,2023,35122.0,0.0
216282,VCS1368,2022,154886.0,7898.0
216284,VCS1368,2024,0.0,3883.0
216286,VCS1368,2026,0.0,11601.0
216436,VCS1372,2021,38282.0,1991.0
216586,VCS1377,2016,9274.0,0.0
216588,VCS1377,2018,11373.0,21936.0
216589,VCS1377,2019,15027.0,0.0
216590,VCS1377,2020,16109.0,0.0
216591,VCS1377,2021,0.0,26400.0
216592,VCS1377,2022,1047.0,16109.0
216593,VCS1377,2023,14587.0,0.0
216595,VCS1377,2025,12989.0,17826.0
216617,VCS1378,2016,24299.0,76.0
216618,VCS1378,2017,72897.0,28057.0
216619,VCS1378,2018,145794.0,8271.0
216621,VCS1378,2020,0.0,7933.0
216622,VCS1378,2021,0.0,55236.0
216623,VCS1378,2022,0.0,103159.0
216624,VCS1378,2023,0.0,10057.0
216625,VCS1378,2024,0.0,16706.0
216626,VCS1378,2025,0.0,12711.0
216627,VCS1378,2026,0.0,106.0
216679,VCS138,2016,69777.0,176301.0
216680,VCS138,2017,146103.0,109041.0
216681,VCS138,2018,0.0,144059.0
216682,VCS138,2019,190331.0,85687.0
216683,VCS138,2020,66545.0,76620.0
216684,VCS138,2021,69999.0,75081.0
216685,VCS138,2022,78585.0,21300.0
216686,VCS138,2023,137028.0,41045.0
216687,VCS138,2024,98230.0,90980.0
216688,VCS138,2025,32417.0,72410.0
216689,VCS138,2026,110197.0,32528.0
216715,VCS1380,2021,377610.0,0.0
216716,VCS1380,2022,84898.0,0.0
216717,VCS1380,2023,37884.0,1485.0
216718,VCS1380,2024,0.0,12000.0
216719,VCS1380,2025,162941.0,90070.0
216720,VCS1380,2026,5856.0,7326.0
216772,VCS1382,2016,1923866.0,5200.0
216773,VCS1382,2017,2006058.0,884163.0
216774,VCS1382,2018,2084635.0,288619.0
216775,VCS1382,2019,0.0,215550.0
216776,VCS1382,2020,5021562.0,599438.0
216777,VCS1382,2021,0.0,1231827.0
216778,VCS1382,2022,954139.0,539757.0
216779,VCS1382,2023,0.0,2465104.0
216780,VCS1382,2024,0.0,2665252.0
216781,VCS1382,2025,0.0,746941.0
216782,VCS1382,2026,0.0,202849.0
216872,VCS1385,2023,2247.0,730.0
216873,VCS1385,2024,33312.0,2108.0
216896,VCS1386,2016,83028.0,0.0
216898,VCS1386,2018,159614.0,25000.0
216899,VCS1386,2019,51348.0,165564.0
216900,VCS1386,2020,52447.0,68517.0
216901,VCS1386,2021,50137.0,79212.0
216902,VCS1386,2022,0.0,10000.0
216903,VCS1386,2023,52116.0,0.0
216904,VCS1386,2024,0.0,1034.0
216905,VCS1386,2025,58375.0,7417.0
216906,VCS1386,2026,0.0,5712.0
216927,VCS1387,2016,39888.0,109179.0
216929,VCS1387,2018,0.0,3000.0
216933,VCS1387,2022,0.0,100.0
216935,VCS1387,2024,0.0,79.0
216936,VCS1387,2025,0.0,9.0
216993,VCS1389,2020,463088.0,96227.0
216994,VCS1389,2021,320045.0,316360.0
216995,VCS1389,2022,0.0,174182.0
216996,VCS1389,2023,0.0,20574.0
216997,VCS1389,2024,236436.0,96038.0
216998,VCS1389,2025,0.0,148002.0
216999,VCS1389,2026,0.0,48650.0
217054,VCS1390,2019,515952.0,27882.0
217055,VCS1390,2020,0.0,208436.0
217056,VCS1390,2021,165613.0,184792.0
217057,VCS1390,2022,0.0,49143.0
217058,VCS1390,2023,0.0,12901.0
217059,VCS1390,2024,0.0,13946.0
217060,VCS1390,2025,0.0,2568.0
217085,VCS1391,2019,773699.0,46071.0
217086,VCS1391,2020,0.0,402093.0
217087,VCS1391,2021,247447.0,200723.0
217088,VCS1391,2022,0.0,433.0
217089,VCS1391,2023,0.0,9903.0
217090,VCS1391,2024,0.0,491.0
217091,VCS1391,2025,328667.0,0.0
217092,VCS1391,2026,10000.0,20542.0
217116,VCS1392,2019,366751.0,19769.0
217117,VCS1392,2020,110681.0,181418.0
217118,VCS1392,2021,0.0,146500.0
217119,VCS1392,2022,0.0,343.0
217120,VCS1392,2023,0.0,173.0
217121,VCS1392,2024,0.0,37.0
217123,VCS1392,2026,216758.0,30940.0
217144,VCS1393,2016,15229.0,0.0
217145,VCS1393,2017,0.0,8027.0
217146,VCS1393,2018,0.0,1500.0
217147,VCS1393,2019,0.0,5702.0
217152,VCS1393,2024,58028.0,24793.0
217209,VCS1395,2019,1256040.0,85001.0
217210,VCS1395,2020,0.0,481139.0
217211,VCS1395,2021,364162.0,573165.0
217212,VCS1395,2022,0.0,90248.0
217213,VCS1395,2023,0.0,130489.0
217214,VCS1395,2024,0.0,2912.0
217215,VCS1395,2025,530794.0,1148.0
217216,VCS1395,2026,0.0,178059.0
217240,VCS1396,2019,395872.0,111.0
217241,VCS1396,2020,0.0,212865.0
217242,VCS1396,2021,171414.0,211491.0
217243,VCS1396,2022,0.0,50239.0
217333,VCS1399,2019,338964.0,23587.0
217334,VCS1399,2020,0.0,131712.0
217335,VCS1399,2021,104646.0,96369.0
217336,VCS1399,2022,0.0,39638.0
217337,VCS1399,2023,0.0,6587.0
217338,VCS1399,2024,0.0,1450.0
217339,VCS1399,2025,111568.0,3042.0
217340,VCS1399,2026,5000.0,17883.0
217361,VCS14,2016,0.0,33372.0
217365,VCS14,2020,0.0,8642.0
217426,VCS1400,2019,412014.0,26329.0
217427,VCS1400,2020,132264.0,214745.0
217428,VCS1400,2021,0.0,75937.0
217429,VCS1400,2022,0.0,4513.0
217430,VCS1400,2023,0.0,22360.0
217431,VCS1400,2024,0.0,1287.0
217432,VCS1400,2025,183240.0,6550.0
217433,VCS1400,2026,0.0,39276.0
217491,VCS1402,2022,32052.0,0.0
217495,VCS1402,2026,0.0,6.0
217516,VCS1403,2016,1826.0,0.0
217522,VCS1403,2022,4727.0,0.0
217547,VCS1404,2016,102835.0,58482.0
217548,VCS1404,2017,0.0,7546.0
217549,VCS1404,2018,0.0,32000.0
217552,VCS1404,2021,0.0,1865.0
217553,VCS1404,2022,620983.0,172905.0
217554,VCS1404,2023,79328.0,261936.0
217555,VCS1404,2024,0.0,83020.0
217556,VCS1404,2025,10999.0,15756.0
217557,VCS1404,2026,0.0,7722.0
217613,VCS1406,2020,549946.0,25000.0
217614,VCS1406,2021,121754.0,82800.0
217615,VCS1406,2022,0.0,359826.0
217616,VCS1406,2023,147771.0,140522.0
217617,VCS1406,2024,0.0,44477.0
217618,VCS1406,2025,0.0,43689.0
217619,VCS1406,2026,0.0,97989.0
217640,VCS1407,2016,102991.0,102991.0
217641,VCS1407,2017,56118.0,18330.0
217642,VCS1407,2018,95689.0,37788.0
217643,VCS1407,2019,0.0,11175.0
217644,VCS1407,2020,0.0,81979.0
217645,VCS1407,2021,0.0,2.0
217646,VCS1407,2022,128100.0,85414.0
217647,VCS1407,2023,0.0,34579.0
217648,VCS1407,2024,0.0,2369.0
217649,VCS1407,2025,0.0,2705.0
217672,VCS1408,2017,176488.0,19800.0
217674,VCS1408,2019,1237111.0,376981.0
217675,VCS1408,2020,619404.0,481604.0
217676,VCS1408,2021,0.0,441213.0
217677,VCS1408,2022,2369305.0,297849.0
217678,VCS1408,2023,770389.0,1111936.0
217679,VCS1408,2024,0.0,1071132.0
217680,VCS1408,2025,0.0,360698.0
217681,VCS1408,2026,0.0,376529.0
217709,VCS1409,2023,27855.0,0.0
217710,VCS1409,2024,74104.0,29742.0
217733,VCS141,2016,0.0,2454.0
217734,VCS141,2017,0.0,3550.0
217735,VCS141,2018,0.0,254.0
217736,VCS141,2019,0.0,115.0
217737,VCS141,2020,0.0,9.0
217742,VCS141,2025,0.0,350.0
217857,VCS1413,2016,0.0,14614.0
217858,VCS1413,2017,42626.0,8500.0
217859,VCS1413,2018,39927.0,5500.0
217861,VCS1413,2020,151106.0,98609.0
217862,VCS1413,2021,42434.0,21195.0
217863,VCS1413,2022,37574.0,99033.0
217864,VCS1413,2023,0.0,66451.0
217865,VCS1413,2024,0.0,1372.0
217866,VCS1413,2025,0.0,1776.0
217867,VCS1413,2026,0.0,16.0
217957,VCS1416,2023,226463.0,0.0
217981,VCS1417,2016,0.0,2967.0
217982,VCS1417,2017,0.0,3786.0
217983,VCS1417,2018,0.0,1973.0
217984,VCS1417,2019,0.0,3580.0
217985,VCS1417,2020,0.0,2441.0
217986,VCS1417,2021,0.0,8591.0
217987,VCS1417,2022,0.0,2644.0
217988,VCS1417,2023,0.0,437.0
217989,VCS1417,2024,0.0,1054.0
218012,VCS1418,2016,46320.0,31250.0
218013,VCS1418,2017,10338.0,25070.0
218014,VCS1418,2018,100794.0,74200.0
218015,VCS1418,2019,0.0,25800.0
218016,VCS1418,2020,74871.0,60654.0
218017,VCS1418,2021,0.0,15348.0
218018,VCS1418,2022,0.0,1.0
218019,VCS1418,2023,30416.0,0.0
218020,VCS1418,2024,29360.0,0.0
218021,VCS1418,2025,18977.0,769.0
218043,VCS1419,2016,20795.0,15000.0
218048,VCS1419,2021,96610.0,0.0
218049,VCS1419,2022,0.0,5795.0
218052,VCS1419,2025,0.0,54000.0
218074,VCS142,2016,0.0,1428.0
218075,VCS142,2017,0.0,4486.0
218076,VCS142,2018,0.0,7006.0
218077,VCS142,2019,0.0,2336.0
218078,VCS142,2020,0.0,16.0
218079,VCS142,2021,532089.0,15987.0
218080,VCS142,2022,0.0,123445.0
218081,VCS142,2023,0.0,98079.0
218082,VCS142,2024,0.0,101194.0
218083,VCS142,2025,0.0,106410.0
218084,VCS142,2026,0.0,52900.0
218201,VCS1423,2019,535102.0,100000.0
218202,VCS1423,2020,270615.0,18732.0
218203,VCS1423,2021,0.0,11199.0
218204,VCS1423,2022,0.0,165435.0
218205,VCS1423,2023,0.0,81530.0
218206,VCS1423,2024,0.0,8015.0
218207,VCS1423,2025,0.0,4540.0
218232,VCS1424,2019,1151621.0,100000.0
218233,VCS1424,2020,153468.0,243371.0
218234,VCS1424,2021,0.0,454370.0
218235,VCS1424,2022,0.0,324737.0
218236,VCS1424,2023,0.0,80000.0
218237,VCS1424,2024,0.0,2369.0
218239,VCS1424,2026,0.0,210.0
218263,VCS1425,2019,599981.0,100000.0
218265,VCS1425,2021,30996.0,316950.0
218266,VCS1425,2022,0.0,46886.0
218267,VCS1425,2023,0.0,42597.0
218268,VCS1425,2024,0.0,23142.0
218269,VCS1425,2025,0.0,639.0
218270,VCS1425,2026,0.0,313.0
218327,VCS1427,2021,166012.0,166012.0
218384,VCS143,2016,0.0,2710.0
218385,VCS143,2017,27967.0,18931.0
218386,VCS143,2018,22092.0,6337.0
218387,VCS143,2019,0.0,1055.0
218388,VCS143,2020,0.0,2505.0
218389,VCS143,2021,0.0,220.0
218390,VCS143,2022,91636.0,38910.0
218391,VCS143,2023,0.0,25898.0
218392,VCS143,2024,0.0,18.0
218393,VCS143,2025,4323.0,3608.0
218570,VCS1435,2016,0.0,37041.0
218601,VCS1436,2016,783.0,783.0
218602,VCS1436,2017,686.0,224.0
218603,VCS1436,2018,807.0,0.0
218604,VCS1436,2019,0.0,1245.0
218605,VCS1436,2020,0.0,24.0
218637,VCS1437,2021,132790.0,0.0
218639,VCS1437,2023,0.0,63123.0
218640,VCS1437,2024,87145.0,69667.0
218668,VCS1438,2021,103546.0,0.0
218670,VCS1438,2023,0.0,103546.0
218671,VCS1438,2024,68412.0,0.0
218672,VCS1438,2025,0.0,200.0
218700,VCS1439,2022,122851.0,0.0
218701,VCS1439,2023,0.0,96856.0
218702,VCS1439,2024,83040.0,23987.0
218703,VCS1439,2025,0.0,1412.0
218704,VCS1439,2026,0.0,12.0
218725,VCS144,2016,114381.0,260777.0
218726,VCS144,2017,187552.0,83639.0
218727,VCS144,2018,85699.0,91258.0
218728,VCS144,2019,54085.0,161628.0
218729,VCS144,2020,174095.0,95425.0
218730,VCS144,2021,129921.0,265132.0
218731,VCS144,2022,0.0,24207.0
218732,VCS144,2023,0.0,12163.0
218733,VCS144,2024,0.0,7074.0
218734,VCS144,2025,0.0,4932.0
218735,VCS144,2026,0.0,500.0
218756,VCS1440,2016,0.0,12000.0
218788,VCS1441,2017,0.0,28263.0
218790,VCS1441,2019,26363.0,0.0
218791,VCS1441,2020,79760.0,110790.0
218794,VCS1441,2023,0.0,1409.0
218795,VCS1441,2024,51092.0,1245.0
218796,VCS1441,2025,0.0,350.0
218797,VCS1441,2026,0.0,1266.0
218822,VCS1442,2020,0.0,11360.0
218824,VCS1442,2022,0.0,10595.0
218880,VCS1444,2016,68840.0,34247.0
218881,VCS1444,2017,105953.0,33240.0
218882,VCS1444,2018,49940.0,24632.0
218883,VCS1444,2019,82087.0,7000.0
218884,VCS1444,2020,179858.0,0.0
218885,VCS1444,2021,0.0,106737.0
218886,VCS1444,2022,151995.0,194166.0
218887,VCS1444,2023,124446.0,28855.0
218888,VCS1444,2024,0.0,726.0
218889,VCS1444,2025,0.0,142541.0
218890,VCS1444,2026,0.0,64485.0
218911,VCS1445,2016,73267.0,31110.0
218912,VCS1445,2017,69420.0,69470.0
218913,VCS1445,2018,0.0,70125.0
218914,VCS1445,2019,0.0,6688.0
218921,VCS1445,2026,0.0,194.0
218943,VCS1446,2017,434379.0,0.0
218944,VCS1446,2018,0.0,2034.0
218945,VCS1446,2019,0.0,129252.0
218946,VCS1446,2020,0.0,44720.0
218947,VCS1446,2021,0.0,95080.0
218948,VCS1446,2022,2358127.0,414462.0
218949,VCS1446,2023,0.0,218522.0
218950,VCS1446,2024,0.0,324092.0
218951,VCS1446,2025,0.0,155155.0
218952,VCS1446,2026,0.0,117835.0
218975,VCS1447,2018,481580.0,58321.0
218976,VCS1447,2019,0.0,78133.0
218977,VCS1447,2020,0.0,47858.0
218978,VCS1447,2021,2283165.0,517307.0
218979,VCS1447,2022,0.0,514117.0
218980,VCS1447,2023,0.0,297070.0
218981,VCS1447,2024,0.0,215542.0
218982,VCS1447,2025,0.0,296747.0
218983,VCS1447,2026,0.0,155016.0
219004,VCS1448,2016,93312.0,49716.0
219005,VCS1448,2017,39227.0,104580.0
219006,VCS1448,2018,0.0,57622.0
219007,VCS1448,2019,0.0,13631.0
219008,VCS1448,2020,0.0,1732.0
219011,VCS1448,2023,0.0,184.0
219194,VCS1453,2020,306024.0,0.0
219195,VCS1453,2021,98802.0,0.0
219196,VCS1453,2022,0.0,404826.0
219197,VCS1453,2023,101965.0,55.0
219198,VCS1453,2024,0.0,4457.0
219384,VCS1459,2024,187254.0,0.0
219475,VCS1461,2022,1265672.0,274375.0
219476,VCS1461,2023,0.0,51195.0
219477,VCS1461,2024,0.0,41454.0
219478,VCS1461,2025,0.0,17574.0
219479,VCS1461,2026,0.0,4857.0
219500,VCS1463,2016,0.0,24008.0
219501,VCS1463,2017,0.0,10582.0
219502,VCS1463,2018,119139.0,16734.0
219503,VCS1463,2019,0.0,41786.0
219504,VCS1463,2020,0.0,16751.0
219505,VCS1463,2021,0.0,23930.0
219506,VCS1463,2022,0.0,208.0
219507,VCS1463,2023,359796.0,0.0
219508,VCS1463,2024,0.0,60158.0
219509,VCS1463,2025,0.0,81707.0
219510,VCS1463,2026,0.0,14858.0
219535,VCS1464,2020,1172984.0,283452.0
219536,VCS1464,2021,2854350.0,637338.0
219537,VCS1464,2022,0.0,616611.0
219538,VCS1464,2023,0.0,654387.0
219539,VCS1464,2024,0.0,672899.0
219540,VCS1464,2025,0.0,413506.0
219541,VCS1464,2026,0.0,570342.0
219563,VCS1465,2017,422256.0,124532.0
219564,VCS1465,2018,90107.0,109985.0
219565,VCS1465,2019,107230.0,183008.0
219566,VCS1465,2020,100491.0,124811.0
219567,VCS1465,2021,0.0,129293.0
219568,VCS1465,2022,0.0,6601.0
219569,VCS1465,2023,0.0,181.0
219570,VCS1465,2024,0.0,7421.0
219571,VCS1465,2025,264474.0,4994.0
219572,VCS1465,2026,0.0,7507.0
219600,VCS1467,2023,0.0,7563.0
219629,VCS1468,2021,3210579.0,377505.0
219630,VCS1468,2022,3552595.0,484412.0
219631,VCS1468,2023,0.0,316709.0
219632,VCS1468,2024,0.0,406000.0
219633,VCS1468,2025,0.0,360922.0
219634,VCS1468,2026,0.0,30000.0
219657,VCS1469,2018,59096.0,59000.0
219662,VCS1469,2023,0.0,1.0
219686,VCS147,2016,0.0,8.0
219720,VCS1470,2019,72644.0,72644.0
219750,VCS1471,2018,66833.0,66428.0
219781,VCS1472,2018,48865.0,48665.0
219817,VCS1473,2023,39577.0,39577.0
219841,VCS1476,2016,0.0,1789.0
219842,VCS1476,2017,0.0,16885.0
219843,VCS1476,2018,0.0,17540.0
219844,VCS1476,2019,0.0,17716.0
219845,VCS1476,2020,0.0,14788.0
219873,VCS1477,2017,14165124.0,23000.0
219874,VCS1477,2018,4339233.0,34639.0
219875,VCS1477,2019,9963630.0,578793.0
219876,VCS1477,2020,0.0,2564202.0
219877,VCS1477,2021,5646054.0,5350989.0
219878,VCS1477,2022,5884249.0,3307923.0
219879,VCS1477,2023,0.0,9081967.0
219880,VCS1477,2024,0.0,8854608.0
219881,VCS1477,2025,0.0,6629111.0
219882,VCS1477,2026,10893200.0,855902.0
219903,VCS1478,2016,52348.0,13000.0
219904,VCS1478,2017,0.0,17926.0
219905,VCS1478,2018,0.0,1122.0
219906,VCS1478,2019,0.0,74.0
219907,VCS1478,2020,0.0,19699.0
219908,VCS1478,2021,0.0,378.0
219909,VCS1478,2022,0.0,149.0
219934,VCS1479,2016,0.0,86785.0
219935,VCS1479,2017,141715.0,66958.0
219936,VCS1479,2018,108410.0,107348.0
219937,VCS1479,2019,116266.0,181203.0
219938,VCS1479,2020,199680.0,87148.0
219939,VCS1479,2021,0.0,100137.0
219940,VCS1479,2022,100139.0,99980.0
219941,VCS1479,2023,0.0,74543.0
219942,VCS1479,2024,199216.0,0.0
219943,VCS1479,2025,0.0,29.0
219944,VCS1479,2026,0.0,31917.0
219970,VCS148,2021,76725.0,30992.0
219971,VCS148,2022,184896.0,4985.0
219972,VCS148,2023,0.0,1024.0
219973,VCS148,2024,0.0,44983.0
219996,VCS1480,2016,63903.0,65074.0
219997,VCS1480,2017,141698.0,63410.0
219998,VCS1480,2018,210622.0,130983.0
219999,VCS1480,2019,177658.0,184622.0
220000,VCS1480,2020,108882.0,313005.0
220001,VCS1480,2021,104366.0,87.0
220002,VCS1480,2022,33006.0,109325.0
220004,VCS1480,2024,113000.0,85363.0
220005,VCS1480,2025,196023.0,1940.0
220006,VCS1480,2026,0.0,14891.0
220027,VCS1481,2016,177746.0,15029.0
220028,VCS1481,2017,111887.0,143335.0
220029,VCS1481,2018,213525.0,177748.0
220030,VCS1481,2019,0.0,128032.0
220031,VCS1481,2020,282956.0,35789.0
220032,VCS1481,2021,0.0,1371.0
220033,VCS1481,2022,129184.0,264009.0
220034,VCS1481,2023,0.0,114038.0
220035,VCS1481,2024,108223.0,38219.0
220036,VCS1481,2025,113226.0,18129.0
220037,VCS1481,2026,90250.0,0.0
220058,VCS1482,2016,270381.0,136350.0
220059,VCS1482,2017,75855.0,54130.0
220060,VCS1482,2018,61702.0,89256.0
220061,VCS1482,2019,102563.0,123106.0
220062,VCS1482,2020,84476.0,231820.0
220063,VCS1482,2021,75873.0,0.0
220064,VCS1482,2022,0.0,75873.0
220065,VCS1482,2023,130914.0,0.0
220066,VCS1482,2024,0.0,4173.0
220067,VCS1482,2025,95825.0,45231.0
220068,VCS1482,2026,67436.0,72492.0
220089,VCS1483,2016,33405.0,1515.0
220090,VCS1483,2017,20472.0,4695.0
220091,VCS1483,2018,9039.0,14159.0
220092,VCS1483,2019,55046.0,29129.0
220093,VCS1483,2020,0.0,11947.0
220094,VCS1483,2021,0.0,26504.0
220095,VCS1483,2022,0.0,8576.0
220096,VCS1483,2023,62637.0,2281.0
220097,VCS1483,2024,32407.0,24082.0
220098,VCS1483,2025,0.0,11710.0
220099,VCS1483,2026,0.0,13967.0
220157,VCS1485,2022,442368.0,5000.0
220158,VCS1485,2023,0.0,80058.0
220159,VCS1485,2024,0.0,208721.0
220160,VCS1485,2025,0.0,56604.0
220161,VCS1485,2026,0.0,21297.0
220182,VCS1486,2016,33221.0,6146.0
220183,VCS1486,2017,0.0,23466.0
220184,VCS1486,2018,0.0,40.0
220185,VCS1486,2019,0.0,112.0
220186,VCS1486,2020,0.0,977.0
220187,VCS1486,2021,0.0,405.0
220189,VCS1486,2023,0.0,2075.0
220213,VCS1489,2016,0.0,41563.0
220214,VCS1489,2017,0.0,4405.0
220215,VCS1489,2018,0.0,26544.0
220216,VCS1489,2019,0.0,14471.0
220275,VCS1490,2016,2126828.0,32250.0
220276,VCS1490,2017,0.0,1031686.0
220277,VCS1490,2018,0.0,722865.0
220278,VCS1490,2019,0.0,265562.0
220279,VCS1490,2020,0.0,135629.0
220280,VCS1490,2021,0.0,27600.0
220285,VCS1490,2026,0.0,58750.0
220368,VCS1493,2016,125391.0,40096.0
220369,VCS1493,2017,0.0,230.0
220370,VCS1493,2018,0.0,38039.0
220371,VCS1493,2019,0.0,7837.0
220372,VCS1493,2020,271680.0,57861.0
220373,VCS1493,2021,0.0,59379.0
220374,VCS1493,2022,0.0,56250.0
220377,VCS1493,2025,0.0,32277.0
220378,VCS1493,2026,0.0,2422.0
220430,VCS1495,2016,13802.0,0.0
220431,VCS1495,2017,0.0,13802.0
220432,VCS1495,2018,13909.0,0.0
220433,VCS1495,2019,0.0,13853.0
220434,VCS1495,2020,37760.0,56.0
220435,VCS1495,2021,0.0,37588.0
220439,VCS1495,2025,88146.0,78704.0
220440,VCS1495,2026,0.0,9319.0
220461,VCS1496,2016,33894.0,0.0
220464,VCS1496,2019,0.0,5258.0
220465,VCS1496,2020,123768.0,8553.0
220466,VCS1496,2021,0.0,143851.0
220470,VCS1496,2025,154864.0,131500.0
220495,VCS1497,2019,565556.0,16000.0
220496,VCS1497,2020,340942.0,266585.0
220497,VCS1497,2021,0.0,171677.0
220498,VCS1497,2022,272745.0,325966.0
220499,VCS1497,2023,333062.0,186335.0
220500,VCS1497,2024,0.0,160025.0
220501,VCS1497,2025,285158.0,0.0
220502,VCS1497,2026,0.0,55271.0
220559,VCS1499,2021,708702.0,93520.0
220560,VCS1499,2022,0.0,10030.0
220561,VCS1499,2023,0.0,172462.0
220562,VCS1499,2024,0.0,236583.0
220563,VCS1499,2025,7481.0,500.0
220564,VCS1499,2026,0.0,1966.0
220585,VCS15,2016,0.0,44944.0
220586,VCS15,2017,0.0,48688.0
220623,VCS150,2023,74975.0,0.0
220654,VCS1500,2023,65074.0,0.0
220655,VCS1500,2024,0.0,12725.0
220656,VCS1500,2025,37611.0,29299.0
220657,VCS1500,2026,0.0,18409.0
220711,VCS1502,2018,320900.0,320000.0
220712,VCS1502,2019,309069.0,180000.0
220740,VCS1503,2016,310664.0,157679.0
220741,VCS1503,2017,454386.0,127506.0
220742,VCS1503,2018,446476.0,160762.0
220743,VCS1503,2019,0.0,290433.0
220744,VCS1503,2020,0.0,155441.0
220745,VCS1503,2021,0.0,138382.0
220746,VCS1503,2022,151801.0,34308.0
220747,VCS1503,2023,0.0,98634.0
220748,VCS1503,2024,0.0,169704.0
220749,VCS1503,2025,0.0,22623.0
220750,VCS1503,2026,5000.0,3105.0
220771,VCS1504,2016,0.0,52532.0
220772,VCS1504,2017,0.0,422.0
220773,VCS1504,2018,0.0,49524.0
220774,VCS1504,2019,0.0,385.0
220775,VCS1504,2020,0.0,614.0
220776,VCS1504,2021,0.0,178.0
220777,VCS1504,2022,0.0,203.0
220802,VCS1505,2016,0.0,57850.0
220803,VCS1505,2017,0.0,106021.0
220804,VCS1505,2018,0.0,10981.0
220805,VCS1505,2019,0.0,17897.0
220806,VCS1505,2020,0.0,93.0
220807,VCS1505,2021,0.0,80947.0
220808,VCS1505,2022,0.0,6129.0
220809,VCS1505,2023,0.0,1711.0
220810,VCS1505,2024,0.0,16292.0
220811,VCS1505,2025,0.0,78.0
220812,VCS1505,2026,0.0,23.0
220838,VCS1506,2021,373493.0,64446.0
220839,VCS1506,2022,0.0,34725.0
220840,VCS1506,2023,0.0,130336.0
220841,VCS1506,2024,0.0,114957.0
220842,VCS1506,2025,1645.0,500.0
220864,VCS1507,2016,0.0,222073.0
220865,VCS1507,2017,0.0,46023.0
220866,VCS1507,2018,0.0,8750.0
220867,VCS1507,2019,0.0,8750.0
220868,VCS1507,2020,0.0,8694.0
220899,VCS1508,2020,0.0,40.0
220900,VCS1508,2021,0.0,14380.0
220901,VCS1508,2022,0.0,28051.0
220902,VCS1508,2023,0.0,1100.0
220903,VCS1508,2024,0.0,215.0
220904,VCS1508,2025,0.0,122.0
220905,VCS1508,2026,0.0,30.0
220988,VCS1510,2016,0.0,500.0
220992,VCS1510,2020,136863.0,0.0
220993,VCS1510,2021,0.0,29.0
220994,VCS1510,2022,0.0,20211.0
220995,VCS1510,2023,0.0,17868.0
220997,VCS1510,2025,0.0,66143.0
220998,VCS1510,2026,0.0,7936.0
221020,VCS1512,2017,446756.0,0.0
221023,VCS1512,2020,8266.0,60384.0
221024,VCS1512,2021,60948.0,490897.0
221054,VCS1513,2020,0.0,10222.0
221058,VCS1513,2024,0.0,28.0
221085,VCS1514,2020,0.0,1.0
221086,VCS1514,2021,4472.0,154439.0
221117,VCS1515,2021,0.0,20179.0
221149,VCS1516,2022,0.0,12957.0
221180,VCS1517,2022,0.0,13438.0
221237,VCS1519,2017,89514.0,89161.0
221238,VCS1519,2018,130967.0,130967.0
221239,VCS1519,2019,62548.0,62901.0
221240,VCS1519,2020,78256.0,44057.0
221241,VCS1519,2021,61990.0,10337.0
221242,VCS1519,2022,51949.0,112048.0
221243,VCS1519,2023,0.0,6826.0
221244,VCS1519,2024,76616.0,58453.0
221245,VCS1519,2025,0.0,35636.0
221246,VCS1519,2026,0.0,1417.0
221273,VCS152,2022,0.0,84.0
221299,VCS1520,2017,26313.0,26313.0
221300,VCS1520,2018,192463.0,183126.0
221301,VCS1520,2019,94546.0,21199.0
221302,VCS1520,2020,130174.0,74546.0
221303,VCS1520,2021,85533.0,8138.0
221304,VCS1520,2022,79579.0,129579.0
221305,VCS1520,2023,0.0,32798.0
221306,VCS1520,2024,119302.0,79369.0
221307,VCS1520,2025,0.0,71037.0
221308,VCS1520,2026,0.0,8500.0
221330,VCS1521,2017,556341.0,196387.0
221331,VCS1521,2018,701051.0,278733.0
221332,VCS1521,2019,487697.0,209900.0
221333,VCS1521,2020,0.0,471817.0
221334,VCS1521,2021,168371.0,235779.0
221335,VCS1521,2022,561329.0,237850.0
221336,VCS1521,2023,0.0,124231.0
221337,VCS1521,2024,369034.0,76842.0
221338,VCS1521,2025,0.0,42550.0
221339,VCS1521,2026,0.0,1942.0
221365,VCS1522,2021,3007783.0,83956.0
221366,VCS1522,2022,342725.0,122436.0
221367,VCS1522,2023,704667.0,33716.0
221368,VCS1522,2024,912224.0,62471.0
221369,VCS1522,2025,0.0,49833.0
221370,VCS1522,2026,0.0,74931.0
221391,VCS1523,2016,187744.0,11602.0
221392,VCS1523,2017,127519.0,207626.0
221393,VCS1523,2018,109799.0,20758.0
221394,VCS1523,2019,0.0,57756.0
221395,VCS1523,2020,298225.0,134940.0
221396,VCS1523,2021,101861.0,191903.0
221397,VCS1523,2022,83668.0,86714.0
221398,VCS1523,2023,75646.0,54041.0
221399,VCS1523,2024,0.0,75990.0
221400,VCS1523,2025,0.0,4142.0
221401,VCS1523,2026,0.0,110213.0
221453,VCS1525,2016,110347.0,1400.0
221454,VCS1525,2017,0.0,73.0
221455,VCS1525,2018,0.0,700.0
221457,VCS1525,2020,0.0,700.0
221458,VCS1525,2021,0.0,104552.0
221459,VCS1525,2022,0.0,430.0
221460,VCS1525,2023,0.0,770.0
221462,VCS1525,2025,0.0,814.0
221515,VCS1527,2016,4270.0,0.0
221516,VCS1527,2017,0.0,4270.0
221546,VCS1528,2016,45730.0,18240.0
221547,VCS1528,2017,0.0,2460.0
221549,VCS1528,2019,0.0,25030.0
221579,VCS1529,2018,302608.0,0.0
221582,VCS1529,2021,77639.0,130565.0
221583,VCS1529,2022,68800.0,63369.0
221584,VCS1529,2023,205470.0,138569.0
221585,VCS1529,2024,69728.0,36707.0
221586,VCS1529,2025,0.0,20616.0
221587,VCS1529,2026,0.0,121232.0
221614,VCS153,2022,0.0,636.0
221645,VCS1530,2022,297261.0,117222.0
221646,VCS1530,2023,0.0,64717.0
221647,VCS1530,2024,0.0,9964.0
221648,VCS1530,2025,0.0,4623.0
221649,VCS1530,2026,0.0,678.0
221672,VCS1532,2018,214694.0,0.0
221673,VCS1532,2019,540337.0,0.0
221674,VCS1532,2020,0.0,22827.0
221675,VCS1532,2021,0.0,101502.0
221676,VCS1532,2022,883068.0,81785.0
221677,VCS1532,2023,0.0,5676.0
221678,VCS1532,2024,0.0,881570.0
221702,VCS1533,2017,1020.0,0.0
221763,VCS1535,2016,15077.0,6921.0
221764,VCS1535,2017,42637.0,29626.0
221765,VCS1535,2018,34632.0,4374.0
221767,VCS1535,2020,52229.0,6320.0
221768,VCS1535,2021,0.0,5841.0
221769,VCS1535,2022,33214.0,9966.0
221770,VCS1535,2023,0.0,1134.0
221771,VCS1535,2024,33277.0,20516.0
221772,VCS1535,2025,0.0,11292.0
221773,VCS1535,2026,0.0,28.0
221825,VCS1537,2016,12884.0,12572.0
221826,VCS1537,2017,0.0,310.0
221827,VCS1537,2018,0.0,2.0
221858,VCS1538,2018,109816.0,99816.0
221859,VCS1538,2019,47246.0,23641.0
221860,VCS1538,2020,45777.0,23605.0
221861,VCS1538,2021,0.0,10053.0
221862,VCS1538,2022,136146.0,28887.0
221863,VCS1538,2023,0.0,58579.0
221864,VCS1538,2024,55945.0,58762.0
221865,VCS1538,2025,0.0,939.0
221866,VCS1538,2026,0.0,228.0
221887,VCS1539,2016,86412.0,24000.0
221888,VCS1539,2017,49787.0,0.0
221889,VCS1539,2018,29776.0,40535.0
221890,VCS1539,2019,25162.0,54121.0
221891,VCS1539,2020,0.0,20205.0
221892,VCS1539,2021,0.0,28995.0
221894,VCS1539,2023,144862.0,9976.0
221895,VCS1539,2024,0.0,13305.0
221896,VCS1539,2025,0.0,5774.0
221897,VCS1539,2026,0.0,25000.0
221920,VCS154,2018,0.0,4635.0
221921,VCS154,2019,0.0,26453.0
221922,VCS154,2020,0.0,15761.0
221950,VCS1541,2017,216722.0,2197.0
221951,VCS1541,2018,0.0,730.0
221952,VCS1541,2019,153260.0,2865.0
221953,VCS1541,2020,0.0,884.0
221954,VCS1541,2021,0.0,123105.0
221955,VCS1541,2022,322605.0,36558.0
221956,VCS1541,2023,884883.0,6546.0
221958,VCS1541,2025,0.0,1240.0
221959,VCS1541,2026,0.0,1108.0
221982,VCS1542,2018,147135.0,0.0
221984,VCS1542,2020,81534.0,0.0
221985,VCS1542,2021,0.0,109174.0
221986,VCS1542,2022,273112.0,64412.0
221987,VCS1542,2023,0.0,120118.0
221988,VCS1542,2024,0.0,319.0
221989,VCS1542,2025,0.0,65454.0
221990,VCS1542,2026,0.0,50337.0
222018,VCS1543,2023,531393.0,22582.0
222019,VCS1543,2024,224795.0,233351.0
222020,VCS1543,2025,0.0,6905.0
222108,VCS1546,2020,64422.0,950.0
222109,VCS1546,2021,310150.0,16435.0
222110,VCS1546,2022,0.0,145684.0
222111,VCS1546,2023,0.0,100815.0
222112,VCS1546,2024,0.0,8442.0
222113,VCS1546,2025,0.0,42002.0
222114,VCS1546,2026,0.0,31385.0
222140,VCS1547,2021,67151.0,57000.0
222141,VCS1547,2022,29664.0,6610.0
222142,VCS1547,2023,0.0,1903.0
222143,VCS1547,2024,0.0,164.0
222144,VCS1547,2025,0.0,191.0
222145,VCS1547,2026,0.0,100.0
222199,VCS1549,2018,21216.0,1124.0
222201,VCS1549,2020,19479.0,20812.0
222202,VCS1549,2021,119115.0,18759.0
222203,VCS1549,2022,0.0,24807.0
222204,VCS1549,2023,0.0,15650.0
222205,VCS1549,2024,52866.0,51971.0
222206,VCS1549,2025,14051.0,29286.0
222207,VCS1549,2026,0.0,51291.0
222228,VCS155,2016,0.0,8769.0
222230,VCS155,2018,0.0,21110.0
222264,VCS1550,2021,40093.0,0.0
222267,VCS1550,2024,0.0,40090.0
222291,VCS1551,2017,44782.0,33183.0
222295,VCS1551,2021,751.0,0.0
222296,VCS1551,2022,0.0,12350.0
222353,VCS1553,2017,27577.0,27577.0
222354,VCS1553,2018,61922.0,61922.0
222387,VCS1554,2020,60613.0,0.0
222445,VCS1558,2016,54782.0,0.0
222446,VCS1558,2017,0.0,17515.0
222448,VCS1558,2019,0.0,18680.0
222449,VCS1558,2020,0.0,8472.0
222451,VCS1558,2022,223415.0,1444.0
222452,VCS1558,2023,0.0,66276.0
222453,VCS1558,2024,0.0,10103.0
222454,VCS1558,2025,0.0,12325.0
222455,VCS1558,2026,0.0,6028.0
222482,VCS1559,2022,417782.0,0.0
222484,VCS1559,2024,0.0,417782.0
222539,VCS1560,2017,383890.0,190200.0
222540,VCS1560,2018,464176.0,285200.0
222541,VCS1560,2019,253346.0,230827.0
222542,VCS1560,2020,741924.0,147607.0
222543,VCS1560,2021,247721.0,300209.0
222544,VCS1560,2022,0.0,794426.0
222545,VCS1560,2023,498683.0,434364.0
222546,VCS1560,2024,261891.0,128486.0
222547,VCS1560,2025,300372.0,35189.0
222548,VCS1560,2026,0.0,120557.0
222632,VCS1563,2017,15327.0,0.0
222634,VCS1563,2019,0.0,209.0
222635,VCS1563,2020,0.0,6555.0
222636,VCS1563,2021,0.0,8445.0
222640,VCS1563,2025,0.0,118.0
222662,VCS1564,2016,25200.0,0.0
222666,VCS1564,2020,0.0,4408.0
222694,VCS1566,2017,10712889.0,1710278.0
222695,VCS1566,2018,0.0,8988274.0
222696,VCS1566,2019,6404775.0,6314327.0
222697,VCS1566,2020,0.0,573.0
222698,VCS1566,2021,9976753.0,1683992.0
222699,VCS1566,2022,0.0,278329.0
222700,VCS1566,2023,0.0,309181.0
222701,VCS1566,2024,0.0,524837.0
222702,VCS1566,2025,0.0,434255.0
222703,VCS1566,2026,0.0,217262.0
222728,VCS1567,2020,230788.0,85715.0
222729,VCS1567,2021,0.0,41248.0
222730,VCS1567,2022,0.0,103554.0
222731,VCS1567,2023,0.0,271.0
222789,VCS1569,2019,96378.0,0.0
222792,VCS1569,2022,143289.0,21486.0
222793,VCS1569,2023,0.0,20654.0
222794,VCS1569,2024,108181.0,1206.0
222795,VCS1569,2025,0.0,28578.0
222796,VCS1569,2026,0.0,20000.0
222849,VCS1570,2017,85412.0,0.0
222850,VCS1570,2018,97861.0,19148.0
222851,VCS1570,2019,0.0,65182.0
222852,VCS1570,2020,0.0,15210.0
222853,VCS1570,2021,0.0,1608.0
222854,VCS1570,2022,0.0,10901.0
222855,VCS1570,2023,0.0,3000.0
222881,VCS1571,2018,395220.0,207033.0
222882,VCS1571,2019,95934.0,234417.0
222883,VCS1571,2020,0.0,40891.0
222885,VCS1571,2022,445475.0,58898.0
222886,VCS1571,2023,511702.0,262186.0
222887,VCS1571,2024,301811.0,416204.0
222888,VCS1571,2025,216756.0,690195.0
222889,VCS1571,2026,100000.0,12379.0
222917,VCS1572,2023,434291.0,0.0
222920,VCS1572,2026,214050.0,0.0
222942,VCS1574,2017,60592.0,60592.0
222947,VCS1574,2022,356812.0,356812.0
222974,VCS1577,2018,184926.0,0.0
222977,VCS1577,2021,78402.0,50000.0
222978,VCS1577,2022,287276.0,59743.0
222979,VCS1577,2023,0.0,363.0
222980,VCS1577,2024,0.0,42832.0
222981,VCS1577,2025,0.0,3085.0
222982,VCS1577,2026,0.0,72305.0
223004,VCS1578,2017,18207.0,16271.0
223008,VCS1578,2021,0.0,1936.0
223036,VCS1579,2018,64806.0,40366.0
223037,VCS1579,2019,0.0,24211.0
223038,VCS1579,2020,57480.0,0.0
223040,VCS1579,2022,0.0,49316.0
223041,VCS1579,2023,0.0,8393.0
223044,VCS1579,2026,99424.0,99400.0
223065,VCS158,2016,117375.0,103858.0
223066,VCS158,2017,0.0,10885.0
223067,VCS158,2018,0.0,16011.0
223068,VCS158,2019,28065.0,16209.0
223069,VCS158,2020,0.0,6217.0
223070,VCS158,2021,30259.0,11960.0
223071,VCS158,2022,0.0,21514.0
223072,VCS158,2023,0.0,51.0
223074,VCS158,2025,37412.0,7864.0
223097,VCS1580,2017,475380.0,383977.0
223098,VCS1580,2018,614147.0,79147.0
223099,VCS1580,2019,557764.0,869284.0
223100,VCS1580,2020,626415.0,366253.0
223101,VCS1580,2021,839190.0,563731.0
223102,VCS1580,2022,457545.0,698652.0
223103,VCS1580,2023,189602.0,593585.0
223104,VCS1580,2024,0.0,6374.0
223105,VCS1580,2025,56350.0,10245.0
223106,VCS1580,2026,0.0,5235.0
223129,VCS1582,2018,160061.0,65355.0
223130,VCS1582,2019,0.0,40138.0
223131,VCS1582,2020,684278.0,2612.0
223132,VCS1582,2021,108683.0,395.0
223134,VCS1582,2023,271146.0,107959.0
223135,VCS1582,2024,0.0,93543.0
223136,VCS1582,2025,0.0,308273.0
223137,VCS1582,2026,218032.0,57502.0
223226,VCS1587,2022,288186.0,27381.0
223227,VCS1587,2023,0.0,923.0
223228,VCS1587,2024,199387.0,0.0
223229,VCS1587,2025,0.0,23307.0
223251,VCS159,2016,0.0,49599.0
223252,VCS159,2017,0.0,134906.0
223253,VCS159,2018,0.0,95171.0
223254,VCS159,2019,0.0,30207.0
223255,VCS159,2020,0.0,7446.0
223256,VCS159,2021,0.0,11780.0
223257,VCS159,2022,0.0,792.0
223316,VCS16,2019,0.0,73392.0
223317,VCS16,2020,0.0,77808.0
223348,VCS160,2020,0.0,5830.0
223439,VCS1622,2018,560886.0,11072.0
223440,VCS1622,2019,3471594.0,226736.0
223441,VCS1622,2020,704418.0,248085.0
223442,VCS1622,2021,0.0,812890.0
223443,VCS1622,2022,795043.0,710512.0
223444,VCS1622,2023,729916.0,1375796.0
223445,VCS1622,2024,689651.0,1001973.0
223446,VCS1622,2025,0.0,698741.0
223447,VCS1622,2026,0.0,63468.0
223476,VCS1623,2024,40434.0,0.0
223533,VCS163,2019,0.0,35500.0
223534,VCS163,2020,0.0,51560.0
223627,VCS1644,2020,50655.0,1000.0
223628,VCS1644,2021,530729.0,2997.0
223629,VCS1644,2022,0.0,959.0
223630,VCS1644,2023,217377.0,106136.0
223631,VCS1644,2024,0.0,99969.0
223632,VCS1644,2025,201848.0,191291.0
223633,VCS1644,2026,0.0,85760.0
223655,VCS1650,2017,2168043.0,23116.0
223656,VCS1650,2018,1804031.0,40000.0
223657,VCS1650,2019,3854572.0,118500.0
223658,VCS1650,2020,0.0,360129.0
223659,VCS1650,2021,6741668.0,7225023.0
223660,VCS1650,2022,0.0,342706.0
223661,VCS1650,2023,4306110.0,2143837.0
223662,VCS1650,2024,0.0,1241793.0
223663,VCS1650,2025,0.0,2946255.0
223664,VCS1650,2026,0.0,848570.0
223689,VCS1651,2020,109706.0,0.0
223690,VCS1651,2021,0.0,38161.0
223750,VCS1654,2019,937832.0,0.0
223751,VCS1654,2020,0.0,776570.0
223752,VCS1654,2021,170766.0,313009.0
223753,VCS1654,2022,0.0,5586.0
223754,VCS1654,2023,155433.0,28139.0
223755,VCS1654,2024,0.0,28249.0
223757,VCS1654,2026,0.0,256.0
223779,VCS1656,2017,130276.0,0.0
223781,VCS1656,2019,0.0,34131.0
223782,VCS1656,2020,0.0,31961.0
223783,VCS1656,2021,0.0,17037.0
223784,VCS1656,2022,0.0,2147.0
223786,VCS1656,2024,0.0,11270.0
223787,VCS1656,2025,0.0,23001.0
223841,VCS1658,2017,39980.0,0.0
223844,VCS1658,2020,0.0,39980.0
223902,VCS166,2016,56346.0,36714.0
223903,VCS166,2017,44537.0,7733.0
223904,VCS166,2018,0.0,9197.0
223905,VCS166,2019,0.0,21865.0
223906,VCS166,2020,0.0,4300.0
223908,VCS166,2022,0.0,403.0
223909,VCS166,2023,0.0,22766.0
223910,VCS166,2024,0.0,978.0
223934,VCS1660,2017,58907.0,53009.0
223935,VCS1660,2018,43702.0,46140.0
223936,VCS1660,2019,65742.0,19096.0
223937,VCS1660,2020,82122.0,55143.0
223938,VCS1660,2021,61292.0,34649.0
223939,VCS1660,2022,59114.0,90697.0
223940,VCS1660,2023,0.0,49947.0
223941,VCS1660,2024,88833.0,41104.0
223942,VCS1660,2025,0.0,7000.0
223967,VCS1661,2019,106947.0,0.0
223968,VCS1661,2020,0.0,10000.0
223969,VCS1661,2021,0.0,28060.0
223970,VCS1661,2022,255697.0,66239.0
223972,VCS1661,2024,0.0,8845.0
223973,VCS1661,2025,0.0,54340.0
223974,VCS1661,2026,0.0,22336.0
224029,VCS1663,2019,29239.0,4333.0
224030,VCS1663,2020,138053.0,12464.0
224031,VCS1663,2021,0.0,26870.0
224032,VCS1663,2022,32060.0,27112.0
224033,VCS1663,2023,0.0,7440.0
224034,VCS1663,2024,0.0,59842.0
224035,VCS1663,2025,0.0,1669.0
224036,VCS1663,2026,0.0,40988.0
224061,VCS1664,2020,336631.0,0.0
224063,VCS1664,2022,0.0,53701.0
224064,VCS1664,2023,0.0,62153.0
224065,VCS1664,2024,0.0,14485.0
224066,VCS1664,2025,0.0,76665.0
224067,VCS1664,2026,0.0,210.0
224091,VCS1665,2019,9100.0,0.0
224093,VCS1665,2021,0.0,4646.0
224095,VCS1665,2023,13806.0,8580.0
224156,VCS1667,2022,527040.0,0.0
224158,VCS1667,2024,114847.0,0.0
224182,VCS1669,2017,131593.0,19509.0
224183,VCS1669,2018,144200.0,74631.0
224184,VCS1669,2019,235074.0,76844.0
224185,VCS1669,2020,148361.0,251315.0
224186,VCS1669,2021,156871.0,107936.0
224187,VCS1669,2022,83279.0,240113.0
224188,VCS1669,2023,0.0,116001.0
224189,VCS1669,2024,106103.0,608.0
224190,VCS1669,2025,0.0,91682.0
224191,VCS1669,2026,0.0,9614.0
224212,VCS167,2016,0.0,54259.0
224244,VCS1670,2017,145393.0,100114.0
224245,VCS1670,2018,81970.0,18257.0
224246,VCS1670,2019,75015.0,92939.0
224247,VCS1670,2020,142753.0,21279.0
224248,VCS1670,2021,126703.0,220798.0
224249,VCS1670,2022,0.0,42048.0
224250,VCS1670,2023,0.0,48521.0
224251,VCS1670,2024,71267.0,37987.0
224252,VCS1670,2025,0.0,25925.0
224253,VCS1670,2026,0.0,15080.0
224275,VCS1671,2017,127168.0,23981.0
224276,VCS1671,2018,124497.0,102647.0
224277,VCS1671,2019,148958.0,97716.0
224278,VCS1671,2020,123864.0,77006.0
224279,VCS1671,2021,100473.0,77726.0
224280,VCS1671,2022,66398.0,5460.0
224281,VCS1671,2023,94949.0,102742.0
224282,VCS1671,2024,0.0,51179.0
224283,VCS1671,2025,0.0,27.0
224284,VCS1671,2026,0.0,167874.0
224341,VCS1673,2021,32455.0,32455.0
224399,VCS1675,2017,5210.0,0.0
224400,VCS1675,2018,4125.0,5210.0
224401,VCS1675,2019,0.0,46.0
224402,VCS1675,2020,0.0,4015.0
224403,VCS1675,2021,3518.0,0.0
224404,VCS1675,2022,0.0,1672.0
224405,VCS1675,2023,0.0,1800.0
224407,VCS1675,2025,0.0,110.0
224461,VCS1677,2017,26188.0,915.0
224463,VCS1677,2019,0.0,25273.0
224492,VCS1678,2017,18161.0,0.0
224494,VCS1678,2019,0.0,18161.0
224524,VCS1679,2018,62037.0,54000.0
224525,VCS1679,2019,14343.0,2040.0
224526,VCS1679,2020,248171.0,150622.0
224527,VCS1679,2021,91255.0,12880.0
224528,VCS1679,2022,44257.0,0.0
224529,VCS1679,2023,0.0,10555.0
224530,VCS1679,2024,77781.0,55778.0
224531,VCS1679,2025,0.0,10879.0
224532,VCS1679,2026,0.0,120058.0
224653,VCS1682,2023,40623.0,0.0
224683,VCS1683,2022,72233.0,0.0
224685,VCS1683,2024,29143.0,63961.0
224686,VCS1683,2025,28002.0,0.0
224709,VCS1684,2017,31217.0,0.0
224711,VCS1684,2019,0.0,31217.0
224712,VCS1684,2020,51882.0,30334.0
224713,VCS1684,2021,0.0,4000.0
224716,VCS1684,2024,22993.0,0.0
224717,VCS1684,2025,0.0,364.0
224718,VCS1684,2026,0.0,3180.0
224744,VCS1685,2021,181018.0,90131.0
224745,VCS1685,2022,0.0,25269.0
224746,VCS1685,2023,0.0,10353.0
224747,VCS1685,2024,0.0,36431.0
224748,VCS1685,2025,0.0,9122.0
224749,VCS1685,2026,0.0,175.0
224773,VCS1686,2019,75523.0,4516.0
224774,VCS1686,2020,1721746.0,467825.0
224775,VCS1686,2021,0.0,504902.0
224776,VCS1686,2022,894975.0,266949.0
224777,VCS1686,2023,0.0,135065.0
224778,VCS1686,2024,0.0,118895.0
224779,VCS1686,2025,0.0,176751.0
224780,VCS1686,2026,0.0,50512.0
224837,VCS1689,2021,645410.0,0.0
224838,VCS1689,2022,0.0,6715.0
224839,VCS1689,2023,0.0,2690.0
224840,VCS1689,2024,0.0,7156.0
224841,VCS1689,2025,0.0,61465.0
224842,VCS1689,2026,0.0,3736.0
224895,VCS1690,2017,12793.0,65.0
224896,VCS1690,2018,0.0,72.0
224897,VCS1690,2019,0.0,56.0
224900,VCS1690,2022,0.0,1500.0
224927,VCS1691,2018,73852.0,19739.0
224928,VCS1691,2019,0.0,53065.0
224929,VCS1691,2020,0.0,1048.0
224934,VCS1691,2025,117512.0,2143.0
224935,VCS1691,2026,0.0,110523.0
224957,VCS1692,2017,30887.0,0.0
224958,VCS1692,2018,0.0,25094.0
224959,VCS1692,2019,0.0,5793.0
224989,VCS1693,2018,23192.0,0.0
224991,VCS1693,2020,0.0,23192.0
224992,VCS1693,2021,4390.0,4390.0
225025,VCS1695,2023,5276.0,262.0
225050,VCS1696,2017,32574.0,0.0
225051,VCS1696,2018,0.0,16211.0
225052,VCS1696,2019,0.0,5795.0
225054,VCS1696,2021,0.0,9661.0
225055,VCS1696,2022,0.0,244.0
225056,VCS1696,2023,0.0,188.0
225057,VCS1696,2024,0.0,189.0
225058,VCS1696,2025,0.0,139.0
225081,VCS1697,2017,6719.0,1227.0
225082,VCS1697,2018,0.0,1751.0
225084,VCS1697,2020,0.0,3741.0
225112,VCS1698,2017,9880.0,0.0
225113,VCS1698,2018,0.0,9880.0
225143,VCS1699,2017,8561.0,0.0
225145,VCS1699,2019,0.0,769.0
225146,VCS1699,2020,0.0,5100.0
225147,VCS1699,2021,0.0,2592.0
225176,VCS17,2019,0.0,89988.0
225177,VCS17,2020,0.0,20000.0
225236,VCS1700,2017,3027.0,0.0
225237,VCS1700,2018,0.0,3027.0
225267,VCS1701,2017,4070.0,0.0
225298,VCS1702,2017,3858.0,0.0
225302,VCS1702,2021,62343.0,62343.0
225329,VCS1703,2017,722.0,0.0
225394,VCS1706,2020,3754.0,0.0
225395,VCS1706,2021,0.0,3754.0
225455,VCS1709,2019,368248.0,120000.0
225456,VCS1709,2020,303044.0,541292.0
225457,VCS1709,2021,318091.0,10000.0
225458,VCS1709,2022,174379.0,0.0
225459,VCS1709,2023,340149.0,1500.0
225460,VCS1709,2024,0.0,37486.0
225461,VCS1709,2025,0.0,106115.0
225462,VCS1709,2026,0.0,76399.0
225549,VCS1712,2020,23922.0,9831.0
225550,VCS1712,2021,0.0,1300.0
225551,VCS1712,2022,34916.0,3923.0
225552,VCS1712,2023,0.0,6883.0
225580,VCS1715,2020,394376.0,15000.0
225581,VCS1715,2021,0.0,74843.0
225582,VCS1715,2022,494617.0,189768.0
225583,VCS1715,2023,206076.0,92926.0
225584,VCS1715,2024,0.0,9861.0
225585,VCS1715,2025,0.0,6369.0
225586,VCS1715,2026,0.0,6006.0
225608,VCS1716,2017,9008.0,0.0
225609,VCS1716,2018,0.0,785.0
225610,VCS1716,2019,9152.0,752.0
225611,VCS1716,2020,15941.0,8986.0
225612,VCS1716,2021,29823.0,41349.0
225613,VCS1716,2022,0.0,12052.0
225614,VCS1716,2023,43147.0,1273.0
225615,VCS1716,2024,55332.0,22630.0
225616,VCS1716,2025,89106.0,17216.0
225617,VCS1716,2026,0.0,36933.0
225641,VCS1718,2019,227909.0,47363.0
225642,VCS1718,2020,165595.0,78690.0
225643,VCS1718,2021,605656.0,371267.0
225644,VCS1718,2022,0.0,130996.0
225645,VCS1718,2023,0.0,14313.0
225646,VCS1718,2024,0.0,49303.0
225647,VCS1718,2025,0.0,61523.0
225648,VCS1718,2026,0.0,22682.0
225672,VCS1719,2019,6761.0,1000.0
225673,VCS1719,2020,0.0,498.0
225674,VCS1719,2021,0.0,4153.0
225675,VCS1719,2022,0.0,810.0
225676,VCS1719,2023,0.0,1.0
225678,VCS1719,2025,0.0,116.0
225679,VCS1719,2026,0.0,4.0
225735,VCS1720,2020,19834.0,0.0
225736,VCS1720,2021,209305.0,5375.0
225737,VCS1720,2022,78853.0,4095.0
225738,VCS1720,2023,73149.0,18586.0
225739,VCS1720,2024,0.0,84375.0
225740,VCS1720,2025,0.0,4291.0
225741,VCS1720,2026,0.0,162910.0
225766,VCS1721,2020,37508.0,0.0
225767,VCS1721,2021,374322.0,22065.0
225768,VCS1721,2022,96850.0,213753.0
225769,VCS1721,2023,90392.0,62462.0
225770,VCS1721,2024,0.0,65179.0
225771,VCS1721,2025,0.0,45258.0
225772,VCS1721,2026,0.0,137621.0
225798,VCS1723,2021,65143.0,32000.0
225799,VCS1723,2022,0.0,27178.0
225800,VCS1723,2023,130062.0,3465.0
225801,VCS1723,2024,0.0,145.0
225802,VCS1723,2025,0.0,60820.0
225803,VCS1723,2026,241995.0,1568.0
225857,VCS1728,2018,1271028.0,331167.0
225858,VCS1728,2019,0.0,387585.0
225859,VCS1728,2020,65993.0,212227.0
225860,VCS1728,2021,2214687.0,582791.0
225861,VCS1728,2022,1431314.0,1100125.0
225862,VCS1728,2023,43848.0,529742.0
225863,VCS1728,2024,973770.0,48206.0
225864,VCS1728,2025,188688.0,20870.0
225865,VCS1728,2026,0.0,177250.0
225886,VCS173,2016,0.0,1855752.0
225887,VCS173,2017,0.0,1597932.0
225888,VCS173,2018,0.0,1370031.0
225889,VCS173,2019,0.0,216414.0
225890,VCS173,2020,0.0,664422.0
225891,VCS173,2021,2889200.0,1973291.0
225892,VCS173,2022,0.0,759043.0
225893,VCS173,2023,0.0,565672.0
225894,VCS173,2024,0.0,432559.0
225895,VCS173,2025,0.0,124603.0
225896,VCS173,2026,0.0,66196.0
225949,VCS1731,2017,352292.0,0.0
225951,VCS1731,2019,0.0,18662.0
225953,VCS1731,2021,0.0,21583.0
225954,VCS1731,2022,0.0,20162.0
225955,VCS1731,2023,0.0,34957.0
225956,VCS1731,2024,0.0,381.0
225958,VCS1731,2026,0.0,210000.0
225982,VCS1732,2019,90803.0,0.0
225983,VCS1732,2020,17090.0,1500.0
225984,VCS1732,2021,300438.0,90803.0
225985,VCS1732,2022,0.0,350.0
225986,VCS1732,2023,109358.0,19674.0
225987,VCS1732,2024,0.0,11310.0
225988,VCS1732,2025,0.0,48916.0
225989,VCS1732,2026,0.0,1868.0
226012,VCS1733,2018,153401.0,30300.0
226013,VCS1733,2019,69706.0,102690.0
226014,VCS1733,2020,79367.0,71038.0
226015,VCS1733,2021,86593.0,49957.0
226016,VCS1733,2022,75366.0,46605.0
226017,VCS1733,2023,70358.0,40620.0
226018,VCS1733,2024,58021.0,82617.0
226019,VCS1733,2025,45909.0,42084.0
226020,VCS1733,2026,0.0,20839.0
226044,VCS1734,2019,51371.0,0.0
226045,VCS1734,2020,54897.0,12251.0
226046,VCS1734,2021,56143.0,35572.0
226047,VCS1734,2022,43836.0,53630.0
226048,VCS1734,2023,36513.0,75726.0
226049,VCS1734,2024,34705.0,62330.0
226050,VCS1734,2025,37018.0,808.0
226051,VCS1734,2026,0.0,9352.0
226074,VCS1735,2018,104351.0,19000.0
226075,VCS1735,2019,0.0,42776.0
226076,VCS1735,2020,155337.0,29588.0
226077,VCS1735,2021,0.0,95634.0
226078,VCS1735,2022,0.0,37581.0
226079,VCS1735,2023,0.0,3290.0
226080,VCS1735,2024,0.0,2019.0
226106,VCS1736,2019,57991.0,1000.0
226107,VCS1736,2020,0.0,13338.0
226108,VCS1736,2021,576680.0,5869.0
226109,VCS1736,2022,565595.0,17400.0
226110,VCS1736,2023,0.0,125609.0
226111,VCS1736,2024,459175.0,70611.0
226112,VCS1736,2025,0.0,362829.0
226113,VCS1736,2026,0.0,2322.0
226136,VCS1737,2018,50000.0,50000.0
226167,VCS1739,2018,10197.0,266.0
226168,VCS1739,2019,0.0,2533.0
226169,VCS1739,2020,0.0,4119.0
226170,VCS1739,2021,14189.0,2000.0
226171,VCS1739,2022,0.0,2964.0
226172,VCS1739,2023,0.0,873.0
226175,VCS1739,2026,0.0,4331.0
226196,VCS174,2016,30486.0,30486.0
226230,VCS1740,2019,66108.0,12043.0
226231,VCS1740,2020,50519.0,72979.0
226232,VCS1740,2021,0.0,17421.0
226233,VCS1740,2022,344072.0,252937.0
226234,VCS1740,2023,0.0,38065.0
226235,VCS1740,2024,0.0,41036.0
226236,VCS1740,2025,249972.0,14546.0
226237,VCS1740,2026,0.0,3680.0
226262,VCS1741,2020,54973.0,0.0
226263,VCS1741,2021,28883.0,0.0
226264,VCS1741,2022,0.0,957.0
226265,VCS1741,2023,0.0,19502.0
226266,VCS1741,2024,0.0,6051.0
226267,VCS1741,2025,0.0,4965.0
226268,VCS1741,2026,0.0,14.0
226291,VCS1742,2018,7985332.0,673934.0
226292,VCS1742,2019,0.0,2727470.0
226293,VCS1742,2020,7254300.0,2570417.0
226294,VCS1742,2021,0.0,1596535.0
226295,VCS1742,2022,4878965.0,1413123.0
226296,VCS1742,2023,3032920.0,1175238.0
226297,VCS1742,2024,6334750.0,1473262.0
226298,VCS1742,2025,1361528.0,1661725.0
226299,VCS1742,2026,0.0,553289.0
226355,VCS1744,2020,72971.0,0.0
226357,VCS1744,2022,42407.0,0.0
226358,VCS1744,2023,0.0,500.0
226360,VCS1744,2025,0.0,9777.0
226361,VCS1744,2026,0.0,13178.0
226384,VCS1745,2018,55985.0,32670.0
226385,VCS1745,2019,74039.0,97301.0
226386,VCS1745,2020,144907.0,53.0
226387,VCS1745,2021,87943.0,91348.0
226389,VCS1745,2023,112818.0,0.0
226390,VCS1745,2024,108739.0,15104.0
226391,VCS1745,2025,58171.0,2420.0
226392,VCS1745,2026,0.0,12373.0
226415,VCS1746,2018,146250.0,20085.0
226416,VCS1746,2019,202894.0,23500.0
226417,VCS1746,2020,414877.0,70000.0
226418,VCS1746,2021,0.0,115097.0
226419,VCS1746,2022,386626.0,379096.0
226420,VCS1746,2023,0.0,46229.0
226421,VCS1746,2024,0.0,22017.0
226422,VCS1746,2025,0.0,84539.0
226423,VCS1746,2026,0.0,386971.0
226446,VCS1748,2018,7964756.0,0.0
226447,VCS1748,2019,3982378.0,382829.0
226448,VCS1748,2020,0.0,117156.0
226449,VCS1748,2021,11838831.0,1995519.0
226450,VCS1748,2022,0.0,1154499.0
226451,VCS1748,2023,3841272.0,2205926.0
226452,VCS1748,2024,0.0,467133.0
226453,VCS1748,2025,0.0,744815.0
226454,VCS1748,2026,0.0,2476877.0
226475,VCS175,2016,27054.0,24514.0
226477,VCS175,2018,0.0,2540.0
226508,VCS1750,2018,15811.0,0.0
226539,VCS1751,2018,1030.0,178.0
226540,VCS1751,2019,0.0,308.0
226570,VCS1752,2018,19647.0,0.0
226571,VCS1752,2019,135784.0,28179.0
226572,VCS1752,2020,0.0,43265.0
226573,VCS1752,2021,0.0,54204.0
226574,VCS1752,2022,0.0,19375.0
226577,VCS1752,2025,0.0,65.0
226578,VCS1752,2026,0.0,7343.0
226602,VCS1753,2019,484608.0,0.0
226603,VCS1753,2020,3278486.0,52000.0
226604,VCS1753,2021,2546833.0,103797.0
226605,VCS1753,2022,911456.0,150616.0
226606,VCS1753,2023,0.0,1997077.0
226607,VCS1753,2024,1305548.0,1505191.0
226608,VCS1753,2025,0.0,805050.0
226609,VCS1753,2026,0.0,638961.0
226635,VCS1754,2021,241686.0,0.0
226638,VCS1754,2024,1354792.0,0.0
226639,VCS1754,2025,456149.0,0.0
226666,VCS1758,2021,446347.0,73824.0
226667,VCS1758,2022,0.0,35351.0
226668,VCS1758,2023,0.0,149780.0
226669,VCS1758,2024,0.0,155151.0
226671,VCS1758,2026,0.0,22650.0
226696,VCS1759,2020,151140.0,0.0
226697,VCS1759,2021,0.0,87183.0
226698,VCS1759,2022,46336.0,19541.0
226699,VCS1759,2023,0.0,130.0
226700,VCS1759,2024,62074.0,10370.0
226701,VCS1759,2025,0.0,5313.0
226702,VCS1759,2026,0.0,32085.0
226787,VCS1762,2018,72537.0,27037.0
226788,VCS1762,2019,65925.0,106037.0
226789,VCS1762,2020,0.0,604.0
226790,VCS1762,2021,549453.0,1450.0
226791,VCS1762,2022,354540.0,66777.0
226792,VCS1762,2023,103405.0,79531.0
226793,VCS1762,2024,235837.0,193939.0
226794,VCS1762,2025,0.0,58713.0
226795,VCS1762,2026,0.0,79020.0
226818,VCS1764,2018,31744.0,18873.0
226819,VCS1764,2019,26615.0,12273.0
226820,VCS1764,2020,53369.0,15607.0
226821,VCS1764,2021,54137.0,37386.0
226822,VCS1764,2022,0.0,43433.0
226823,VCS1764,2023,45771.0,26383.0
226824,VCS1764,2024,0.0,22081.0
226825,VCS1764,2025,78389.0,37080.0
226826,VCS1764,2026,0.0,13088.0
226882,VCS1766,2020,5649.0,653.0
226883,VCS1766,2021,0.0,4996.0
226884,VCS1766,2022,15094.0,5785.0
226885,VCS1766,2023,0.0,9309.0
226886,VCS1766,2024,20744.0,3900.0
226887,VCS1766,2025,20217.0,6896.0
226912,VCS1767,2019,463699.0,246836.0
226913,VCS1767,2020,611586.0,430641.0
226914,VCS1767,2021,521852.0,292283.0
226915,VCS1767,2022,189309.0,138933.0
226916,VCS1767,2023,215993.0,45956.0
226917,VCS1767,2024,0.0,50190.0
226918,VCS1767,2025,0.0,162393.0
226919,VCS1767,2026,0.0,78781.0
226942,VCS1768,2018,374893.0,155269.0
226943,VCS1768,2019,456478.0,241984.0
226944,VCS1768,2020,298587.0,42149.0
226945,VCS1768,2021,0.0,192220.0
226946,VCS1768,2022,0.0,406015.0
226947,VCS1768,2023,0.0,7281.0
226948,VCS1768,2024,0.0,429.0
226949,VCS1768,2025,0.0,3122.0
226950,VCS1768,2026,0.0,307.0
226976,VCS1769,2021,3891.0,1000.0
226977,VCS1769,2022,9000.0,9894.0
226981,VCS1769,2026,0.0,998.0
227003,VCS177,2017,0.0,251.0
227005,VCS177,2019,0.0,1.0
227006,VCS177,2020,0.0,2.0
227008,VCS177,2022,0.0,31.0
227009,VCS177,2023,0.0,111.0
227010,VCS177,2024,0.0,84.0
227011,VCS177,2025,0.0,2210.0
227012,VCS177,2026,0.0,3361.0
227035,VCS1770,2018,193548.0,81418.0
227036,VCS1770,2019,116685.0,104142.0
227037,VCS1770,2020,290710.0,370872.0
227038,VCS1770,2021,226692.0,229991.0
227039,VCS1770,2022,0.0,2289.0
227040,VCS1770,2023,290199.0,9260.0
227041,VCS1770,2024,0.0,134476.0
227042,VCS1770,2025,295745.0,62789.0
227043,VCS1770,2026,149345.0,228625.0
227067,VCS1771,2019,189532.0,50000.0
227068,VCS1771,2020,281872.0,10000.0
227069,VCS1771,2021,0.0,72547.0
227070,VCS1771,2022,265866.0,58792.0
227071,VCS1771,2023,0.0,51735.0
227072,VCS1771,2024,0.0,21265.0
227073,VCS1771,2025,0.0,64491.0
227074,VCS1771,2026,0.0,40023.0
227103,VCS1772,2024,576320.0,0.0
227128,VCS1774,2018,36925.0,10950.0
227129,VCS1774,2019,0.0,14372.0
227130,VCS1774,2020,27770.0,33118.0
227131,VCS1774,2021,31462.0,34615.0
227132,VCS1774,2022,26406.0,28102.0
227133,VCS1774,2023,28130.0,27461.0
227134,VCS1774,2024,28372.0,25000.0
227135,VCS1774,2025,0.0,2700.0
227136,VCS1774,2026,0.0,333.0
227160,VCS1775,2019,3634940.0,4.0
227161,VCS1775,2020,1355238.0,1673516.0
227162,VCS1775,2021,1458359.0,2261722.0
227163,VCS1775,2022,1765037.0,1603137.0
227164,VCS1775,2023,0.0,108862.0
227165,VCS1775,2024,1385414.0,252033.0
227166,VCS1775,2025,2468500.0,2086335.0
227167,VCS1775,2026,0.0,3411975.0
227192,VCS1776,2020,121496.0,0.0
227193,VCS1776,2021,266662.0,0.0
227194,VCS1776,2022,0.0,45000.0
227195,VCS1776,2023,71325.0,3689.0
227196,VCS1776,2024,124153.0,433.0
227197,VCS1776,2025,48161.0,53276.0
227198,VCS1776,2026,0.0,10758.0
227251,VCS178,2017,0.0,7540.0
227252,VCS178,2018,0.0,259.0
227255,VCS178,2021,0.0,3632.0
227284,VCS1781,2019,129672.0,77237.0
227285,VCS1781,2020,0.0,15858.0
227286,VCS1781,2021,0.0,34392.0
227287,VCS1781,2022,21792.0,19516.0
227288,VCS1781,2023,0.0,2049.0
227289,VCS1781,2024,0.0,1257.0
227290,VCS1781,2025,0.0,64.0
227291,VCS1781,2026,0.0,49.0
227316,VCS1782,2020,551111.0,50000.0
227317,VCS1782,2021,0.0,1968.0
227318,VCS1782,2022,0.0,112143.0
227319,VCS1782,2023,0.0,90000.0
227321,VCS1782,2025,0.0,50000.0
227347,VCS1783,2020,392362.0,0.0
227348,VCS1783,2021,0.0,18662.0
227349,VCS1783,2022,0.0,15000.0
227350,VCS1783,2023,0.0,27639.0
227351,VCS1783,2024,0.0,9287.0
227352,VCS1783,2025,0.0,5792.0
227377,VCS1784,2019,557667.0,15.0
227378,VCS1784,2020,0.0,196683.0
227379,VCS1784,2021,609256.0,25000.0
227380,VCS1784,2022,1222364.0,90076.0
227381,VCS1784,2023,0.0,352266.0
227382,VCS1784,2024,751827.0,104230.0
227383,VCS1784,2025,0.0,380828.0
227384,VCS1784,2026,0.0,366394.0
227409,VCS1786,2020,248528.0,0.0
227410,VCS1786,2021,477711.0,121824.0
227411,VCS1786,2022,191567.0,497670.0
227412,VCS1786,2023,0.0,57831.0
227413,VCS1786,2024,443891.0,78711.0
227414,VCS1786,2025,0.0,44522.0
227415,VCS1786,2026,0.0,23284.0
227439,VCS1787,2019,179889.0,169389.0
227440,VCS1787,2020,222047.0,222759.0
227441,VCS1787,2021,135284.0,6460.0
227442,VCS1787,2022,0.0,5000.0
227444,VCS1787,2024,296625.0,250.0
227445,VCS1787,2025,0.0,4164.0
227446,VCS1787,2026,0.0,6279.0
227469,VCS1788,2018,115302.0,0.0
227470,VCS1788,2019,123471.0,148049.0
227471,VCS1788,2020,252640.0,12612.0
227472,VCS1788,2021,164185.0,294752.0
227473,VCS1788,2022,0.0,29808.0
227474,VCS1788,2023,0.0,24192.0
227475,VCS1788,2024,358087.0,0.0
227477,VCS1788,2026,0.0,77626.0
227501,VCS1789,2019,122446.0,122446.0
227502,VCS1789,2020,111732.0,0.0
227503,VCS1789,2021,108063.0,0.0
227506,VCS1789,2024,183078.0,10340.0
227507,VCS1789,2025,0.0,2208.0
227562,VCS1790,2018,287279.0,0.0
227563,VCS1790,2019,0.0,186528.0
227564,VCS1790,2020,257579.0,0.0
227565,VCS1790,2021,203168.0,257579.0
227566,VCS1790,2022,0.0,89619.0
227567,VCS1790,2023,0.0,20888.0
227568,VCS1790,2024,441973.0,0.0
227594,VCS1791,2019,59827.0,59827.0
227595,VCS1791,2020,140717.0,0.0
227596,VCS1791,2021,185923.0,17618.0
227597,VCS1791,2022,0.0,30582.0
227598,VCS1791,2023,0.0,5906.0
227599,VCS1791,2024,294911.0,217475.0
227600,VCS1791,2025,0.0,38800.0
227601,VCS1791,2026,0.0,33200.0
227625,VCS1792,2019,1187969.0,387672.0
227626,VCS1792,2020,1431477.0,350059.0
227627,VCS1792,2021,1339537.0,433514.0
227628,VCS1792,2022,712923.0,709302.0
227629,VCS1792,2023,1380180.0,550856.0
227630,VCS1792,2024,0.0,579985.0
227631,VCS1792,2025,0.0,489358.0
227632,VCS1792,2026,0.0,997048.0
227656,VCS1793,2019,350484.0,0.0
227657,VCS1793,2020,333937.0,178561.0
227658,VCS1793,2021,268604.0,359957.0
227659,VCS1793,2022,0.0,30020.0
227660,VCS1793,2023,0.0,6910.0
227661,VCS1793,2024,476001.0,10193.0
227662,VCS1793,2025,0.0,12965.0
227663,VCS1793,2026,0.0,87970.0
227687,VCS1794,2019,76438.0,0.0
227688,VCS1794,2020,0.0,76438.0
227689,VCS1794,2021,49569.0,49569.0
227691,VCS1794,2023,21117.0,19828.0
227752,VCS1797,2022,368205.0,100000.0
227753,VCS1797,2023,87705.0,1000.0
227754,VCS1797,2024,0.0,49772.0
227755,VCS1797,2025,0.0,12000.0
227756,VCS1797,2026,0.0,28000.0
227787,VCS1798,2026,346141.0,0.0
227906,VCS1800,2021,46646.0,0.0
227907,VCS1800,2022,38464.0,10.0
227908,VCS1800,2023,32128.0,96.0
227909,VCS1800,2024,0.0,47725.0
227910,VCS1800,2025,34893.0,68152.0
227911,VCS1800,2026,0.0,9212.0
227965,VCS1803,2018,7510.0,0.0
227966,VCS1803,2019,0.0,6220.0
227967,VCS1803,2020,26127.0,12208.0
227968,VCS1803,2021,0.0,13959.0
227969,VCS1803,2022,30470.0,0.0
227970,VCS1803,2023,35805.0,2500.0
227972,VCS1803,2025,0.0,34555.0
227999,VCS1804,2021,69323.0,30000.0
228001,VCS1804,2023,184142.0,45.0
228002,VCS1804,2024,15003.0,678.0
228003,VCS1804,2025,0.0,7001.0
228004,VCS1804,2026,0.0,5178.0
228028,VCS1805,2019,1331623.0,378460.0
228029,VCS1805,2020,673926.0,0.0
228030,VCS1805,2021,0.0,104213.0
228031,VCS1805,2022,3142587.0,3130410.0
228032,VCS1805,2023,1788472.0,1507526.0
228033,VCS1805,2024,2509506.0,733390.0
228034,VCS1805,2025,0.0,344244.0
228035,VCS1805,2026,0.0,413688.0
228066,VCS1806,2026,255609.0,43647.0
228091,VCS1807,2020,31731.0,0.0
228092,VCS1807,2021,0.0,31731.0
228095,VCS1807,2024,43642.0,100.0
228096,VCS1807,2025,0.0,285.0
228097,VCS1807,2026,0.0,28321.0
228149,VCS181,2016,0.0,102369.0
228150,VCS181,2017,0.0,140075.0
228151,VCS181,2018,0.0,112311.0
228152,VCS181,2019,0.0,105270.0
228153,VCS181,2020,0.0,143185.0
228154,VCS181,2021,0.0,1529.0
228155,VCS181,2022,0.0,566.0
228156,VCS181,2023,0.0,23444.0
228157,VCS181,2024,0.0,2910.0
228158,VCS181,2025,0.0,714.0
228214,VCS1811,2019,900752.0,48107.0
228215,VCS1811,2020,0.0,419760.0
228216,VCS1811,2021,0.0,281984.0
228217,VCS1811,2022,0.0,70255.0
228218,VCS1811,2023,0.0,63370.0
228220,VCS1811,2025,0.0,7666.0
228245,VCS1812,2019,535658.0,34554.0
228246,VCS1812,2020,340502.0,71929.0
228247,VCS1812,2021,1108053.0,10071.0
228248,VCS1812,2022,0.0,807581.0
228249,VCS1812,2023,459705.0,404102.0
228250,VCS1812,2024,409442.0,495411.0
228251,VCS1812,2025,382112.0,466603.0
228252,VCS1812,2026,215791.0,370902.0
228307,VCS1815,2019,1004735.0,0.0
228308,VCS1815,2020,2394094.0,300000.0
228309,VCS1815,2021,1944499.0,255012.0
228310,VCS1815,2022,0.0,445751.0
228311,VCS1815,2023,0.0,1382387.0
228312,VCS1815,2024,0.0,222832.0
228313,VCS1815,2025,0.0,709356.0
228314,VCS1815,2026,0.0,414090.0
228340,VCS1816,2021,34262.0,0.0
228341,VCS1816,2022,0.0,31449.0
228342,VCS1816,2023,0.0,2813.0
228370,VCS1817,2020,120832.0,120832.0
228371,VCS1817,2021,41237.0,41237.0
228374,VCS1817,2024,98870.0,98293.0
228375,VCS1817,2025,46104.0,46104.0
228400,VCS1819,2019,46473.0,0.0
228402,VCS1819,2021,0.0,14022.0
228403,VCS1819,2022,0.0,32451.0
228464,VCS1820,2021,601698.0,34429.0
228465,VCS1820,2022,259333.0,39153.0
228466,VCS1820,2023,0.0,62140.0
228467,VCS1820,2024,0.0,100479.0
228468,VCS1820,2025,261415.0,178078.0
228469,VCS1820,2026,0.0,130405.0
228525,VCS1822,2020,51552.0,0.0
228526,VCS1822,2021,63605.0,21024.0
228527,VCS1822,2022,28757.0,47430.0
228528,VCS1822,2023,27140.0,9651.0
228529,VCS1822,2024,0.0,7847.0
228530,VCS1822,2025,0.0,7123.0
228531,VCS1822,2026,0.0,18289.0
228555,VCS1823,2019,203799.0,30547.0
228556,VCS1823,2020,54419.0,140301.0
228557,VCS1823,2021,38094.0,0.0
228558,VCS1823,2022,41555.0,32951.0
228560,VCS1823,2024,38520.0,12214.0
228561,VCS1823,2025,0.0,42205.0
228586,VCS1824,2019,689876.0,75205.0
228587,VCS1824,2020,379940.0,223192.0
228588,VCS1824,2021,0.0,375294.0
228589,VCS1824,2022,0.0,141911.0
228590,VCS1824,2023,0.0,12867.0
228591,VCS1824,2024,0.0,1788.0
228592,VCS1824,2025,0.0,1467.0
228593,VCS1824,2026,0.0,425.0
228618,VCS1825,2020,83792.0,20000.0
228619,VCS1825,2021,0.0,23792.0
228620,VCS1825,2022,0.0,38133.0
228621,VCS1825,2023,0.0,1867.0
228649,VCS1826,2020,83348.0,30105.0
228650,VCS1826,2021,0.0,45743.0
228651,VCS1826,2022,0.0,7500.0
228770,VCS183,2017,0.0,11633.0
228771,VCS183,2018,0.0,3272.0
228803,VCS1830,2019,17216.0,17216.0
228804,VCS1830,2020,98072.0,0.0
228805,VCS1830,2021,0.0,65256.0
228806,VCS1830,2022,35254.0,16118.0
228807,VCS1830,2023,21864.0,9277.0
228808,VCS1830,2024,0.0,7716.0
228809,VCS1830,2025,0.0,16698.0
228810,VCS1830,2026,0.0,15204.0
228834,VCS1831,2019,168542.0,92128.0
228835,VCS1831,2020,52805.0,33706.0
228836,VCS1831,2021,39174.0,0.0
228837,VCS1831,2022,0.0,42708.0
228838,VCS1831,2023,41673.0,0.0
228839,VCS1831,2024,37277.0,6407.0
228840,VCS1831,2025,0.0,46398.0
228866,VCS1832,2020,87535.0,30000.0
228867,VCS1832,2021,0.0,7535.0
228868,VCS1832,2022,0.0,9097.0
228869,VCS1832,2023,0.0,40903.0
228926,VCS1835,2018,23636.0,23636.0
228957,VCS1836,2018,77183.0,65577.0
228958,VCS1836,2019,0.0,11606.0
229020,VCS1839,2019,379905.0,26801.0
229021,VCS1839,2020,0.0,201543.0
229022,VCS1839,2021,0.0,78416.0
229023,VCS1839,2022,0.0,3145.0
229049,VCS184,2017,0.0,17484.0
229050,VCS184,2018,0.0,45181.0
229051,VCS184,2019,0.0,9151.0
229052,VCS184,2020,0.0,300.0
229053,VCS184,2021,0.0,30.0
229054,VCS184,2022,0.0,1.0
229057,VCS184,2025,0.0,18.0
229085,VCS1840,2022,33270.0,0.0
229086,VCS1840,2023,0.0,2295.0
229087,VCS1840,2024,0.0,13449.0
229116,VCS1841,2022,666406.0,0.0
229145,VCS1842,2020,298718.0,0.0
229146,VCS1842,2021,114035.0,0.0
229147,VCS1842,2022,206113.0,107152.0
229148,VCS1842,2023,0.0,39307.0
229149,VCS1842,2024,0.0,51719.0
229150,VCS1842,2025,0.0,62066.0
229151,VCS1842,2026,0.0,58193.0
229207,VCS1844,2020,267434.0,0.0
229208,VCS1844,2021,0.0,52423.0
229209,VCS1844,2022,206705.0,71174.0
229210,VCS1844,2023,0.0,17580.0
229211,VCS1844,2024,0.0,74102.0
229212,VCS1844,2025,0.0,45886.0
229213,VCS1844,2026,0.0,36115.0
229300,VCS1847,2020,630037.0,0.0
229301,VCS1847,2021,764004.0,132730.0
229302,VCS1847,2022,0.0,246522.0
229303,VCS1847,2023,0.0,43006.0
229304,VCS1847,2024,0.0,362522.0
229305,VCS1847,2025,0.0,23929.0
229306,VCS1847,2026,0.0,8804.0
229389,VCS185,2016,0.0,49.0
229390,VCS185,2017,0.0,235.0
229391,VCS185,2018,0.0,8.0
229392,VCS185,2019,0.0,26972.0
229394,VCS185,2021,0.0,14376.0
229395,VCS185,2022,0.0,5666.0
229396,VCS185,2023,0.0,3852.0
229397,VCS185,2024,0.0,113.0
229398,VCS185,2025,0.0,1288.0
229422,VCS1850,2018,5000.0,0.0
229429,VCS1850,2025,0.0,5000.0
229454,VCS1851,2019,1984034.0,0.0
229455,VCS1851,2020,0.0,706034.0
229456,VCS1851,2021,4531882.0,1130000.0
229457,VCS1851,2022,944387.0,2698838.0
229458,VCS1851,2023,1731715.0,2715618.0
229459,VCS1851,2024,1763858.0,1367687.0
229460,VCS1851,2025,1785811.0,1363012.0
229461,VCS1851,2026,638028.0,1182785.0
229491,VCS1852,2025,44844.0,0.0
229516,VCS1853,2019,23374.0,16000.0
229517,VCS1853,2020,24752.0,3698.0
229518,VCS1853,2021,61125.0,26428.0
229520,VCS1853,2023,10312.0,29088.0
229521,VCS1853,2024,0.0,52.0
229522,VCS1853,2025,49618.0,29345.0
229523,VCS1853,2026,0.0,2640.0
229548,VCS1854,2020,14909.0,12345.0
229549,VCS1854,2021,100551.0,83.0
229550,VCS1854,2022,0.0,24905.0
229551,VCS1854,2023,0.0,5222.0
229552,VCS1854,2024,0.0,67540.0
229553,VCS1854,2025,37091.0,0.0
229579,VCS1855,2020,326643.0,0.0
229580,VCS1855,2021,0.0,60901.0
229581,VCS1855,2022,578036.0,168460.0
229582,VCS1855,2023,0.0,300688.0
229583,VCS1855,2024,0.0,170165.0
229584,VCS1855,2025,0.0,30443.0
229585,VCS1855,2026,0.0,881.0
229609,VCS1856,2019,221026.0,156000.0
229611,VCS1856,2021,476418.0,0.0
229612,VCS1856,2022,188886.0,65026.0
229613,VCS1856,2023,0.0,108999.0
229614,VCS1856,2024,299501.0,62989.0
229615,VCS1856,2025,155226.0,38980.0
229616,VCS1856,2026,0.0,113251.0
229640,VCS1857,2019,2943.0,2943.0
229641,VCS1857,2020,3647.0,3647.0
229643,VCS1857,2022,5910.0,5910.0
229646,VCS1857,2025,2214.0,1061.0
229647,VCS1857,2026,0.0,171.0
229672,VCS1859,2020,256592.0,15073.0
229673,VCS1859,2021,0.0,104761.0
229674,VCS1859,2022,498453.0,71254.0
229675,VCS1859,2023,0.0,9800.0
229676,VCS1859,2024,0.0,27592.0
229677,VCS1859,2025,0.0,979.0
229678,VCS1859,2026,0.0,1007.0
229733,VCS1860,2019,155641.0,5549.0
229734,VCS1860,2020,103640.0,75155.0
229735,VCS1860,2021,0.0,65421.0
229736,VCS1860,2022,502056.0,27154.0
229737,VCS1860,2023,0.0,2218.0
229738,VCS1860,2024,0.0,3532.0
229739,VCS1860,2025,0.0,1085.0
229740,VCS1860,2026,0.0,17278.0
229766,VCS1861,2021,29477.0,0.0
229767,VCS1861,2022,22246.0,0.0
229768,VCS1861,2023,0.0,29477.0
229797,VCS1862,2021,118336.0,42054.0
229800,VCS1862,2024,0.0,3544.0
229801,VCS1862,2025,0.0,4589.0
229802,VCS1862,2026,0.0,31391.0
229826,VCS1863,2019,2633.0,0.0
229827,VCS1863,2020,34922.0,14301.0
229828,VCS1863,2021,0.0,6458.0
229829,VCS1863,2022,0.0,2235.0
229830,VCS1863,2023,0.0,463.0
229831,VCS1863,2024,0.0,66.0
229832,VCS1863,2025,0.0,96.0
229833,VCS1863,2026,0.0,1645.0
229858,VCS1864,2020,170715.0,0.0
229859,VCS1864,2021,0.0,70715.0
229861,VCS1864,2023,0.0,100000.0
229889,VCS1865,2020,551461.0,259.0
229890,VCS1865,2021,576342.0,316495.0
229891,VCS1865,2022,0.0,116119.0
229892,VCS1865,2023,0.0,100000.0
229893,VCS1865,2024,0.0,96093.0
229894,VCS1865,2025,0.0,191.0
229920,VCS1866,2020,348219.0,99119.0
229921,VCS1866,2021,0.0,164700.0
229922,VCS1866,2022,0.0,84400.0
229950,VCS1867,2019,1535572.0,535000.0
229951,VCS1867,2020,780389.0,583000.0
229952,VCS1867,2021,624588.0,358725.0
229953,VCS1867,2022,581127.0,366616.0
229954,VCS1867,2023,520240.0,38731.0
229955,VCS1867,2024,0.0,59484.0
229956,VCS1867,2025,493731.0,521604.0
229957,VCS1867,2026,513361.0,264645.0
230077,VCS1870,2022,13936.0,27.0
230078,VCS1870,2023,0.0,2483.0
230079,VCS1870,2024,0.0,4220.0
230080,VCS1870,2025,0.0,470.0
230081,VCS1870,2026,0.0,263.0
230105,VCS1872,2019,151457.0,0.0
230106,VCS1872,2020,0.0,151457.0
230167,VCS1874,2019,216595.0,75000.0
230168,VCS1874,2020,0.0,127426.0
230169,VCS1874,2021,0.0,14169.0
230199,VCS1875,2020,37645.0,0.0
230200,VCS1875,2021,65581.0,0.0
230201,VCS1875,2022,0.0,8621.0
230202,VCS1875,2023,0.0,5722.0
230203,VCS1875,2024,0.0,12747.0
230204,VCS1875,2025,0.0,42925.0
230205,VCS1875,2026,0.0,976.0
230231,VCS1877,2021,58186.0,30000.0
230235,VCS1877,2025,0.0,25081.0
230236,VCS1877,2026,0.0,1817.0
230265,VCS1878,2024,41663.0,380.0
230266,VCS1878,2025,0.0,2820.0
230267,VCS1878,2026,0.0,100.0
230291,VCS1879,2019,20000.0,0.0
230292,VCS1879,2020,0.0,5957.0
230293,VCS1879,2021,0.0,10195.0
230294,VCS1879,2022,0.0,2542.0
230296,VCS1879,2024,0.0,1117.0
230297,VCS1879,2025,0.0,175.0
230298,VCS1879,2026,0.0,9.0
230385,VCS1882,2020,223991.0,71311.0
230386,VCS1882,2021,0.0,63675.0
230387,VCS1882,2022,92467.0,79823.0
230388,VCS1882,2023,0.0,77224.0
230389,VCS1882,2024,0.0,17311.0
230390,VCS1882,2025,0.0,5649.0
230391,VCS1882,2026,0.0,1465.0
230415,VCS1883,2019,38259.0,0.0
230417,VCS1883,2021,42990.0,24148.0
230418,VCS1883,2022,11444.0,6165.0
230419,VCS1883,2023,0.0,2927.0
230420,VCS1883,2024,0.0,8443.0
230421,VCS1883,2025,58034.0,45917.0
230422,VCS1883,2026,0.0,2076.0
230447,VCS1884,2020,240.0,240.0
230449,VCS1884,2022,2309.0,1238.0
230450,VCS1884,2023,0.0,656.0
230451,VCS1884,2024,2519.0,94.0
230477,VCS1885,2019,14068.0,0.0
230478,VCS1885,2020,26503.0,27500.0
230479,VCS1885,2021,45093.0,10592.0
230480,VCS1885,2022,25221.0,17201.0
230481,VCS1885,2023,24869.0,28008.0
230482,VCS1885,2024,24861.0,28886.0
230483,VCS1885,2025,0.0,11016.0
230484,VCS1885,2026,23430.0,9575.0
230508,VCS1886,2019,129914.0,43317.0
230509,VCS1886,2020,0.0,49341.0
230510,VCS1886,2021,0.0,29443.0
230511,VCS1886,2022,0.0,7813.0
230539,VCS1887,2019,137267.0,89795.0
230540,VCS1887,2020,0.0,29943.0
230541,VCS1887,2021,0.0,17529.0
230571,VCS1888,2020,84910.0,28303.0
230573,VCS1888,2022,0.0,18869.0
230574,VCS1888,2023,0.0,37738.0
230601,VCS1890,2019,317780.0,284585.0
230602,VCS1890,2020,524426.0,227500.0
230603,VCS1890,2021,248936.0,227321.0
230604,VCS1890,2022,0.0,145000.0
230605,VCS1890,2023,391632.0,220505.0
230606,VCS1890,2024,301399.0,191877.0
230607,VCS1890,2025,0.0,32873.0
230608,VCS1890,2026,0.0,70039.0
230634,VCS1891,2021,685478.0,0.0
230637,VCS1891,2024,0.0,18684.0
230638,VCS1891,2025,0.0,281042.0
230639,VCS1891,2026,0.0,73086.0
230694,VCS1893,2019,108170.0,106754.0
230698,VCS1893,2023,112482.0,2690.0
230699,VCS1893,2024,0.0,132.0
230727,VCS1895,2021,250838.0,4101.0
230729,VCS1895,2023,0.0,131.0
230730,VCS1895,2024,0.0,246606.0
230759,VCS1896,2022,278865.0,50519.0
230760,VCS1896,2023,0.0,1171.0
230761,VCS1896,2024,0.0,96648.0
230762,VCS1896,2025,0.0,73011.0
230763,VCS1896,2026,0.0,10210.0
230788,VCS1897,2020,781218.0,250.0
230789,VCS1897,2021,504852.0,86903.0
230790,VCS1897,2022,1514742.0,1783788.0
230791,VCS1897,2023,365535.0,430130.0
230792,VCS1897,2024,0.0,742323.0
230793,VCS1897,2025,398808.0,114577.0
230794,VCS1897,2026,306545.0,445443.0
230819,VCS1898,2020,307725.0,170351.0
230820,VCS1898,2021,146367.0,1166.0
230821,VCS1898,2022,0.0,5001.0
230822,VCS1898,2023,148874.0,4365.0
230823,VCS1898,2024,0.0,1070.0
230824,VCS1898,2025,152550.0,4264.0
230825,VCS1898,2026,0.0,2127.0
230849,VCS1899,2019,492325.0,50000.0
230850,VCS1899,2020,1263412.0,637674.0
230851,VCS1899,2021,0.0,149276.0
230852,VCS1899,2022,882336.0,404326.0
230853,VCS1899,2023,0.0,103678.0
230854,VCS1899,2024,0.0,232913.0
230855,VCS1899,2025,0.0,59355.0
230856,VCS1899,2026,0.0,28744.0
230912,VCS1900,2020,150425.0,2200.0
230913,VCS1900,2021,0.0,93500.0
230914,VCS1900,2022,366639.0,27499.0
230915,VCS1900,2023,0.0,14701.0
230916,VCS1900,2024,246811.0,64529.0
230917,VCS1900,2025,214080.0,406371.0
230918,VCS1900,2026,261981.0,292385.0
230973,VCS1902,2019,1030964.0,242950.0
230974,VCS1902,2020,0.0,253788.0
230975,VCS1902,2021,0.0,263013.0
230976,VCS1902,2022,0.0,271213.0
231005,VCS1903,2020,482465.0,0.0
231006,VCS1903,2021,522964.0,0.0
231007,VCS1903,2022,0.0,297028.0
231008,VCS1903,2023,450765.0,433637.0
231009,VCS1903,2024,249042.0,159317.0
231010,VCS1903,2025,221062.0,223204.0
231011,VCS1903,2026,279596.0,285272.0
231036,VCS1904,2020,706167.0,25299.0
231037,VCS1904,2021,806985.0,5205.0
231038,VCS1904,2022,667108.0,31300.0
231039,VCS1904,2023,0.0,315683.0
231040,VCS1904,2024,1271920.0,223946.0
231041,VCS1904,2025,845230.0,897637.0
231042,VCS1904,2026,324433.0,293188.0
231070,VCS1905,2023,194803.0,0.0
231071,VCS1905,2024,105733.0,13.0
231072,VCS1905,2025,62784.0,10.0
231073,VCS1905,2026,0.0,35.0
231101,VCS1906,2023,201200.0,5500.0
231102,VCS1906,2024,118365.0,0.0
231103,VCS1906,2025,75042.0,0.0
231132,VCS1907,2023,573248.0,0.0
231133,VCS1907,2024,315274.0,0.0
231134,VCS1907,2025,189127.0,0.0
231162,VCS1908,2022,23027.0,0.0
231163,VCS1908,2023,271960.0,0.0
231164,VCS1908,2024,174401.0,829.0
231165,VCS1908,2025,103639.0,0.0
231190,VCS1909,2019,44.0,0.0
231195,VCS1909,2024,0.0,44.0
231223,VCS191,2021,3613009.0,3000.0
231224,VCS191,2022,0.0,3191377.0
231225,VCS191,2023,0.0,344166.0
231226,VCS191,2024,0.0,6702.0
231227,VCS191,2025,0.0,19273.0
231228,VCS191,2026,0.0,5279.0
231252,VCS1910,2019,466.0,0.0
231257,VCS1910,2024,0.0,466.0
231284,VCS1911,2020,26317.0,26317.0
231286,VCS1911,2022,37375.0,12999.0
231287,VCS1911,2023,0.0,9069.0
231288,VCS1911,2024,0.0,8451.0
231289,VCS1911,2025,0.0,6694.0
231290,VCS1911,2026,53708.0,4492.0
231346,VCS1913,2020,12063.0,0.0
231348,VCS1913,2022,12412.0,0.0
231349,VCS1913,2023,8755.0,0.0
231352,VCS1913,2026,15951.0,7950.0
231377,VCS1914,2020,405517.0,0.0
231378,VCS1914,2021,0.0,847.0
231379,VCS1914,2022,348330.0,74975.0
231380,VCS1914,2023,0.0,107920.0
231381,VCS1914,2024,0.0,56072.0
231382,VCS1914,2025,0.0,148513.0
231383,VCS1914,2026,389365.0,3841.0
231408,VCS1915,2020,38729.0,900.0
231409,VCS1915,2021,40587.0,11488.0
231410,VCS1915,2022,28104.0,25479.0
231411,VCS1915,2023,0.0,17237.0
231412,VCS1915,2024,22250.0,34579.0
231413,VCS1915,2025,21338.0,18198.0
231414,VCS1915,2026,23012.0,16052.0
231443,VCS1916,2024,83999.0,7981.0
231444,VCS1916,2025,0.0,6416.0
231445,VCS1916,2026,0.0,38966.0
231469,VCS1917,2019,27300.0,27284.0
231500,VCS1918,2019,143833.0,6000.0
231501,VCS1918,2020,0.0,9460.0
231502,VCS1918,2021,0.0,16514.0
231503,VCS1918,2022,164992.0,59433.0
231504,VCS1918,2023,0.0,163094.0
231505,VCS1918,2024,0.0,1348.0
231506,VCS1918,2025,0.0,1125.0
231507,VCS1918,2026,0.0,3500.0
231564,VCS192,2021,943454.0,150079.0
231565,VCS192,2022,0.0,759540.0
231566,VCS192,2023,0.0,3385.0
231567,VCS192,2024,0.0,1995.0
231596,VCS1920,2022,157173.0,0.0
231629,VCS1921,2024,122035.0,0.0
231630,VCS1921,2025,66006.0,0.0
231691,VCS1923,2024,81478.0,0.0
231692,VCS1923,2025,40618.0,0.0
231754,VCS1925,2025,57575.0,0.0
231784,VCS1926,2024,20372.0,0.0
231785,VCS1926,2025,20585.0,0.0
231814,VCS1929,2023,2396.0,2396.0
231874,VCS1930,2021,418299.0,0.0
231875,VCS1930,2022,0.0,164680.0
231876,VCS1930,2023,0.0,17831.0
231877,VCS1930,2024,0.0,8493.0
231878,VCS1930,2025,0.0,737.0
231903,VCS1931,2019,687095.0,300000.0
231904,VCS1931,2020,493604.0,148468.0
231905,VCS1931,2021,733563.0,36299.0
231906,VCS1931,2022,869791.0,320920.0
231907,VCS1931,2023,686829.0,105617.0
231908,VCS1931,2024,0.0,350424.0
231909,VCS1931,2025,1371980.0,797643.0
231910,VCS1931,2026,0.0,485298.0
231936,VCS1933,2021,91646.0,0.0
231938,VCS1933,2023,53268.0,11795.0
231939,VCS1933,2024,0.0,14001.0
231966,VCS1934,2020,257116.0,165682.0
231968,VCS1934,2022,0.0,63030.0
231969,VCS1934,2023,0.0,28404.0
231997,VCS1935,2020,414173.0,0.0
231998,VCS1935,2021,517971.0,552.0
231999,VCS1935,2022,0.0,63521.0
232000,VCS1935,2023,0.0,394223.0
232001,VCS1935,2024,0.0,60847.0
232002,VCS1935,2025,0.0,23554.0
232003,VCS1935,2026,0.0,4473.0
232059,VCS1937,2020,90700.0,0.0
232060,VCS1937,2021,0.0,112.0
232063,VCS1937,2024,0.0,7000.0
232064,VCS1937,2025,0.0,522.0
232089,VCS1939,2019,337344.0,0.0
232090,VCS1939,2020,0.0,176508.0
232091,VCS1939,2021,0.0,12359.0
232092,VCS1939,2022,0.0,13739.0
232093,VCS1939,2023,240853.0,0.0
232094,VCS1939,2024,0.0,90564.0
232095,VCS1939,2025,0.0,899.0
232096,VCS1939,2026,0.0,200.0
232152,VCS1940,2020,343390.0,0.0
232153,VCS1940,2021,0.0,39535.0
232154,VCS1940,2022,0.0,98489.0
232155,VCS1940,2023,242595.0,57064.0
232156,VCS1940,2024,0.0,244369.0
232157,VCS1940,2025,0.0,701.0
232158,VCS1940,2026,0.0,2650.0
232183,VCS1941,2020,94634.0,0.0
232184,VCS1941,2021,75694.0,6000.0
232185,VCS1941,2022,169506.0,12316.0
232186,VCS1941,2023,0.0,532.0
232187,VCS1941,2024,0.0,7603.0
232188,VCS1941,2025,0.0,144.0
232189,VCS1941,2026,0.0,26000.0
232244,VCS1943,2019,270403.0,14425.0
232245,VCS1943,2020,23171.0,24464.0
232246,VCS1943,2021,0.0,3370.0
232247,VCS1943,2022,0.0,193.0
232248,VCS1943,2023,0.0,1848.0
232249,VCS1943,2024,0.0,191.0
232250,VCS1943,2025,0.0,131.0
232251,VCS1943,2026,0.0,19059.0
232280,VCS1944,2024,50284.0,0.0
232282,VCS1944,2026,0.0,7953.0
232308,VCS1945,2021,18133.0,0.0
232309,VCS1945,2022,0.0,673.0
232310,VCS1945,2023,0.0,1217.0
232311,VCS1945,2024,23895.0,28644.0
232312,VCS1945,2025,0.0,697.0
232313,VCS1945,2026,0.0,784.0
232338,VCS1946,2020,102753.0,0.0
232340,VCS1946,2022,41313.0,102824.0
232341,VCS1946,2023,81000.0,57176.0
232342,VCS1946,2024,0.0,15512.0
232343,VCS1946,2025,0.0,118.0
232344,VCS1946,2026,29982.0,149.0
232369,VCS1947,2020,532558.0,4926.0
232370,VCS1947,2021,0.0,103157.0
232371,VCS1947,2022,153443.0,163148.0
232372,VCS1947,2023,186199.0,177290.0
232373,VCS1947,2024,0.0,74060.0
232374,VCS1947,2025,0.0,16631.0
232375,VCS1947,2026,0.0,195368.0
232432,VCS1949,2021,906090.0,4895.0
232433,VCS1949,2022,283286.0,22490.0
232434,VCS1949,2023,251421.0,111920.0
232435,VCS1949,2024,304155.0,718699.0
232436,VCS1949,2025,0.0,47009.0
232437,VCS1949,2026,0.0,14080.0
232464,VCS195,2022,0.0,2446.0
232465,VCS195,2023,0.0,38228.0
232467,VCS195,2025,90089.0,0.0
232494,VCS1950,2021,1428835.0,10000.0
232495,VCS1950,2022,465395.0,218114.0
232496,VCS1950,2023,409302.0,140273.0
232497,VCS1950,2024,490954.0,466305.0
232498,VCS1950,2025,0.0,152407.0
232499,VCS1950,2026,0.0,96073.0
232586,VCS1953,2020,941618.0,27000.0
232587,VCS1953,2021,0.0,16604.0
232588,VCS1953,2022,0.0,32000.0
232589,VCS1953,2023,0.0,140889.0
232590,VCS1953,2024,0.0,26986.0
232591,VCS1953,2025,0.0,27167.0
232592,VCS1953,2026,0.0,16457.0
232618,VCS1954,2021,107033.0,0.0
232620,VCS1954,2023,0.0,14036.0
232621,VCS1954,2024,232137.0,14036.0
232622,VCS1954,2025,0.0,14233.0
232623,VCS1954,2026,0.0,998.0
232711,VCS1958,2021,85900.0,85900.0
232713,VCS1958,2023,139940.0,107198.0
232714,VCS1958,2024,3977.0,36697.0
232715,VCS1958,2025,58508.0,46364.0
232716,VCS1958,2026,24627.0,24806.0
232741,VCS1959,2020,38616.0,0.0
232742,VCS1959,2021,0.0,14667.0
232743,VCS1959,2022,23348.0,17419.0
232744,VCS1959,2023,0.0,11498.0
232745,VCS1959,2024,14332.0,4203.0
232746,VCS1959,2025,14424.0,0.0
232747,VCS1959,2026,14628.0,0.0
232768,VCS196,2016,0.0,11258.0
232769,VCS196,2017,0.0,23720.0
232770,VCS196,2018,0.0,146.0
232806,VCS1960,2023,56508.0,24280.0
232807,VCS1960,2024,0.0,12008.0
232809,VCS1960,2026,3515.0,12991.0
232864,VCS1962,2019,52267.0,52267.0
232928,VCS1964,2021,108925.0,30000.0
232929,VCS1964,2022,0.0,13814.0
232930,VCS1964,2023,125444.0,12793.0
232931,VCS1964,2024,84600.0,9156.0
232932,VCS1964,2025,35870.0,50237.0
232933,VCS1964,2026,0.0,88546.0
232959,VCS1965,2021,91933.0,70935.0
232960,VCS1965,2022,0.0,13081.0
232961,VCS1965,2023,62977.0,70891.0
232962,VCS1965,2024,80532.0,66929.0
232963,VCS1965,2025,26380.0,14656.0
232964,VCS1965,2026,0.0,5727.0
233055,VCS1968,2024,254468.0,0.0
233056,VCS1968,2025,0.0,83748.0
233057,VCS1968,2026,649828.0,32374.0
233109,VCS197,2016,98209.0,83851.0
233112,VCS197,2019,80624.0,93718.0
233113,VCS197,2020,0.0,115.0
233118,VCS197,2025,107416.0,4830.0
233119,VCS197,2026,55010.0,261.0
233146,VCS1970,2022,73384.0,0.0
233147,VCS1970,2023,18902.0,62774.0
233148,VCS1970,2024,86621.0,28289.0
233149,VCS1970,2025,95447.0,98538.0
233150,VCS1970,2026,81639.0,131666.0
233175,VCS1971,2020,30642.0,0.0
233176,VCS1971,2021,23952.0,1000.0
233177,VCS1971,2022,26280.0,0.0
233178,VCS1971,2023,23110.0,0.0
233179,VCS1971,2024,23956.0,0.0
233207,VCS1972,2021,134315.0,10813.0
233208,VCS1972,2022,57572.0,47474.0
233209,VCS1972,2023,57574.0,35473.0
233210,VCS1972,2024,0.0,12293.0
233211,VCS1972,2025,41920.0,25624.0
233212,VCS1972,2026,0.0,32150.0
233269,VCS1974,2021,119936.0,7523.0
233270,VCS1974,2022,69077.0,57946.0
233271,VCS1974,2023,52674.0,86057.0
233272,VCS1974,2024,3861.0,44971.0
233273,VCS1974,2025,53026.0,33620.0
233274,VCS1974,2026,24030.0,18021.0
233300,VCS1975,2021,59191.0,6973.0
233301,VCS1975,2022,117189.0,84577.0
233302,VCS1975,2023,101776.0,157478.0
233303,VCS1975,2024,0.0,22809.0
233304,VCS1975,2025,67726.0,59211.0
233305,VCS1975,2026,35734.0,20089.0
233330,VCS1976,2020,354005.0,0.0
233332,VCS1976,2022,824051.0,83582.0
233333,VCS1976,2023,0.0,45249.0
233334,VCS1976,2024,0.0,238698.0
233335,VCS1976,2025,0.0,175948.0
233336,VCS1976,2026,0.0,85769.0
233455,VCS198,2021,126198.0,0.0
233456,VCS198,2022,0.0,52936.0
233458,VCS198,2024,138781.0,0.0
233459,VCS198,2025,0.0,4438.0
233460,VCS198,2026,0.0,3569.0
233518,VCS1981,2022,221401.0,0.0
233519,VCS1981,2023,0.0,189411.0
233520,VCS1981,2024,0.0,278.0
233521,VCS1981,2025,0.0,31712.0
233552,VCS1982,2025,133553.0,10230.0
233553,VCS1982,2026,0.0,100151.0
233577,VCS1983,2019,28813.0,0.0
233578,VCS1983,2020,0.0,10000.0
233579,VCS1983,2021,0.0,18813.0
233640,VCS1985,2020,110988.0,10666.0
233641,VCS1985,2021,52078.0,33370.0
233644,VCS1985,2024,144048.0,0.0
233645,VCS1985,2025,0.0,578.0
233646,VCS1985,2026,0.0,186.0
233703,VCS1987,2021,671364.0,1800.0
233704,VCS1987,2022,0.0,147659.0
233705,VCS1987,2023,824230.0,372959.0
233706,VCS1987,2024,0.0,256742.0
233707,VCS1987,2025,402681.0,68631.0
233708,VCS1987,2026,391812.0,569446.0
233768,VCS1989,2024,50347.0,50000.0
233769,VCS1989,2025,24128.0,0.0
233797,VCS199,2022,0.0,19.0
233826,VCS1990,2020,127119.0,0.0
233827,VCS1990,2021,96819.0,205377.0
233828,VCS1990,2022,0.0,1742.0
233830,VCS1990,2024,154169.0,0.0
233919,VCS1993,2020,461033.0,0.0
233920,VCS1993,2021,313130.0,5000.0
233921,VCS1993,2022,0.0,307731.0
233922,VCS1993,2023,0.0,3302.0
233923,VCS1993,2024,515379.0,0.0
234014,VCS1996,2022,185244.0,185244.0
234015,VCS1996,2023,91407.0,3841.0
234016,VCS1996,2024,93910.0,7742.0
234017,VCS1996,2025,91398.0,13665.0
234018,VCS1996,2026,91674.0,30873.0
234043,VCS1997,2020,168398.0,0.0
234044,VCS1997,2021,172706.0,168398.0
234045,VCS1997,2022,222283.0,35143.0
234046,VCS1997,2023,0.0,28521.0
234047,VCS1997,2024,0.0,82301.0
234048,VCS1997,2025,64599.0,37529.0
234049,VCS1997,2026,64504.0,58580.0
234076,VCS1998,2022,92756.0,0.0
234077,VCS1998,2023,160485.0,187756.0
234078,VCS1998,2024,74078.0,0.0
234105,VCS1999,2020,120730.0,0.0
234106,VCS1999,2021,151587.0,120730.0
234107,VCS1999,2022,0.0,2136.0
234108,VCS1999,2023,197268.0,4057.0
234109,VCS1999,2024,0.0,36189.0
234110,VCS1999,2025,49939.0,20139.0
234111,VCS1999,2026,53247.0,22660.0
234229,VCS2000,2020,164613.0,0.0
234230,VCS2000,2021,167920.0,164613.0
234232,VCS2000,2023,210275.0,9000.0
234235,VCS2000,2026,124339.0,15172.0
234260,VCS2001,2020,89603.0,0.0
234261,VCS2001,2021,148431.0,88500.0
234262,VCS2001,2022,0.0,1398.0
234263,VCS2001,2023,193154.0,20426.0
234265,VCS2001,2025,0.0,13741.0
234291,VCS2002,2020,136087.0,0.0
234292,VCS2002,2021,175036.0,16905.0
234293,VCS2002,2022,223564.0,13505.0
234294,VCS2002,2023,0.0,88389.0
234295,VCS2002,2024,124587.0,27629.0
234296,VCS2002,2025,0.0,32075.0
234297,VCS2002,2026,0.0,57846.0
234324,VCS2003,2022,118553.0,25909.0
234325,VCS2003,2023,113722.0,16276.0
234356,VCS2004,2023,556706.0,10000.0
234357,VCS2004,2024,0.0,120014.0
234358,VCS2004,2025,0.0,11138.0
234359,VCS2004,2026,338175.0,10253.0
234386,VCS2005,2022,127480.0,109.0
234387,VCS2005,2023,0.0,44003.0
234388,VCS2005,2024,0.0,42253.0
234389,VCS2005,2025,0.0,258.0
234448,VCS2007,2022,121975.0,32000.0
234449,VCS2007,2023,110329.0,18569.0
234450,VCS2007,2024,0.0,8680.0
234451,VCS2007,2025,0.0,18893.0
234452,VCS2007,2026,0.0,1000.0
234479,VCS2008,2022,54467.0,0.0
234480,VCS2008,2023,47048.0,15428.0
234481,VCS2008,2024,0.0,202.0
234482,VCS2008,2025,0.0,7779.0
234483,VCS2008,2026,0.0,952.0
234535,VCS201,2016,0.0,10000.0
234536,VCS201,2017,28911.0,19000.0
234537,VCS201,2018,42094.0,28400.0
234538,VCS201,2019,14114.0,6794.0
234539,VCS201,2020,0.0,9639.0
234540,VCS201,2021,0.0,552.0
234541,VCS201,2022,0.0,10526.0
234542,VCS201,2023,0.0,6273.0
234697,VCS2014,2023,31691.0,0.0
234698,VCS2014,2024,0.0,20595.0
234699,VCS2014,2025,0.0,3.0
234700,VCS2014,2026,0.0,11092.0
234788,VCS2017,2021,270510.0,1100.0
234789,VCS2017,2022,252058.0,100.0
234790,VCS2017,2023,0.0,61063.0
234791,VCS2017,2024,0.0,39427.0
234792,VCS2017,2025,0.0,167409.0
234793,VCS2017,2026,0.0,111649.0
234851,VCS2019,2022,418185.0,0.0
234852,VCS2019,2023,326138.0,0.0
234853,VCS2019,2024,314731.0,0.0
234854,VCS2019,2025,0.0,635049.0
234855,VCS2019,2026,0.0,63946.0
234881,VCS202,2021,64933.0,0.0
234882,VCS202,2022,0.0,21031.0
234883,VCS202,2023,0.0,1148.0
234884,VCS202,2024,34198.0,872.0
234885,VCS202,2025,0.0,6966.0
234886,VCS202,2026,0.0,5089.0
234911,VCS2020,2020,289425.0,0.0
234912,VCS2020,2021,100366.0,0.0
234913,VCS2020,2022,891645.0,0.0
234914,VCS2020,2023,0.0,7126.0
234915,VCS2020,2024,572433.0,26290.0
234916,VCS2020,2025,0.0,356375.0
234917,VCS2020,2026,0.0,27000.0
235005,VCS2023,2021,23653.0,0.0
235006,VCS2023,2022,24224.0,0.0
235008,VCS2023,2024,0.0,4502.0
235009,VCS2023,2025,0.0,16713.0
235010,VCS2023,2026,0.0,8334.0
235098,VCS2026,2021,1535217.0,805898.0
235099,VCS2026,2022,0.0,38177.0
235100,VCS2026,2023,0.0,236385.0
235101,VCS2026,2024,0.0,220846.0
235102,VCS2026,2025,0.0,100027.0
235103,VCS2026,2026,0.0,9993.0
235218,VCS203,2017,0.0,7343.0
235219,VCS203,2018,0.0,72487.0
235220,VCS203,2019,0.0,6228.0
235221,VCS203,2020,0.0,2683.0
235223,VCS203,2022,0.0,1527.0
235225,VCS203,2024,0.0,136.0
235226,VCS203,2025,0.0,144.0
235227,VCS203,2026,0.0,453.0
235345,VCS2033,2020,16876.0,0.0
235347,VCS2033,2022,19788.0,0.0
235348,VCS2033,2023,8652.0,0.0
235349,VCS2033,2024,0.0,18205.0
235350,VCS2033,2025,0.0,6152.0
235351,VCS2033,2026,0.0,13144.0
235440,VCS2036,2022,137530.0,15301.0
235441,VCS2036,2023,0.0,41924.0
235442,VCS2036,2024,0.0,1742.0
235443,VCS2036,2025,0.0,20919.0
235444,VCS2036,2026,0.0,32000.0
235501,VCS2038,2021,68935.0,0.0
235503,VCS2038,2023,0.0,656.0
235505,VCS2038,2025,0.0,5583.0
235506,VCS2038,2026,0.0,5407.0
235536,VCS2039,2025,287345.0,0.0
235558,VCS204,2016,0.0,98003.0
235559,VCS204,2017,0.0,247846.0
235560,VCS204,2018,0.0,11614.0
235561,VCS204,2019,0.0,613.0
235595,VCS2040,2022,100581.0,5000.0
235596,VCS2040,2023,0.0,14939.0
235597,VCS2040,2024,114048.0,35855.0
235598,VCS2040,2025,0.0,13761.0
235599,VCS2040,2026,0.0,17028.0
235657,VCS2042,2022,652424.0,7336.0
235658,VCS2042,2023,364385.0,149279.0
235659,VCS2042,2024,359351.0,399135.0
235660,VCS2042,2025,0.0,268008.0
235661,VCS2042,2026,0.0,99975.0
235686,VCS2043,2020,116037.0,110000.0
235687,VCS2043,2021,495718.0,444559.0
235689,VCS2043,2023,0.0,56500.0
235690,VCS2043,2024,0.0,632.0
235903,VCS205,2020,0.0,22373.0
235996,VCS2052,2020,319405.0,0.0
235997,VCS2052,2021,300073.0,0.0
235998,VCS2052,2022,108158.0,200.0
235999,VCS2052,2023,196036.0,157244.0
236000,VCS2052,2024,0.0,296995.0
236001,VCS2052,2025,0.0,163744.0
236002,VCS2052,2026,0.0,55817.0
236027,VCS2053,2020,37431.0,0.0
236153,VCS2057,2022,88884.0,0.0
236154,VCS2057,2023,51541.0,88884.0
236155,VCS2057,2024,96254.0,54564.0
236185,VCS2058,2023,50186.0,0.0
236188,VCS2058,2026,15000.0,16233.0
236213,VCS2059,2020,226244.0,0.0
236214,VCS2059,2021,617351.0,255.0
236215,VCS2059,2022,227075.0,15468.0
236216,VCS2059,2023,284488.0,31251.0
236217,VCS2059,2024,0.0,67576.0
236218,VCS2059,2025,0.0,378614.0
236219,VCS2059,2026,0.0,144447.0
236275,VCS2060,2020,6809.0,0.0
236277,VCS2060,2022,0.0,6809.0
236278,VCS2060,2023,15525.0,0.0
236280,VCS2060,2025,0.0,1910.0
236281,VCS2060,2026,0.0,800.0
236430,VCS2065,2020,352015.0,12000.0
236431,VCS2065,2021,467623.0,0.0
236432,VCS2065,2022,0.0,160280.0
236433,VCS2065,2023,0.0,226940.0
236434,VCS2065,2024,150635.0,12272.0
236435,VCS2065,2025,300189.0,165848.0
236436,VCS2065,2026,0.0,109657.0
236557,VCS2069,2023,544539.0,200000.0
236558,VCS2069,2024,971713.0,340441.0
236559,VCS2069,2025,287746.0,364519.0
236560,VCS2069,2026,574786.0,328098.0
236617,VCS2070,2021,1202180.0,5512.0
236618,VCS2070,2022,0.0,387772.0
236619,VCS2070,2023,525714.0,549695.0
236620,VCS2070,2024,0.0,434134.0
236621,VCS2070,2025,0.0,117271.0
236622,VCS2070,2026,0.0,5770.0
236678,VCS2072,2020,309.0,0.0
236679,VCS2072,2021,0.0,106.0
236680,VCS2072,2022,0.0,3.0
236681,VCS2072,2023,2994.0,1000.0
236711,VCS2073,2022,5423.0,0.0
236712,VCS2073,2023,0.0,2416.0
236713,VCS2073,2024,0.0,2760.0
236714,VCS2073,2025,218534.0,0.0
236770,VCS2076,2019,30000.0,0.0
236772,VCS2076,2021,0.0,7574.0
236773,VCS2076,2022,0.0,11976.0
236774,VCS2076,2023,0.0,10450.0
236803,VCS2077,2021,975.0,0.0
236806,VCS2077,2024,0.0,172.0
236833,VCS2079,2020,112185.0,609.0
236834,VCS2079,2021,0.0,3386.0
236835,VCS2079,2022,0.0,30159.0
236836,VCS2079,2023,0.0,43654.0
236837,VCS2079,2024,0.0,30459.0
236838,VCS2079,2025,0.0,2275.0
236860,VCS208,2016,0.0,54343.0
236861,VCS208,2017,0.0,278881.0
236862,VCS208,2018,0.0,70203.0
236863,VCS208,2019,0.0,1230.0
236926,VCS2082,2020,376362.0,0.0
236927,VCS2082,2021,461385.0,154429.0
236928,VCS2082,2022,1011646.0,96537.0
236929,VCS2082,2023,0.0,243198.0
236930,VCS2082,2024,0.0,332862.0
236931,VCS2082,2025,0.0,145583.0
236932,VCS2082,2026,0.0,99952.0
236957,VCS2083,2020,325884.0,2500.0
236958,VCS2083,2021,54802.0,142668.0
236959,VCS2083,2022,213681.0,97158.0
236960,VCS2083,2023,277586.0,223133.0
236961,VCS2083,2024,0.0,147505.0
236962,VCS2083,2025,0.0,111151.0
236963,VCS2083,2026,0.0,69035.0
237019,VCS2085,2020,5367.0,0.0
237020,VCS2085,2021,0.0,4767.0
237021,VCS2085,2022,0.0,600.0
237024,VCS2085,2025,5459.0,3201.0
237051,VCS2087,2021,372490.0,2367.0
237052,VCS2087,2022,196699.0,36133.0
237053,VCS2087,2023,0.0,41993.0
237054,VCS2087,2024,0.0,316244.0
237055,VCS2087,2025,0.0,22003.0
237056,VCS2087,2026,0.0,17616.0
237112,VCS2089,2020,50000.0,0.0
237113,VCS2089,2021,0.0,48750.0
237140,VCS209,2017,0.0,18749.0
237141,VCS209,2018,0.0,99070.0
237174,VCS2090,2020,75000.0,75000.0
237237,VCS2092,2021,479318.0,106865.0
237240,VCS2092,2024,0.0,1213.0
237241,VCS2092,2025,0.0,4160.0
237242,VCS2092,2026,0.0,3768.0
237268,VCS2093,2021,12833.0,0.0
237269,VCS2093,2022,0.0,340.0
237270,VCS2093,2023,0.0,437.0
237271,VCS2093,2024,15900.0,7948.0
237272,VCS2093,2025,0.0,306.0
237273,VCS2093,2026,13624.0,12521.0
237299,VCS2094,2021,305228.0,0.0
237302,VCS2094,2024,146188.0,0.0
237330,VCS2095,2021,331039.0,48090.0
237331,VCS2095,2022,0.0,480.0
237332,VCS2095,2023,0.0,60673.0
237333,VCS2095,2024,0.0,134146.0
237334,VCS2095,2025,0.0,5866.0
237392,VCS2097,2021,417351.0,23064.0
237395,VCS2097,2024,214834.0,0.0
237423,VCS2098,2021,960750.0,74090.0
237424,VCS2098,2022,0.0,497192.0
237425,VCS2098,2023,0.0,552.0
237426,VCS2098,2024,0.0,1453.0
237427,VCS2098,2025,0.0,460.0
237428,VCS2098,2026,0.0,1284.0
237453,VCS2099,2020,101461.0,81000.0
237454,VCS2099,2021,258605.0,179066.0
237455,VCS2099,2022,0.0,100000.0
237511,VCS210,2016,0.0,168613.0
237512,VCS210,2017,0.0,149315.0
237542,VCS211,2016,0.0,169324.0
237543,VCS211,2017,0.0,145958.0
237544,VCS211,2018,0.0,133964.0
237545,VCS211,2019,0.0,38828.0
237546,VCS211,2020,0.0,14899.0
237547,VCS211,2021,0.0,6510.0
237548,VCS211,2022,0.0,2375.0
237549,VCS211,2023,0.0,1683.0
237550,VCS211,2024,0.0,2363.0
237582,VCS212,2025,0.0,100.0
237667,VCS213,2017,0.0,27590.0
237668,VCS213,2018,0.0,44139.0
237669,VCS213,2019,0.0,2373.0
237670,VCS213,2020,0.0,2594.0
237671,VCS213,2021,0.0,991.0
237672,VCS213,2022,0.0,2651.0
237673,VCS213,2023,0.0,2636.0
237674,VCS213,2024,0.0,5477.0
237675,VCS213,2025,0.0,13592.0
237676,VCS213,2026,0.0,15495.0
237728,VCS214,2016,0.0,10385.0
237729,VCS214,2017,0.0,39907.0
237730,VCS214,2018,0.0,256708.0
237731,VCS214,2019,0.0,22885.0
237732,VCS214,2020,0.0,57000.0
237733,VCS214,2021,0.0,15041.0
237736,VCS214,2024,0.0,1464.0
237825,VCS216,2020,0.0,60250.0
237914,VCS217,2016,0.0,236040.0
237915,VCS217,2017,0.0,98794.0
237916,VCS217,2018,0.0,99166.0
237917,VCS217,2019,0.0,50750.0
237918,VCS217,2020,0.0,12250.0
237919,VCS217,2021,0.0,20131.0
237920,VCS217,2022,0.0,430.0
237921,VCS217,2023,0.0,3564.0
237976,VCS219,2016,0.0,25918.0
237977,VCS219,2017,0.0,2848.0
238070,VCS221,2017,0.0,56682.0
238071,VCS221,2018,0.0,139604.0
238072,VCS221,2019,0.0,15588.0
238073,VCS221,2020,0.0,19731.0
238074,VCS221,2021,0.0,5196.0
238075,VCS221,2022,0.0,2103.0
238076,VCS221,2023,0.0,851.0
238077,VCS221,2024,0.0,2569.0
238078,VCS221,2025,0.0,5745.0
238105,VCS222,2021,0.0,10867.0
238106,VCS222,2022,0.0,2446.0
238107,VCS222,2023,0.0,3478.0
238108,VCS222,2024,0.0,150.0
238260,VCS2242,2021,249703.0,0.0
238261,VCS2242,2022,0.0,87916.0
238262,VCS2242,2023,0.0,39799.0
238263,VCS2242,2024,0.0,64304.0
238264,VCS2242,2025,0.0,57684.0
238291,VCS2243,2021,125737.0,0.0
238292,VCS2243,2022,0.0,46040.0
238294,VCS2243,2024,0.0,16545.0
238295,VCS2243,2025,0.0,63152.0
238322,VCS2244,2021,275169.0,0.0
238323,VCS2244,2022,0.0,104980.0
238324,VCS2244,2023,0.0,1635.0
238325,VCS2244,2024,0.0,87761.0
238326,VCS2244,2025,0.0,48564.0
238327,VCS2244,2026,0.0,32228.0
238353,VCS2245,2021,54223.0,0.0
238356,VCS2245,2024,0.0,54223.0
238446,VCS2248,2021,295277.0,0.0
238447,VCS2248,2022,0.0,61265.0
238448,VCS2248,2023,0.0,234012.0
238477,VCS2249,2021,230605.0,230605.0
238507,VCS225,2020,0.0,7250.0
238509,VCS225,2022,0.0,9202.0
238510,VCS225,2023,0.0,879.0
238511,VCS225,2024,0.0,390.0
238540,VCS2250,2022,3147440.0,69441.0
238541,VCS2250,2023,0.0,814017.0
238542,VCS2250,2024,1655218.0,1244403.0
238543,VCS2250,2025,0.0,1074801.0
238544,VCS2250,2026,0.0,410630.0
238601,VCS2252,2021,6307759.0,48550.0
238602,VCS2252,2022,0.0,144416.0
238603,VCS2252,2023,0.0,686480.0
238604,VCS2252,2024,0.0,107880.0
238605,VCS2252,2025,0.0,18656.0
238606,VCS2252,2026,0.0,7324.0
238663,VCS2259,2021,25680.0,0.0
238664,VCS2259,2022,34759.0,0.0
238665,VCS2259,2023,39174.0,99613.0
238666,VCS2259,2024,52788.0,0.0
238667,VCS2259,2025,49673.0,102273.0
238690,VCS226,2017,0.0,90000.0
238724,VCS2260,2020,206491.0,0.0
238725,VCS2260,2021,44774.0,134848.0
238726,VCS2260,2022,0.0,65320.0
238728,VCS2260,2024,0.0,6491.0
238756,VCS2261,2021,37824.0,0.0
238757,VCS2261,2022,46503.0,36146.0
238758,VCS2261,2023,0.0,13688.0
238759,VCS2261,2024,59131.0,68876.0
238760,VCS2261,2025,0.0,315.0
238761,VCS2261,2026,20107.0,14522.0
238817,VCS2263,2020,23403.0,0.0
238818,VCS2263,2021,7154.0,30557.0
238882,VCS2278,2023,3002760.0,2636365.0
238883,VCS2278,2024,0.0,366395.0
238884,VCS2278,2025,190309.0,5.0
238907,VCS228,2017,0.0,38218.0
238909,VCS228,2019,0.0,20000.0
238915,VCS228,2025,0.0,6665.0
238916,VCS228,2026,0.0,23018.0
238973,VCS2290,2021,59363.0,40000.0
238974,VCS2290,2022,0.0,4725.0
238975,VCS2290,2023,0.0,12037.0
238976,VCS2290,2024,0.0,607.0
239004,VCS2291,2021,627061.0,14.0
239005,VCS2291,2022,484655.0,133.0
239006,VCS2291,2023,0.0,407507.0
239035,VCS2292,2021,793277.0,70.0
239036,VCS2292,2022,553049.0,35.0
239037,VCS2292,2023,0.0,11744.0
239038,VCS2292,2024,0.0,29002.0
239039,VCS2292,2025,0.0,35.0
239065,VCS2293,2020,1327442.0,100.0
239066,VCS2293,2021,0.0,311095.0
239067,VCS2293,2022,0.0,52538.0
239068,VCS2293,2023,0.0,51469.0
239069,VCS2293,2024,0.0,66208.0
239070,VCS2293,2025,0.0,50025.0
239071,VCS2293,2026,0.0,24332.0
239129,VCS2296,2022,119905.0,46475.0
239130,VCS2296,2023,0.0,14468.0
239131,VCS2296,2024,0.0,467.0
239162,VCS2297,2024,2513137.0,0.0
239163,VCS2297,2025,1416568.0,464381.0
239221,VCS2299,2021,135387.0,0.0
239223,VCS2299,2023,166331.0,26612.0
239225,VCS2299,2025,0.0,55000.0
239279,VCS230,2017,0.0,108562.0
239376,VCS2302,2021,70777.0,0.0
239377,VCS2302,2022,188864.0,0.0
239378,VCS2302,2023,0.0,183195.0
239379,VCS2302,2024,0.0,3862.0
239381,VCS2302,2026,94669.0,0.0
239408,VCS2303,2022,91563.0,35552.0
239409,VCS2303,2023,18281.0,2010.0
239410,VCS2303,2024,0.0,785.0
239411,VCS2303,2025,0.0,215.0
239499,VCS2306,2020,93646.0,457.0
239500,VCS2306,2021,0.0,322.0
239531,VCS2307,2021,37847.0,1303.0
239532,VCS2307,2022,31766.0,4638.0
239533,VCS2307,2023,0.0,27637.0
239534,VCS2307,2024,0.0,4673.0
239535,VCS2307,2025,105430.0,10145.0
239536,VCS2307,2026,0.0,1263.0
239562,VCS2308,2021,29681.0,29681.0
239564,VCS2308,2023,63135.0,44093.0
239566,VCS2308,2025,21847.0,759.0
239567,VCS2308,2026,0.0,5268.0
239592,VCS2309,2020,26117.0,0.0
239594,VCS2309,2022,38751.0,2532.0
239595,VCS2309,2023,29263.0,6882.0
239596,VCS2309,2024,29648.0,8886.0
239597,VCS2309,2025,0.0,2272.0
239598,VCS2309,2026,0.0,915.0
239620,VCS231,2017,0.0,102601.0
239621,VCS231,2018,0.0,93533.0
239655,VCS2310,2021,579051.0,277462.0
239656,VCS2310,2022,346792.0,482541.0
239657,VCS2310,2023,0.0,68155.0
239658,VCS2310,2024,0.0,33541.0
239659,VCS2310,2025,0.0,7327.0
239660,VCS2310,2026,0.0,900.0
239689,VCS2311,2024,90847.0,53.0
239690,VCS2311,2025,17115.0,1557.0
239691,VCS2311,2026,51815.0,33.0
239720,VCS2312,2024,94048.0,0.0
239721,VCS2312,2025,18217.0,3423.0
239722,VCS2312,2026,43941.0,0.0
239751,VCS2313,2024,94233.0,0.0
239752,VCS2313,2025,18177.0,3490.0
239753,VCS2313,2026,44032.0,0.0
239782,VCS2314,2024,94986.0,0.0
239783,VCS2314,2025,18807.0,2434.0
239784,VCS2314,2026,44641.0,0.0
239813,VCS2315,2024,100104.0,0.0
239814,VCS2315,2025,20790.0,270.0
239815,VCS2315,2026,52843.0,0.0
239841,VCS2316,2021,20000.0,3460.0
239842,VCS2316,2022,0.0,7800.0
239843,VCS2316,2023,0.0,4149.0
239845,VCS2316,2025,0.0,4591.0
239875,VCS2317,2024,11551.0,3197.0
239876,VCS2317,2025,3880.0,6279.0
239877,VCS2317,2026,0.0,5852.0
239936,VCS2319,2023,5770.0,0.0
239939,VCS2319,2026,46342.0,0.0
239961,VCS232,2017,0.0,79.0
239964,VCS232,2020,0.0,1.0
239966,VCS232,2022,0.0,584.0
239967,VCS232,2023,0.0,1268.0
239968,VCS232,2024,0.0,1049.0
239969,VCS232,2025,0.0,475.0
239970,VCS232,2026,0.0,114.0
240058,VCS2322,2021,27797.0,0.0
240059,VCS2322,2022,0.0,933.0
240060,VCS2322,2023,0.0,14524.0
240061,VCS2322,2024,0.0,8580.0
240062,VCS2322,2025,0.0,3044.0
240063,VCS2322,2026,28166.0,12624.0
240089,VCS2323,2021,69044.0,31018.0
240090,VCS2323,2022,0.0,32.0
240091,VCS2323,2023,0.0,35000.0
240092,VCS2323,2024,0.0,119.0
240093,VCS2323,2025,0.0,1068.0
240120,VCS2324,2021,302043.0,0.0
240121,VCS2324,2022,0.0,102643.0
240122,VCS2324,2023,0.0,28426.0
240124,VCS2324,2025,0.0,8497.0
240125,VCS2324,2026,0.0,2000.0
240153,VCS2326,2023,496532.0,0.0
240154,VCS2326,2024,0.0,6021.0
240155,VCS2326,2025,0.0,20577.0
240156,VCS2326,2026,0.0,350.0
240184,VCS2327,2023,545081.0,2818.0
240185,VCS2327,2024,0.0,93670.0
240186,VCS2327,2025,0.0,287.0
240241,VCS233,2018,0.0,24000.0
240305,VCS2332,2020,375.0,300.0
240306,VCS2332,2021,0.0,75.0
240336,VCS2333,2020,16983.0,300.0
240337,VCS2333,2021,124256.0,99522.0
240338,VCS2333,2022,0.0,10097.0
240339,VCS2333,2023,0.0,25411.0
240340,VCS2333,2024,0.0,5909.0
240367,VCS2334,2020,1832.0,276.0
240368,VCS2334,2021,0.0,1556.0
240399,VCS2335,2021,223737.0,0.0
240400,VCS2335,2022,0.0,106000.0
240401,VCS2335,2023,101816.0,139553.0
240402,VCS2335,2024,0.0,6714.0
240403,VCS2335,2025,116014.0,56669.0
240404,VCS2335,2026,0.0,3500.0
240430,VCS2336,2021,12767.0,0.0
240431,VCS2336,2022,20672.0,2272.0
240432,VCS2336,2023,71360.0,32133.0
240433,VCS2336,2024,0.0,58191.0
240434,VCS2336,2025,0.0,11979.0
240435,VCS2336,2026,0.0,146.0
240461,VCS2337,2021,143641.0,0.0
240462,VCS2337,2022,0.0,43641.0
240463,VCS2337,2023,0.0,100000.0
240464,VCS2337,2024,95108.0,4034.0
240465,VCS2337,2025,46083.0,23254.0
240466,VCS2337,2026,0.0,47500.0
240492,VCS2338,2021,22104.0,0.0
240493,VCS2338,2022,0.0,20771.0
240495,VCS2338,2024,0.0,150.0
240496,VCS2338,2025,0.0,495.0
240497,VCS2338,2026,0.0,27.0
240523,VCS2339,2021,155813.0,2675.0
240524,VCS2339,2022,0.0,45.0
240525,VCS2339,2023,0.0,80000.0
240526,VCS2339,2024,0.0,117.0
240527,VCS2339,2025,0.0,43563.0
240528,VCS2339,2026,0.0,1841.0
240586,VCS2340,2022,266225.0,2960.0
240587,VCS2340,2023,514056.0,16399.0
240588,VCS2340,2024,0.0,297033.0
240617,VCS2341,2022,366345.0,0.0
240618,VCS2341,2023,883142.0,0.0
240619,VCS2341,2024,0.0,429108.0
240620,VCS2341,2025,0.0,27640.0
240648,VCS2342,2022,871192.0,3970.0
240649,VCS2342,2023,915838.0,20006.0
240650,VCS2342,2024,1016191.0,1232137.0
240651,VCS2342,2025,0.0,202982.0
240652,VCS2342,2026,0.0,31331.0
240678,VCS2343,2021,5880.0,0.0
240679,VCS2343,2022,0.0,326.0
240681,VCS2343,2024,0.0,55.0
240683,VCS2343,2026,0.0,300.0
240712,VCS2345,2024,654207.0,7749.0
240713,VCS2345,2025,0.0,125504.0
240714,VCS2345,2026,120629.0,566583.0
240773,VCS2347,2023,412136.0,0.0
240803,VCS2348,2022,128.0,0.0
240804,VCS2348,2023,0.0,115.0
240806,VCS2348,2025,20305.0,3000.0
240807,VCS2348,2026,54061.0,11889.0
240834,VCS2349,2022,43670.0,0.0
240835,VCS2349,2023,202437.0,4054.0
240836,VCS2349,2024,217768.0,190396.0
240837,VCS2349,2025,0.0,1565.0
240838,VCS2349,2026,16591.0,0.0
240897,VCS2350,2023,31545.0,0.0
240927,VCS2351,2022,8265.0,0.0
240928,VCS2351,2023,192559.0,0.0
240929,VCS2351,2024,0.0,22058.0
240958,VCS2352,2022,268047.0,0.0
240959,VCS2352,2023,153003.0,0.0
240960,VCS2352,2024,146135.0,0.0
240961,VCS2352,2025,0.0,274094.0
240962,VCS2352,2026,0.0,44423.0
240989,VCS2353,2022,269039.0,0.0
240990,VCS2353,2023,255258.0,0.0
240992,VCS2353,2025,95812.0,325260.0
240993,VCS2353,2026,0.0,104722.0
241019,VCS2354,2021,96307.0,0.0
241021,VCS2354,2023,54611.0,0.0
241023,VCS2354,2025,127328.0,11014.0
241024,VCS2354,2026,0.0,108431.0
241052,VCS2355,2023,212590.0,0.0
241054,VCS2355,2025,180876.0,0.0
241112,VCS2357,2021,46930.0,0.0
241113,VCS2357,2022,28413.0,0.0
241114,VCS2357,2023,26404.0,4754.0
241115,VCS2357,2024,0.0,3129.0
241116,VCS2357,2025,0.0,4990.0
241117,VCS2357,2026,0.0,1180.0
241143,VCS2358,2021,467671.0,0.0
241144,VCS2358,2022,0.0,100730.0
241145,VCS2358,2023,265484.0,12001.0
241146,VCS2358,2024,0.0,64299.0
241147,VCS2358,2025,35208.0,279189.0
241148,VCS2358,2026,0.0,22593.0
241268,VCS2361,2022,158816.0,1567.0
241269,VCS2361,2023,0.0,53518.0
241270,VCS2361,2024,369053.0,62672.0
241271,VCS2361,2025,0.0,197975.0
241272,VCS2361,2026,0.0,27700.0
241298,VCS2362,2021,180000.0,0.0
241299,VCS2362,2022,0.0,20862.0
241301,VCS2362,2024,0.0,49160.0
241362,VCS2365,2023,15912.0,3000.0
241363,VCS2365,2024,0.0,5032.0
241364,VCS2365,2025,47870.0,3372.0
241365,VCS2365,2026,0.0,22189.0
241392,VCS2366,2022,79365.0,9603.0
241393,VCS2366,2023,962349.0,22938.0
241394,VCS2366,2024,0.0,239898.0
241395,VCS2366,2025,0.0,28267.0
241396,VCS2366,2026,0.0,2092.0
241424,VCS2367,2023,134440.0,0.0
241425,VCS2367,2024,0.0,58907.0
241426,VCS2367,2025,146768.0,93015.0
241427,VCS2367,2026,0.0,16343.0
241455,VCS2369,2023,1457.0,0.0
241456,VCS2369,2024,71636.0,0.0
241457,VCS2369,2025,0.0,73093.0
241515,VCS2370,2021,182466.0,0.0
241516,VCS2370,2022,0.0,142205.0
241517,VCS2370,2023,0.0,37244.0
241518,VCS2370,2024,0.0,3017.0
241547,VCS2371,2022,94271.0,11454.0
241548,VCS2371,2023,857565.0,2676.0
241549,VCS2371,2024,0.0,213271.0
241551,VCS2371,2026,0.0,312.0
241578,VCS2372,2022,366444.0,10329.0
241579,VCS2372,2023,4078198.0,298912.0
241580,VCS2372,2024,0.0,2147935.0
241581,VCS2372,2025,0.0,30814.0
241582,VCS2372,2026,0.0,8232.0
241609,VCS2373,2022,16772.0,0.0
241612,VCS2373,2025,0.0,1800.0
241671,VCS2375,2022,111338.0,0.0
241672,VCS2375,2023,0.0,15611.0
241673,VCS2375,2024,0.0,79314.0
241674,VCS2375,2025,0.0,4992.0
241675,VCS2375,2026,0.0,11421.0
241764,VCS2378,2022,268915.0,109520.0
241765,VCS2378,2023,168887.0,77199.0
241766,VCS2378,2024,0.0,156599.0
241767,VCS2378,2025,0.0,1397.0
241795,VCS2379,2022,810767.0,0.0
241796,VCS2379,2023,0.0,127742.0
241797,VCS2379,2024,0.0,356204.0
241798,VCS2379,2025,0.0,182594.0
241799,VCS2379,2026,0.0,33645.0
241820,VCS238,2016,0.0,1296.0
241821,VCS238,2017,0.0,1175.0
241822,VCS238,2018,0.0,844.0
241823,VCS238,2019,0.0,22.0
241830,VCS238,2026,0.0,1568.0
241886,VCS2381,2020,5684.0,0.0
241887,VCS2381,2021,0.0,3245.0
241888,VCS2381,2022,0.0,2437.0
241890,VCS2381,2024,0.0,2.0
241950,VCS2383,2022,49822.0,0.0
241954,VCS2383,2026,60032.0,60032.0
241980,VCS2384,2021,126587.0,125001.0
241982,VCS2384,2023,180075.0,80299.0
241983,VCS2384,2024,183434.0,90201.0
241984,VCS2384,2025,0.0,95000.0
241985,VCS2384,2026,403302.0,238749.0
242042,VCS2386,2021,6624.0,0.0
242043,VCS2386,2022,0.0,1530.0
242044,VCS2386,2023,0.0,2276.0
242045,VCS2386,2024,0.0,1939.0
242074,VCS2387,2022,292465.0,133778.0
242075,VCS2387,2023,0.0,38439.0
242076,VCS2387,2024,0.0,119370.0
242077,VCS2387,2025,0.0,365.0
242078,VCS2387,2026,0.0,118.0
242103,VCS2388,2020,544056.0,529767.0
242104,VCS2388,2021,93335.0,107524.0
242134,VCS2389,2020,3508.0,0.0
242135,VCS2389,2021,0.0,3008.0
242136,VCS2389,2022,0.0,500.0
242199,VCS2390,2023,11058.0,0.0
242229,VCS2391,2022,109527.0,1308.0
242230,VCS2391,2023,0.0,24204.0
242231,VCS2391,2024,0.0,79989.0
242232,VCS2391,2025,0.0,4026.0
242289,VCS2393,2020,66437.0,0.0
242290,VCS2393,2021,60661.0,127098.0
242320,VCS2394,2020,259923.0,225056.0
242321,VCS2394,2021,1276.0,36143.0
242384,VCS2396,2022,180000.0,115357.0
242385,VCS2396,2023,0.0,821.0
242386,VCS2396,2024,0.0,6007.0
242415,VCS2397,2022,180000.0,48000.0
242417,VCS2397,2024,0.0,132000.0
242446,VCS2398,2022,180000.0,0.0
242448,VCS2398,2024,0.0,180000.0
242477,VCS2399,2022,180000.0,0.0
242479,VCS2399,2024,0.0,180000.0
242568,VCS2400,2020,650000.0,0.0
242570,VCS2400,2022,0.0,295651.0
242571,VCS2400,2023,0.0,170086.0
242572,VCS2400,2024,0.0,30052.0
242573,VCS2400,2025,0.0,213.0
242574,VCS2400,2026,0.0,4.0
242601,VCS2401,2022,126297.0,27000.0
242602,VCS2401,2023,0.0,72799.0
242603,VCS2401,2024,356474.0,228813.0
242604,VCS2401,2025,0.0,110642.0
242605,VCS2401,2026,0.0,28998.0
242632,VCS2402,2022,436309.0,33304.0
242633,VCS2402,2023,598129.0,397757.0
242634,VCS2402,2024,268141.0,386450.0
242635,VCS2402,2025,0.0,83189.0
242636,VCS2402,2026,0.0,21636.0
242692,VCS2404,2020,1223324.0,0.0
242694,VCS2404,2022,0.0,43609.0
242695,VCS2404,2023,0.0,529154.0
242696,VCS2404,2024,0.0,258096.0
242697,VCS2404,2025,0.0,153344.0
242698,VCS2404,2026,0.0,57894.0
242724,VCS2405,2021,248558.0,0.0
242725,VCS2405,2022,0.0,2389.0
242726,VCS2405,2023,0.0,60693.0
242727,VCS2405,2024,0.0,83074.0
242728,VCS2405,2025,0.0,46281.0
242729,VCS2405,2026,0.0,27691.0
242850,VCS2409,2023,146182.0,1087.0
242851,VCS2409,2024,0.0,19669.0
242852,VCS2409,2025,224788.0,8721.0
242853,VCS2409,2026,0.0,43679.0
242911,VCS2410,2022,178535.0,21700.0
242912,VCS2410,2023,0.0,29519.0
242913,VCS2410,2024,221205.0,275124.0
242914,VCS2410,2025,0.0,62938.0
242915,VCS2410,2026,0.0,5743.0
242945,VCS2411,2025,4453.0,149.0
242974,VCS2412,2023,12685.0,9803.0
242975,VCS2412,2024,0.0,150.0
242977,VCS2412,2026,34002.0,0.0
243034,VCS2414,2021,241002.0,0.0
243035,VCS2414,2022,48570.0,162029.0
243036,VCS2414,2023,49291.0,16706.0
243037,VCS2414,2024,119482.0,8432.0
243038,VCS2414,2025,51238.0,1999.0
243065,VCS2415,2021,43594.0,0.0
243066,VCS2415,2022,11873.0,0.0
243067,VCS2415,2023,0.0,54137.0
243068,VCS2415,2024,0.0,1330.0
243097,VCS2416,2022,47272.0,0.0
243098,VCS2416,2023,12931.0,2917.0
243100,VCS2416,2025,0.0,18064.0
243101,VCS2416,2026,0.0,5174.0
243128,VCS2417,2022,60837.0,0.0
243131,VCS2417,2025,0.0,24979.0
243132,VCS2417,2026,0.0,20892.0
243158,VCS2418,2021,63340.0,0.0
243159,VCS2418,2022,0.0,8227.0
243161,VCS2418,2024,0.0,55113.0
243284,VCS2422,2023,60955.0,0.0
243286,VCS2422,2025,0.0,10280.0
243287,VCS2422,2026,0.0,168.0
243315,VCS2423,2023,59385.0,1000.0
243316,VCS2423,2024,0.0,2009.0
243317,VCS2423,2025,0.0,1000.0
243346,VCS2424,2023,60724.0,4.0
243347,VCS2424,2024,0.0,20.0
243348,VCS2424,2025,0.0,5510.0
243376,VCS2425,2022,60215.0,0.0
243377,VCS2425,2023,0.0,1500.0
243378,VCS2425,2024,0.0,34211.0
243379,VCS2425,2025,0.0,24282.0
243380,VCS2425,2026,0.0,6.0
243407,VCS2426,2022,61959.0,0.0
243409,VCS2426,2024,0.0,30040.0
243410,VCS2426,2025,0.0,23504.0
243411,VCS2426,2026,0.0,8136.0
243438,VCS2427,2022,55045.0,0.0
243439,VCS2427,2023,0.0,44674.0
243440,VCS2427,2024,0.0,10371.0
243470,VCS2428,2023,61559.0,0.0
243501,VCS2429,2023,58532.0,0.0
243562,VCS2430,2022,61240.0,0.0
243564,VCS2430,2024,0.0,31662.0
243565,VCS2430,2025,0.0,17471.0
243566,VCS2430,2026,0.0,12107.0
243623,VCS2432,2021,186734.0,186734.0
243654,VCS2433,2021,217566.0,217566.0
243685,VCS2434,2021,29764.0,0.0
243687,VCS2434,2023,28066.0,0.0
243688,VCS2434,2024,27179.0,0.0
243689,VCS2434,2025,0.0,987.0
243690,VCS2434,2026,22113.0,2523.0
243718,VCS2435,2023,56705.0,0.0
243748,VCS2436,2022,59479.0,0.0
243750,VCS2436,2024,0.0,37595.0
243751,VCS2436,2025,0.0,21884.0
243779,VCS2437,2022,61474.0,0.0
243781,VCS2437,2024,0.0,199.0
243782,VCS2437,2025,0.0,24177.0
243810,VCS2438,2022,58695.0,1434.0
243811,VCS2438,2023,0.0,5000.0
243812,VCS2438,2024,0.0,31509.0
243813,VCS2438,2025,0.0,20752.0
243842,VCS2439,2023,61178.0,0.0
243843,VCS2439,2024,0.0,10.0
243844,VCS2439,2025,0.0,12958.0
243845,VCS2439,2026,0.0,10800.0
243866,VCS244,2016,0.0,168.0
243904,VCS2440,2023,61485.0,0.0
243905,VCS2440,2024,0.0,226.0
243906,VCS2440,2025,0.0,12758.0
243907,VCS2440,2026,0.0,7629.0
243936,VCS2441,2024,60865.0,0.0
243965,VCS2442,2022,59605.0,0.0
243966,VCS2442,2023,0.0,5000.0
243967,VCS2442,2024,0.0,14480.0
243968,VCS2442,2025,0.0,6920.0
243969,VCS2442,2026,0.0,9803.0
243996,VCS2443,2022,59165.0,0.0
243999,VCS2443,2025,0.0,24147.0
244000,VCS2443,2026,0.0,11507.0
244028,VCS2444,2023,60070.0,0.0
244029,VCS2444,2024,0.0,5000.0
244030,VCS2444,2025,0.0,3054.0
244031,VCS2444,2026,0.0,5910.0
244089,VCS2446,2022,59873.0,0.0
244091,VCS2446,2024,0.0,5000.0
244092,VCS2446,2025,0.0,22690.0
244120,VCS2447,2022,60747.0,0.0
244122,VCS2447,2024,0.0,36151.0
244123,VCS2447,2025,0.0,12673.0
244124,VCS2447,2026,0.0,5167.0
244152,VCS2448,2023,60086.0,0.0
244181,VCS2449,2021,23657.0,3000.0
244186,VCS2449,2026,0.0,5847.0
244213,VCS245,2022,0.0,7002.0
244214,VCS245,2023,0.0,1000.0
244275,VCS2451,2022,157059.0,0.0
244277,VCS2451,2024,0.0,177.0
244278,VCS2451,2025,0.0,7044.0
244279,VCS2451,2026,0.0,7836.0
244306,VCS2452,2022,55570.0,10500.0
244307,VCS2452,2023,70640.0,94990.0
244308,VCS2452,2024,103947.0,2190.0
244337,VCS2455,2022,110484.0,110484.0
244338,VCS2455,2023,33750.0,30627.0
244339,VCS2455,2024,75212.0,2026.0
244340,VCS2455,2025,0.0,1531.0
244341,VCS2455,2026,0.0,550.0
244369,VCS2457,2023,168812.0,0.0
244399,VCS2458,2022,2593172.0,341776.0
244400,VCS2458,2023,0.0,205459.0
244401,VCS2458,2024,0.0,632078.0
244402,VCS2458,2025,0.0,187139.0
244403,VCS2458,2026,0.0,433.0
244553,VCS2463,2021,7890.0,6745.0
244554,VCS2463,2022,0.0,1145.0
244584,VCS2464,2021,246932.0,124000.0
244585,VCS2464,2022,0.0,14599.0
244586,VCS2464,2023,327282.0,166512.0
244587,VCS2464,2024,107881.0,58468.0
244588,VCS2464,2025,154775.0,435176.0
244617,VCS2465,2023,316781.0,380.0
244618,VCS2465,2024,0.0,198555.0
244619,VCS2465,2025,0.0,5585.0
244620,VCS2465,2026,0.0,10115.0
244710,VCS2468,2023,235966.0,119518.0
244712,VCS2468,2025,128590.0,72349.0
244713,VCS2468,2026,0.0,32690.0
244741,VCS2469,2023,25559.0,1872.0
244742,VCS2469,2024,68493.0,71965.0
244743,VCS2469,2025,0.0,16729.0
244744,VCS2469,2026,0.0,2484.0
244837,VCS2471,2026,4692.0,0.0
244864,VCS2473,2022,190034.0,0.0
244865,VCS2473,2023,85953.0,125012.0
244866,VCS2473,2024,0.0,136504.0
244867,VCS2473,2025,0.0,191.0
244868,VCS2473,2026,0.0,3019.0
244957,VCS2476,2022,180000.0,56466.0
244959,VCS2476,2024,0.0,123534.0
244988,VCS2477,2022,180000.0,0.0
244990,VCS2477,2024,0.0,180000.0
245018,VCS2478,2021,7657147.0,1200000.0
245019,VCS2478,2022,0.0,1245935.0
245020,VCS2478,2023,0.0,1046013.0
245021,VCS2478,2024,0.0,644581.0
245022,VCS2478,2025,0.0,1327402.0
245023,VCS2478,2026,0.0,630467.0
245051,VCS2479,2023,3766.0,0.0
245052,VCS2479,2024,0.0,6.0
245113,VCS2481,2023,51317.0,2644.0
245114,VCS2481,2024,0.0,22105.0
245115,VCS2481,2025,0.0,2022.0
245116,VCS2481,2026,0.0,11872.0
245177,VCS2483,2025,746372.0,1130.0
245178,VCS2483,2026,0.0,53317.0
245300,VCS2487,2024,71492.0,0.0
245331,VCS2489,2024,75286.0,10000.0
245354,VCS249,2016,0.0,74129.0
245355,VCS249,2017,0.0,60264.0
245356,VCS249,2018,0.0,57000.0
245357,VCS249,2019,3262867.0,344269.0
245358,VCS249,2020,0.0,1881939.0
245359,VCS249,2021,0.0,766020.0
245360,VCS249,2022,0.0,137094.0
245361,VCS249,2023,0.0,160218.0
245363,VCS249,2025,0.0,275.0
245393,VCS2490,2024,77862.0,0.0
245394,VCS2490,2025,9206.0,23081.0
245395,VCS2490,2026,0.0,3050.0
245424,VCS2491,2024,79518.0,0.0
245425,VCS2491,2025,0.0,50685.0
245455,VCS2492,2024,76090.0,0.0
245486,VCS2493,2024,109125.0,0.0
245610,VCS2497,2024,508539.0,204132.0
245611,VCS2497,2025,0.0,95177.0
245612,VCS2497,2026,0.0,10131.0
245639,VCS2498,2022,435078.0,106803.0
245640,VCS2498,2023,0.0,60187.0
245641,VCS2498,2024,0.0,1353.0
245642,VCS2498,2025,0.0,12124.0
245643,VCS2498,2026,0.0,6044.0
245669,VCS2499,2021,174453.0,0.0
245671,VCS2499,2023,88573.0,60081.0
245672,VCS2499,2024,0.0,177717.0
245695,VCS250,2016,0.0,23240.0
245696,VCS250,2017,0.0,109.0
245697,VCS250,2018,177880.0,177880.0
245698,VCS250,2019,345105.0,345105.0
245699,VCS250,2020,0.0,139.0
245762,VCS2501,2021,24134.0,24134.0
245794,VCS2502,2022,3670112.0,0.0
245795,VCS2502,2023,0.0,322.0
245796,VCS2502,2024,0.0,813403.0
245797,VCS2502,2025,941666.0,675211.0
245798,VCS2502,2026,527068.0,818887.0
245824,VCS2503,2021,63836.0,0.0
245826,VCS2503,2023,76219.0,39109.0
245827,VCS2503,2024,0.0,63798.0
245828,VCS2503,2025,0.0,3928.0
245829,VCS2503,2026,0.0,8073.0
245856,VCS2504,2022,240000.0,101775.0
245857,VCS2504,2023,0.0,71198.0
245858,VCS2504,2024,0.0,48982.0
245860,VCS2504,2026,0.0,484.0
245887,VCS2505,2022,103847.0,103847.0
245888,VCS2505,2023,918187.0,918187.0
245889,VCS2505,2024,2728384.0,2728384.0
245890,VCS2505,2025,3563519.0,3563519.0
245891,VCS2505,2026,4052309.0,4052309.0
245918,VCS2506,2022,180000.0,56871.0
245920,VCS2506,2024,0.0,63129.0
245949,VCS2507,2022,180000.0,0.0
245951,VCS2507,2024,0.0,180000.0
245980,VCS2508,2022,1734791.0,94005.0
245981,VCS2508,2023,580101.0,317175.0
245982,VCS2508,2024,0.0,494031.0
245983,VCS2508,2025,0.0,133985.0
245984,VCS2508,2026,0.0,16755.0
246036,VCS251,2016,0.0,103493.0
246039,VCS251,2019,129422.0,100985.0
246040,VCS251,2020,0.0,12602.0
246041,VCS251,2021,0.0,1647.0
246042,VCS251,2022,0.0,3692.0
246043,VCS251,2023,0.0,6947.0
246074,VCS2510,2023,496335.0,0.0
246076,VCS2510,2025,798283.0,0.0
246077,VCS2510,2026,0.0,105496.0
246103,VCS2511,2021,11645.0,11645.0
246135,VCS2512,2022,482168.0,30.0
246136,VCS2512,2023,0.0,294127.0
246137,VCS2512,2024,0.0,78879.0
246138,VCS2512,2025,127375.0,54158.0
246139,VCS2512,2026,0.0,60297.0
246229,VCS2516,2023,47869.0,0.0
246230,VCS2516,2024,0.0,15862.0
246231,VCS2516,2025,0.0,260.0
246232,VCS2516,2026,0.0,46.0
246415,VCS2521,2023,94224.0,1.0
246416,VCS2521,2024,0.0,7.0
246417,VCS2521,2025,276765.0,0.0
246446,VCS2522,2023,61162.0,100.0
246447,VCS2522,2024,155937.0,29763.0
246448,VCS2522,2025,0.0,87248.0
246477,VCS2523,2023,44863.0,0.0
246478,VCS2523,2024,161506.0,41825.0
246479,VCS2523,2025,0.0,79355.0
246507,VCS2525,2022,124659.0,0.0
246508,VCS2525,2023,35998.0,400.0
246509,VCS2525,2024,0.0,124659.0
246630,VCS253,2021,231904.0,88279.0
246631,VCS253,2022,0.0,1.0
246632,VCS253,2023,0.0,3003.0
246633,VCS253,2024,0.0,33042.0
246634,VCS253,2025,0.0,7798.0
246635,VCS253,2026,0.0,2611.0
246724,VCS2532,2022,94969.0,0.0
246725,VCS2532,2023,358094.0,82119.0
246726,VCS2532,2024,0.0,186958.0
246727,VCS2532,2025,767691.0,8690.0
246728,VCS2532,2026,0.0,15197.0
246756,VCS2533,2023,338883.0,0.0
246757,VCS2533,2024,1144947.0,0.0
246759,VCS2533,2026,0.0,1470.0
246818,VCS2535,2023,20692.0,0.0
246819,VCS2535,2024,16288.0,0.0
246820,VCS2535,2025,9687.0,29325.0
246821,VCS2535,2026,0.0,16542.0
246879,VCS2537,2022,11721.0,0.0
246880,VCS2537,2023,23611.0,2.0
246881,VCS2537,2024,0.0,500.0
246882,VCS2537,2025,0.0,2691.0
246883,VCS2537,2026,0.0,5400.0
246911,VCS2538,2023,290700.0,0.0
246941,VCS2539,2022,766356.0,56404.0
246942,VCS2539,2023,0.0,247363.0
246943,VCS2539,2024,0.0,134613.0
246944,VCS2539,2025,0.0,22934.0
246945,VCS2539,2026,0.0,13376.0
247003,VCS2540,2022,575239.0,0.0
247004,VCS2540,2023,0.0,41433.0
247005,VCS2540,2024,0.0,272285.0
247006,VCS2540,2025,0.0,50122.0
247007,VCS2540,2026,0.0,40943.0
247098,VCS2548,2024,432119.0,4938.0
247099,VCS2548,2025,0.0,11045.0
247100,VCS2548,2026,53632.0,14090.0
247152,VCS255,2016,0.0,38789.0
247153,VCS255,2017,0.0,17717.0
247154,VCS255,2018,0.0,2712.0
247157,VCS255,2021,71076.0,0.0
247158,VCS255,2022,0.0,15000.0
247159,VCS255,2023,0.0,37218.0
247160,VCS255,2024,0.0,15138.0
247189,VCS2551,2022,803858.0,0.0
247190,VCS2551,2023,0.0,208959.0
247191,VCS2551,2024,2198904.0,612055.0
247192,VCS2551,2025,2012831.0,792015.0
247193,VCS2551,2026,0.0,972670.0
247222,VCS2552,2024,409351.0,28403.0
247223,VCS2552,2025,0.0,58499.0
247224,VCS2552,2026,0.0,116432.0
247285,VCS2554,2025,39206.0,34180.0
247286,VCS2554,2026,0.0,5026.0
247315,VCS2555,2024,275269.0,15208.0
247316,VCS2555,2025,0.0,160000.0
247317,VCS2555,2026,0.0,98161.0
247345,VCS2556,2023,119900.0,0.0
247346,VCS2556,2024,0.0,3801.0
247347,VCS2556,2025,0.0,28378.0
247348,VCS2556,2026,0.0,11208.0
247376,VCS2557,2023,95318.0,4701.0
247377,VCS2557,2024,603308.0,5650.0
247378,VCS2557,2025,274174.0,6118.0
247379,VCS2557,2026,0.0,2947.0
247407,VCS2558,2023,421510.0,17899.0
247408,VCS2558,2024,0.0,17888.0
247409,VCS2558,2025,679366.0,327720.0
247410,VCS2558,2026,20718.0,84604.0
247431,VCS256,2016,0.0,360.0
247530,VCS2565,2022,53305.0,0.0
247531,VCS2565,2023,0.0,34.0
247532,VCS2565,2024,0.0,583.0
247533,VCS2565,2025,0.0,40.0
247534,VCS2565,2026,0.0,9274.0
247562,VCS2566,2023,235181.0,42030.0
247563,VCS2566,2024,0.0,120897.0
247564,VCS2566,2025,0.0,14367.0
247565,VCS2566,2026,0.0,1636.0
247782,VCS2573,2026,211606.0,0.0
247841,VCS2576,2023,439473.0,0.0
247842,VCS2576,2024,16929.0,68969.0
247843,VCS2576,2025,0.0,112649.0
247844,VCS2576,2026,0.0,70145.0
247965,VCS2581,2023,634093.0,19439.0
247966,VCS2581,2024,811127.0,74327.0
247967,VCS2581,2025,2737359.0,156980.0
247968,VCS2581,2026,0.0,53275.0
247995,VCS2582,2022,27711.0,0.0
247996,VCS2582,2023,27263.0,0.0
247997,VCS2582,2024,0.0,12.0
247998,VCS2582,2025,17952.0,834.0
248150,VCS2588,2022,307939.0,0.0
248151,VCS2588,2023,226249.0,0.0
248152,VCS2588,2024,217484.0,13412.0
248153,VCS2588,2025,455193.0,123796.0
248154,VCS2588,2026,0.0,331990.0
248216,VCS2590,2026,57463.0,1400.0
248245,VCS2591,2024,84996.0,0.0
248275,VCS2592,2023,50600.0,0.0
248305,VCS2593,2022,37890.0,0.0
248308,VCS2593,2025,0.0,784.0
248338,VCS2594,2024,73500.0,0.0
248339,VCS2594,2025,34951.0,0.0
248369,VCS2595,2024,73850.0,0.0
248370,VCS2595,2025,34778.0,0.0
248490,VCS2599,2021,7772.0,500.0
248492,VCS2599,2023,0.0,365.0
248493,VCS2599,2024,0.0,835.0
248494,VCS2599,2025,0.0,2623.0
248522,VCS26,2022,51938.0,0.0
248523,VCS26,2023,20653.0,638.0
248555,VCS260,2024,0.0,4.0
248583,VCS2600,2021,1059508.0,0.0
248584,VCS2600,2022,75069.0,252621.0
248585,VCS2600,2023,0.0,1088.0
248586,VCS2600,2024,0.0,175689.0
248587,VCS2600,2025,0.0,12012.0
248588,VCS2600,2026,0.0,107.0
248615,VCS2601,2022,76505.0,76505.0
248617,VCS2601,2024,89187.0,89187.0
248618,VCS2601,2025,77574.0,77574.0
248619,VCS2601,2026,97211.0,97211.0
248648,VCS2603,2024,696819.0,1948.0
248649,VCS2603,2025,0.0,5862.0
248650,VCS2603,2026,0.0,123.0
248709,VCS2605,2023,2445711.0,0.0
248740,VCS2606,2023,357652.0,60453.0
248741,VCS2606,2024,0.0,12516.0
248742,VCS2606,2025,0.0,198.0
248801,VCS2608,2022,279398.0,0.0
248802,VCS2608,2023,121546.0,186000.0
248834,VCS2609,2024,4258969.0,865210.0
248835,VCS2609,2025,1574813.0,3561478.0
248836,VCS2609,2026,0.0,562853.0
248857,VCS261,2016,0.0,39404.0
248862,VCS261,2021,0.0,16081.0
248896,VCS2610,2024,2040.0,1500.0
248897,VCS2610,2025,8160.0,25.0
248898,VCS2610,2026,0.0,390.0
248926,VCS2611,2023,862222.0,4270.0
248927,VCS2611,2024,0.0,30150.0
248928,VCS2611,2025,1119766.0,1272259.0
248929,VCS2611,2026,0.0,366733.0
249019,VCS2614,2023,136052.0,0.0
249020,VCS2614,2024,54838.0,92331.0
249021,VCS2614,2025,76591.0,98532.0
249022,VCS2614,2026,0.0,70270.0
249049,VCS2615,2022,205738.0,604.0
249050,VCS2615,2023,0.0,1854.0
249051,VCS2615,2024,0.0,1728.0
249052,VCS2615,2025,0.0,46184.0
249081,VCS2616,2023,263695.0,41082.0
249082,VCS2616,2024,0.0,19247.0
249083,VCS2616,2025,0.0,45.0
249300,VCS2623,2025,83335.0,0.0
249301,VCS2623,2026,0.0,8433.0
249452,VCS2629,2022,240000.0,0.0
249453,VCS2629,2023,0.0,159.0
249454,VCS2629,2024,0.0,27998.0
249455,VCS2629,2025,0.0,3487.0
249545,VCS2631,2022,240000.0,400.0
249546,VCS2631,2023,0.0,27299.0
249549,VCS2631,2026,0.0,3.0
249576,VCS2632,2022,240000.0,0.0
249578,VCS2632,2024,0.0,240000.0
249607,VCS2633,2022,240000.0,0.0
249611,VCS2633,2026,0.0,4.0
249638,VCS2634,2022,240000.0,0.0
249640,VCS2634,2024,0.0,240000.0
249669,VCS2635,2022,400579.0,0.0
249670,VCS2635,2023,0.0,70430.0
249671,VCS2635,2024,0.0,44216.0
249672,VCS2635,2025,596191.0,52956.0
249673,VCS2635,2026,0.0,144349.0
249701,VCS2636,2023,189900.0,0.0
249702,VCS2636,2024,1083927.0,0.0
249793,VCS2639,2022,155404.0,0.0
249795,VCS2639,2024,0.0,32151.0
249796,VCS2639,2025,0.0,56785.0
249797,VCS2639,2026,0.0,66407.0
249818,VCS264,2016,0.0,4000.0
249821,VCS264,2019,0.0,19330.0
249822,VCS264,2020,179094.0,6301.0
249823,VCS264,2021,41254.0,74100.0
249824,VCS264,2022,0.0,843.0
249825,VCS264,2023,0.0,422.0
249826,VCS264,2024,0.0,1499.0
249827,VCS264,2025,0.0,939.0
249828,VCS264,2026,0.0,13092.0
249888,VCS2645,2024,566024.0,4651.0
249889,VCS2645,2025,0.0,87752.0
249890,VCS2645,2026,0.0,1344.0
249920,VCS2647,2025,29419.0,342.0
249949,VCS2649,2023,1481.0,0.0
249950,VCS2649,2024,0.0,1478.0
249951,VCS2649,2025,30756.0,6041.0
249952,VCS2649,2026,30000.0,4310.0
249974,VCS265,2017,0.0,2230.0
249975,VCS265,2018,0.0,2228.0
249976,VCS265,2019,0.0,2229.0
249978,VCS265,2021,17413.0,27293.0
249979,VCS265,2022,0.0,1056.0
250073,VCS2652,2023,47976.0,0.0
250168,VCS2656,2025,225056.0,1964.0
250169,VCS2656,2026,0.0,1878.0
250197,VCS2657,2023,982595.0,0.0
250258,VCS2659,2022,166516.0,0.0
250259,VCS2659,2023,700821.0,700821.0
250288,VCS266,2021,56954.0,32309.0
250289,VCS266,2022,0.0,24645.0
250413,VCS2664,2022,404947.0,7682.0
250414,VCS2664,2023,215035.0,432774.0
250415,VCS2664,2024,0.0,115908.0
250416,VCS2664,2025,0.0,35343.0
250417,VCS2664,2026,0.0,1474.0
250568,VCS267,2022,0.0,222.0
250601,VCS2671,2024,55823.0,0.0
250632,VCS2672,2024,56049.0,0.0
250663,VCS2673,2024,1459.0,0.0
250665,VCS2673,2026,40188.0,0.0
250755,VCS2676,2023,1193.0,0.0
250756,VCS2676,2024,414134.0,0.0
250757,VCS2676,2025,0.0,1500.0
250758,VCS2676,2026,425316.0,270130.0
250848,VCS2679,2023,158009.0,0.0
250876,VCS268,2020,23145.0,0.0
250877,VCS268,2021,0.0,1800.0
250878,VCS268,2022,0.0,28506.0
250879,VCS268,2023,0.0,3464.0
250910,VCS2680,2023,224201.0,0.0
251066,VCS2685,2024,97777.0,0.0
251067,VCS2685,2025,19372.0,0.0
251068,VCS2685,2026,42333.0,0.0
251097,VCS2687,2024,101262.0,0.0
251098,VCS2687,2025,21026.0,0.0
251099,VCS2687,2026,53578.0,0.0
251128,VCS2688,2024,95897.0,0.0
251129,VCS2688,2025,19392.0,0.0
251130,VCS2688,2026,46944.0,5821.0
251159,VCS2689,2024,99831.0,0.0
251160,VCS2689,2025,21242.0,0.0
251161,VCS2689,2026,53726.0,0.0
251187,VCS269,2021,52863.0,9594.0
251188,VCS269,2022,0.0,3510.0
251189,VCS269,2023,0.0,32107.0
251190,VCS269,2024,0.0,2965.0
251191,VCS269,2025,0.0,3219.0
251221,VCS2690,2024,98174.0,1500.0
251222,VCS2690,2025,19436.0,36306.0
251223,VCS2690,2026,47871.0,0.0
251251,VCS2691,2023,934106.0,29741.0
251253,VCS2691,2025,0.0,26678.0
251254,VCS2691,2026,0.0,394776.0
251282,VCS2692,2023,590596.0,0.0
251284,VCS2692,2025,0.0,77047.0
251285,VCS2692,2026,367.0,349124.0
251312,VCS2693,2022,49582.0,0.0
251313,VCS2693,2023,0.0,16933.0
251314,VCS2693,2024,59165.0,152.0
251315,VCS2693,2025,0.0,14420.0
251316,VCS2693,2026,0.0,19.0
251375,VCS2695,2023,391939.0,0.0
251378,VCS2695,2026,0.0,60838.0
251405,VCS2696,2022,261094.0,0.0
251406,VCS2696,2023,167962.0,177776.0
251407,VCS2696,2024,0.0,233.0
251408,VCS2696,2025,0.0,191.0
251409,VCS2696,2026,0.0,107.0
251436,VCS2697,2022,118598.0,0.0
251439,VCS2697,2025,0.0,2451.0
251440,VCS2697,2026,0.0,10729.0
251592,VCS2700,2023,538063.0,0.0
251593,VCS2700,2024,0.0,30518.0
251595,VCS2700,2026,0.0,123449.0
251623,VCS2701,2023,40104.0,0.0
251626,VCS2701,2026,0.0,27720.0
251777,VCS2706,2022,186241.0,0.0
251778,VCS2706,2023,0.0,117238.0
251780,VCS2706,2025,118757.0,247.0
251809,VCS2707,2023,30628.0,0.0
251812,VCS2707,2026,88027.0,0.0
251840,VCS2708,2023,237.0,0.0
251841,VCS2708,2024,0.0,70.0
251842,VCS2708,2025,3203.0,0.0
251843,VCS2708,2026,0.0,3000.0
251873,VCS2709,2025,25726.0,0.0
251874,VCS2709,2026,0.0,3380.0
251935,VCS2710,2025,805971.0,0.0
251936,VCS2710,2026,0.0,428371.0
251964,VCS2711,2023,707458.0,180000.0
251965,VCS2711,2024,0.0,91262.0
251995,VCS2712,2023,1935244.0,0.0
251996,VCS2712,2024,0.0,249645.0
251997,VCS2712,2025,0.0,159065.0
252027,VCS2713,2024,1598600.0,0.0
252117,VCS2716,2021,74491.0,578.0
252118,VCS2716,2022,0.0,69318.0
252119,VCS2716,2023,0.0,4595.0
252213,VCS272,2024,0.0,326.0
252305,VCS2723,2023,253838.0,26988.0
252306,VCS2723,2024,143356.0,183272.0
252307,VCS2723,2025,0.0,153505.0
252308,VCS2723,2026,0.0,10510.0
252460,VCS2728,2023,118926.0,15277.0
252461,VCS2728,2024,0.0,6208.0
252518,VCS273,2019,0.0,1388.0
252519,VCS273,2020,0.0,50401.0
252520,VCS273,2021,290892.0,355.0
252521,VCS273,2022,0.0,1429.0
252522,VCS273,2023,0.0,1655.0
252523,VCS273,2024,0.0,37678.0
252585,VCS2731,2024,252983.0,0.0
252678,VCS2734,2024,100032.0,0.0
252680,VCS2734,2026,0.0,4422.0
252709,VCS2735,2024,451656.0,0.0
252738,VCS2736,2022,2795255.0,0.0
252739,VCS2736,2023,0.0,100.0
252740,VCS2736,2024,0.0,4970.0
252741,VCS2736,2025,1479035.0,185882.0
252742,VCS2736,2026,0.0,46612.0
252769,VCS2737,2022,2181179.0,0.0
252770,VCS2737,2023,0.0,26.0
252771,VCS2737,2024,0.0,8396.0
252772,VCS2737,2025,1124521.0,393458.0
252773,VCS2737,2026,0.0,379581.0
252800,VCS2738,2022,1874051.0,0.0
252801,VCS2738,2023,0.0,31.0
252802,VCS2738,2024,873809.0,4694.0
252803,VCS2738,2025,0.0,919242.0
252804,VCS2738,2026,0.0,404615.0
252831,VCS2739,2022,545662.0,0.0
252832,VCS2739,2023,0.0,8.0
252833,VCS2739,2024,0.0,734.0
252834,VCS2739,2025,371861.0,406435.0
252835,VCS2739,2026,0.0,42318.0
252861,VCS274,2021,39492.0,39492.0
253020,VCS2744,2025,7319.0,0.0
253049,VCS2745,2023,61108.0,1110.0
253050,VCS2745,2024,0.0,7890.0
253051,VCS2745,2025,0.0,6816.0
253052,VCS2745,2026,0.0,116.0
253079,VCS2746,2022,332556.0,682.0
253080,VCS2746,2023,0.0,2096.0
253081,VCS2746,2024,0.0,12293.0
253082,VCS2746,2025,312451.0,68606.0
253083,VCS2746,2026,0.0,14207.0
253110,VCS2748,2022,2458517.0,0.0
253111,VCS2748,2023,0.0,140825.0
253112,VCS2748,2024,0.0,277314.0
253113,VCS2748,2025,0.0,538758.0
253114,VCS2748,2026,0.0,405871.0
253142,VCS2749,2023,2408517.0,15735.0
253143,VCS2749,2024,0.0,480399.0
253144,VCS2749,2025,0.0,3245.0
253145,VCS2749,2026,0.0,254.0
253206,VCS2750,2025,2598.0,350.0
253207,VCS2750,2026,0.0,2248.0
253236,VCS2751,2024,6763.0,1583.0
253237,VCS2751,2025,8037.0,4534.0
253238,VCS2751,2026,7648.0,4276.0
253269,VCS2752,2026,7999.0,0.0
253298,VCS2753,2024,36799.0,0.0
253328,VCS2754,2023,35820.0,0.0
253329,VCS2754,2024,0.0,35820.0
253514,VCS276,2023,194838.0,0.0
253516,VCS276,2025,0.0,24516.0
253517,VCS276,2026,0.0,1130.0
253606,VCS2762,2022,350473.0,0.0
253607,VCS2762,2023,0.0,3329.0
253608,VCS2762,2024,0.0,6357.0
253609,VCS2762,2025,0.0,3020.0
253610,VCS2762,2026,361856.0,57512.0
253730,VCS2767,2022,28799.0,0.0
253731,VCS2767,2023,248606.0,0.0
253762,VCS2768,2023,498240.0,0.0
253763,VCS2768,2024,605264.0,0.0
253764,VCS2768,2025,0.0,5332.0
253793,VCS2769,2023,60000.0,0.0
253824,VCS277,2023,426177.0,0.0
253886,VCS2771,2023,240000.0,0.0
253919,VCS2772,2025,104781.0,0.0
253920,VCS2772,2026,48200.0,0.0
253950,VCS2773,2025,119548.0,0.0
253951,VCS2773,2026,43202.0,0.0
253981,VCS2774,2025,91829.0,0.0
253982,VCS2774,2026,47700.0,0.0
254012,VCS2775,2025,106285.0,0.0
254013,VCS2775,2026,44093.0,4306.0
254043,VCS2776,2025,77594.0,0.0
254044,VCS2776,2026,48560.0,0.0
254074,VCS2777,2025,96284.0,0.0
254075,VCS2777,2026,45146.0,0.0
254105,VCS2778,2025,67986.0,0.0
254106,VCS2778,2026,48853.0,0.0
254136,VCS2779,2025,85969.0,0.0
254137,VCS2779,2026,45613.0,0.0
254162,VCS278,2020,0.0,24350.0
254198,VCS2780,2025,57722.0,1415.0
254199,VCS2780,2026,48983.0,0.0
254445,VCS2789,2024,12987.0,0.0
254446,VCS2789,2025,370214.0,0.0
254472,VCS279,2020,0.0,7000.0
254601,VCS2794,2025,692366.0,8280.0
254602,VCS2794,2026,838810.0,0.0
254813,VCS280,2020,0.0,51100.0
255150,VCS281,2016,0.0,4822.0
255151,VCS281,2017,42450.0,23219.0
255153,VCS281,2019,23952.0,23801.0
255154,VCS281,2020,28310.0,41818.0
255155,VCS281,2021,0.0,28764.0
255157,VCS281,2023,0.0,202.0
255158,VCS281,2024,0.0,95.0
255159,VCS281,2025,0.0,304.0
255160,VCS281,2026,0.0,25.0
255655,VCS2825,2025,119387.0,0.0
255656,VCS2825,2026,39454.0,0.0
255686,VCS2826,2025,120542.0,0.0
255687,VCS2826,2026,40138.0,0.0
255717,VCS2827,2025,127734.0,0.0
255718,VCS2827,2026,47187.0,0.0
255745,VCS2828,2022,632878.0,0.0
255746,VCS2828,2023,0.0,2319.0
255747,VCS2828,2024,1090847.0,578203.0
255748,VCS2828,2025,0.0,15016.0
255749,VCS2828,2026,0.0,5000.0
255801,VCS283,2016,0.0,30029.0
255802,VCS283,2017,0.0,185089.0
255804,VCS283,2019,0.0,3000.0
255805,VCS283,2020,0.0,214229.0
255806,VCS283,2021,0.0,28250.0
255838,VCS2830,2022,1278355.0,0.0
255840,VCS2830,2024,0.0,78775.0
255841,VCS2830,2025,0.0,320794.0
255842,VCS2830,2026,0.0,72321.0
255901,VCS2833,2023,22708.0,0.0
255902,VCS2833,2024,0.0,1350.0
255903,VCS2833,2025,0.0,12185.0
255904,VCS2833,2026,0.0,1246.0
255963,VCS2835,2023,110457.0,0.0
255965,VCS2835,2025,104807.0,0.0
255994,VCS2836,2023,188724.0,0.0
255995,VCS2836,2024,52022.0,0.0
255996,VCS2836,2025,50824.0,0.0
255997,VCS2836,2026,0.0,9058.0
256025,VCS2837,2023,148258.0,21491.0
256026,VCS2837,2024,55878.0,0.0
256027,VCS2837,2025,54526.0,0.0
256028,VCS2837,2026,0.0,899.0
256056,VCS2838,2023,44951.0,0.0
256057,VCS2838,2024,11580.0,0.0
256058,VCS2838,2025,11318.0,0.0
256059,VCS2838,2026,0.0,43.0
256087,VCS2839,2023,19578.0,3000.0
256088,VCS2839,2024,14645.0,0.0
256089,VCS2839,2025,23119.0,0.0
256114,VCS284,2019,0.0,560.0
256115,VCS284,2020,0.0,53774.0
256117,VCS284,2022,0.0,1101.0
256118,VCS284,2023,0.0,1246.0
256119,VCS284,2024,0.0,2256.0
256120,VCS284,2025,0.0,1317.0
256150,VCS2840,2024,137552.0,0.0
256151,VCS2840,2025,56460.0,50053.0
256152,VCS2840,2026,0.0,48000.0
256334,VCS2846,2022,597264.0,0.0
256335,VCS2846,2023,0.0,188226.0
256336,VCS2846,2024,0.0,169381.0
256337,VCS2846,2025,0.0,134949.0
256338,VCS2846,2026,0.0,96035.0
256397,VCS2848,2023,92691.0,0.0
256400,VCS2848,2026,0.0,7539.0
256552,VCS2852,2023,678291.0,0.0
256553,VCS2852,2024,0.0,4981.0
256554,VCS2852,2025,0.0,1383.0
256793,VCS286,2016,0.0,4432.0
256864,VCS2861,2025,74293.0,0.0
256895,VCS2862,2025,93555.0,0.0
256925,VCS2863,2024,26594.0,0.0
256927,VCS2863,2026,240287.0,48000.0
256954,VCS2864,2022,81094.0,0.0
256955,VCS2864,2023,0.0,80.0
256956,VCS2864,2024,40870.0,174.0
256957,VCS2864,2025,40943.0,11513.0
256958,VCS2864,2026,0.0,84448.0
257017,VCS2866,2023,81329.0,0.0
257018,VCS2866,2024,42072.0,0.0
257019,VCS2866,2025,44058.0,47168.0
257020,VCS2866,2026,0.0,99133.0
257080,VCS2868,2024,285123.0,0.0
257081,VCS2868,2025,529504.0,6700.0
257082,VCS2868,2026,0.0,2450.0
257421,VCS2878,2024,1752414.0,1668930.0
257422,VCS2878,2025,1364118.0,75861.0
257423,VCS2878,2026,0.0,102484.0
257451,VCS2879,2023,60125.0,13163.0
257452,VCS2879,2024,0.0,15691.0
257453,VCS2879,2025,0.0,10701.0
257454,VCS2879,2026,0.0,20548.0
257475,VCS288,2016,0.0,6799.0
257476,VCS288,2017,0.0,5.0
257479,VCS288,2020,258920.0,0.0
257480,VCS288,2021,0.0,60000.0
257482,VCS288,2023,0.0,35094.0
257484,VCS288,2025,0.0,36311.0
257485,VCS288,2026,0.0,20695.0
257513,VCS2880,2023,20326.0,0.0
257516,VCS2880,2026,0.0,6810.0
257700,VCS2886,2024,73560.0,12356.0
257733,VCS2887,2026,3033077.0,148238.0
257761,VCS2888,2023,49437.0,0.0
257762,VCS2888,2024,0.0,316.0
257816,VCS289,2016,0.0,42.0
257821,VCS289,2021,0.0,26382.0
257824,VCS289,2024,0.0,35.0
257854,VCS2890,2023,197050.0,0.0
257855,VCS2890,2024,0.0,100505.0
258012,VCS2895,2026,104873.0,104873.0
258040,VCS2897,2023,177835.0,71300.0
258041,VCS2897,2024,136879.0,66798.0
258042,VCS2897,2025,531422.0,702038.0
258043,VCS2897,2026,0.0,4194.0
258070,VCS2899,2022,240000.0,0.0
258073,VCS2899,2025,0.0,240000.0
258128,VCS290,2018,133630.0,17744.0
258129,VCS290,2019,0.0,24409.0
258130,VCS290,2020,35245.0,165068.0
258131,VCS290,2021,0.0,15816.0
258132,VCS290,2022,0.0,14859.0
258133,VCS290,2023,0.0,2000.0
258134,VCS290,2024,0.0,18175.0
258225,VCS2902,2022,240000.0,0.0
258228,VCS2902,2025,0.0,240000.0
258256,VCS2903,2022,240000.0,0.0
258259,VCS2903,2025,0.0,240000.0
258351,VCS2908,2024,18067.0,0.0
258380,VCS2909,2022,240000.0,0.0
258383,VCS2909,2025,0.0,240000.0
258443,VCS2910,2023,60000.0,0.0
258444,VCS2910,2024,0.0,60000.0
258474,VCS2911,2023,60000.0,0.0
258475,VCS2911,2024,0.0,60000.0
258505,VCS2912,2023,60000.0,0.0
258506,VCS2912,2024,0.0,60000.0
258535,VCS2913,2022,134683.0,0.0
258660,VCS2917,2023,60000.0,130.0
258661,VCS2917,2024,0.0,59870.0
258750,VCS292,2020,855219.0,11084.0
258751,VCS292,2021,336957.0,344378.0
258752,VCS292,2022,0.0,307565.0
258753,VCS292,2023,125948.0,354474.0
258754,VCS292,2024,281410.0,88717.0
258755,VCS292,2025,0.0,86700.0
258756,VCS292,2026,0.0,39855.0
258816,VCS2922,2024,47426.0,635.0
258817,VCS2922,2025,0.0,353.0
258818,VCS2922,2026,1508.0,13221.0
258846,VCS2923,2023,1020903.0,65702.0
258847,VCS2923,2024,5051602.0,6500.0
258848,VCS2923,2025,1315358.0,7125.0
258849,VCS2923,2026,0.0,26920.0
258879,VCS2924,2025,716418.0,0.0
258880,VCS2924,2026,776147.0,150000.0
258909,VCS2925,2024,608477.0,0.0
258911,VCS2925,2026,2912866.0,488.0
259026,VCS293,2017,0.0,236.0
259030,VCS293,2021,0.0,23020.0
259031,VCS293,2022,0.0,3112.0
259032,VCS293,2023,0.0,8951.0
259034,VCS293,2025,0.0,23.0
259062,VCS2930,2022,4137966.0,0.0
259064,VCS2930,2024,4135618.0,68738.0
259065,VCS2930,2025,0.0,326386.0
259066,VCS2930,2026,4111740.0,233918.0
259097,VCS2931,2026,266254.0,26074.0
259311,VCS2938,2023,110002.0,20000.0
259312,VCS2938,2024,0.0,64837.0
259313,VCS2938,2025,0.0,25165.0
259342,VCS2939,2023,62977.0,53000.0
259343,VCS2939,2024,312554.0,6910.0
259344,VCS2939,2025,0.0,164531.0
259345,VCS2939,2026,0.0,59921.0
259373,VCS294,2023,63546.0,0.0
259437,VCS2941,2025,264045.0,0.0
259438,VCS2941,2026,0.0,115889.0
259467,VCS2942,2024,148546.0,0.0
259468,VCS2942,2025,0.0,12575.0
259499,VCS2943,2025,556554.0,0.0
259500,VCS2943,2026,0.0,130113.0
259529,VCS2944,2024,870015.0,832188.0
259530,VCS2944,2025,0.0,37827.0
259776,VCS2951,2023,308498.0,80000.0
259777,VCS2951,2024,0.0,31351.0
259778,VCS2951,2025,0.0,4973.0
259779,VCS2951,2026,0.0,10688.0
259930,VCS2957,2022,273466.0,0.0
259931,VCS2957,2023,0.0,1744.0
259934,VCS2957,2026,0.0,1949.0
260023,VCS296,2022,0.0,1.0
260057,VCS2960,2025,140363.0,2247.0
260058,VCS2960,2026,259705.0,0.0
260087,VCS2964,2024,59257.0,0.0
260116,VCS2965,2022,38769.0,13700.0
260117,VCS2965,2023,0.0,8700.0
260118,VCS2965,2024,0.0,4231.0
260119,VCS2965,2025,0.0,7538.0
260120,VCS2965,2026,0.0,4600.0
260305,VCS2971,2025,14284.0,0.0
260518,VCS298,2021,58146.0,0.0
260519,VCS298,2022,0.0,28209.0
260520,VCS298,2023,0.0,9917.0
260521,VCS298,2024,0.0,20020.0
260554,VCS2980,2026,59249.0,30096.0
260582,VCS2981,2023,55645.0,0.0
260583,VCS2981,2024,77888.0,37441.0
260584,VCS2981,2025,0.0,40447.0
260612,VCS2982,2022,116413.0,767.0
260613,VCS2982,2023,157.0,4411.0
260614,VCS2982,2024,0.0,1027.0
260615,VCS2982,2025,0.0,44135.0
260616,VCS2982,2026,0.0,16.0
260678,VCS2984,2026,484726.0,0.0
260800,VCS2989,2024,54549.0,40880.0
260801,VCS2989,2025,39225.0,15416.0
260802,VCS2989,2026,63629.0,9798.0
260892,VCS2992,2023,703.0,1.0
260895,VCS2992,2026,2812.0,1244.0
261047,VCS2998,2023,55246.0,501.0
261048,VCS2998,2024,0.0,24455.0
261049,VCS2998,2025,99467.0,52961.0
261050,VCS2998,2026,0.0,5292.0
261139,VCS30,2022,271207.0,96.0
261140,VCS30,2023,780726.0,346550.0
261141,VCS30,2024,0.0,617945.0
261142,VCS30,2025,0.0,87172.0
261143,VCS30,2026,0.0,124.0
261205,VCS3000,2026,405915.0,0.0
261265,VCS3002,2024,151373.0,151373.0
261267,VCS3002,2026,97323.0,0.0
261357,VCS3005,2023,219206.0,118309.0
261358,VCS3005,2024,171653.0,23822.0
261359,VCS3005,2025,0.0,63850.0
261360,VCS3005,2026,0.0,85391.0
261388,VCS3006,2023,7149.0,0.0
261389,VCS3006,2024,49719.0,0.0
261420,VCS3007,2024,14607.0,0.0
261511,VCS301,2022,0.0,388.0
261542,VCS3010,2022,97656.0,0.0
261543,VCS3010,2023,403869.0,162849.0
261544,VCS3010,2024,0.0,127651.0
261545,VCS3010,2025,0.0,104327.0
261546,VCS3010,2026,0.0,15631.0
261575,VCS3011,2024,13207.0,0.0
261576,VCS3011,2025,118654.0,0.0
261730,VCS3016,2024,163417.0,0.0
261732,VCS3016,2026,0.0,22000.0
261761,VCS3017,2024,8120.0,0.0
261791,VCS3018,2023,1394513.0,352864.0
261792,VCS3018,2024,0.0,98385.0
261793,VCS3018,2025,0.0,691220.0
261794,VCS3018,2026,0.0,17206.0
261825,VCS3019,2026,3296.0,0.0
261849,VCS302,2019,0.0,14000.0
261851,VCS302,2021,0.0,3989.0
261852,VCS302,2022,0.0,16128.0
261884,VCS3020,2023,112638.0,0.0
261885,VCS3020,2024,0.0,11615.0
261886,VCS3020,2025,0.0,101023.0
261917,VCS3021,2025,975895.0,5691.0
261918,VCS3021,2026,718503.0,9932.0
262008,VCS3025,2023,161533.0,0.0
262009,VCS3025,2024,0.0,10000.0
262010,VCS3025,2025,0.0,110085.0
262011,VCS3025,2026,0.0,41448.0
262063,VCS303,2016,0.0,4980.0
262064,VCS303,2017,0.0,11291.0
262134,VCS3031,2025,15754.0,0.0
262406,VCS304,2018,0.0,7767.0
262407,VCS304,2019,0.0,1568.0
262408,VCS304,2020,0.0,390.0
262409,VCS304,2021,0.0,5854.0
262410,VCS304,2022,0.0,153399.0
262411,VCS304,2023,0.0,5926.0
262412,VCS304,2024,0.0,3986.0
262413,VCS304,2025,0.0,22653.0
262414,VCS304,2026,0.0,223.0
262475,VCS3041,2025,1835.0,0.0
262567,VCS3046,2024,122512.0,10000.0
262568,VCS3046,2025,0.0,10000.0
262597,VCS3047,2023,103818.0,0.0
262754,VCS3052,2025,625909.0,0.0
262755,VCS3052,2026,198312.0,1879.0
262876,VCS3056,2023,55244.0,294.0
262877,VCS3056,2024,95285.0,54000.0
262878,VCS3056,2025,0.0,4633.0
262879,VCS3056,2026,0.0,45584.0
262969,VCS3059,2023,23890.0,0.0
262970,VCS3059,2024,70927.0,0.0
262971,VCS3059,2025,0.0,464.0
263065,VCS3061,2026,20010.0,0.0
263093,VCS3063,2023,95492.0,0.0
263095,VCS3063,2025,0.0,392.0
263096,VCS3063,2026,0.0,6527.0
263249,VCS3068,2024,22229.0,0.0
263280,VCS3069,2024,69473.0,0.0
263590,VCS3078,2024,35761.0,0.0
263650,VCS308,2022,17450.0,0.0
263651,VCS308,2023,0.0,17390.0
263991,VCS309,2022,0.0,20089.0
263992,VCS309,2023,0.0,5710.0
264087,VCS3092,2025,62487.0,0.0
264148,VCS3094,2024,17790.0,2818.0
264149,VCS3094,2025,0.0,7000.0
264150,VCS3094,2026,0.0,230.0
264180,VCS3095,2025,44005.0,226.0
264181,VCS3095,2026,0.0,64.0
264210,VCS3096,2024,26255.0,0.0
264211,VCS3096,2025,85096.0,0.0
264212,VCS3096,2026,79644.0,0.0
264271,VCS3099,2023,33223.0,0.0
264367,VCS3101,2026,24263.0,24263.0
264611,VCS3109,2022,7659.0,0.0
264612,VCS3109,2023,0.0,7659.0
264613,VCS3109,2024,6730.0,0.0
264614,VCS3109,2025,0.0,137.0
264800,VCS3115,2025,996583.0,0.0
264801,VCS3115,2026,0.0,3326.0
264830,VCS3116,2024,115005.0,0.0
264831,VCS3116,2025,115514.0,0.0
265201,VCS3128,2023,133676.0,8000.0
265357,VCS3132,2024,33228.0,2114.0
265420,VCS3134,2025,93200.0,10.0
265450,VCS3135,2024,18736.0,82.0
265452,VCS3135,2026,0.0,1016.0
266038,VCS3154,2023,61753.0,0.0
266039,VCS3154,2024,19194.0,39723.0
266040,VCS3154,2025,0.0,98.0
266041,VCS3154,2026,0.0,2312.0
266161,VCS3158,2022,243104.0,0.0
266162,VCS3158,2023,0.0,43104.0
266163,VCS3158,2024,0.0,5838.0
266164,VCS3158,2025,0.0,22797.0
266165,VCS3158,2026,0.0,56892.0
266254,VCS3160,2022,99737.0,0.0
266255,VCS3160,2023,0.0,44871.0
266256,VCS3160,2024,0.0,17373.0
266257,VCS3160,2025,0.0,1029.0
266286,VCS3161,2023,72867.0,283.0
266287,VCS3161,2024,54167.0,18216.0
266288,VCS3161,2025,0.0,16955.0
266289,VCS3161,2026,0.0,10924.0
266529,VCS317,2018,0.0,2320.0
266531,VCS317,2020,0.0,6574.0
266534,VCS317,2023,0.0,13103.0
266837,VCS318,2016,102962.0,55520.0
266838,VCS318,2017,30130.0,36104.0
266839,VCS318,2018,54076.0,7703.0
266840,VCS318,2019,66293.0,3802.0
266841,VCS318,2020,0.0,222861.0
266842,VCS318,2021,0.0,61073.0
266843,VCS318,2022,225312.0,31329.0
266844,VCS318,2023,0.0,132972.0
266845,VCS318,2024,92635.0,151307.0
266846,VCS318,2025,142584.0,103732.0
266847,VCS318,2026,0.0,49831.0
267185,VCS319,2023,0.0,1000.0
267521,VCS32,2018,13031.0,263.0
267522,VCS32,2019,0.0,822.0
267523,VCS32,2020,0.0,1685.0
267524,VCS32,2021,0.0,2046.0
267525,VCS32,2022,41925.0,0.0
267526,VCS32,2023,0.0,120.0
267528,VCS32,2025,0.0,3923.0
267555,VCS320,2021,0.0,449.0
267556,VCS320,2022,0.0,5173.0
267713,VCS3204,2024,23867.0,0.0
267714,VCS3204,2025,150896.0,0.0
267715,VCS3204,2026,134200.0,0.0
267777,VCS3206,2026,5138.0,2930.0
267805,VCS3207,2023,36270.0,4190.0
267806,VCS3207,2024,32027.0,22870.0
267807,VCS3207,2025,14554.0,34859.0
267808,VCS3207,2026,24411.0,1268.0
268201,VCS322,2016,0.0,1489.0
268202,VCS322,2017,0.0,667.0
268203,VCS322,2018,0.0,1198.0
268205,VCS322,2020,0.0,33.0
268208,VCS322,2023,0.0,1050.0
268242,VCS3220,2026,13852.0,0.0
268303,VCS3222,2025,29652.0,0.0
268395,VCS3225,2024,240980.0,0.0
268396,VCS3225,2025,197066.0,0.0
268542,VCS323,2016,1420.0,1547.0
268547,VCS323,2021,9096.0,0.0
268861,VCS3239,2025,162144.0,0.0
268883,VCS324,2016,69733.0,72368.0
268884,VCS324,2017,278925.0,350358.0
268885,VCS324,2018,0.0,800.0
268886,VCS324,2019,0.0,13000.0
268888,VCS324,2021,40798.0,88158.0
268889,VCS324,2022,0.0,35564.0
268891,VCS324,2024,0.0,2129.0
268892,VCS324,2025,0.0,56.0
268923,VCS3240,2025,310762.0,7077.0
269046,VCS3244,2024,60786.0,0.0
269047,VCS3244,2025,97357.0,0.0
269048,VCS3244,2026,224177.0,145269.0
269076,VCS3245,2023,52014.0,0.0
269077,VCS3245,2024,0.0,46644.0
269078,VCS3245,2025,0.0,479.0
269079,VCS3245,2026,0.0,430.0
269169,VCS325,2023,0.0,10533.0
269503,VCS326,2016,0.0,9.0
269505,VCS326,2018,0.0,1.0
269508,VCS326,2021,0.0,11345.0
269509,VCS326,2022,0.0,2000.0
269603,VCS3262,2023,100959.0,0.0
269605,VCS3262,2025,0.0,26074.0
270160,VCS3279,2022,456395.0,2518.0
270162,VCS3279,2024,0.0,4799.0
270163,VCS3279,2025,0.0,5128.0
270164,VCS3279,2026,0.0,21285.0
270286,VCS3282,2024,38388.0,0.0
270287,VCS3282,2025,0.0,231.0
270288,VCS3282,2026,0.0,21738.0
270410,VCS3286,2024,1537.0,0.0
270527,VCS329,2017,0.0,60.0
270532,VCS329,2022,0.0,783.0
270534,VCS329,2024,0.0,10.0
270535,VCS329,2025,0.0,5.0
270750,VCS3298,2023,70969.0,0.0
270752,VCS3298,2025,44551.0,3372.0
270753,VCS3298,2026,0.0,26973.0
270805,VCS33,2016,50514.0,25145.0
270806,VCS33,2017,0.0,26017.0
270807,VCS33,2018,32562.0,19891.0
270808,VCS33,2019,0.0,27454.0
270809,VCS33,2020,0.0,12048.0
270810,VCS33,2021,46557.0,1434.0
270811,VCS33,2022,29248.0,49807.0
270812,VCS33,2023,0.0,5364.0
270813,VCS33,2024,0.0,3525.0
270814,VCS33,2025,50763.0,16218.0
270815,VCS33,2026,0.0,650.0
270838,VCS330,2018,0.0,1000.0
270840,VCS330,2020,0.0,12787.0
270841,VCS330,2021,0.0,65483.0
271123,VCS3308,2024,56564.0,2776.0
271124,VCS3308,2025,0.0,2783.0
271125,VCS3308,2026,0.0,7184.0
271181,VCS331,2020,0.0,96048.0
271519,VCS332,2017,86386.0,2992.0
271520,VCS332,2018,43879.0,124999.0
271522,VCS332,2020,15521.0,17787.0
271523,VCS332,2021,22925.0,0.0
271524,VCS332,2022,0.0,4370.0
271526,VCS332,2024,0.0,8.0
272175,VCS334,2022,0.0,3329.0
272176,VCS334,2023,54873.0,53727.0
272177,VCS334,2024,0.0,3864.0
272178,VCS334,2025,0.0,1251.0
272271,VCS3342,2025,84598.0,5116.0
272272,VCS3342,2026,0.0,4157.0
272334,VCS3344,2026,561023.0,500.0
272365,VCS3346,2026,399018.0,41213.0
272425,VCS3348,2024,610764.0,4845.0
272426,VCS3348,2025,0.0,53124.0
272427,VCS3348,2026,0.0,87051.0
272452,VCS335,2020,253014.0,20263.0
272453,VCS335,2021,30081.0,149750.0
272454,VCS335,2022,0.0,17532.0
272455,VCS335,2023,91827.0,26838.0
272456,VCS335,2024,0.0,14426.0
272457,VCS335,2025,17873.0,47995.0
272458,VCS335,2026,0.0,3119.0
272486,VCS3350,2023,279168.0,21854.0
272487,VCS3350,2024,0.0,22865.0
272488,VCS3350,2025,663539.0,57310.0
272489,VCS3350,2026,355951.0,45843.0
272550,VCS3352,2025,390652.0,51156.0
272551,VCS3352,2026,504264.0,33.0
272674,VCS3356,2025,488799.0,13031.0
272675,VCS3356,2026,0.0,43500.0
272794,VCS336,2021,121215.0,0.0
272795,VCS336,2022,0.0,21484.0
272796,VCS336,2023,58034.0,102584.0
272797,VCS336,2024,0.0,14004.0
272798,VCS336,2025,15201.0,7142.0
272799,VCS336,2026,0.0,6199.0
272890,VCS3363,2024,10894.0,0.0
272891,VCS3363,2025,0.0,1510.0
272892,VCS3363,2026,14228.0,1198.0
273046,VCS3368,2025,160159.0,299.0
273047,VCS3368,2026,0.0,16231.0
273076,VCS3369,2024,315108.0,0.0
273078,VCS3369,2026,0.0,158337.0
273101,VCS337,2018,59882.0,10595.0
273102,VCS337,2019,0.0,14080.0
273103,VCS337,2020,0.0,11469.0
273104,VCS337,2021,322452.0,1668.0
273105,VCS337,2022,0.0,71421.0
273106,VCS337,2023,89415.0,48218.0
273107,VCS337,2024,0.0,103827.0
273108,VCS337,2025,21119.0,26257.0
273109,VCS337,2026,0.0,7114.0
273168,VCS3371,2023,63908.0,0.0
273170,VCS3371,2025,0.0,53665.0
273171,VCS3371,2026,0.0,175.0
273352,VCS338,2021,36031.0,13458.0
273353,VCS338,2022,0.0,9234.0
273354,VCS338,2023,0.0,7828.0
273355,VCS338,2024,0.0,3688.0
273356,VCS338,2025,0.0,7094.0
273693,VCS339,2021,42310.0,0.0
273697,VCS339,2025,0.0,22310.0
273819,VCS3393,2023,38091.0,0.0
273820,VCS3393,2024,0.0,3500.0
273821,VCS3393,2025,0.0,4546.0
273822,VCS3393,2026,0.0,25823.0
274029,VCS34,2016,0.0,269.0
274032,VCS34,2019,0.0,3816.0
274035,VCS34,2022,89242.0,38061.0
274036,VCS34,2023,0.0,2000.0
274037,VCS34,2024,42380.0,0.0
274039,VCS34,2026,0.0,760.0
274060,VCS340,2016,0.0,2000.0
274062,VCS340,2018,0.0,4878.0
274742,VCS342,2016,0.0,3511.0
274938,VCS3425,2026,12418.0,6480.0
275155,VCS3432,2026,209224.0,7300.0
275396,VCS344,2019,404826.0,327694.0
275398,VCS344,2021,0.0,76953.0
275400,VCS344,2023,0.0,179.0
275680,VCS3448,2024,354124.0,10392.0
275681,VCS3448,2025,123918.0,13843.0
275682,VCS3448,2026,0.0,40100.0
275737,VCS345,2019,149571.0,0.0
275738,VCS345,2020,0.0,1337.0
275739,VCS345,2021,0.0,97175.0
275740,VCS345,2022,0.0,51059.0
275775,VCS3450,2026,19871.0,0.0
276387,VCS347,2018,23615.0,0.0
276388,VCS347,2019,46885.0,4898.0
276389,VCS347,2020,0.0,37508.0
276391,VCS347,2022,0.0,18133.0
276392,VCS347,2023,0.0,9961.0
276948,VCS349,2021,75948.0,60428.0
276949,VCS349,2022,0.0,4085.0
276951,VCS349,2024,0.0,4353.0
276952,VCS349,2025,0.0,6369.0
276953,VCS349,2026,0.0,713.0
277660,VCS352,2020,0.0,242298.0
278000,VCS353,2019,14764.0,0.0
278001,VCS353,2020,14114.0,25872.0
278004,VCS353,2023,0.0,14114.0
278161,VCS3534,2025,17798.0,0.0
278338,VCS354,2016,0.0,22247.0
278342,VCS354,2020,20838.0,310.0
278343,VCS354,2021,0.0,1703.0
278344,VCS354,2022,36769.0,2525.0
278345,VCS354,2023,0.0,3207.0
278346,VCS354,2024,0.0,1434.0
278347,VCS354,2025,0.0,2502.0
278440,VCS3544,2025,65611.0,0.0
278469,VCS3545,2023,99987.0,0.0
278562,VCS355,2023,319454.0,0.0
278563,VCS355,2024,0.0,60000.0
278564,VCS355,2025,0.0,3800.0
278565,VCS355,2026,0.0,3500.0
278718,VCS3556,2024,52309.0,0.0
278719,VCS3556,2025,0.0,25.0
278838,VCS356,2020,0.0,881.0
278936,VCS3562,2025,21097.0,1125.0
278937,VCS3562,2026,0.0,10326.0
279215,VCS3570,2025,120862.0,35.0
279216,VCS3570,2026,0.0,2711.0
279898,VCS3590,2026,48996.0,18106.0
280144,VCS3599,2024,231421.0,0.0
280145,VCS3599,2025,303694.0,0.0
280146,VCS3599,2026,283908.0,0.0
280269,VCS3601,2025,47568.0,2550.0
280270,VCS3601,2026,62315.0,15978.0
280329,VCS3603,2023,94109.0,0.0
280330,VCS3603,2024,0.0,49000.0
280331,VCS3603,2025,0.0,17924.0
280332,VCS3603,2026,0.0,27085.0
280362,VCS3604,2025,22220.0,1881.0
280363,VCS3604,2026,0.0,8239.0
280639,VCS3613,2023,6550.0,6550.0
280702,VCS3616,2024,28915.0,8347.0
280703,VCS3616,2025,89606.0,20568.0
280704,VCS3616,2026,0.0,89041.0
281012,VCS3625,2024,234938.0,0.0
281013,VCS3625,2025,0.0,10000.0
281014,VCS3625,2026,0.0,19615.0
281043,VCS3626,2024,187152.0,0.0
281165,VCS363,2022,127226.0,0.0
281166,VCS363,2023,0.0,14000.0
281199,VCS3630,2025,137742.0,0.0
281200,VCS3630,2026,0.0,1239.0
281724,VCS3649,2023,115878.0,0.0
281818,VCS3651,2024,56895.0,0.0
281880,VCS3654,2024,298801.0,0.0
281972,VCS3657,2023,65.0,0.0
282158,VCS3662,2023,57284.0,146.0
282159,VCS3662,2024,0.0,9178.0
282160,VCS3662,2025,9518.0,46448.0
282161,VCS3662,2026,0.0,2332.0
282377,VCS3669,2025,57955.0,0.0
282378,VCS3669,2026,0.0,73.0
282624,VCS3677,2024,230.0,0.0
282625,VCS3677,2025,0.0,63.0
282626,VCS3677,2026,25408.0,0.0
282655,VCS3678,2024,161963.0,0.0
282657,VCS3678,2026,0.0,1.0
282682,VCS368,2020,0.0,135400.0
282685,VCS368,2023,0.0,6050.0
282964,VCS3688,2023,84886.0,0.0
282965,VCS3688,2024,0.0,84886.0
282996,VCS3689,2024,7121.0,1260.0
282997,VCS3689,2025,0.0,1020.0
283090,VCS3691,2025,43884.0,0.0
283091,VCS3691,2026,0.0,2100.0
283243,VCS3696,2023,124945.0,0.0
283337,VCS3699,2024,59473.0,1190.0
283338,VCS3699,2025,1911382.0,38228.0
283339,VCS3699,2026,722111.0,14442.0
283366,VCS37,2022,0.0,634.0
283391,VCS370,2016,0.0,5991.0
283392,VCS370,2017,0.0,13078.0
283393,VCS370,2018,0.0,567.0
283394,VCS370,2019,21085.0,14560.0
283395,VCS370,2020,53079.0,7866.0
283396,VCS370,2021,13818.0,4194.0
283397,VCS370,2022,0.0,60709.0
283398,VCS370,2023,23799.0,22982.0
283399,VCS370,2024,0.0,3885.0
283400,VCS370,2025,0.0,100.0
283401,VCS370,2026,0.0,471.0
283645,VCS371,2022,66042.0,146.0
283646,VCS371,2023,300067.0,3623.0
283647,VCS371,2024,0.0,21523.0
283648,VCS371,2025,0.0,1464.0
283649,VCS371,2026,0.0,1235.0
283802,VCS3715,2024,4026.0,0.0
283988,VCS3720,2024,56755.0,0.0
284263,VCS373,2020,0.0,8000.0
284578,VCS3739,2025,376114.0,318829.0
284579,VCS3739,2026,0.0,55766.0
284734,VCS3743,2026,36877.0,36877.0
284795,VCS3746,2025,5623.0,27.0
284796,VCS3746,2026,0.0,100.0
284917,VCS375,2023,0.0,10919.0
285251,VCS376,2016,0.0,13011.0
285252,VCS376,2017,0.0,673.0
285253,VCS376,2018,0.0,15.0
285255,VCS376,2020,0.0,2.0
285256,VCS376,2021,0.0,2609.0
285257,VCS376,2022,84410.0,64.0
285258,VCS376,2023,0.0,420.0
285261,VCS376,2026,0.0,74.0
285506,VCS3767,2023,11471.0,0.0
285507,VCS3767,2024,123488.0,0.0
285508,VCS3767,2025,113593.0,0.0
285537,VCS3769,2023,47369.0,0.0
285561,VCS377,2016,0.0,12826.0
285664,VCS3772,2026,65274.0,65274.0
286128,VCS3786,2025,312.0,0.0
286188,VCS3788,2023,4702.0,0.0
286189,VCS3788,2024,5678.0,0.0
286190,VCS3788,2025,7074.0,0.0
286468,VCS3797,2024,87646.0,0.0
286556,VCS38,2019,0.0,500.0
286558,VCS38,2021,0.0,39.0
286584,VCS380,2016,14209.0,11008.0
286585,VCS380,2017,24030.0,34.0
286586,VCS380,2018,0.0,7.0
286587,VCS380,2019,0.0,181.0
286588,VCS380,2020,67290.0,64354.0
286589,VCS380,2021,21564.0,3210.0
286590,VCS380,2022,22427.0,50814.0
286591,VCS380,2023,0.0,9129.0
286592,VCS380,2024,17631.0,32964.0
286593,VCS380,2025,0.0,12655.0
286594,VCS380,2026,0.0,70.0
286654,VCS3801,2024,485134.0,0.0
286655,VCS3801,2025,64855.0,0.0
286677,VCS381,2016,0.0,570.0
286678,VCS381,2017,0.0,19363.0
286679,VCS381,2018,27798.0,0.0
286681,VCS381,2020,8787.0,4395.0
286682,VCS381,2021,30602.0,42758.0
286683,VCS381,2022,12912.0,2420.0
286684,VCS381,2023,0.0,41107.0
286685,VCS381,2024,22015.0,923.0
286687,VCS381,2026,0.0,22608.0
286808,VCS3814,2023,1864.0,0.0
287025,VCS3820,2023,19932.0,0.0
287027,VCS3820,2025,0.0,19832.0
287028,VCS3820,2026,255234.0,0.0
287461,VCS3835,2025,50394.0,0.0
287522,VCS3837,2024,2078.0,0.0
287523,VCS3837,2025,193952.0,0.0
287524,VCS3837,2026,1095135.0,0.0
287553,VCS3839,2024,21116.0,206.0
287554,VCS3839,2025,0.0,2422.0
287555,VCS3839,2026,0.0,5263.0
287576,VCS384,2016,0.0,44615.0
287577,VCS384,2017,0.0,8312.0
287578,VCS384,2018,17944.0,0.0
287580,VCS384,2020,0.0,8791.0
287581,VCS384,2021,0.0,17741.0
287582,VCS384,2022,0.0,889.0
287583,VCS384,2023,0.0,12.0
287828,VCS385,2020,0.0,7820.0
287830,VCS385,2022,0.0,843.0
287831,VCS385,2023,0.0,2137.0
287895,VCS3851,2025,123622.0,0.0
288168,VCS386,2019,515.0,0.0
288173,VCS386,2024,0.0,515.0
288235,VCS3861,2024,53891.0,0.0
288236,VCS3861,2025,31131.0,52670.0
288390,VCS3866,2024,175075.0,0.0
288391,VCS3866,2025,0.0,22553.0
288392,VCS3866,2026,0.0,20798.0
288485,VCS3869,2026,3894.0,3894.0
288512,VCS387,2022,0.0,20705.0
288513,VCS387,2023,0.0,11739.0
288547,VCS3870,2026,20517.0,20517.0
288578,VCS3871,2026,61024.0,26076.0
288607,VCS3872,2024,144879.0,8966.0
288608,VCS3872,2025,0.0,6757.0
288609,VCS3872,2026,0.0,23322.0
288640,VCS3873,2026,2091.0,2091.0
288816,VCS388,2016,0.0,6656.0
288857,VCS3880,2026,103290.0,54347.0
288886,VCS3881,2024,3671.0,0.0
288887,VCS3881,2025,0.0,991.0
288888,VCS3881,2026,0.0,2680.0
289102,VCS3889,2023,30821.0,30821.0
289104,VCS3889,2025,5974.0,293.0
289105,VCS3889,2026,17865.0,6859.0
289127,VCS389,2017,0.0,10515.0
289131,VCS389,2021,0.0,7656.0
289381,VCS3898,2023,432737.0,0.0
289382,VCS3898,2024,71492.0,1343.0
289383,VCS3898,2025,0.0,297886.0
289437,VCS39,2017,0.0,10.0
289438,VCS39,2018,0.0,10.0
289439,VCS39,2019,0.0,1.0
289440,VCS39,2020,0.0,3.0
289442,VCS39,2022,0.0,2.0
289444,VCS39,2024,0.0,3470.0
289536,VCS3901,2023,104950.0,0.0
289538,VCS3901,2025,14387.0,2553.0
289539,VCS3901,2026,12523.0,602.0
289811,VCS391,2019,0.0,29150.0
289812,VCS391,2020,913269.0,23443.0
289813,VCS391,2021,0.0,246409.0
289814,VCS391,2022,0.0,76088.0
289815,VCS391,2023,14926.0,223864.0
289816,VCS391,2024,0.0,3000.0
289817,VCS391,2025,0.0,11068.0
289818,VCS391,2026,0.0,109532.0
289973,VCS3916,2026,61412.0,0.0
290003,VCS3917,2025,98536.0,0.0
290091,VCS392,2020,0.0,6336.0
290097,VCS392,2026,0.0,1.0
290188,VCS3922,2024,12514.0,1939.0
290189,VCS3922,2025,0.0,284.0
290190,VCS3922,2026,0.0,1862.0
290407,VCS3929,2026,128435.0,31.0
290592,VCS3935,2025,17266.0,0.0
290624,VCS3936,2026,13565.0,11652.0
290651,VCS3937,2022,500.0,0.0
290653,VCS3937,2024,0.0,72.0
290740,VCS394,2018,0.0,664.0
290777,VCS3940,2024,132655.0,505.0
290778,VCS3940,2025,0.0,5642.0
290779,VCS3940,2026,0.0,13821.0
290870,VCS3944,2024,35892.0,0.0
290871,VCS3944,2025,0.0,200.0
291025,VCS3949,2024,24823.0,0.0
291054,VCS395,2022,498388.0,0.0
291055,VCS395,2023,0.0,18655.0
291056,VCS395,2024,0.0,123183.0
291057,VCS395,2025,0.0,49698.0
291058,VCS395,2026,0.0,243.0
291087,VCS3950,2024,58604.0,0.0
291180,VCS3954,2024,3444.0,0.0
291334,VCS396,2023,127845.0,0.0
291335,VCS396,2024,0.0,6641.0
291336,VCS396,2025,0.0,3646.0
291337,VCS396,2026,0.0,2816.0
291461,VCS3963,2026,7000.0,0.0
291921,VCS398,2021,0.0,20097.0
291922,VCS398,2022,0.0,1926.0
291957,VCS3980,2026,13678.0,13678.0
292233,VCS399,2023,35136.0,7915.0
292234,VCS399,2024,0.0,7128.0
292235,VCS399,2025,0.0,93.0
292452,VCS3996,2025,18326.0,15000.0
292453,VCS3996,2026,0.0,233.0
292483,VCS3997,2025,631603.0,0.0
292599,VCS400,2017,441637.0,100000.0
292603,VCS400,2021,0.0,93128.0
292604,VCS400,2022,498369.0,498369.0
292607,VCS400,2025,0.0,32547.0
292608,VCS400,2026,0.0,215962.0
292638,VCS4000,2025,543966.0,225514.0
292639,VCS4000,2026,234717.0,1407.0
293071,VCS4014,2024,41132.0,0.0
293072,VCS4014,2025,43752.0,0.0
293073,VCS4014,2026,0.0,10406.0
293102,VCS4015,2024,6643.0,0.0
293103,VCS4015,2025,27820.0,32125.0
293104,VCS4015,2026,0.0,506.0
293164,VCS4018,2024,32005.0,5534.0
293165,VCS4018,2025,41083.0,13935.0
293166,VCS4018,2026,30554.0,7778.0
293195,VCS4019,2024,8750.0,0.0
293196,VCS4019,2025,60999.0,7882.0
293197,VCS4019,2026,0.0,5163.0
293258,VCS4020,2025,8147.0,210.0
293259,VCS4020,2026,14443.0,450.0
293320,VCS4022,2025,2324712.0,48697.0
293321,VCS4022,2026,0.0,82475.0
293497,VCS403,2016,0.0,102775.0
293498,VCS403,2017,0.0,357169.0
293499,VCS403,2018,360622.0,49809.0
293500,VCS403,2019,0.0,84907.0
293501,VCS403,2020,295452.0,241057.0
293502,VCS403,2021,106027.0,302673.0
293503,VCS403,2022,0.0,234796.0
293504,VCS403,2023,0.0,43370.0
293505,VCS403,2024,0.0,14855.0
293506,VCS403,2025,0.0,3743.0
293507,VCS403,2026,0.0,1225.0
293722,VCS4036,2024,20393.0,0.0
293724,VCS4036,2026,42837.0,0.0
293745,VCS404,2016,23676.0,1350.0
293746,VCS404,2017,39838.0,25763.0
293748,VCS404,2019,40236.0,40170.0
293749,VCS404,2020,0.0,23254.0
293750,VCS404,2021,0.0,20340.0
293751,VCS404,2022,0.0,8093.0
293752,VCS404,2023,0.0,5915.0
293753,VCS404,2024,0.0,2478.0
293754,VCS404,2025,0.0,11570.0
293879,VCS4043,2026,29073.0,0.0
293910,VCS4044,2026,30350.0,0.0
294034,VCS4048,2026,101808.0,0.0
294086,VCS405,2016,0.0,290.0
294087,VCS405,2017,0.0,1578.0
294088,VCS405,2018,82886.0,683.0
294089,VCS405,2019,35756.0,96372.0
294090,VCS405,2020,0.0,707.0
294091,VCS405,2021,0.0,20110.0
294092,VCS405,2022,43255.0,59890.0
294093,VCS405,2023,19030.0,25320.0
294094,VCS405,2024,0.0,1010.0
294095,VCS405,2025,0.0,10659.0
294096,VCS405,2026,24813.0,550.0
294127,VCS4050,2026,81829.0,36136.0
294313,VCS4057,2026,214716.0,42841.0
294343,VCS4058,2025,62082.0,0.0
294374,VCS4059,2025,108417.0,0.0
294675,VCS407,2016,0.0,4743.0
294677,VCS407,2018,0.0,500.0
294679,VCS407,2020,0.0,115.0
294714,VCS4070,2024,14070.0,3125.0
294715,VCS4070,2025,0.0,470.0
294716,VCS4070,2026,0.0,10475.0
295326,VCS409,2016,0.0,6615.0
295327,VCS409,2017,0.0,13.0
295331,VCS409,2021,0.0,215.0
295332,VCS409,2022,0.0,1.0
295366,VCS4090,2025,180330.0,0.0
295552,VCS4097,2025,14895.0,0.0
295769,VCS4102,2025,233274.0,37156.0
295770,VCS4102,2026,0.0,142844.0
296008,VCS411,2016,0.0,38012.0
296009,VCS411,2017,33313.0,71353.0
296010,VCS411,2018,14580.0,22460.0
296011,VCS411,2019,45304.0,4503.0
296012,VCS411,2020,27243.0,55667.0
296013,VCS411,2021,22325.0,32690.0
296014,VCS411,2022,34067.0,48293.0
296015,VCS411,2023,0.0,15272.0
296318,VCS412,2016,0.0,190254.0
296319,VCS412,2017,165087.0,4529.0
296320,VCS412,2018,86060.0,11315.0
296321,VCS412,2019,0.0,72652.0
296322,VCS412,2020,218084.0,154863.0
296323,VCS412,2021,62164.0,59844.0
296324,VCS412,2022,79427.0,103633.0
296325,VCS412,2023,0.0,129253.0
296326,VCS412,2024,0.0,78742.0
296327,VCS412,2025,0.0,17724.0
296634,VCS413,2022,616820.0,297113.0
296635,VCS413,2023,0.0,10565.0
296636,VCS413,2024,0.0,88592.0
296637,VCS413,2025,0.0,77113.0
296638,VCS413,2026,0.0,41491.0
296853,VCS4138,2024,123555.0,0.0
296854,VCS4138,2025,65023.0,42821.0
296855,VCS4138,2026,0.0,79908.0
296885,VCS4139,2025,26567.0,0.0
296912,VCS414,2021,619134.0,112876.0
296913,VCS414,2022,420231.0,144007.0
296914,VCS414,2023,50898.0,114894.0
296915,VCS414,2024,0.0,271317.0
296916,VCS414,2025,0.0,62130.0
296917,VCS414,2026,0.0,68300.0
297009,VCS4143,2025,175376.0,0.0
297010,VCS4143,2026,0.0,148579.0
297040,VCS4144,2025,38218.0,17669.0
297041,VCS4144,2026,5332.0,0.0
297071,VCS4145,2025,967.0,530.0
297217,VCS415,2016,0.0,30000.0
297218,VCS415,2017,144420.0,88637.0
297219,VCS415,2018,0.0,78284.0
297220,VCS415,2019,104122.0,100000.0
297221,VCS415,2020,0.0,1992.0
297222,VCS415,2021,71337.0,31729.0
297223,VCS415,2022,68391.0,64661.0
297224,VCS415,2023,0.0,10228.0
297225,VCS415,2024,12968.0,4427.0
297226,VCS415,2025,3853.0,6818.0
297227,VCS415,2026,0.0,508.0
297256,VCS4150,2024,5068621.0,163593.0
297257,VCS4150,2025,1885894.0,3012735.0
297258,VCS4150,2026,1597918.0,73926.0
297289,VCS4151,2026,922902.0,220614.0
297441,VCS4157,2023,129583.0,0.0
297442,VCS4157,2024,0.0,12958.0
297443,VCS4157,2025,0.0,116625.0
297527,VCS416,2016,0.0,37851.0
297528,VCS416,2017,73301.0,45657.0
297529,VCS416,2018,0.0,17084.0
297530,VCS416,2019,46097.0,37598.0
297531,VCS416,2020,122799.0,104425.0
297532,VCS416,2021,0.0,26250.0
297533,VCS416,2022,121802.0,65122.0
297534,VCS416,2023,0.0,76381.0
297535,VCS416,2024,30461.0,14854.0
297536,VCS416,2025,38379.0,11781.0
297537,VCS416,2026,0.0,4618.0
297868,VCS417,2016,0.0,4000.0
297869,VCS417,2017,0.0,125295.0
297870,VCS417,2018,155411.0,76688.0
297871,VCS417,2019,136895.0,122243.0
297872,VCS417,2020,84774.0,45306.0
297873,VCS417,2021,0.0,42187.0
297874,VCS417,2022,0.0,20445.0
297875,VCS417,2023,0.0,62471.0
297876,VCS417,2024,0.0,51074.0
297877,VCS417,2025,0.0,300.0
298218,VCS4180,2025,9195.0,0.0
298249,VCS4182,2025,41525.0,11679.0
298250,VCS4182,2026,0.0,4121.0
298404,VCS4187,2025,36174.0,0.0
298435,VCS4188,2025,5655.0,0.0
298436,VCS4188,2026,0.0,2000.0
298652,VCS4195,2025,2542.0,0.0
298653,VCS4195,2026,0.0,2542.0
298682,VCS4196,2024,13173.0,2.0
298683,VCS4196,2025,35257.0,28.0
298684,VCS4196,2026,0.0,20.0
298839,VCS4201,2026,137177.0,2300.0
298961,VCS4205,2024,37150.0,0.0
298993,VCS4206,2025,94653.0,0.0
299115,VCS421,2023,195139.0,600.0
299148,VCS4216,2025,68047.0,0.0
299269,VCS422,2022,112506.0,0.0
299270,VCS422,2023,208559.0,82000.0
299271,VCS422,2024,0.0,10000.0
299395,VCS4223,2024,38422.0,29966.0
299396,VCS4223,2025,136453.0,771.0
299397,VCS4223,2026,0.0,90643.0
299458,VCS4225,2025,73371.0,59180.0
299459,VCS4225,2026,113853.0,0.0
299489,VCS4226,2025,75269.0,60699.0
299490,VCS4226,2026,114132.0,0.0
299581,VCS4229,2024,205769.0,0.0
299676,VCS4231,2026,143567.0,143567.0
299891,VCS4238,2024,49092.0,100.0
300234,VCS4249,2026,47526.0,15937.0
300255,VCS425,2016,0.0,945.0
300256,VCS425,2017,0.0,43616.0
300257,VCS425,2018,0.0,8345.0
300258,VCS425,2019,0.0,2291.0
300260,VCS425,2021,0.0,397.0
300261,VCS425,2022,0.0,1860.0
300262,VCS425,2023,0.0,2268.0
300263,VCS425,2024,0.0,1000.0
300264,VCS425,2025,0.0,5000.0
300294,VCS4250,2024,11376.0,312.0
300295,VCS4250,2025,0.0,915.0
300296,VCS4250,2026,0.0,101.0
300534,VCS426,2016,0.0,6726.0
300535,VCS426,2017,0.0,47747.0
300536,VCS426,2018,0.0,266.0
300537,VCS426,2019,0.0,174.0
300538,VCS426,2020,104426.0,72.0
300539,VCS426,2021,0.0,21140.0
300540,VCS426,2022,0.0,46.0
300541,VCS426,2023,0.0,27.0
300542,VCS426,2024,0.0,1000.0
300574,VCS4260,2025,97085.0,469.0
300575,VCS4260,2026,0.0,306.0
300821,VCS4268,2024,66708.0,64551.0
300822,VCS4268,2025,88496.0,29751.0
300823,VCS4268,2026,107938.0,42916.0
300875,VCS427,2016,0.0,25000.0
300876,VCS427,2017,0.0,43880.0
300878,VCS427,2019,228542.0,75000.0
300879,VCS427,2020,59091.0,202636.0
300880,VCS427,2021,61493.0,30914.0
300881,VCS427,2022,8317.0,40396.0
300882,VCS427,2023,0.0,749.0
300883,VCS427,2024,101550.0,47.0
300884,VCS427,2025,0.0,5486.0
300885,VCS427,2026,0.0,5900.0
301193,VCS4279,2024,36551.0,0.0
301194,VCS4279,2025,0.0,35551.0
301217,VCS428,2017,99339.0,0.0
301218,VCS428,2018,0.0,70000.0
301219,VCS428,2019,82955.0,80204.0
301220,VCS428,2020,56968.0,18166.0
301221,VCS428,2021,0.0,126582.0
301222,VCS428,2022,46277.0,45683.0
301223,VCS428,2023,0.0,13006.0
301224,VCS428,2024,9467.0,0.0
301226,VCS428,2026,0.0,258.0
301503,VCS4288,2024,54112.0,0.0
301504,VCS4288,2025,51514.0,8000.0
301505,VCS4288,2026,0.0,42226.0
301534,VCS4289,2024,52007.0,0.0
301535,VCS4289,2025,52511.0,1286.0
301536,VCS4289,2026,0.0,2196.0
301557,VCS429,2016,0.0,158385.0
301558,VCS429,2017,0.0,52484.0
301559,VCS429,2018,0.0,11691.0
301560,VCS429,2019,122862.0,54449.0
301561,VCS429,2020,0.0,42293.0
301562,VCS429,2021,0.0,7574.0
301563,VCS429,2022,0.0,11976.0
301564,VCS429,2023,0.0,12298.0
301774,VCS430,2016,72988.0,128257.0
301775,VCS430,2017,17908.0,18185.0
301776,VCS430,2018,0.0,67979.0
301777,VCS430,2019,103809.0,84985.0
301778,VCS430,2020,46757.0,64929.0
301779,VCS430,2021,38385.0,15552.0
301780,VCS430,2022,7562.0,38106.0
301781,VCS430,2023,11998.0,11545.0
301782,VCS430,2024,0.0,1269.0
301783,VCS430,2025,0.0,432.0
301784,VCS430,2026,0.0,422.0
302116,VCS431,2017,0.0,20148.0
302457,VCS432,2017,432597.0,100000.0
302461,VCS432,2021,0.0,200.0
302462,VCS432,2022,407254.0,408398.0
302463,VCS432,2023,0.0,504.0
302464,VCS432,2024,0.0,285329.0
302465,VCS432,2025,0.0,480.0
302590,VCS4324,2026,27481.0,0.0
302929,VCS4334,2024,13345.0,0.0
302960,VCS4335,2024,25105.0,0.0
302961,VCS4335,2025,0.0,112.0
303055,VCS4338,2026,71420.0,10953.0
303107,VCS434,2016,0.0,13985.0
303365,VCS4347,2026,5639.0,4512.0
303452,VCS435,2020,0.0,134408.0
303455,VCS435,2023,383385.0,0.0
304045,VCS4367,2024,25700.0,0.0
304471,VCS438,2016,0.0,442513.0
304472,VCS438,2017,0.0,1870202.0
304473,VCS438,2018,725423.0,466338.0
304474,VCS438,2019,453362.0,1224473.0
304475,VCS438,2020,706796.0,1140431.0
304476,VCS438,2021,0.0,320918.0
304477,VCS438,2022,363333.0,174322.0
304478,VCS438,2023,0.0,110194.0
304479,VCS438,2024,0.0,174024.0
304480,VCS438,2025,0.0,34761.0
304573,VCS4382,2025,7335.0,0.0
304603,VCS4383,2024,67637.0,391.0
304604,VCS4383,2025,0.0,203.0
304605,VCS4383,2026,0.0,10218.0
304790,VCS4389,2025,27097.0,0.0
304815,VCS439,2019,0.0,31925.0
304816,VCS439,2020,0.0,807467.0
304817,VCS439,2021,0.0,877598.0
304818,VCS439,2022,0.0,2.0
304819,VCS439,2023,0.0,30592.0
304820,VCS439,2024,0.0,112513.0
304821,VCS439,2025,0.0,24707.0
305184,VCS440,2016,0.0,1022.0
305185,VCS440,2017,0.0,58.0
305188,VCS440,2020,0.0,8155.0
305189,VCS440,2021,0.0,11088.0
305192,VCS440,2024,104401.0,1200.0
305193,VCS440,2025,0.0,7159.0
305194,VCS440,2026,0.0,3359.0
305497,VCS441,2019,302551.0,103233.0
305498,VCS441,2020,56152.0,93008.0
305499,VCS441,2021,41531.0,27402.0
305500,VCS441,2022,41343.0,73265.0
305501,VCS441,2023,0.0,56726.0
305502,VCS441,2024,36758.0,16967.0
305503,VCS441,2025,0.0,4609.0
305504,VCS441,2026,0.0,3052.0
305564,VCS4412,2024,117186.0,51.0
305565,VCS4412,2025,0.0,4310.0
305566,VCS4412,2026,0.0,2027.0
305596,VCS4413,2025,11395.0,0.0
305658,VCS4416,2025,13443.0,0.0
305659,VCS4416,2026,0.0,2287.0
305905,VCS4423,2024,281946.0,212030.0
305906,VCS4423,2025,51033.0,0.0
305907,VCS4423,2026,0.0,12117.0
306030,VCS4429,2025,608724.0,84600.0
306031,VCS4429,2026,0.0,177600.0
306238,VCS444,2016,0.0,9.0
306240,VCS444,2018,0.0,5000.0
306242,VCS444,2020,0.0,31000.0
306340,VCS4443,2025,39676.0,37226.0
306744,VCS4456,2026,68259.0,13750.0
306773,VCS4457,2024,91875.0,1.0
306775,VCS4457,2026,172045.0,62742.0
306858,VCS446,2016,0.0,8097.0
306859,VCS446,2017,0.0,190.0
306865,VCS446,2023,0.0,1598.0
307114,VCS4469,2024,124827.0,0.0
307115,VCS4469,2025,124559.0,51407.0
307116,VCS4469,2026,0.0,53000.0
307145,VCS447,2024,0.0,46.0
307176,VCS4472,2024,59544.0,0.0
307177,VCS4472,2025,0.0,12992.0
307178,VCS4472,2026,0.0,6848.0
307270,VCS4475,2025,259.0,0.0
307385,VCS448,2016,26833.0,26833.0
307386,VCS448,2017,27563.0,27563.0
307387,VCS448,2018,27618.0,18810.0
307388,VCS448,2019,25391.0,15040.0
307389,VCS448,2020,41115.0,53124.0
307390,VCS448,2021,25103.0,25103.0
307391,VCS448,2022,31007.0,31322.0
307392,VCS448,2023,0.0,1096.0
307393,VCS448,2024,34158.0,34359.0
307394,VCS448,2025,31783.0,32284.0
307797,VCS4493,2025,2736.0,0.0
307953,VCS4499,2026,757901.0,59421.0
307976,VCS45,2018,0.0,151.0
307979,VCS45,2021,0.0,1.0
307981,VCS45,2023,224957.0,0.0
308005,VCS450,2016,18567.0,18567.0
308006,VCS450,2017,30505.0,0.0
308007,VCS450,2018,25116.0,55621.0
308008,VCS450,2019,21634.0,21634.0
308009,VCS450,2020,14333.0,14333.0
308010,VCS450,2021,20936.0,0.0
308011,VCS450,2022,17902.0,2691.0
308012,VCS450,2023,0.0,8254.0
308013,VCS450,2024,0.0,6875.0
308014,VCS450,2025,0.0,20713.0
308015,VCS450,2026,0.0,305.0
308416,VCS4511,2024,54285.0,0.0
308417,VCS4511,2025,0.0,245.0
308634,VCS4519,2025,11016.0,0.0
308635,VCS4519,2026,0.0,1666.0
308908,VCS453,2020,0.0,98955.0
308911,VCS453,2023,2490647.0,15296.0
308912,VCS453,2024,0.0,14549.0
308913,VCS453,2025,0.0,2824.0
308975,VCS4531,2025,3849288.0,1348958.0
308976,VCS4531,2026,7940198.0,195368.0
309377,VCS4544,2024,39229.0,0.0
309379,VCS4544,2026,68811.0,0.0
309440,VCS4546,2025,39680.0,4356.0
309441,VCS4546,2026,5280.0,0.0
309471,VCS4547,2025,136176.0,0.0
309472,VCS4547,2026,0.0,4.0
309555,VCS455,2016,0.0,7615.0
309556,VCS455,2017,0.0,150.0
309559,VCS455,2020,3862.0,1268.0
309560,VCS455,2021,23260.0,17059.0
309561,VCS455,2022,13390.0,22824.0
309563,VCS455,2024,10775.0,0.0
309564,VCS455,2025,27245.0,12119.0
309565,VCS455,2026,0.0,15.0
309595,VCS4550,2025,28670.0,0.0
309596,VCS4550,2026,62349.0,0.0
309813,VCS4558,2026,30382.0,30100.0
309842,VCS4559,2024,115119.0,0.0
309843,VCS4559,2025,0.0,8696.0
309844,VCS4559,2026,0.0,98000.0
309870,VCS456,2021,125509.0,0.0
309871,VCS456,2022,0.0,45331.0
309872,VCS456,2023,0.0,2000.0
309873,VCS456,2024,51780.0,0.0
309875,VCS456,2026,0.0,7144.0
310210,VCS457,2020,0.0,50.0
310494,VCS4578,2025,10.0,0.0
310495,VCS4578,2026,785.0,0.0
310553,VCS458,2022,116858.0,83191.0
310554,VCS458,2023,0.0,19145.0
310555,VCS458,2024,0.0,12533.0
310556,VCS458,2025,0.0,1981.0
310557,VCS458,2026,0.0,8.0
310774,VCS4587,2026,116836.0,0.0
311145,VCS4600,2025,17423.0,0.0
311146,VCS4600,2026,0.0,6000.0
311486,VCS4612,2025,48260.0,4700.0
311487,VCS4612,2026,0.0,43560.0
312727,VCS4654,2026,57433.0,0.0
312817,VCS4657,2023,48426.0,400.0
313160,VCS4667,2025,4375.0,0.0
313408,VCS4675,2025,102268.0,628.0
313409,VCS4675,2026,0.0,47554.0
313501,VCS4679,2025,115103.0,4127.0
313502,VCS4679,2026,0.0,14925.0
313523,VCS468,2016,0.0,1650.0
313524,VCS468,2017,135816.0,13766.0
313525,VCS468,2018,114933.0,13027.0
313526,VCS468,2019,265326.0,300454.0
313527,VCS468,2020,212830.0,48559.0
313528,VCS468,2021,0.0,174949.0
313529,VCS468,2022,0.0,68925.0
313530,VCS468,2023,349305.0,96623.0
313531,VCS468,2024,0.0,88295.0
313532,VCS468,2025,0.0,19666.0
313533,VCS468,2026,0.0,3943.0
313741,VCS469,2017,0.0,200.0
314054,VCS470,2020,0.0,620.0
314056,VCS470,2022,95727.0,0.0
314057,VCS470,2023,0.0,15.0
314058,VCS470,2024,0.0,32860.0
314330,VCS471,2017,107206.0,0.0
314331,VCS471,2018,0.0,46679.0
314332,VCS471,2019,0.0,3312.0
314333,VCS471,2020,0.0,2437.0
314334,VCS471,2021,0.0,3991.0
314335,VCS471,2022,0.0,200.0
314336,VCS471,2023,0.0,1500.0
314337,VCS471,2024,0.0,11279.0
314338,VCS471,2025,0.0,784.0
314339,VCS471,2026,0.0,6987.0
314639,VCS472,2016,68947.0,19429.0
314640,VCS472,2017,34489.0,40405.0
314641,VCS472,2018,0.0,43602.0
315267,VCS4745,2024,31565.0,0.0
315698,VCS476,2021,0.0,64512.0
315699,VCS476,2022,720798.0,115007.0
315700,VCS476,2023,0.0,15.0
315701,VCS476,2024,0.0,297856.0
315702,VCS476,2025,0.0,4533.0
315796,VCS4763,2026,678.0,0.0
316353,VCS4784,2025,252983.0,0.0
316354,VCS4784,2026,0.0,2606.0
316813,VCS480,2020,0.0,160700.0
317253,VCS4816,2026,42272.0,0.0
317314,VCS4818,2025,27939.0,700.0
317337,VCS482,2017,0.0,16.0
317338,VCS482,2018,0.0,2100.0
317344,VCS482,2024,18407.0,0.0
317346,VCS482,2026,0.0,9574.0
317499,VCS4824,2024,25418.0,0.0
317500,VCS4824,2025,0.0,500.0
317586,VCS483,2018,58860.0,58860.0
317590,VCS483,2022,3562.0,3562.0
317624,VCS4830,2025,22827.0,81.0
317625,VCS4830,2026,0.0,11929.0
317749,VCS4835,2026,29456.0,7800.0
317832,VCS484,2016,0.0,218.0
317837,VCS484,2021,0.0,2236.0
317838,VCS484,2022,0.0,55.0
317840,VCS484,2024,0.0,2.0
317841,VCS484,2025,0.0,71.0
317842,VCS484,2026,0.0,50.0
318517,VCS486,2019,543506.0,0.0
318519,VCS486,2021,0.0,112000.0
318520,VCS486,2022,334124.0,538954.0
318521,VCS486,2023,296981.0,666238.0
318522,VCS486,2024,0.0,137897.0
318523,VCS486,2025,0.0,58151.0
318524,VCS486,2026,0.0,17441.0
318793,VCS487,2016,0.0,31984.0
318794,VCS487,2017,0.0,1301.0
318795,VCS487,2018,0.0,4799.0
318796,VCS487,2019,1155657.0,285863.0
318797,VCS487,2020,477279.0,259442.0
318798,VCS487,2021,984227.0,689901.0
318799,VCS487,2022,712808.0,908420.0
318800,VCS487,2023,1993007.0,1018409.0
318801,VCS487,2024,0.0,854811.0
318802,VCS487,2025,0.0,1235283.0
318803,VCS487,2026,0.0,524727.0
318927,VCS4873,2026,27330.0,0.0
318958,VCS4874,2026,8223.0,0.0
318989,VCS4875,2026,10360.0,0.0
319082,VCS4878,2026,49915.0,0.0
319113,VCS4879,2026,22224.0,15495.0
319134,VCS488,2016,0.0,105190.0
319135,VCS488,2017,0.0,43565.0
319136,VCS488,2018,0.0,12612.0
319137,VCS488,2019,0.0,7889.0
319138,VCS488,2020,87556.0,68366.0
319139,VCS488,2021,843898.0,441352.0
319140,VCS488,2022,782423.0,133381.0
319141,VCS488,2023,0.0,247319.0
319142,VCS488,2024,0.0,429212.0
319143,VCS488,2025,0.0,308756.0
319144,VCS488,2026,0.0,96578.0
319330,VCS4885,2026,19568.0,1135.0
319423,VCS4888,2026,339638.0,0.0
319475,VCS489,2016,79384.0,177040.0
319476,VCS489,2017,38362.0,33196.0
319477,VCS489,2018,0.0,93343.0
319478,VCS489,2019,42958.0,51720.0
319479,VCS489,2020,113667.0,0.0
319480,VCS489,2021,44197.0,16644.0
319481,VCS489,2022,0.0,22984.0
319482,VCS489,2023,57182.0,171606.0
319483,VCS489,2024,62455.0,15132.0
319484,VCS489,2025,0.0,18549.0
319485,VCS489,2026,0.0,1387.0
319823,VCS49,2023,225997.0,38322.0
319847,VCS490,2016,0.0,327.0
320565,VCS493,2021,152514.0,191068.0
320782,VCS494,2021,0.0,308475.0
320783,VCS494,2022,730837.0,341408.0
320905,VCS495,2020,0.0,8570.0
320907,VCS495,2022,0.0,13444.0
320908,VCS495,2023,0.0,1680.0
320909,VCS495,2024,0.0,662.0
320910,VCS495,2025,0.0,627.0
320941,VCS4950,2025,980.0,980.0
321004,VCS4952,2026,46344.0,0.0
321091,VCS496,2020,0.0,2177.0
321093,VCS496,2022,0.0,10698.0
321094,VCS496,2023,0.0,971.0
321095,VCS496,2024,0.0,271.0
321096,VCS496,2025,0.0,221.0
321335,VCS497,2016,0.0,51218.0
321336,VCS497,2017,0.0,43716.0
321337,VCS497,2018,32460.0,35476.0
321339,VCS497,2020,0.0,31.0
321376,VCS4970,2026,47428.0,0.0
321405,VCS4971,2024,9200.0,938.0
321436,VCS4972,2024,11485.0,3686.0
321467,VCS4973,2024,8346.0,2604.0
321498,VCS4974,2024,4206.0,0.0
321529,VCS4975,2024,3583.0,0.0
321560,VCS4976,2024,331.0,0.0
321591,VCS4977,2024,3656.0,0.0
321592,VCS4977,2025,0.0,34.0
321622,VCS4978,2024,2373.0,0.0
321653,VCS4979,2024,373.0,0.0
321681,VCS498,2021,29626.0,26236.0
321682,VCS498,2022,0.0,390.0
321683,VCS498,2023,0.0,2000.0
321747,VCS4982,2025,2888.0,0.0
321956,VCS499,2017,0.0,13.0
321959,VCS499,2020,0.0,5648.0
321960,VCS499,2021,17756.0,9701.0
321961,VCS499,2022,0.0,590.0
321962,VCS499,2023,13233.0,0.0
321963,VCS499,2024,0.0,49.0
322120,VCS4997,2026,119833.0,2000.0
322141,VCS5,2016,16762.0,10373.0
322142,VCS5,2017,15606.0,8951.0
322143,VCS5,2018,25071.0,2898.0
322144,VCS5,2019,0.0,6514.0
322145,VCS5,2020,46254.0,4692.0
322146,VCS5,2021,0.0,21826.0
322147,VCS5,2022,29233.0,12901.0
322148,VCS5,2023,26622.0,49928.0
322149,VCS5,2024,21858.0,13705.0
322150,VCS5,2025,0.0,33368.0
322151,VCS5,2026,15561.0,0.0
322208,VCS500,2021,14548.0,0.0
322209,VCS500,2022,0.0,14548.0
322211,VCS500,2024,16380.0,0.0
322275,VCS5003,2026,39555.0,0.0
322337,VCS5005,2026,26546.0,0.0
322420,VCS501,2016,0.0,582.0
322424,VCS501,2020,0.0,4289.0
322426,VCS501,2022,0.0,6301.0
322491,VCS5011,2025,587773.0,330602.0
322616,VCS5016,2026,35465.0,463.0
322737,VCS502,2023,0.0,15000.0
323234,VCS5037,2024,12507.0,0.0
323294,VCS504,2022,366147.0,53552.0
323295,VCS504,2023,50750.0,26114.0
323296,VCS504,2024,0.0,74509.0
323297,VCS504,2025,0.0,190.0
323605,VCS505,2023,62211.0,1900.0
323606,VCS505,2024,0.0,252.0
323607,VCS505,2025,0.0,32.0
323909,VCS506,2017,0.0,149228.0
323910,VCS506,2018,0.0,13.0
323911,VCS506,2019,0.0,528.0
323912,VCS506,2020,0.0,80.0
323913,VCS506,2021,0.0,283.0
323914,VCS506,2022,724399.0,24858.0
323915,VCS506,2023,318925.0,29442.0
323916,VCS506,2024,0.0,10861.0
323917,VCS506,2025,0.0,990.0
323918,VCS506,2026,0.0,29.0
324320,VCS508,2025,1016350.0,0.0
324382,VCS5082,2025,20231.0,0.0
324537,VCS5089,2025,163156.0,0.0
324559,VCS509,2016,0.0,12.0
324904,VCS51,2020,0.0,72.0
324905,VCS51,2021,512372.0,279408.0
324906,VCS51,2022,20539.0,93387.0
324908,VCS51,2024,0.0,42394.0
324909,VCS51,2025,0.0,38918.0
324910,VCS51,2026,0.0,20992.0
324931,VCS510,2016,7276.0,4063.0
324932,VCS510,2017,4990.0,18132.0
324935,VCS510,2020,0.0,2781.0
324936,VCS510,2021,0.0,7014.0
324939,VCS510,2024,24534.0,3605.0
324940,VCS510,2025,5372.0,100.0
325183,VCS511,2020,0.0,100422.0
325313,VCS5114,2026,22619.0,0.0
325344,VCS5115,2026,12653.0,0.0
325768,VCS513,2016,0.0,343616.0
325769,VCS513,2017,0.0,14743.0
325770,VCS513,2018,0.0,13223.0
325772,VCS513,2020,1980116.0,271051.0
325773,VCS513,2021,0.0,1061538.0
325774,VCS513,2022,0.0,45159.0
325775,VCS513,2023,229534.0,273781.0
325776,VCS513,2024,0.0,31700.0
325777,VCS513,2025,262040.0,30560.0
325778,VCS513,2026,0.0,35924.0
326025,VCS5138,2025,22359.0,0.0
326078,VCS514,2016,0.0,6555.0
326079,VCS514,2017,132718.0,5722.0
326080,VCS514,2018,0.0,10000.0
326081,VCS514,2019,0.0,121114.0
326087,VCS514,2025,119072.0,0.0
326088,VCS514,2026,0.0,2055.0
326150,VCS5141,2026,314450.0,0.0
327164,VCS518,2017,0.0,264.0
327165,VCS518,2018,0.0,6641.0
327358,VCS5186,2025,39375.0,250.0
327359,VCS5186,2026,0.0,18047.0
327762,VCS5199,2026,318.0,0.0
327783,VCS52,2016,1505.0,4843.0
327784,VCS52,2017,0.0,4974.0
327785,VCS52,2018,8481.0,6463.0
327786,VCS52,2019,0.0,3410.0
328062,VCS521,2016,0.0,17557.0
328063,VCS521,2017,0.0,7288.0
328064,VCS521,2018,0.0,556.0
328065,VCS521,2019,0.0,99.0
328102,VCS5210,2025,37793.0,295.0
328103,VCS5210,2026,0.0,60.0
328310,VCS522,2016,0.0,298.0
328311,VCS522,2017,0.0,15.0
328312,VCS522,2018,0.0,241.0
328313,VCS522,2019,25000.0,395.0
328314,VCS522,2020,0.0,1787.0
328315,VCS522,2021,0.0,6035.0
328316,VCS522,2022,0.0,18606.0
328317,VCS522,2023,0.0,29.0
328318,VCS522,2024,0.0,1241.0
328319,VCS522,2025,0.0,21.0
328320,VCS522,2026,0.0,1.0
328529,VCS523,2018,0.0,5000.0
328530,VCS523,2019,0.0,1025.0
328531,VCS523,2020,0.0,86000.0
328536,VCS523,2025,0.0,12625.0
328754,VCS5237,2026,26460.0,100.0
328806,VCS524,2016,0.0,19413.0
329152,VCS525,2021,0.0,24659.0
329529,VCS5275,2026,3893.0,0.0
329679,VCS528,2021,0.0,21448.0
329808,VCS5286,2026,21560.0,0.0
329927,VCS529,2021,0.0,6020.0
330263,VCS53,2016,0.0,1112.0
330264,VCS53,2017,0.0,814.0
330265,VCS53,2018,0.0,3922.0
330266,VCS53,2019,0.0,80.0
330267,VCS53,2020,69892.0,71643.0
330268,VCS53,2021,0.0,100.0
330269,VCS53,2022,0.0,104.0
330270,VCS53,2023,0.0,100.0
330271,VCS53,2024,0.0,485.0
330272,VCS53,2025,0.0,100.0
330294,VCS530,2016,0.0,12807.0
330295,VCS530,2017,0.0,11480.0
330296,VCS530,2018,0.0,13813.0
330304,VCS530,2026,0.0,7183.0
331442,VCS534,2017,0.0,50000.0
331445,VCS534,2020,0.0,70800.0
331449,VCS534,2024,164305.0,16460.0
331450,VCS534,2025,210923.0,135944.0
331451,VCS534,2026,0.0,1457.0
331720,VCS535,2016,0.0,23751.0
331721,VCS535,2017,0.0,8283.0
331722,VCS535,2018,0.0,2523.0
331724,VCS535,2020,256043.0,72370.0
331725,VCS535,2021,557944.0,241295.0
331726,VCS535,2022,0.0,134631.0
331727,VCS535,2023,0.0,54360.0
331728,VCS535,2024,0.0,126931.0
331729,VCS535,2025,0.0,59525.0
331730,VCS535,2026,0.0,131232.0
331999,VCS536,2016,0.0,44186.0
332000,VCS536,2017,0.0,51532.0
332001,VCS536,2018,0.0,56287.0
332002,VCS536,2019,0.0,12428.0
332003,VCS536,2020,0.0,63068.0
332004,VCS536,2021,0.0,57175.0
332005,VCS536,2022,1101947.0,362969.0
332006,VCS536,2023,0.0,214359.0
332007,VCS536,2024,98467.0,304420.0
332008,VCS536,2025,123752.0,49260.0
332009,VCS536,2026,0.0,83723.0
332102,VCS5362,2026,35266.0,157.0
332226,VCS5366,2026,35043.0,30457.0
332341,VCS537,2017,0.0,5250.0
332342,VCS537,2018,0.0,6550.0
332343,VCS537,2019,257702.0,0.0
332344,VCS537,2020,277832.0,379821.0
332345,VCS537,2021,0.0,140711.0
332347,VCS537,2023,0.0,2.0
332349,VCS537,2025,0.0,15000.0
332625,VCS538,2022,138703.0,0.0
332967,VCS539,2023,37690.0,2641.0
332968,VCS539,2024,0.0,15075.0
332969,VCS539,2025,0.0,6884.0
332970,VCS539,2026,0.0,107.0
333301,VCS54,2016,0.0,13250.0
333304,VCS54,2019,0.0,35.0
333305,VCS54,2020,36801.0,2757.0
333306,VCS54,2021,157870.0,6095.0
333307,VCS54,2022,148159.0,72984.0
333308,VCS54,2023,40116.0,70077.0
333309,VCS54,2024,0.0,150458.0
333310,VCS54,2025,0.0,35276.0
333311,VCS54,2026,0.0,5026.0
333337,VCS540,2021,200088.0,0.0
333338,VCS540,2022,63216.0,115765.0
333339,VCS540,2023,0.0,125150.0
333615,VCS541,2020,0.0,9662.0
333618,VCS541,2023,0.0,99426.0
333621,VCS541,2026,0.0,58713.0
334024,VCS5424,2026,3637.0,0.0
334113,VCS543,2022,265256.0,600.0
334114,VCS543,2023,0.0,234.0
334115,VCS543,2024,0.0,74948.0
334116,VCS543,2025,196890.0,83939.0
334117,VCS543,2026,0.0,44804.0
334453,VCS544,2021,373691.0,3610.0
334454,VCS544,2022,55889.0,230482.0
334455,VCS544,2023,0.0,53221.0
334456,VCS544,2024,0.0,71381.0
334457,VCS544,2025,0.0,26417.0
334458,VCS544,2026,0.0,30000.0
334892,VCS5454,2026,2260.0,0.0
335074,VCS546,2022,345577.0,29886.0
335075,VCS546,2023,0.0,31949.0
335076,VCS546,2024,0.0,127064.0
335077,VCS546,2025,0.0,860.0
335601,VCS548,2022,364239.0,0.0
335602,VCS548,2023,88818.0,502.0
335603,VCS548,2024,0.0,14693.0
335604,VCS548,2025,0.0,29665.0
335605,VCS548,2026,0.0,5851.0
335884,VCS5488,2026,1266749.0,292872.0
336070,VCS5498,2026,13563.0,0.0
336122,VCS55,2016,0.0,1600.0
336130,VCS55,2024,32202.0,0.0
336442,VCS5511,2026,230119.0,75000.0
336718,VCS552,2023,0.0,1673.0
337027,VCS553,2022,214421.0,0.0
337028,VCS553,2023,0.0,65825.0
337434,VCS5542,2026,215319.0,0.0
337645,VCS555,2020,0.0,23196.0
338267,VCS557,2022,44263.0,0.0
338268,VCS557,2023,0.0,44263.0
338364,VCS5574,2026,69729.0,0.0
338478,VCS558,2016,0.0,10000.0
338479,VCS558,2017,0.0,12095.0
338480,VCS558,2018,0.0,10121.0
338481,VCS558,2019,28254.0,178.0
338482,VCS558,2020,24636.0,22.0
338483,VCS558,2021,0.0,20318.0
338484,VCS558,2022,49585.0,6374.0
338485,VCS558,2023,0.0,15592.0
338486,VCS558,2024,0.0,10890.0
338487,VCS558,2025,21610.0,3472.0
338488,VCS558,2026,5805.0,5133.0
338581,VCS5582,2026,186558.0,0.0
338726,VCS559,2016,107064.0,0.0
338727,VCS559,2017,0.0,107064.0
338730,VCS559,2020,0.0,2259.0
338733,VCS559,2023,0.0,2358.0
339040,VCS56,2020,0.0,56128.0
339563,VCS562,2016,207446.0,114843.0
339564,VCS562,2017,218260.0,1292.0
339565,VCS562,2018,482236.0,103894.0
339566,VCS562,2019,191400.0,847985.0
339567,VCS562,2020,428212.0,290505.0
339568,VCS562,2021,278584.0,355358.0
339569,VCS562,2022,235288.0,216094.0
339570,VCS562,2023,195918.0,282675.0
339571,VCS562,2024,0.0,4122.0
339572,VCS562,2025,0.0,27055.0
339573,VCS562,2026,0.0,135.0
339877,VCS563,2020,0.0,38.0
339878,VCS563,2021,0.0,572.0
339879,VCS563,2022,0.0,125.0
339880,VCS563,2023,154983.0,30514.0
339881,VCS563,2024,0.0,15046.0
339882,VCS563,2025,0.0,4908.0
339883,VCS563,2026,0.0,46763.0
340159,VCS564,2023,0.0,2.0
340437,VCS565,2022,124282.0,0.0
340438,VCS565,2023,212270.0,0.0
340439,VCS565,2024,0.0,55203.0
340440,VCS565,2025,0.0,101170.0
340441,VCS565,2026,0.0,40021.0
340746,VCS566,2021,64883.0,49426.0
340747,VCS566,2022,0.0,612.0
340748,VCS566,2023,0.0,6271.0
340749,VCS566,2024,0.0,3062.0
340750,VCS566,2025,0.0,3062.0
341027,VCS567,2023,0.0,333975.0
341891,VCS57,2019,0.0,41805.0
341892,VCS57,2020,0.0,22795.0
342539,VCS572,2016,0.0,15731.0
342540,VCS572,2017,0.0,9419.0
342541,VCS572,2018,0.0,52.0
342544,VCS572,2021,0.0,77.0
342545,VCS572,2022,0.0,226.0
342881,VCS573,2017,0.0,460456.0
342884,VCS573,2020,0.0,37535.0
342885,VCS573,2021,0.0,9216.0
342886,VCS573,2022,0.0,306.0
342890,VCS573,2026,0.0,22943.0
343190,VCS574,2016,0.0,23674.0
343191,VCS574,2017,0.0,3.0
343193,VCS574,2019,0.0,333.0
343501,VCS575,2017,0.0,14371.0
343502,VCS575,2018,0.0,7971.0
343779,VCS576,2016,0.0,21912.0
343780,VCS576,2017,0.0,102381.0
343781,VCS576,2018,0.0,41120.0
343782,VCS576,2019,0.0,15733.0
343783,VCS576,2020,0.0,1001.0
343786,VCS576,2023,26549.0,11666.0
343787,VCS576,2024,5689.0,4614.0
343788,VCS576,2025,0.0,6772.0
343789,VCS576,2026,11378.0,24904.0
344003,VCS577,2023,14886.0,0.0
344004,VCS577,2024,27294.0,0.0
344005,VCS577,2025,0.0,11216.0
344213,VCS578,2016,0.0,31453.0
344214,VCS578,2017,0.0,28012.0
344218,VCS578,2021,0.0,2653.0
344527,VCS579,2020,0.0,26679.0
345429,VCS582,2023,8862.0,0.0
345430,VCS582,2024,0.0,46.0
345677,VCS583,2023,7251.0,0.0
345955,VCS584,2022,135538.0,130238.0
345956,VCS584,2023,0.0,37169.0
345957,VCS584,2024,0.0,968.0
346197,VCS585,2016,0.0,13.0
346198,VCS585,2017,0.0,89.0
346202,VCS585,2021,0.0,1807.0
346507,VCS586,2016,3629.0,191.0
346508,VCS586,2017,0.0,17.0
346509,VCS586,2018,0.0,687.0
346510,VCS586,2019,0.0,318.0
346511,VCS586,2020,0.0,177.0
346512,VCS586,2021,6244.0,220.0
346514,VCS586,2023,0.0,1.0
346515,VCS586,2024,30324.0,46.0
346662,VCS587,2016,0.0,10278.0
346663,VCS587,2017,0.0,34257.0
346664,VCS587,2018,0.0,22506.0
346665,VCS587,2019,0.0,4386.0
346666,VCS587,2020,0.0,1556.0
346667,VCS587,2021,0.0,55.0
346668,VCS587,2022,0.0,749.0
346669,VCS587,2023,0.0,418.0
347313,VCS589,2016,0.0,8602.0
347314,VCS589,2017,0.0,58.0
347317,VCS589,2020,0.0,11993.0
347318,VCS589,2021,0.0,3314.0
347319,VCS589,2022,0.0,1088.0
347592,VCS59,2016,0.0,334.0
347593,VCS59,2017,0.0,105.0
347630,VCS590,2023,0.0,2124.0
348646,VCS594,2016,30628.0,26012.0
348649,VCS594,2019,0.0,2767.0
348650,VCS594,2020,0.0,1899.0
348956,VCS595,2016,23206.0,1061.0
348957,VCS595,2017,0.0,5508.0
348958,VCS595,2018,0.0,14995.0
348959,VCS595,2019,0.0,1476.0
348960,VCS595,2020,0.0,166.0
348961,VCS595,2021,6086.0,5420.0
348962,VCS595,2022,0.0,666.0
349143,VCS596,2017,19534.0,0.0
349144,VCS596,2018,0.0,4408.0
349145,VCS596,2019,0.0,5042.0
349146,VCS596,2020,0.0,10084.0
349147,VCS596,2021,29908.0,29908.0
349423,VCS597,2018,20419.0,0.0
349424,VCS597,2019,0.0,20419.0
349426,VCS597,2021,3731.0,3731.0
349700,VCS598,2016,0.0,26.0
349704,VCS598,2020,65908.0,0.0
349705,VCS598,2021,67183.0,42816.0
349980,VCS599,2017,44452.0,0.0
349982,VCS599,2019,0.0,13671.0
349983,VCS599,2020,0.0,25.0
349984,VCS599,2021,0.0,30756.0
350258,VCS60,2016,0.0,21813.0
350259,VCS60,2017,0.0,88.0
350261,VCS60,2019,0.0,1248.0
350262,VCS60,2020,0.0,6059.0
350263,VCS60,2021,0.0,2302.0
350265,VCS60,2023,0.0,25.0
350723,VCS602,2016,0.0,152.0
350725,VCS602,2018,0.0,220.0
350731,VCS602,2024,41602.0,0.0
350971,VCS603,2016,0.0,113.0
350976,VCS603,2021,0.0,4564.0
350977,VCS603,2022,58070.0,0.0
350978,VCS603,2023,0.0,46319.0
350979,VCS603,2024,0.0,255.0
350980,VCS603,2025,25064.0,332.0
350981,VCS603,2026,0.0,2.0
351189,VCS604,2017,0.0,246.0
351190,VCS604,2018,0.0,46138.0
351191,VCS604,2019,0.0,6160.0
351499,VCS605,2017,0.0,300.0
351500,VCS605,2018,0.0,4071.0
351501,VCS605,2019,0.0,1522.0
351502,VCS605,2020,0.0,47.0
351870,VCS607,2016,0.0,2592.0
351871,VCS607,2017,338237.0,32390.0
351872,VCS607,2018,1008250.0,174966.0
351873,VCS607,2019,284577.0,330519.0
351874,VCS607,2020,559259.0,830138.0
351875,VCS607,2021,317035.0,680881.0
351876,VCS607,2022,0.0,365653.0
351877,VCS607,2023,0.0,216726.0
351878,VCS607,2024,450731.0,84000.0
351879,VCS607,2025,0.0,47005.0
351880,VCS607,2026,0.0,40933.0
352769,VCS610,2016,0.0,4869.0
352771,VCS610,2018,0.0,26.0
353296,VCS612,2016,0.0,543568.0
353297,VCS612,2017,0.0,702402.0
353298,VCS612,2018,2530096.0,259960.0
353299,VCS612,2019,1517415.0,332074.0
353300,VCS612,2020,2821304.0,615158.0
353301,VCS612,2021,1609384.0,924122.0
353302,VCS612,2022,1637325.0,1268424.0
353303,VCS612,2023,1642971.0,1644737.0
353304,VCS612,2024,0.0,745114.0
353305,VCS612,2025,0.0,204171.0
353306,VCS612,2026,0.0,177704.0
353734,VCS614,2020,0.0,47211.0
353735,VCS614,2021,117415.0,117415.0
354357,VCS617,2023,25439.0,10390.0
354358,VCS617,2024,0.0,3712.0
354412,VCS618,2016,353344.0,142072.0
354413,VCS618,2017,328436.0,217441.0
354414,VCS618,2018,428469.0,980633.0
354415,VCS618,2019,113846.0,578597.0
354416,VCS618,2020,131848.0,127415.0
354417,VCS618,2021,114492.0,155966.0
354418,VCS618,2022,89548.0,114909.0
354419,VCS618,2023,0.0,83468.0
354421,VCS618,2025,0.0,159984.0
354422,VCS618,2026,111276.0,51915.0
354479,VCS619,2021,79013.0,13018.0
354480,VCS619,2022,0.0,69211.0
354481,VCS619,2023,0.0,45770.0
354482,VCS619,2024,0.0,51388.0
354483,VCS619,2025,0.0,3912.0
354484,VCS619,2026,0.0,2052.0
354571,VCS620,2020,0.0,437683.0
354573,VCS620,2022,0.0,56044.0
354574,VCS620,2023,0.0,651760.0
354575,VCS620,2024,0.0,115721.0
354576,VCS620,2025,0.0,117333.0
354600,VCS621,2018,0.0,271.0
354633,VCS622,2020,0.0,44378.0
354664,VCS623,2020,0.0,45393.0
354696,VCS624,2021,0.0,15347.0
354759,VCS626,2022,0.0,66645.0
354784,VCS627,2016,0.0,510.0
354785,VCS627,2017,0.0,2853.0
354787,VCS627,2019,0.0,50000.0
354791,VCS627,2023,0.0,50000.0
354877,VCS63,2016,0.0,332.0
354879,VCS63,2018,0.0,715.0
354880,VCS63,2019,0.0,920.0
354881,VCS63,2020,0.0,300.0
354884,VCS63,2023,31521.0,1505.0
354885,VCS63,2024,0.0,312.0
354886,VCS63,2025,0.0,422.0
354912,VCS630,2020,0.0,24716.0
354943,VCS631,2020,0.0,34041.0
354944,VCS631,2021,81011.0,64308.0
354945,VCS631,2022,0.0,16703.0
355003,VCS633,2018,0.0,15000.0
355004,VCS633,2019,0.0,1672.0
355036,VCS634,2020,0.0,6201.0
355063,VCS635,2016,0.0,411.0
355064,VCS635,2017,0.0,132.0
355065,VCS635,2018,0.0,44.0
355101,VCS636,2023,227187.0,202047.0
355102,VCS636,2024,0.0,6684.0
355103,VCS636,2025,0.0,1970.0
355104,VCS636,2026,0.0,15581.0
355125,VCS637,2016,0.0,69.0
355159,VCS638,2019,115625.0,54139.0
355160,VCS638,2020,0.0,36109.0
355161,VCS638,2021,0.0,1655.0
355162,VCS638,2022,0.0,4047.0
355163,VCS638,2023,0.0,19526.0
355164,VCS638,2024,0.0,4235.0
355165,VCS638,2025,66100.0,1000.0
355187,VCS639,2016,0.0,7890.0
355188,VCS639,2017,0.0,11706.0
355193,VCS639,2022,0.0,728.0
355194,VCS639,2023,0.0,4859.0
355218,VCS64,2016,58614.0,51875.0
355219,VCS64,2017,20631.0,0.0
355220,VCS64,2018,47067.0,36846.0
355221,VCS64,2019,0.0,33971.0
355222,VCS64,2020,0.0,7776.0
355223,VCS64,2021,60649.0,17349.0
355224,VCS64,2022,0.0,47978.0
355226,VCS64,2024,0.0,388.0
355249,VCS640,2016,0.0,10000.0
355250,VCS640,2017,0.0,5000.0
355253,VCS640,2020,82989.0,19716.0
355254,VCS640,2021,69751.0,38109.0
355255,VCS640,2022,0.0,67758.0
355256,VCS640,2023,41838.0,37156.0
355257,VCS640,2024,47201.0,41632.0
355258,VCS640,2025,0.0,28849.0
355259,VCS640,2026,79943.0,55708.0
355280,VCS641,2016,0.0,85504.0
355281,VCS641,2017,0.0,73295.0
355282,VCS641,2018,0.0,63671.0
355283,VCS641,2019,0.0,16110.0
355284,VCS641,2020,0.0,6397.0
355285,VCS641,2021,0.0,462.0
355286,VCS641,2022,0.0,3.0
355314,VCS642,2019,0.0,4621.0
355343,VCS643,2017,0.0,79.0
355349,VCS643,2023,0.0,129.0
355374,VCS644,2017,0.0,33817.0
355380,VCS644,2023,0.0,2000.0
355466,VCS647,2016,0.0,400.0
355467,VCS647,2017,0.0,2799.0
355468,VCS647,2018,0.0,10801.0
355469,VCS647,2019,0.0,1625.0
355470,VCS647,2020,0.0,1.0
355471,VCS647,2021,60201.0,131945.0
355472,VCS647,2022,0.0,16588.0
355473,VCS647,2023,0.0,2895.0
355474,VCS647,2024,0.0,13800.0
355476,VCS647,2026,0.0,764.0
355497,VCS648,2016,0.0,26768.0
355498,VCS648,2017,0.0,9427.0
355499,VCS648,2018,0.0,6590.0
355500,VCS648,2019,0.0,175.0
355502,VCS648,2021,0.0,5736.0
355505,VCS648,2024,0.0,10406.0
355532,VCS649,2020,0.0,156414.0
355564,VCS65,2021,53900.0,2591.0
355565,VCS65,2022,0.0,4598.0
355566,VCS65,2023,0.0,218.0
355567,VCS65,2024,0.0,2744.0
355568,VCS65,2025,7717.0,6204.0
355590,VCS650,2016,0.0,10000.0
355591,VCS650,2017,0.0,10000.0
355592,VCS650,2018,0.0,11000.0
355593,VCS650,2019,0.0,20664.0
355594,VCS650,2020,0.0,21120.0
355685,VCS653,2018,0.0,12957.0
355688,VCS653,2021,1338561.0,613498.0
355689,VCS653,2022,325724.0,270067.0
355690,VCS653,2023,0.0,198591.0
355691,VCS653,2024,122100.0,18002.0
355692,VCS653,2025,0.0,455.0
355693,VCS653,2026,0.0,3061.0
355750,VCS655,2021,89703.0,36251.0
355752,VCS655,2023,27412.0,0.0
355753,VCS655,2024,0.0,37024.0
355755,VCS655,2026,0.0,22700.0
355780,VCS656,2020,0.0,130621.0
355781,VCS656,2021,0.0,39473.0
355782,VCS656,2022,338063.0,69.0
355783,VCS656,2023,509817.0,12393.0
355784,VCS656,2024,0.0,14314.0
355785,VCS656,2025,0.0,596.0
355808,VCS657,2017,0.0,50273.0
355900,VCS66,2016,0.0,12040.0
355906,VCS66,2022,52119.0,0.0
355907,VCS66,2023,0.0,10501.0
355935,VCS660,2020,0.0,50000.0
355938,VCS660,2023,19195.0,1284.0
355939,VCS660,2024,0.0,8467.0
355940,VCS660,2025,0.0,4720.0
355941,VCS660,2026,0.0,8.0
355998,VCS662,2021,0.0,1928.0
356000,VCS662,2023,22312.0,1521.0
356001,VCS662,2024,0.0,8129.0
356002,VCS662,2025,0.0,5263.0
356003,VCS662,2026,0.0,7243.0
356028,VCS663,2020,0.0,49375.0
356086,VCS665,2016,0.0,13.0
356087,VCS665,2017,0.0,41.0
356088,VCS665,2018,0.0,25.0
356089,VCS665,2019,0.0,24.0
356090,VCS665,2020,258975.0,94578.0
356091,VCS665,2021,0.0,59157.0
356092,VCS665,2022,0.0,81342.0
356093,VCS665,2023,0.0,28106.0
356094,VCS665,2024,76128.0,10711.0
356095,VCS665,2025,0.0,9599.0
356096,VCS665,2026,0.0,5216.0
356117,VCS666,2016,0.0,199.0
356118,VCS666,2017,0.0,330.0
356120,VCS666,2019,0.0,88.0
356121,VCS666,2020,89572.0,33293.0
356122,VCS666,2021,165741.0,32711.0
356123,VCS666,2022,0.0,112765.0
356124,VCS666,2023,0.0,32774.0
356125,VCS666,2024,0.0,4130.0
356126,VCS666,2025,0.0,602.0
356127,VCS666,2026,0.0,1.0
356153,VCS667,2021,138716.0,22378.0
356154,VCS667,2022,0.0,92469.0
356155,VCS667,2023,0.0,11652.0
356156,VCS667,2024,0.0,1365.0
356157,VCS667,2025,0.0,1434.0
356158,VCS667,2026,0.0,2500.0
356210,VCS669,2016,0.0,100000.0
356215,VCS669,2021,342001.0,58608.0
356216,VCS669,2022,0.0,401197.0
356217,VCS669,2023,0.0,55882.0
356218,VCS669,2024,0.0,75575.0
356219,VCS669,2025,0.0,10556.0
356220,VCS669,2026,0.0,7.0
356277,VCS670,2021,0.0,41104.0
356278,VCS670,2022,0.0,32212.0
356281,VCS670,2025,0.0,48600.0
356334,VCS672,2016,0.0,90301.0
356335,VCS672,2017,0.0,5043.0
356336,VCS672,2018,0.0,2420.0
356337,VCS672,2019,0.0,3456.0
356338,VCS672,2020,0.0,258.0
356339,VCS672,2021,0.0,430.0
356344,VCS672,2026,980580.0,241771.0
356365,VCS673,2016,0.0,102224.0
356366,VCS673,2017,216765.0,196669.0
356367,VCS673,2018,0.0,55771.0
356368,VCS673,2019,0.0,80229.0
356369,VCS673,2020,0.0,5507.0
356370,VCS673,2021,199544.0,123564.0
356371,VCS673,2022,0.0,59081.0
356372,VCS673,2023,0.0,31807.0
356373,VCS673,2024,104805.0,60435.0
356374,VCS673,2025,0.0,30153.0
356375,VCS673,2026,0.0,5881.0
356396,VCS674,2016,0.0,1043002.0
356397,VCS674,2017,4393291.0,1805210.0
356398,VCS674,2018,0.0,1392646.0
356399,VCS674,2019,11659407.0,1803178.0
356400,VCS674,2020,3403066.0,1196677.0
356401,VCS674,2021,3487872.0,8232421.0
356402,VCS674,2022,0.0,2828336.0
356403,VCS674,2023,0.0,2839710.0
356404,VCS674,2024,0.0,1296759.0
356405,VCS674,2025,0.0,502818.0
356406,VCS674,2026,0.0,338481.0
356464,VCS676,2022,323910.0,192520.0
356465,VCS676,2023,0.0,17313.0
356466,VCS676,2024,0.0,17199.0
356467,VCS676,2025,0.0,7594.0
356468,VCS676,2026,0.0,89284.0
356523,VCS678,2019,0.0,64000.0
356526,VCS678,2022,193618.0,47309.0
356527,VCS678,2023,19361.0,154381.0
356529,VCS678,2025,0.0,4984.0
356530,VCS678,2026,0.0,4964.0
356585,VCS68,2019,0.0,5.0
356587,VCS68,2021,1354428.0,13.0
356588,VCS68,2022,0.0,1093390.0
356589,VCS68,2023,0.0,134612.0
356590,VCS68,2024,0.0,47.0
356591,VCS68,2025,0.0,1.0
356592,VCS68,2026,0.0,85912.0
356617,VCS680,2020,0.0,25909.0
356675,VCS682,2016,0.0,1424.0
356676,VCS682,2017,0.0,200.0
356677,VCS682,2018,17270.0,17189.0
356678,VCS682,2019,143880.0,121170.0
356679,VCS682,2020,139623.0,38028.0
356680,VCS682,2021,30183.0,119475.0
356681,VCS682,2022,23149.0,31127.0
356682,VCS682,2023,10485.0,5541.0
356683,VCS682,2024,0.0,14120.0
356684,VCS682,2025,0.0,709.0
356685,VCS682,2026,0.0,2473.0
356707,VCS683,2017,0.0,3318.0
356708,VCS683,2018,0.0,3966.0
356709,VCS683,2019,0.0,6659.0
356710,VCS683,2020,0.0,313.0
356711,VCS683,2021,0.0,11291.0
356713,VCS683,2023,0.0,31314.0
356768,VCS685,2016,0.0,20562.0
356769,VCS685,2017,0.0,3547.0
356772,VCS685,2020,0.0,1.0
356774,VCS685,2022,31413.0,0.0
356775,VCS685,2023,285605.0,0.0
356799,VCS686,2016,0.0,3188.0
356800,VCS686,2017,0.0,555.0
356801,VCS686,2018,0.0,9081.0
356802,VCS686,2019,0.0,1943.0
356861,VCS688,2016,44400.0,32729.0
356862,VCS688,2017,0.0,30345.0
356863,VCS688,2018,0.0,126627.0
356864,VCS688,2019,0.0,133404.0
356865,VCS688,2020,0.0,465808.0
356866,VCS688,2021,0.0,48456.0
356867,VCS688,2022,0.0,25641.0
356868,VCS688,2023,0.0,4012.0
356869,VCS688,2024,0.0,232368.0
356870,VCS688,2025,0.0,50026.0
356871,VCS688,2026,0.0,24357.0
356892,VCS689,2016,0.0,315.0
356893,VCS689,2017,0.0,19.0
356895,VCS689,2019,0.0,15.0
356897,VCS689,2021,0.0,30.0
356898,VCS689,2022,0.0,45.0
356900,VCS689,2024,0.0,10000.0
357047,VCS693,2016,0.0,8000.0
357051,VCS693,2020,59421.0,20241.0
357052,VCS693,2021,72666.0,0.0
357053,VCS693,2022,0.0,235.0
357054,VCS693,2023,0.0,533.0
357057,VCS693,2026,0.0,60266.0
357171,VCS697,2016,0.0,4288.0
357172,VCS697,2017,12219.0,10000.0
357175,VCS697,2020,149617.0,0.0
357176,VCS697,2021,549180.0,73805.0
357177,VCS697,2022,0.0,22208.0
357178,VCS697,2023,0.0,55671.0
357179,VCS697,2024,0.0,337980.0
357180,VCS697,2025,0.0,68899.0
357181,VCS697,2026,0.0,1000.0
357234,VCS699,2017,0.0,24726.0
357235,VCS699,2018,0.0,182590.0
357236,VCS699,2019,0.0,38878.0
357237,VCS699,2020,0.0,58468.0
357238,VCS699,2021,0.0,18938.0
357239,VCS699,2022,0.0,64.0
357240,VCS699,2023,54882.0,28250.0
357241,VCS699,2024,0.0,1500.0
357242,VCS699,2025,0.0,13500.0
357329,VCS700,2019,183122.0,0.0
357330,VCS700,2020,30308.0,30300.0
357331,VCS700,2021,24044.0,136101.0
357332,VCS700,2022,33721.0,20405.0
357333,VCS700,2023,0.0,50668.0
357334,VCS700,2024,37312.0,0.0
357360,VCS701,2019,142781.0,119366.0
357361,VCS701,2020,25949.0,0.0
357362,VCS701,2021,17764.0,17764.0
357363,VCS701,2022,21273.0,13415.0
357364,VCS701,2023,20297.0,10000.0
357365,VCS701,2024,0.0,1746.0
357366,VCS701,2025,0.0,24203.0
357367,VCS701,2026,0.0,41570.0
357419,VCS703,2016,0.0,399.0
357420,VCS703,2017,0.0,294.0
357421,VCS703,2018,0.0,32.0
357422,VCS703,2019,0.0,44.0
357425,VCS703,2022,0.0,5.0
357426,VCS703,2023,0.0,19.0
357427,VCS703,2024,0.0,9.0
357450,VCS704,2016,0.0,5114.0
357451,VCS704,2017,0.0,88.0
357452,VCS704,2018,0.0,7000.0
357453,VCS704,2019,0.0,3000.0
357512,VCS706,2016,24745.0,66792.0
357513,VCS706,2017,341987.0,277745.0
357514,VCS706,2018,0.0,96241.0
357515,VCS706,2019,82956.0,70940.0
357516,VCS706,2020,66481.0,68826.0
357517,VCS706,2021,57085.0,11095.0
357518,VCS706,2022,54397.0,47486.0
357519,VCS706,2023,24802.0,6149.0
357520,VCS706,2024,0.0,5999.0
357521,VCS706,2025,0.0,10550.0
357522,VCS706,2026,10000.0,11766.0
357547,VCS707,2020,0.0,33443.0
357579,VCS708,2021,296831.0,94672.0
357580,VCS708,2022,0.0,64679.0
357581,VCS708,2023,0.0,19743.0
357582,VCS708,2024,0.0,77327.0
357583,VCS708,2025,0.0,27288.0
357584,VCS708,2026,0.0,25911.0
357605,VCS709,2016,0.0,12163.0
357606,VCS709,2017,9612.0,7851.0
357607,VCS709,2018,0.0,14571.0
357608,VCS709,2019,0.0,1398.0
357609,VCS709,2020,0.0,1317.0
357610,VCS709,2021,0.0,2809.0
357611,VCS709,2022,0.0,54.0
357613,VCS709,2024,0.0,49.0
357729,VCS713,2016,0.0,3414.0
357730,VCS713,2017,0.0,144705.0
357731,VCS713,2018,0.0,637.0
357734,VCS713,2021,647574.0,216182.0
357735,VCS713,2022,0.0,9300.0
357736,VCS713,2023,46356.0,62195.0
357737,VCS713,2024,0.0,343097.0
357738,VCS713,2025,0.0,23823.0
357739,VCS713,2026,0.0,23248.0
357767,VCS714,2023,61359.0,0.0
357798,VCS715,2023,170574.0,0.0
357799,VCS715,2024,0.0,1000.0
357800,VCS715,2025,0.0,53818.0
357801,VCS715,2026,0.0,11191.0
357829,VCS716,2023,189541.0,0.0
357830,VCS716,2024,0.0,121081.0
357831,VCS716,2025,0.0,120.0
357832,VCS716,2026,0.0,151.0
357854,VCS717,2017,0.0,499.0
357855,VCS717,2018,1242991.0,0.0
357856,VCS717,2019,0.0,901240.0
357857,VCS717,2020,413955.0,490857.0
357858,VCS717,2021,478737.0,410294.0
357859,VCS717,2022,0.0,115820.0
357860,VCS717,2023,359841.0,128326.0
357861,VCS717,2024,0.0,140577.0
357862,VCS717,2025,0.0,19745.0
357863,VCS717,2026,0.0,1268.0
357920,VCS719,2021,0.0,25000.0
357946,VCS72,2016,0.0,26346.0
358041,VCS722,2018,0.0,80765.0
358042,VCS722,2019,0.0,118800.0
358043,VCS722,2020,261496.0,700435.0
358044,VCS722,2021,0.0,303892.0
358045,VCS722,2022,0.0,34.0
358046,VCS722,2023,0.0,45461.0
358047,VCS722,2024,0.0,1397.0
358107,VCS724,2022,328539.0,16046.0
358108,VCS724,2023,0.0,309699.0
358133,VCS725,2017,0.0,15006.0
358134,VCS725,2018,0.0,42367.0
358136,VCS725,2020,0.0,16464.0
358137,VCS725,2021,0.0,32928.0
358139,VCS725,2023,0.0,55037.0
358163,VCS726,2016,0.0,8483.0
358164,VCS726,2017,0.0,68862.0
358169,VCS726,2022,159239.0,1036.0
358170,VCS726,2023,0.0,83310.0
358171,VCS726,2024,0.0,70830.0
358172,VCS726,2025,0.0,3182.0
358195,VCS727,2017,57357.0,0.0
358196,VCS727,2018,479049.0,213890.0
358197,VCS727,2019,0.0,297357.0
358198,VCS727,2020,513731.0,52828.0
358199,VCS727,2021,0.0,67050.0
358200,VCS727,2022,0.0,124967.0
358201,VCS727,2023,488016.0,33073.0
358202,VCS727,2024,0.0,10317.0
358203,VCS727,2025,0.0,223928.0
358204,VCS727,2026,0.0,81318.0
358225,VCS728,2016,0.0,47050.0
358226,VCS728,2017,0.0,28799.0
358227,VCS728,2018,0.0,11038.0
358229,VCS728,2020,641798.0,133042.0
358230,VCS728,2021,952877.0,310482.0
358231,VCS728,2022,348411.0,242826.0
358232,VCS728,2023,0.0,317476.0
358233,VCS728,2024,0.0,91189.0
358234,VCS728,2025,0.0,111331.0
358235,VCS728,2026,0.0,15455.0
358256,VCS729,2016,0.0,3111.0
358257,VCS729,2017,0.0,2447.0
358258,VCS729,2018,0.0,2339.0
358259,VCS729,2019,0.0,2123.0
358349,VCS731,2016,0.0,98.0
358351,VCS731,2018,0.0,90.0
358352,VCS731,2019,0.0,70.0
358353,VCS731,2020,0.0,298.0
358411,VCS733,2016,0.0,87.0
358414,VCS733,2019,0.0,216.0
358416,VCS733,2021,0.0,29617.0
358417,VCS733,2022,0.0,2200.0
358418,VCS733,2023,55888.0,7938.0
358419,VCS733,2024,0.0,339.0
358442,VCS734,2016,0.0,60828.0
358449,VCS734,2023,297283.0,88657.0
358450,VCS734,2024,0.0,16414.0
358451,VCS734,2025,0.0,80021.0
358452,VCS734,2026,0.0,86301.0
358473,VCS735,2016,0.0,19172.0
358508,VCS736,2020,166378.0,0.0
358509,VCS736,2021,364143.0,83195.0
358510,VCS736,2022,0.0,46416.0
358511,VCS736,2023,0.0,45478.0
358512,VCS736,2024,0.0,97665.0
358513,VCS736,2025,0.0,9373.0
358514,VCS736,2026,0.0,95.0
358536,VCS737,2017,0.0,112.0
358537,VCS737,2018,480617.0,0.0
358538,VCS737,2019,0.0,81995.0
358539,VCS737,2020,0.0,102113.0
358540,VCS737,2021,455478.0,330511.0
358541,VCS737,2022,0.0,242212.0
358542,VCS737,2023,0.0,106604.0
358543,VCS737,2024,0.0,66496.0
358544,VCS737,2025,0.0,7839.0
358545,VCS737,2026,0.0,3082.0
358628,VCS740,2016,0.0,1000.0
358629,VCS740,2017,0.0,5000.0
358630,VCS740,2018,0.0,2000.0
358631,VCS740,2019,0.0,39068.0
358632,VCS740,2020,438210.0,152245.0
358633,VCS740,2021,0.0,109680.0
358634,VCS740,2022,156849.0,49242.0
358635,VCS740,2023,124186.0,47773.0
358636,VCS740,2024,0.0,43335.0
358637,VCS740,2025,0.0,93020.0
358638,VCS740,2026,0.0,126652.0
358821,VCS747,2023,204917.0,0.0
358822,VCS747,2024,0.0,24773.0
358823,VCS747,2025,71855.0,230627.0
358824,VCS747,2026,0.0,20721.0
358847,VCS748,2018,45647.0,45647.0
358876,VCS749,2016,0.0,495.0
358882,VCS749,2022,68668.0,1.0
358883,VCS749,2023,0.0,9798.0
358884,VCS749,2024,0.0,57700.0
358938,VCS750,2016,0.0,516.0
358939,VCS750,2017,0.0,473.0
358943,VCS750,2021,0.0,225.0
358944,VCS750,2022,0.0,8000.0
358947,VCS750,2025,0.0,18.0
358969,VCS751,2016,0.0,31233.0
358971,VCS751,2018,0.0,3247.0
358972,VCS751,2019,0.0,6972.0
358973,VCS751,2020,0.0,1372.0
358975,VCS751,2022,298285.0,77986.0
358976,VCS751,2023,0.0,132052.0
358977,VCS751,2024,0.0,31909.0
358978,VCS751,2025,0.0,50718.0
359007,VCS752,2023,256599.0,0.0
359031,VCS753,2016,0.0,13958.0
359032,VCS753,2017,0.0,4440.0
359035,VCS753,2020,0.0,19558.0
359036,VCS753,2021,850041.0,462976.0
359037,VCS753,2022,0.0,42964.0
359038,VCS753,2023,335015.0,51871.0
359039,VCS753,2024,414078.0,66748.0
359040,VCS753,2025,0.0,81005.0
359041,VCS753,2026,0.0,23709.0
359064,VCS754,2018,0.0,75531.0
359065,VCS754,2019,0.0,6358.0
359066,VCS754,2020,0.0,415.0
359096,VCS755,2019,0.0,61734.0
359098,VCS755,2021,0.0,77747.0
359099,VCS755,2022,532381.0,0.0
359100,VCS755,2023,0.0,16931.0
359101,VCS755,2024,244723.0,241602.0
359102,VCS755,2025,0.0,136011.0
359125,VCS756,2017,0.0,46182.0
359126,VCS756,2018,0.0,4995.0
359127,VCS756,2019,468824.0,45838.0
359128,VCS756,2020,444562.0,138055.0
359129,VCS756,2021,0.0,202809.0
359130,VCS756,2022,193727.0,216046.0
359131,VCS756,2023,126095.0,235373.0
359132,VCS756,2024,0.0,108492.0
359133,VCS756,2025,0.0,108415.0
359134,VCS756,2026,0.0,13986.0
359156,VCS757,2017,0.0,237.0
359189,VCS758,2019,0.0,733.0
359191,VCS758,2021,0.0,52372.0
359194,VCS758,2024,241147.0,0.0
359195,VCS758,2025,0.0,62298.0
359222,VCS759,2021,0.0,32175.0
359223,VCS759,2022,147287.0,0.0
359224,VCS759,2023,68781.0,32647.0
359226,VCS759,2025,0.0,50944.0
359227,VCS759,2026,0.0,4366.0
359284,VCS760,2021,0.0,2252.0
359285,VCS760,2022,0.0,20000.0
359317,VCS761,2023,240626.0,0.0
359341,VCS762,2016,0.0,24991.0
359342,VCS762,2017,0.0,36614.0
359343,VCS762,2018,0.0,38087.0
359344,VCS762,2019,0.0,100740.0
359345,VCS762,2020,0.0,4000.0
359346,VCS762,2021,916543.0,319868.0
359347,VCS762,2022,0.0,807.0
359348,VCS762,2023,0.0,110277.0
359349,VCS762,2024,0.0,97266.0
359350,VCS762,2025,0.0,1209.0
359379,VCS763,2023,386560.0,2956.0
359380,VCS763,2024,0.0,51094.0
359381,VCS763,2025,0.0,44300.0
359405,VCS764,2018,0.0,1796.0
359407,VCS764,2020,0.0,65000.0
359408,VCS764,2021,0.0,4435.0
359409,VCS764,2022,0.0,80000.0
359410,VCS764,2023,226067.0,9815.0
359411,VCS764,2024,0.0,60010.0
359412,VCS764,2025,0.0,8192.0
359413,VCS764,2026,0.0,15.0
359465,VCS766,2016,0.0,12603.0
359466,VCS766,2017,0.0,1489.0
359467,VCS766,2018,0.0,139897.0
359468,VCS766,2019,0.0,83925.0
359469,VCS766,2020,0.0,646112.0
359470,VCS766,2021,2495486.0,1029852.0
359471,VCS766,2022,1992412.0,1718270.0
359472,VCS766,2023,0.0,341733.0
359473,VCS766,2024,0.0,20766.0
359474,VCS766,2025,0.0,12226.0
359475,VCS766,2026,0.0,9109.0
359496,VCS767,2016,0.0,1027.0
359498,VCS767,2018,0.0,180.0
359501,VCS767,2021,0.0,500.0
359531,VCS768,2020,0.0,115633.0
359562,VCS769,2020,0.0,25087.0
359589,VCS77,2016,0.0,50099.0
359590,VCS77,2017,502160.0,483677.0
359591,VCS77,2018,0.0,9417.0
359592,VCS77,2019,0.0,53320.0
359593,VCS77,2020,0.0,146289.0
359594,VCS77,2021,0.0,134003.0
359596,VCS77,2023,0.0,399.0
359597,VCS77,2024,0.0,13282.0
359598,VCS77,2025,0.0,13409.0
359651,VCS771,2016,0.0,32000.0
359656,VCS771,2021,0.0,58310.0
359658,VCS771,2023,0.0,4380.0
359659,VCS771,2024,0.0,393.0
359718,VCS773,2021,104586.0,97950.0
359719,VCS773,2022,0.0,6636.0
359775,VCS775,2016,19122.0,0.0
359776,VCS775,2017,0.0,19122.0
359841,VCS777,2020,0.0,22734.0
359930,VCS78,2016,0.0,1652.0
359931,VCS78,2017,0.0,1876.0
359932,VCS78,2018,0.0,12543.0
359961,VCS780,2016,249424.0,106757.0
359962,VCS780,2017,275309.0,23342.0
359963,VCS780,2018,206660.0,167320.0
359964,VCS780,2019,231795.0,308091.0
359965,VCS780,2020,222228.0,85662.0
359966,VCS780,2021,223436.0,175862.0
359967,VCS780,2022,0.0,209618.0
359968,VCS780,2023,0.0,116512.0
359969,VCS780,2024,0.0,57010.0
359970,VCS780,2025,0.0,11292.0
359971,VCS780,2026,0.0,90441.0
360029,VCS782,2022,230386.0,0.0
360030,VCS782,2023,0.0,230386.0
360054,VCS783,2016,10000.0,10000.0
360087,VCS784,2018,249667.0,64103.0
360088,VCS784,2019,0.0,89064.0
360089,VCS784,2020,67158.0,98800.0
360090,VCS784,2021,131818.0,23449.0
360091,VCS784,2022,67742.0,42220.0
360092,VCS784,2023,0.0,64029.0
360093,VCS784,2024,0.0,54829.0
360094,VCS784,2025,0.0,9754.0
360095,VCS784,2026,0.0,19242.0
360147,VCS786,2016,792516.0,826637.0
360148,VCS786,2017,0.0,667049.0
360149,VCS786,2018,1564269.0,1655606.0
360150,VCS786,2019,1384786.0,1255748.0
360151,VCS786,2020,1599803.0,637706.0
360152,VCS786,2021,1249824.0,1167698.0
360153,VCS786,2022,0.0,2613405.0
360154,VCS786,2023,2294349.0,516267.0
360155,VCS786,2024,0.0,164599.0
360156,VCS786,2025,0.0,301272.0
360157,VCS786,2026,0.0,255820.0
360179,VCS787,2017,0.0,23082.0
360209,VCS788,2016,0.0,118155.0
360211,VCS788,2018,0.0,36600.0
360212,VCS788,2019,0.0,33295.0
360214,VCS788,2021,116613.0,80911.0
360215,VCS788,2022,0.0,67625.0
360216,VCS788,2023,0.0,26766.0
360217,VCS788,2024,0.0,122884.0
360218,VCS788,2025,0.0,263700.0
360219,VCS788,2026,0.0,253369.0
360272,VCS79,2017,0.0,4795.0
360273,VCS79,2018,0.0,7236.0
360278,VCS79,2023,0.0,1700.0
360302,VCS790,2016,0.0,13369.0
360303,VCS790,2017,27627.0,0.0
360305,VCS790,2019,0.0,27627.0
360306,VCS790,2020,47855.0,200.0
360307,VCS790,2021,0.0,22702.0
360308,VCS790,2022,0.0,25153.0
360333,VCS791,2016,0.0,8596.0
360334,VCS791,2017,39648.0,0.0
360336,VCS791,2019,0.0,39648.0
360337,VCS791,2020,32811.0,0.0
360338,VCS791,2021,0.0,32811.0
360368,VCS792,2020,0.0,2.0
360369,VCS792,2021,0.0,49363.0
360402,VCS793,2023,124815.0,25000.0
360403,VCS793,2024,0.0,50346.0
360404,VCS793,2025,0.0,387.0
360432,VCS794,2022,0.0,16253.0
360489,VCS796,2017,0.0,818.0
360491,VCS796,2019,0.0,265.0
360492,VCS796,2020,218138.0,38111.0
360493,VCS796,2021,0.0,109450.0
360494,VCS796,2022,0.0,95601.0
360495,VCS796,2023,0.0,1225.0
360497,VCS796,2025,19688.0,0.0
360555,VCS798,2021,0.0,200.0
360556,VCS798,2022,0.0,7960.0
360557,VCS798,2023,156436.0,34479.0
360558,VCS798,2024,0.0,39104.0
360559,VCS798,2025,0.0,15582.0
360560,VCS798,2026,0.0,7502.0
360581,VCS799,2016,0.0,20998.0
360585,VCS799,2020,226201.0,0.0
360586,VCS799,2021,0.0,49880.0
360587,VCS799,2022,100358.0,105156.0
360588,VCS799,2023,0.0,10580.0
360589,VCS799,2024,0.0,6240.0
360590,VCS799,2025,0.0,346.0
360591,VCS799,2026,0.0,340.0
360617,VCS8,2021,74203.0,25990.0
360618,VCS8,2022,0.0,19958.0
360619,VCS8,2023,0.0,21695.0
360620,VCS8,2024,0.0,6560.0
360650,VCS80,2023,0.0,25.0
360736,VCS802,2016,0.0,531.0
360860,VCS806,2016,0.0,35056.0
360861,VCS806,2017,0.0,127.0
360897,VCS807,2022,541324.0,0.0
360898,VCS807,2023,0.0,412000.0
360899,VCS807,2024,0.0,52238.0
360900,VCS807,2025,0.0,4046.0
360901,VCS807,2026,0.0,113.0
360922,VCS808,2016,0.0,9214.0
360923,VCS808,2017,0.0,10172.0
360926,VCS808,2020,643046.0,187962.0
360927,VCS808,2021,0.0,64372.0
360928,VCS808,2022,0.0,1684.0
360929,VCS808,2023,0.0,66283.0
360930,VCS808,2024,0.0,105450.0
360932,VCS808,2026,0.0,15974.0
360961,VCS809,2024,0.0,1.0
361020,VCS810,2021,272388.0,48671.0
361021,VCS810,2022,0.0,50427.0
361022,VCS810,2023,107852.0,61172.0
361023,VCS810,2024,0.0,20000.0
361024,VCS810,2025,216365.0,37692.0
361025,VCS810,2026,0.0,93290.0
361046,VCS811,2016,0.0,600.0
361080,VCS812,2019,0.0,4.0
361081,VCS812,2020,0.0,741.0
361082,VCS812,2021,122227.0,153862.0
361083,VCS812,2022,0.0,42730.0
361084,VCS812,2023,0.0,9579.0
361085,VCS812,2024,0.0,2698.0
361087,VCS812,2026,0.0,19.0
361108,VCS813,2016,0.0,40.0
361114,VCS813,2022,211158.0,0.0
361115,VCS813,2023,349304.0,111488.0
361116,VCS813,2024,0.0,7016.0
361117,VCS813,2025,0.0,13178.0
361118,VCS813,2026,0.0,1200.0
361143,VCS814,2020,635607.0,193979.0
361144,VCS814,2021,0.0,30562.0
361145,VCS814,2022,0.0,109367.0
361146,VCS814,2023,49711.0,16352.0
361147,VCS814,2024,0.0,7158.0
361148,VCS814,2025,0.0,57759.0
361177,VCS815,2023,70939.0,8928.0
361209,VCS816,2024,67780.0,0.0
361234,VCS817,2018,0.0,14989.0
361235,VCS817,2019,0.0,78999.0
361236,VCS817,2020,0.0,57804.0
361238,VCS817,2022,293331.0,202119.0
361239,VCS817,2023,0.0,6875.0
361240,VCS817,2024,0.0,11571.0
361241,VCS817,2025,0.0,6183.0
361242,VCS817,2026,0.0,19601.0
361294,VCS819,2016,0.0,2044.0
361295,VCS819,2017,0.0,4386.0
361296,VCS819,2018,0.0,8621.0
361297,VCS819,2019,0.0,11465.0
361299,VCS819,2021,0.0,3555.0
361301,VCS819,2023,123843.0,0.0
361302,VCS819,2024,21476.0,22694.0
361303,VCS819,2025,0.0,28559.0
361304,VCS819,2026,0.0,3695.0
361325,VCS82,2016,0.0,6113.0
361326,VCS82,2017,22042.0,8972.0
361327,VCS82,2018,0.0,22620.0
361328,VCS82,2019,0.0,28188.0
361329,VCS82,2020,0.0,21206.0
361330,VCS82,2021,15653.0,2447.0
361331,VCS82,2022,0.0,15048.0
361332,VCS82,2023,0.0,12464.0
361333,VCS82,2024,0.0,8130.0
361334,VCS82,2025,0.0,2466.0
361335,VCS82,2026,0.0,2549.0
361356,VCS820,2016,0.0,10560.0
361358,VCS820,2018,16408.0,16408.0
361426,VCS822,2024,148336.0,0.0
361451,VCS823,2018,0.0,68000.0
361452,VCS823,2019,0.0,89332.0
361453,VCS823,2020,0.0,88010.0
361454,VCS823,2021,402834.0,422308.0
361455,VCS823,2022,81893.0,142107.0
361456,VCS823,2023,0.0,14831.0
361457,VCS823,2024,0.0,6787.0
361458,VCS823,2025,0.0,15372.0
361459,VCS823,2026,0.0,69900.0
361480,VCS824,2016,0.0,13100.0
361481,VCS824,2017,0.0,17096.0
361483,VCS824,2019,0.0,58.0
361484,VCS824,2020,138235.0,19741.0
361485,VCS824,2021,0.0,101706.0
361486,VCS824,2022,0.0,20958.0
361487,VCS824,2023,0.0,1010.0
361488,VCS824,2024,0.0,307.0
361512,VCS825,2017,0.0,11265.0
361515,VCS825,2020,69023.0,0.0
361516,VCS825,2021,0.0,12023.0
361517,VCS825,2022,0.0,57000.0
361543,VCS826,2017,0.0,11355.0
361547,VCS826,2021,5258.0,5258.0
361573,VCS827,2016,0.0,118.0
361574,VCS827,2017,0.0,10870.0
361577,VCS827,2020,0.0,1400.0
361578,VCS827,2021,34503.0,34503.0
361604,VCS828,2016,0.0,8762.0
361605,VCS828,2017,0.0,15888.0
361606,VCS828,2018,0.0,13700.0
361608,VCS828,2020,0.0,59.0
361666,VCS83,2016,0.0,20697.0
361667,VCS83,2017,40763.0,19865.0
361668,VCS83,2018,0.0,4708.0
361669,VCS83,2019,20030.0,10494.0
361670,VCS83,2020,0.0,10148.0
361671,VCS83,2021,0.0,10014.0
361672,VCS83,2022,4132.0,907.0
361675,VCS83,2025,0.0,6180.0
361676,VCS83,2026,0.0,3425.0
361699,VCS830,2018,0.0,189407.0
361700,VCS830,2019,0.0,1753.0
361701,VCS830,2020,0.0,149.0
361702,VCS830,2021,930149.0,207241.0
361704,VCS830,2023,0.0,114872.0
361705,VCS830,2024,0.0,602628.0
361706,VCS830,2025,0.0,1669.0
361707,VCS830,2026,0.0,1508.0
361728,VCS831,2016,0.0,1330.0
361729,VCS831,2017,0.0,50.0
361733,VCS831,2021,0.0,24152.0
361734,VCS831,2022,0.0,20000.0
361735,VCS831,2023,0.0,28292.0
361759,VCS832,2016,0.0,55037.0
361760,VCS832,2017,0.0,25066.0
361761,VCS832,2018,0.0,191680.0
361762,VCS832,2019,0.0,32442.0
361763,VCS832,2020,0.0,111093.0
361764,VCS832,2021,0.0,596097.0
361765,VCS832,2022,0.0,149056.0
361766,VCS832,2023,4364504.0,138587.0
361767,VCS832,2024,0.0,148127.0
361768,VCS832,2025,0.0,114814.0
361769,VCS832,2026,0.0,260041.0
361790,VCS833,2016,101164.0,57306.0
361791,VCS833,2017,66340.0,65233.0
361792,VCS833,2018,39882.0,49214.0
361793,VCS833,2019,32351.0,33349.0
361794,VCS833,2020,0.0,24559.0
361795,VCS833,2021,54351.0,36735.0
361796,VCS833,2022,0.0,18776.0
361797,VCS833,2023,112465.0,60054.0
361798,VCS833,2024,35318.0,35225.0
361799,VCS833,2025,0.0,47037.0
361821,VCS834,2016,0.0,26518.0
361822,VCS834,2017,9343.0,9935.0
361823,VCS834,2018,0.0,9343.0
361825,VCS834,2020,70540.0,36300.0
361826,VCS834,2021,0.0,12000.0
361827,VCS834,2022,0.0,1324.0
361828,VCS834,2023,60801.0,11787.0
361829,VCS834,2024,44595.0,21743.0
361830,VCS834,2025,38969.0,58130.0
361831,VCS834,2026,48232.0,10265.0
361852,VCS835,2016,77197.0,35585.0
361853,VCS835,2017,0.0,34415.0
361856,VCS835,2020,75958.0,820.0
361857,VCS835,2021,0.0,49553.0
361858,VCS835,2022,470884.0,0.0
361859,VCS835,2023,0.0,103507.0
361860,VCS835,2024,0.0,260785.0
361861,VCS835,2025,0.0,24172.0
361862,VCS835,2026,0.0,93233.0
361883,VCS836,2016,0.0,9353.0
361884,VCS836,2017,0.0,12021.0
361885,VCS836,2018,0.0,5692.0
361886,VCS836,2019,0.0,4182.0
361887,VCS836,2020,0.0,2972.0
361888,VCS836,2021,127120.0,113393.0
361889,VCS836,2022,0.0,5004.0
361890,VCS836,2023,0.0,50.0
361891,VCS836,2024,0.0,1392.0
361892,VCS836,2025,0.0,254.0
361893,VCS836,2026,0.0,997.0
361916,VCS837,2018,0.0,105474.0
361917,VCS837,2019,0.0,194526.0
361919,VCS837,2021,1104078.0,774943.0
361920,VCS837,2022,0.0,11515.0
361921,VCS837,2023,0.0,286185.0
361922,VCS837,2024,0.0,30496.0
361923,VCS837,2025,0.0,3325.0
361924,VCS837,2026,0.0,63215.0
362012,VCS84,2021,161647.0,0.0
362013,VCS84,2022,0.0,160801.0
362044,VCS840,2022,208869.0,0.0
362045,VCS840,2023,22766.0,103467.0
362046,VCS840,2024,0.0,101041.0
362047,VCS840,2025,0.0,4361.0
362100,VCS842,2016,0.0,65266.0
362101,VCS842,2017,0.0,6661.0
362131,VCS843,2016,0.0,36149.0
362162,VCS844,2016,823663.0,507163.0
362163,VCS844,2017,459479.0,508520.0
362164,VCS844,2018,835676.0,692445.0
362165,VCS844,2019,2049431.0,424441.0
362166,VCS844,2020,833007.0,2107333.0
362167,VCS844,2021,884129.0,1126303.0
362168,VCS844,2022,0.0,1262772.0
362169,VCS844,2023,0.0,555123.0
362170,VCS844,2024,0.0,504285.0
362171,VCS844,2025,0.0,79099.0
362172,VCS844,2026,0.0,41591.0
362193,VCS845,2016,0.0,1198.0
362194,VCS845,2017,34812.0,38316.0
362224,VCS846,2016,0.0,2200.0
362225,VCS846,2017,30701.0,40008.0
362256,VCS847,2017,0.0,122.0
362322,VCS849,2021,704426.0,140533.0
362323,VCS849,2022,0.0,272090.0
362324,VCS849,2023,0.0,158147.0
362325,VCS849,2024,0.0,40991.0
362326,VCS849,2025,0.0,10594.0
362327,VCS849,2026,0.0,10944.0
362383,VCS850,2020,122925.0,0.0
362384,VCS850,2021,864857.0,380779.0
362385,VCS850,2022,0.0,232721.0
362386,VCS850,2023,0.0,239004.0
362387,VCS850,2024,0.0,13816.0
362388,VCS850,2025,0.0,50766.0
362389,VCS850,2026,0.0,1100.0
362411,VCS851,2017,0.0,17382.0
362441,VCS852,2016,0.0,183767.0
362442,VCS852,2017,0.0,217932.0
362443,VCS852,2018,0.0,235632.0
362444,VCS852,2019,0.0,50067.0
362445,VCS852,2020,0.0,60397.0
362446,VCS852,2021,0.0,21643.0
362447,VCS852,2022,0.0,2091.0
362448,VCS852,2023,117566.0,10000.0
362565,VCS856,2016,0.0,4023.0
362566,VCS856,2017,0.0,7848.0
362567,VCS856,2018,330710.0,233886.0
362568,VCS856,2019,0.0,36066.0
362569,VCS856,2020,0.0,23118.0
362570,VCS856,2021,0.0,37113.0
362571,VCS856,2022,0.0,772.0
362697,VCS86,2024,0.0,25833.0
362968,VCS868,2016,0.0,131933.0
362969,VCS868,2017,0.0,335880.0
362970,VCS868,2018,0.0,246104.0
362971,VCS868,2019,0.0,920159.0
362972,VCS868,2020,5316198.0,1575219.0
362973,VCS868,2021,0.0,2813383.0
362974,VCS868,2022,6923120.0,558246.0
362975,VCS868,2023,1883326.0,519122.0
362976,VCS868,2024,0.0,647166.0
362977,VCS868,2025,0.0,244149.0
362978,VCS868,2026,0.0,249349.0
363007,VCS869,2024,0.0,9.0
363066,VCS870,2021,0.0,5084.0
363092,VCS871,2016,0.0,7830.0
363097,VCS871,2021,0.0,5018.0
363123,VCS872,2016,0.0,94618.0
363126,VCS872,2019,324332.0,236221.0
363127,VCS872,2020,0.0,44664.0
363128,VCS872,2021,0.0,20370.0
363129,VCS872,2022,0.0,1904.0
363130,VCS872,2023,85265.0,31657.0
363131,VCS872,2024,45132.0,40495.0
363132,VCS872,2025,0.0,50533.0
363133,VCS872,2026,25860.0,10038.0
363160,VCS873,2022,1104381.0,0.0
363161,VCS873,2023,540349.0,0.0
363162,VCS873,2024,356018.0,295699.0
363163,VCS873,2025,24161.0,242404.0
363164,VCS873,2026,0.0,38556.0
363216,VCS875,2016,0.0,598017.0
363217,VCS875,2017,0.0,685670.0
363218,VCS875,2018,0.0,515165.0
363219,VCS875,2019,0.0,65189.0
363220,VCS875,2020,0.0,67779.0
363221,VCS875,2021,5674980.0,1199507.0
363222,VCS875,2022,0.0,408848.0
363223,VCS875,2023,0.0,325158.0
363224,VCS875,2024,0.0,225485.0
363225,VCS875,2025,362080.0,235571.0
363226,VCS875,2026,0.0,191872.0
363249,VCS876,2018,0.0,1000.0
363251,VCS876,2020,32164.0,0.0
363252,VCS876,2021,0.0,45656.0
363254,VCS876,2023,0.0,7505.0
363256,VCS876,2025,0.0,8199.0
363257,VCS876,2026,0.0,1803.0
363278,VCS877,2016,0.0,42394.0
363279,VCS877,2017,0.0,24850.0
363280,VCS877,2018,0.0,41073.0
363281,VCS877,2019,0.0,117044.0
363282,VCS877,2020,0.0,45728.0
363283,VCS877,2021,0.0,42544.0
363285,VCS877,2023,0.0,2709.0
363310,VCS878,2017,0.0,60142.0
363316,VCS878,2023,0.0,4000.0
363341,VCS879,2017,17943.0,0.0
363344,VCS879,2020,61674.0,0.0
363345,VCS879,2021,0.0,79617.0
363349,VCS879,2025,19498.0,0.0
363350,VCS879,2026,10869.0,0.0
363464,VCS882,2016,0.0,16086.0
363465,VCS882,2017,0.0,12563.0
363466,VCS882,2018,6347.0,17336.0
363467,VCS882,2019,0.0,53708.0
363468,VCS882,2020,0.0,112414.0
363469,VCS882,2021,0.0,112204.0
363470,VCS882,2022,0.0,57473.0
363471,VCS882,2023,0.0,44.0
363472,VCS882,2024,0.0,9680.0
363473,VCS882,2025,0.0,210.0
363474,VCS882,2026,0.0,10128.0
363500,VCS883,2021,0.0,39116.0
363501,VCS883,2022,504835.0,0.0
363502,VCS883,2023,3072994.0,33391.0
363503,VCS883,2024,2880779.0,1471199.0
363504,VCS883,2025,0.0,469316.0
363505,VCS883,2026,0.0,133871.0
363529,VCS884,2019,0.0,231433.0
363530,VCS884,2020,0.0,124280.0
363531,VCS884,2021,0.0,63872.0
363533,VCS884,2023,2745232.0,51576.0
363534,VCS884,2024,0.0,33619.0
363535,VCS884,2025,0.0,292764.0
363536,VCS884,2026,0.0,19534.0
363557,VCS885,2016,4256.0,7880.0
363558,VCS885,2017,0.0,256.0
363624,VCS887,2021,0.0,26684.0
363625,VCS887,2022,0.0,63116.0
363626,VCS887,2023,39881.0,4635.0
363627,VCS887,2024,0.0,849.0
363628,VCS887,2025,0.0,31608.0
363629,VCS887,2026,0.0,5.0
363682,VCS889,2017,0.0,29685.0
363718,VCS89,2022,65803.0,0.0
363719,VCS89,2023,56437.0,56437.0
363722,VCS89,2026,0.0,8048.0
363743,VCS890,2016,0.0,3429.0
363744,VCS890,2017,0.0,9142.0
363779,VCS891,2021,0.0,10842.0
363780,VCS891,2022,88358.0,0.0
363781,VCS891,2023,0.0,16305.0
363805,VCS892,2016,451689.0,20357.0
363806,VCS892,2017,0.0,150000.0
363807,VCS892,2018,0.0,10000.0
363808,VCS892,2019,0.0,49525.0
363809,VCS892,2020,1566806.0,1087441.0
363810,VCS892,2021,0.0,294036.0
363811,VCS892,2022,0.0,48017.0
363812,VCS892,2023,0.0,89015.0
363813,VCS892,2024,0.0,40214.0
363814,VCS892,2025,0.0,85264.0
363815,VCS892,2026,0.0,62037.0
363841,VCS893,2021,12076.0,0.0
363843,VCS893,2023,0.0,19195.0
363844,VCS893,2024,228651.0,13718.0
363845,VCS893,2025,0.0,7723.0
363846,VCS893,2026,0.0,13499.0
363901,VCS895,2019,0.0,25000.0
363906,VCS895,2024,0.0,2.0
363929,VCS896,2016,0.0,1530.0
363930,VCS896,2017,0.0,402.0
363931,VCS896,2018,0.0,50000.0
363932,VCS896,2019,0.0,152.0
363934,VCS896,2021,1141024.0,672423.0
363935,VCS896,2022,2366418.0,445494.0
363936,VCS896,2023,10084418.0,73602.0
363937,VCS896,2024,0.0,89132.0
363938,VCS896,2025,0.0,1027380.0
363939,VCS896,2026,0.0,39994.0
363960,VCS897,2016,0.0,81253.0
363961,VCS897,2017,0.0,12609.0
363962,VCS897,2018,0.0,33.0
364022,VCS899,2016,0.0,21059.0
364023,VCS899,2017,0.0,14989.0
364024,VCS899,2018,0.0,16006.0
364027,VCS899,2021,677799.0,152048.0
364028,VCS899,2022,0.0,272363.0
364029,VCS899,2023,0.0,86769.0
364030,VCS899,2024,0.0,103365.0
364031,VCS899,2025,0.0,42482.0
364032,VCS899,2026,0.0,18507.0
364084,VCS90,2016,0.0,2048.0
364085,VCS90,2017,0.0,11377.0
364086,VCS90,2018,0.0,682.0
364090,VCS90,2022,0.0,1000.0
364115,VCS900,2016,0.0,13646.0
364116,VCS900,2017,53186.0,0.0
364117,VCS900,2018,0.0,26636.0
364118,VCS900,2019,0.0,44467.0
364119,VCS900,2020,0.0,30504.0
364120,VCS900,2021,0.0,32538.0
364121,VCS900,2022,0.0,47924.0
364122,VCS900,2023,0.0,2497.0
364123,VCS900,2024,0.0,6205.0
364152,VCS901,2022,0.0,500.0
364153,VCS901,2023,0.0,12794.0
364154,VCS901,2024,0.0,18219.0
364155,VCS901,2025,0.0,68068.0
364156,VCS901,2026,0.0,6646.0
364177,VCS902,2016,0.0,593388.0
364178,VCS902,2017,8269187.0,1444277.0
364179,VCS902,2018,0.0,1444701.0
364180,VCS902,2019,0.0,2106891.0
364181,VCS902,2020,9059054.0,3237153.0
364182,VCS902,2021,3759795.0,5116239.0
364183,VCS902,2022,0.0,4752354.0
364184,VCS902,2023,0.0,513250.0
364185,VCS902,2024,0.0,266643.0
364186,VCS902,2025,0.0,3123188.0
364187,VCS902,2026,0.0,733349.0
364208,VCS903,2016,444256.0,24309.0
364209,VCS903,2017,112103.0,208786.0
364210,VCS903,2018,0.0,119223.0
364211,VCS903,2019,0.0,114985.0
364212,VCS903,2020,2021522.0,753309.0
364213,VCS903,2021,0.0,366301.0
364214,VCS903,2022,0.0,479243.0
364215,VCS903,2023,332993.0,229587.0
364216,VCS903,2024,0.0,279113.0
364217,VCS903,2025,0.0,89449.0
364218,VCS903,2026,0.0,43129.0
364239,VCS904,2016,0.0,1642.0
364240,VCS904,2017,0.0,128.0
364241,VCS904,2018,0.0,310.0
364243,VCS904,2020,0.0,1.0
364275,VCS905,2021,489818.0,324426.0
364276,VCS905,2022,0.0,17882.0
364277,VCS905,2023,263092.0,36119.0
364278,VCS905,2024,172937.0,12748.0
364279,VCS905,2025,0.0,5581.0
364280,VCS905,2026,0.0,4998.0
364364,VCS908,2017,0.0,2750.0
364365,VCS908,2018,0.0,3300.0
364366,VCS908,2019,0.0,5375.0
364367,VCS908,2020,0.0,2305.0
364368,VCS908,2021,0.0,1502.0
364394,VCS909,2016,33015.0,44932.0
364395,VCS909,2017,0.0,33015.0
364400,VCS909,2022,45378.0,0.0
364402,VCS909,2024,39756.0,43858.0
364403,VCS909,2025,40308.0,1312.0
364404,VCS909,2026,43501.0,792.0
364429,VCS91,2020,0.0,160.0
364431,VCS91,2022,168395.0,33726.0
364432,VCS91,2023,0.0,53006.0
364433,VCS91,2024,0.0,58692.0
364434,VCS91,2025,0.0,21821.0
364435,VCS91,2026,0.0,1.0
364456,VCS910,2016,42074.0,52235.0
364457,VCS910,2017,0.0,13890.0
364459,VCS910,2019,179207.0,6920.0
364460,VCS910,2020,192532.0,24358.0
364461,VCS910,2021,0.0,33287.0
364462,VCS910,2022,84922.0,295732.0
364463,VCS910,2023,27815.0,36064.0
364464,VCS910,2024,126918.0,510.0
364465,VCS910,2025,100997.0,48082.0
364466,VCS910,2026,80769.0,203431.0
364487,VCS911,2016,247885.0,6259.0
364488,VCS911,2017,86186.0,133429.0
364489,VCS911,2018,162079.0,115363.0
364490,VCS911,2019,0.0,146558.0
364491,VCS911,2020,0.0,62694.0
364492,VCS911,2021,111058.0,134981.0
364493,VCS911,2022,125114.0,273.0
364494,VCS911,2023,0.0,135003.0
364495,VCS911,2024,79803.0,2233.0
364496,VCS911,2025,75849.0,6401.0
364497,VCS911,2026,0.0,36580.0
364524,VCS912,2022,271002.0,13329.0
364525,VCS912,2023,0.0,10316.0
364526,VCS912,2024,0.0,5707.0
364527,VCS912,2025,0.0,521.0
364528,VCS912,2026,0.0,2505.0
364549,VCS913,2016,0.0,689.0
364550,VCS913,2017,0.0,653.0
364551,VCS913,2018,0.0,653.0
364552,VCS913,2019,0.0,255.0
364554,VCS913,2021,0.0,384.0
364580,VCS914,2016,0.0,3410.0
364581,VCS914,2017,0.0,2690.0
364582,VCS914,2018,0.0,3410.0
364583,VCS914,2019,13863.0,12667.0
364584,VCS914,2020,0.0,1666.0
364585,VCS914,2021,0.0,4535.0
364587,VCS914,2023,12988.0,0.0
364588,VCS914,2024,0.0,4.0
364589,VCS914,2025,0.0,516.0
364611,VCS915,2016,0.0,22285.0
364612,VCS915,2017,0.0,98967.0
364613,VCS915,2018,0.0,159583.0
364614,VCS915,2019,0.0,3200.0
364615,VCS915,2020,0.0,14000.0
364616,VCS915,2021,0.0,1739.0
364678,VCS917,2021,827828.0,140100.0
364679,VCS917,2022,329859.0,415238.0
364680,VCS917,2023,0.0,124120.0
364681,VCS917,2024,0.0,43847.0
364682,VCS917,2025,0.0,20000.0
364766,VCS92,2016,0.0,42426.0
364767,VCS92,2017,0.0,43382.0
364768,VCS92,2018,0.0,203609.0
364769,VCS92,2019,0.0,92527.0
364770,VCS92,2020,3786364.0,2170250.0
364771,VCS92,2021,2697751.0,2178589.0
364772,VCS92,2022,4236288.0,1910529.0
364773,VCS92,2023,1276829.0,1013365.0
364774,VCS92,2024,0.0,606315.0
364775,VCS92,2025,2346049.0,339493.0
364776,VCS92,2026,0.0,727895.0
364801,VCS920,2020,267736.0,7031.0
364802,VCS920,2021,0.0,18462.0
364803,VCS920,2022,11161.0,1667.0
364804,VCS920,2023,406114.0,6983.0
364805,VCS920,2024,0.0,3.0
364806,VCS920,2025,0.0,5993.0
364833,VCS921,2021,775756.0,89606.0
364834,VCS921,2022,0.0,42774.0
364835,VCS921,2023,0.0,86960.0
364836,VCS921,2024,0.0,207611.0
364837,VCS921,2025,0.0,92371.0
364838,VCS921,2026,0.0,2557.0
364921,VCS924,2016,0.0,91.0
364922,VCS924,2017,0.0,175.0
364923,VCS924,2018,0.0,71.0
364924,VCS924,2019,0.0,60.0
364926,VCS924,2021,743544.0,546487.0
364927,VCS924,2022,0.0,90672.0
364928,VCS924,2023,0.0,24251.0
364929,VCS924,2024,0.0,64753.0
364930,VCS924,2025,0.0,14681.0
364931,VCS924,2026,0.0,48577.0
364957,VCS925,2021,27886.0,1824.0
364958,VCS925,2022,25850.0,38040.0
364959,VCS925,2023,0.0,1366.0
364960,VCS925,2024,7245.0,6342.0
364961,VCS925,2025,0.0,3095.0
364962,VCS925,2026,0.0,7245.0
364988,VCS926,2021,64018.0,11768.0
364989,VCS926,2022,0.0,50016.0
364990,VCS926,2023,0.0,739.0
364991,VCS926,2024,9481.0,600.0
364993,VCS926,2026,0.0,6912.0
365019,VCS927,2021,92883.0,9863.0
365020,VCS927,2022,62808.0,111406.0
365021,VCS927,2023,0.0,10136.0
365022,VCS927,2024,18520.0,0.0
365023,VCS927,2025,0.0,1208.0
365024,VCS927,2026,0.0,26200.0
365045,VCS928,2016,74471.0,13000.0
365051,VCS928,2022,342023.0,302665.0
365052,VCS928,2023,66950.0,7098.0
365053,VCS928,2024,57681.0,66917.0
365054,VCS928,2025,140710.0,214038.0
365055,VCS928,2026,0.0,8022.0
365076,VCS929,2016,53713.0,10013.0
365077,VCS929,2017,208198.0,10000.0
365079,VCS929,2019,580252.0,9455.0
365080,VCS929,2020,1009874.0,14489.0
365081,VCS929,2021,37704.0,210255.0
365082,VCS929,2022,0.0,192970.0
365083,VCS929,2023,0.0,207063.0
365084,VCS929,2024,2404918.0,163660.0
365085,VCS929,2025,1380891.0,205422.0
365086,VCS929,2026,578457.0,75848.0
365107,VCS93,2016,70479.0,128669.0
365108,VCS93,2017,558459.0,48390.0
365109,VCS93,2018,0.0,125206.0
365110,VCS93,2019,166408.0,285716.0
365111,VCS93,2020,500052.0,1050407.0
365112,VCS93,2021,0.0,245543.0
365113,VCS93,2022,271000.0,262624.0
365114,VCS93,2023,251283.0,120879.0
365115,VCS93,2024,0.0,48964.0
365116,VCS93,2025,0.0,132642.0
365117,VCS93,2026,0.0,38868.0
365262,VCS934,2016,0.0,137875.0
365263,VCS934,2017,10773562.0,91168.0
365264,VCS934,2018,0.0,118635.0
365265,VCS934,2019,0.0,4971.0
365266,VCS934,2020,0.0,13951.0
365267,VCS934,2021,0.0,1334959.0
365268,VCS934,2022,23703328.0,463922.0
365269,VCS934,2023,0.0,626059.0
365270,VCS934,2024,2904200.0,9140556.0
365271,VCS934,2025,2604452.0,7293486.0
365272,VCS934,2026,0.0,3182540.0
365293,VCS935,2016,0.0,1262.0
365294,VCS935,2017,0.0,1698.0
365295,VCS935,2018,96055.0,5646.0
365296,VCS935,2019,0.0,6094.0
365297,VCS935,2020,0.0,120353.0
365298,VCS935,2021,0.0,3147.0
365299,VCS935,2022,59746.0,46175.0
365300,VCS935,2023,0.0,13816.0
365329,VCS936,2021,0.0,27800.0
365330,VCS936,2022,0.0,3375.0
365331,VCS936,2023,0.0,4333.0
365332,VCS936,2024,0.0,488.0
365333,VCS936,2025,0.0,1804.0
365355,VCS937,2016,60359.0,29110.0
365356,VCS937,2017,42549.0,77855.0
365357,VCS937,2018,46816.0,896.0
365358,VCS937,2019,36829.0,6236.0
365359,VCS937,2020,0.0,58306.0
365360,VCS937,2021,0.0,36648.0
365361,VCS937,2022,0.0,3739.0
365391,VCS938,2021,17163.0,0.0
365392,VCS938,2022,0.0,1097.0
365393,VCS938,2023,0.0,168.0
365394,VCS938,2024,0.0,295.0
365480,VCS940,2017,4639.0,4639.0
365481,VCS940,2018,4531.0,0.0
365484,VCS940,2021,0.0,2000.0
365486,VCS940,2023,0.0,1287.0
365487,VCS940,2024,0.0,30.0
365488,VCS940,2025,0.0,9.0
365511,VCS941,2017,43165.0,0.0
365512,VCS941,2018,21277.0,0.0
365513,VCS941,2019,0.0,42470.0
365514,VCS941,2020,0.0,26336.0
365515,VCS941,2021,0.0,11366.0
365516,VCS941,2022,0.0,4024.0
365517,VCS941,2023,0.0,841.0
365518,VCS941,2024,0.0,2773.0
365519,VCS941,2025,0.0,167.0
365541,VCS942,2016,0.0,5.0
365572,VCS943,2016,25288.0,29860.0
365573,VCS943,2017,0.0,700.0
365574,VCS943,2018,0.0,48.0
365575,VCS943,2019,0.0,26.0
365576,VCS943,2020,0.0,16.0
365577,VCS943,2021,16057.0,0.0
365579,VCS943,2023,0.0,11991.0
365580,VCS943,2024,6113.0,0.0
365581,VCS943,2025,0.0,383.0
365582,VCS943,2026,0.0,40.0
365603,VCS944,2016,0.0,249508.0
365604,VCS944,2017,1576998.0,466086.0
365605,VCS944,2018,1227770.0,675364.0
365606,VCS944,2019,1028498.0,1018362.0
365607,VCS944,2020,0.0,239165.0
365608,VCS944,2021,889110.0,259089.0
365609,VCS944,2022,0.0,276144.0
365610,VCS944,2023,0.0,1755257.0
365611,VCS944,2024,0.0,766198.0
365612,VCS944,2025,0.0,46069.0
365634,VCS945,2016,0.0,11579.0
365635,VCS945,2017,0.0,38015.0
365636,VCS945,2018,0.0,82201.0
365637,VCS945,2019,0.0,62619.0
365638,VCS945,2020,0.0,207828.0
365639,VCS945,2021,0.0,33518.0
365640,VCS945,2022,0.0,7104.0
365641,VCS945,2023,0.0,11369.0
365642,VCS945,2024,0.0,10105.0
365698,VCS947,2018,0.0,12063.0
365699,VCS947,2019,462007.0,137732.0
365700,VCS947,2020,141913.0,267404.0
365701,VCS947,2021,46157.0,17553.0
365702,VCS947,2022,78469.0,49086.0
365703,VCS947,2023,0.0,68159.0
365704,VCS947,2024,65494.0,45773.0
365705,VCS947,2025,0.0,167265.0
365706,VCS947,2026,0.0,384.0
365885,VCS952,2019,0.0,50000.0
365913,VCS953,2016,11706.0,0.0
365919,VCS953,2022,70691.0,0.0
365945,VCS954,2017,0.0,1240.0
365946,VCS954,2018,0.0,53657.0
365947,VCS954,2019,0.0,82760.0
365949,VCS954,2021,248579.0,16230.0
365950,VCS954,2022,150518.0,0.0
365951,VCS954,2023,0.0,132768.0
365952,VCS954,2024,0.0,17232.0
366010,VCS956,2020,6390.0,0.0
366014,VCS956,2024,0.0,6390.0
366037,VCS957,2016,0.0,9949.0
366038,VCS957,2017,0.0,16140.0
366039,VCS957,2018,0.0,3552.0
366040,VCS957,2019,0.0,161.0
366041,VCS957,2020,0.0,37.0
366043,VCS957,2022,0.0,6.0
366068,VCS958,2016,146032.0,0.0
366069,VCS958,2017,0.0,51642.0
366071,VCS958,2019,0.0,50000.0
366072,VCS958,2020,0.0,1115.0
366073,VCS958,2021,430258.0,240200.0
366074,VCS958,2022,0.0,33172.0
366075,VCS958,2023,0.0,153242.0
366077,VCS958,2025,0.0,41666.0
366100,VCS959,2017,352917.0,18290.0
366101,VCS959,2018,43690.0,114110.0
366102,VCS959,2019,1072425.0,435650.0
366103,VCS959,2020,187889.0,874585.0
366104,VCS959,2021,5574668.0,1310380.0
366105,VCS959,2022,0.0,1062519.0
366106,VCS959,2023,0.0,666358.0
366107,VCS959,2024,0.0,916064.0
366108,VCS959,2025,0.0,283074.0
366109,VCS959,2026,0.0,137375.0
366165,VCS960,2020,2624256.0,311271.0
366166,VCS960,2021,0.0,1003683.0
366167,VCS960,2022,0.0,85224.0
366168,VCS960,2023,3188691.0,93559.0
366169,VCS960,2024,0.0,252902.0
366170,VCS960,2025,0.0,1033763.0
366171,VCS960,2026,0.0,487172.0
366192,VCS961,2016,0.0,20301.0
366193,VCS961,2017,0.0,10.0
366194,VCS961,2018,1103673.0,8715.0
366195,VCS961,2019,0.0,147011.0
366196,VCS961,2020,0.0,145718.0
366197,VCS961,2021,0.0,23801.0
366198,VCS961,2022,0.0,120675.0
366199,VCS961,2023,613339.0,222240.0
366200,VCS961,2024,0.0,222581.0
366201,VCS961,2025,0.0,300322.0
366202,VCS961,2026,3137.0,89170.0
366223,VCS962,2016,0.0,15418.0
366224,VCS962,2017,0.0,23495.0
366225,VCS962,2018,0.0,642.0
366226,VCS962,2019,0.0,2472.0
366227,VCS962,2020,0.0,5001.0
366228,VCS962,2021,0.0,62665.0
366229,VCS962,2022,0.0,84107.0
366230,VCS962,2023,0.0,36818.0
366231,VCS962,2024,0.0,50133.0
366232,VCS962,2025,3339006.0,1121.0
366233,VCS962,2026,0.0,92.0
366254,VCS963,2016,90921.0,56297.0
366255,VCS963,2017,0.0,70750.0
366256,VCS963,2018,98882.0,30956.0
366257,VCS963,2019,105177.0,108821.0
366258,VCS963,2020,0.0,33449.0
366259,VCS963,2021,0.0,64262.0
366260,VCS963,2022,282367.0,0.0
366261,VCS963,2023,0.0,239445.0
366262,VCS963,2024,0.0,42972.0
366285,VCS964,2016,0.0,19406.0
366286,VCS964,2017,0.0,12263.0
366287,VCS964,2018,0.0,45684.0
366289,VCS964,2020,0.0,1124.0
366291,VCS964,2022,453882.0,32344.0
366292,VCS964,2023,0.0,92232.0
366293,VCS964,2024,0.0,46935.0
366294,VCS964,2025,0.0,214314.0
366295,VCS964,2026,0.0,36956.0
366325,VCS965,2025,2232.0,0.0
366378,VCS967,2016,0.0,92303.0
366409,VCS968,2016,0.0,2656.0
366410,VCS968,2017,0.0,2740.0
366411,VCS968,2018,0.0,818.0
366412,VCS968,2019,0.0,273.0
366415,VCS968,2022,0.0,4005.0
366440,VCS969,2016,0.0,493.0
366441,VCS969,2017,0.0,99.0
366446,VCS969,2022,847253.0,0.0
366447,VCS969,2023,0.0,46743.0
366448,VCS969,2024,0.0,1767.0
366477,VCS97,2022,98593.0,71.0
366478,VCS97,2023,25666.0,74721.0
366479,VCS97,2024,0.0,11224.0
366480,VCS97,2025,0.0,4151.0
366481,VCS97,2026,0.0,1913.0
366502,VCS970,2016,0.0,12586.0
366539,VCS971,2022,186159.0,101744.0
366540,VCS971,2023,0.0,112.0
366541,VCS971,2024,0.0,363.0
366542,VCS971,2025,0.0,161.0
366543,VCS971,2026,0.0,13.0
366602,VCS973,2023,291896.0,97027.0
366603,VCS973,2024,0.0,66605.0
366604,VCS973,2025,0.0,10431.0
366605,VCS973,2026,0.0,96975.0
366626,VCS974,2016,0.0,21760.0
366627,VCS974,2017,0.0,1617.0
366628,VCS974,2018,64014.0,66815.0
366629,VCS974,2019,0.0,1150.0
366632,VCS974,2022,38626.0,38891.0
366633,VCS974,2023,67348.0,32.0
366634,VCS974,2024,0.0,11389.0
366635,VCS974,2025,0.0,29080.0
366636,VCS974,2026,0.0,26879.0
366659,VCS975,2018,421666.0,0.0
366660,VCS975,2019,0.0,111114.0
366661,VCS975,2020,102459.0,188729.0
366662,VCS975,2021,0.0,169000.0
366663,VCS975,2022,0.0,40242.0
366665,VCS975,2024,0.0,3660.0
366666,VCS975,2025,0.0,4348.0
366667,VCS975,2026,0.0,7030.0
366695,VCS976,2023,0.0,10946.0
366719,VCS977,2016,0.0,116699.0
366720,VCS977,2017,0.0,223302.0
366721,VCS977,2018,0.0,230889.0
366722,VCS977,2019,2862792.0,566544.0
366723,VCS977,2020,2857639.0,2494420.0
366724,VCS977,2021,0.0,1755034.0
366725,VCS977,2022,0.0,644796.0
366726,VCS977,2023,0.0,272934.0
366727,VCS977,2024,0.0,157258.0
366728,VCS977,2025,0.0,22776.0
366729,VCS977,2026,0.0,7213.0
366817,VCS98,2021,50978.0,8612.0
366818,VCS98,2022,0.0,6337.0
366819,VCS98,2023,0.0,6897.0
366822,VCS98,2026,0.0,47850.0
366874,VCS981,2016,0.0,3687.0
366875,VCS981,2017,0.0,9248.0
366876,VCS981,2018,0.0,30105.0
366877,VCS981,2019,0.0,30004.0
366878,VCS981,2020,3171649.0,116482.0
366879,VCS981,2021,6411095.0,1454616.0
366880,VCS981,2022,0.0,1559118.0
366881,VCS981,2023,0.0,1636115.0
366882,VCS981,2024,0.0,2035670.0
366883,VCS981,2025,0.0,430625.0
366884,VCS981,2026,0.0,145664.0
366909,VCS982,2020,1407860.0,753060.0
366910,VCS982,2021,0.0,418423.0
366911,VCS982,2022,0.0,1552.0
366912,VCS982,2023,0.0,1318.0
366913,VCS982,2024,0.0,28154.0
366914,VCS982,2025,0.0,93781.0
366915,VCS982,2026,0.0,69879.0
366936,VCS983,2016,7331.0,0.0
366937,VCS983,2017,41613.0,0.0
366941,VCS983,2021,0.0,2.0
366998,VCS985,2016,0.0,5868.0
366999,VCS985,2017,0.0,10994.0
367000,VCS985,2018,4145528.0,296326.0
367001,VCS985,2019,15322772.0,466703.0
367002,VCS985,2020,0.0,1426518.0
367003,VCS985,2021,0.0,5365972.0
367004,VCS985,2022,0.0,2588234.0
367005,VCS985,2023,11371671.0,5361273.0
367006,VCS985,2024,0.0,166718.0
367007,VCS985,2025,0.0,59558.0
367008,VCS985,2026,0.0,4755.0
367031,VCS986,2018,0.0,75358.0
367032,VCS986,2019,234277.0,97451.0
367033,VCS986,2020,0.0,6047.0
367034,VCS986,2021,0.0,47148.0
367035,VCS986,2022,0.0,2138.0
367036,VCS986,2023,83484.0,57924.0
367037,VCS986,2024,0.0,113641.0
367039,VCS986,2026,0.0,6978.0
367060,VCS987,2016,4640.0,2638.0
367061,VCS987,2017,0.0,1593.0
367063,VCS987,2019,347515.0,1015.0
367064,VCS987,2020,0.0,54461.0
367065,VCS987,2021,0.0,54656.0
367066,VCS987,2022,414333.0,307099.0
367067,VCS987,2023,0.0,150936.0
367068,VCS987,2024,371861.0,166096.0
367069,VCS987,2025,0.0,231700.0
367070,VCS987,2026,0.0,53436.0
367277,VCS993,2016,0.0,3563.0
367279,VCS993,2018,464116.0,0.0
367280,VCS993,2019,0.0,103745.0
367281,VCS993,2020,111073.0,208861.0
367282,VCS993,2021,0.0,219286.0
367283,VCS993,2022,0.0,15842.0
367284,VCS993,2023,0.0,4814.0
367285,VCS993,2024,0.0,11868.0
367286,VCS993,2025,0.0,8021.0
367287,VCS993,2026,0.0,122.0
367308,VCS994,2016,0.0,5193.0
367309,VCS994,2017,0.0,6373.0
367310,VCS994,2018,93207.0,74.0
367311,VCS994,2019,0.0,6000.0
367312,VCS994,2020,0.0,25083.0
367313,VCS994,2021,98536.0,43129.0
367314,VCS994,2022,0.0,8469.0
367315,VCS994,2023,0.0,28340.0
367316,VCS994,2024,0.0,33245.0
367317,VCS994,2025,12333.0,26650.0
367318,VCS994,2026,0.0,1330.0
367339,VCS995,2016,0.0,28579.0
367340,VCS995,2017,96491.0,0.0
367341,VCS995,2018,0.0,67231.0
367342,VCS995,2019,0.0,19610.0
367344,VCS995,2021,43372.0,23605.0
367345,VCS995,2022,0.0,5618.0
367346,VCS995,2023,0.0,6800.0
367347,VCS995,2024,0.0,4454.0
367371,VCS996,2017,115398.0,0.0
367372,VCS996,2018,0.0,89000.0
367373,VCS996,2019,0.0,11903.0
367374,VCS996,2020,0.0,4337.0
367375,VCS996,2021,119453.0,5462.0
367376,VCS996,2022,0.0,82000.0
367377,VCS996,2023,0.0,17804.0
367378,VCS996,2024,0.0,20345.0
367379,VCS996,2025,0.0,4000.0
367407,VCS997,2022,1403754.0,0.0
367408,VCS997,2023,0.0,239795.0
367409,VCS997,2024,0.0,279834.0
367410,VCS997,2025,0.0,89918.0
367498,VCSOPR10,2020,78497.0,78497.0
367526,VCSOPR2,2017,298891.0,298891.0
