,Project ID,Year,Quantity,Record ID
237125,ACR0109,2016,1118.0,237126
237129,ACR0113,2016,500.0,237130
237130,ACR0114,2016,100160.0,237131
237141,ACR0126,2016,310599.0,237142
237145,ACR0130,2016,1198.0,237146
237149,ACR0134,2016,28.0,237150
237150,ACR0135,2016,1026.0,237151
237151,ACR0136,2016,3276.0,237152
237156,ACR0141,2016,1223.0,237157
237157,ACR0142,2016,276.0,237158
237159,ACR0144,2016,473.0,237160
237162,ACR0147,2016,947.0,237163
237164,ACR0149,2016,1109.0,237165
237165,ACR0150,2016,3.0,237166
237166,ACR0151,2016,137.0,237167
237167,ACR0152,2016,2.0,237168
237169,ACR0154,2016,2568.0,237170
237170,ACR0155,2016,576.0,237171
237171,ACR0156,2016,1945.0,237172
237172,ACR0157,2016,6966.0,237173
237173,ACR0158,2016,92.0,237174
237272,ACR0272,2016,122500.0,237273
237308,ACR0310,2016,5848.0,237309
238149,CAR102,2016,208314.0,238150
238152,CAR397,2016,700.0,238153
238153,CAR398,2016,109336.0,238154
238154,CAR399,2016,8605.0,238155
238155,CAR400,2016,222595.0,238156
238158,CAR406,2016,47517.0,238159
238159,CAR408,2016,175232.0,238160
238160,CAR409,2016,36235.0,238161
238161,CAR411,2016,15733.0,238162
238163,CAR416,2016,24523.0,238164
238166,CAR422,2016,45566.0,238167
238167,CAR423,2016,14028.0,238168
238172,CAR432,2016,20239.0,238173
238173,CAR434,2016,10997.0,238174
238177,CAR439,2016,6056.0,238178
238179,CAR441,2016,2208.0,238180
238180,CAR443,2016,65000.0,238181
238181,CAR444,2016,910.0,238182
238182,CAR445,2016,49351.0,238183
238184,CAR449,2016,718.0,238185
238185,CAR450,2016,295.0,238186
238186,CAR451,2016,29134.0,238187
238188,CAR454,2016,23089.0,238189
238189,CAR455,2016,28744.0,238190
238190,CAR456,2016,1859.0,238191
238191,CAR457,2016,21459.0,238192
238193,CAR462,2016,41930.0,238194
238196,CAR465,2016,77155.0,238197
238197,CAR466,2016,69584.0,238198
238199,CAR468,2016,62287.0,238200
238200,CAR469,2016,11344.0,238201
238204,CAR475,2016,34065.0,238205
238205,CAR476,2016,39430.0,238206
238210,CAR481,2016,200719.0,238211
238212,CAR483,2016,8605.0,238213
238218,CAR490,2016,38.0,238219
238222,CAR497,2016,14523.0,238223
238223,CAR498,2016,51528.0,238224
238225,CAR502,2016,143945.0,238226
238226,CAR503,2016,10933.0,238227
238227,CAR504,2016,5088.0,238228
238231,CAR509,2016,5412.0,238232
238232,CAR512,2016,103843.0,238233
238238,CAR521,2016,25000.0,238239
238240,CAR531,2016,9910.0,238241
238244,CAR540,2016,2452.0,238245
238245,CAR545,2016,52833.0,238246
238247,CAR551,2016,66905.0,238248
238248,CAR557,2016,2422.0,238249
238250,CAR560,2016,27712.0,238251
238252,CAR574,2016,12997.0,238253
238253,CAR575,2016,1889.0,238254
238255,CAR578,2016,131.0,238256
238258,CAR588,2016,83057.0,238259
238259,CAR589,2016,50.0,238260
238260,CAR590,2016,885.0,238261
238275,CAR621,2016,70506.0,238276
238281,CAR635,2016,168191.0,238282
238282,CAR639,2016,1025618.0,238283
238283,CAR644,2016,89.0,238284
238290,CAR659,2016,10889.0,238291
238294,CAR674,2016,95888.0,238295
238299,CAR688,2016,5830.0,238300
238300,CAR691,2016,77000.0,238301
238301,CAR694,2016,1933.0,238302
238302,CAR696,2016,4338.0,238303
238304,CAR730,2016,63030.0,238305
238308,CAR764,2016,29849.0,238309
238312,CAR772,2016,10527.0,238313
238313,CAR773,2016,24839.0,238314
238315,CAR776,2016,10709.0,238316
238323,CAR790,2016,79200.0,238324
238329,CAR801,2016,3780.0,238330
238330,CAR802,2016,5793.0,238331
238334,CAR807,2016,26302.0,238335
238335,CAR811,2016,108681.0,238336
238336,CAR812,2016,27779.0,238337
238338,CAR814,2016,607.0,238339
238340,CAR817,2016,26311.0,238341
238343,CAR824,2016,30408.0,238344
238344,CAR825,2016,7500.0,238345
238346,CAR829,2016,6843.0,238347
238353,CAR838,2016,31662.0,238354
238356,CAR844,2016,31000.0,238357
238358,CAR866,2016,19483.0,238359
238360,CAR878,2016,66912.0,238361
238361,CAR880,2016,72101.0,238362
238362,CAR881,2016,55914.0,238363
238365,CAR886,2016,49718.0,238366
238366,CAR887,2016,53415.0,238367
238367,CAR888,2016,18758.0,238368
238374,CAR911,2016,4006.0,238375
238379,CAR935,2016,2754.0,238380
238385,CAR949,2016,542.0,238386
238404,CAR988,2016,9059.0,238405
238411,CAR996,2016,14727.0,238412
238413,CAR998,2016,7930.0,238414
238421,CAR1008,2016,10153.0,238422
238422,CAR1009,2016,107781.0,238423
238437,CAR1027,2016,117814.0,238438
238488,CAR1094,2016,37000.0,238489
238490,CAR1096,2016,25.0,238491
239432,GS338,2016,758.0,239433
239433,GS340,2016,791.0,239434
239436,GS347,2016,32545.0,239437
239438,GS352,2016,116301.0,239439
239439,GS353,2016,785.0,239440
239441,GS367,2016,1030.0,239442
239442,GS368,2016,28351.0,239443
239443,GS369,2016,19605.0,239444
239451,GS397,2016,7984.0,239452
239452,GS398,2016,64029.0,239453
239453,GS399,2016,12521.0,239454
239456,GS407,2016,376413.0,239457
239460,GS413,2016,101965.0,239461
239461,GS414,2016,115954.0,239462
239465,GS423,2016,1495.0,239466
239467,GS436,2016,27935.0,239468
239468,GS437,2016,1264.0,239469
239469,GS438,2016,5396.0,239470
239470,GS439,2016,18256.0,239471
239471,GS440,2016,108051.0,239472
239473,GS445,2016,58877.0,239474
239474,GS447,2016,589508.0,239475
239475,GS449,2016,3169.0,239476
239482,GS464,2016,129499.0,239483
239483,GS467,2016,936.0,239484
239485,GS472,2016,293858.0,239486
239488,GS481,2016,50.0,239489
239491,GS493,2016,6526.0,239492
239492,GS500,2016,14965.0,239493
239493,GS503,2016,10936.0,239494
239494,GS504,2016,27390.0,239495
239495,GS505,2016,46513.0,239496
239496,GS513,2016,4811.0,239497
239497,GS514,2016,1881.0,239498
239499,GS518,2016,5630.0,239500
239505,GS554,2016,25603.0,239506
239510,GS566,2016,35836.0,239511
239517,GS577,2016,898.0,239518
239523,GS601,2016,51456.0,239524
239524,GS605,2016,5394.0,239525
239527,GS609,2016,62.0,239528
239529,GS612,2016,122784.0,239530
239530,GS613,2016,1227.0,239531
239534,GS617,2016,77288.0,239535
239541,GS633,2016,96174.0,239542
239542,GS634,2016,11573.0,239543
239543,GS635,2016,18067.0,239544
239544,GS636,2016,32433.0,239545
239545,GS637,2016,1227.0,239546
239546,GS638,2016,2500.0,239547
239547,GS642,2016,40000.0,239548
239553,GS655,2016,5932.0,239554
239557,GS663,2016,6801.0,239558
239558,GS666,2016,3519.0,239559
239561,GS672,2016,99992.0,239562
239564,GS683,2016,3750.0,239565
239565,GS685,2016,9116.0,239566
239568,GS689,2016,225.0,239569
239569,GS690,2016,609.0,239570
239572,GS702,2016,548.0,239573
239573,GS707,2016,238655.0,239574
239578,GS716,2016,105.0,239579
239583,GS730,2016,1932.0,239584
239591,GS748,2016,1266.0,239592
239593,GS750,2016,81992.0,239594
239594,GS751,2016,118408.0,239595
239595,GS753,2016,38738.0,239596
239601,GS769,2016,96551.0,239602
239610,GS784,2016,3047.0,239611
239624,GS816,2016,51669.0,239625
239625,GS817,2016,91.0,239626
239627,GS824,2016,8746.0,239628
239628,GS825,2016,11.0,239629
239635,GS835,2016,35000.0,239636
239639,GS843,2016,36570.0,239640
239645,GS850,2016,25780.0,239646
239659,GS872,2016,2679.0,239660
239664,GS879,2016,77831.0,239665
239666,GS883,2016,3352.0,239667
239668,GS886,2016,485680.0,239669
239669,GS887,2016,18840.0,239670
239674,GS905,2016,16144.0,239675
239675,GS906,2016,86365.0,239676
239690,GS931,2016,16.0,239691
239695,GS947,2016,4731.0,239696
239696,GS949,2016,139763.0,239697
239700,GS955,2016,296.0,239701
239704,GS963,2016,61841.0,239705
239705,GS966,2016,179736.0,239706
239708,GS971,2016,247503.0,239709
239711,GS976,2016,4782.0,239712
239712,GS977,2016,1289.0,239713
239717,GS986,2016,1706.0,239718
239718,GS987,2016,974.0,239719
239719,GS988,2016,6767.0,239720
239722,GS991,2016,27.0,239723
239723,GS992,2016,6575.0,239724
239724,GS993,2016,539.0,239725
239731,GS1006,2016,467.0,239732
239734,GS1013,2016,63225.0,239735
239740,GS1020,2016,93606.0,239741
239747,GS1027,2016,42.0,239748
239749,GS1029,2016,24666.0,239750
239750,GS1030,2016,4161.0,239751
239751,GS1031,2016,10308.0,239752
239754,GS1034,2016,109737.0,239755
239757,GS1038,2016,36.0,239758
239758,GS1039,2016,629.0,239759
239759,GS1040,2016,1098.0,239760
239761,GS1042,2016,56882.0,239762
239762,GS1044,2016,13247.0,239763
239766,GS1049,2016,27836.0,239767
239773,GS1061,2016,12171.0,239774
239780,GS1072,2016,65891.0,239781
239787,GS1083,2016,230543.0,239788
239798,GS1098,2016,50.0,239799
239800,GS1101,2016,7500.0,239801
239802,GS1103,2016,687.0,239803
239825,GS1147,2016,21.0,239826
239827,GS1161,2016,678.0,239828
239831,GS1167,2016,1988.0,239832
239836,GS1174,2016,56634.0,239837
239838,GS1178,2016,28603.0,239839
239846,GS1191,2016,296.0,239847
239869,GS1228,2016,75607.0,239870
239872,GS1231,2016,3339.0,239873
239876,GS1237,2016,3319.0,239877
239883,GS1244,2016,20100.0,239884
239886,GS1248,2016,8206.0,239887
239887,GS1249,2016,8501.0,239888
239889,GS1253,2016,3729.0,239890
239892,GS1267,2016,1670.0,239893
239909,GS1306,2016,734.0,239910
239913,GS1310,2016,8500.0,239914
239914,GS1311,2016,13507.0,239915
239915,GS1312,2016,16113.0,239916
239916,GS1313,2016,1360.0,239917
239917,GS1314,2016,9045.0,239918
239918,GS1315,2016,12527.0,239919
239923,GS1321,2016,73673.0,239924
239931,GS1332,2016,9780.0,239932
239933,GS1334,2016,3465.0,239934
239950,GS1359,2016,11863.0,239951
239953,GS1364,2016,378.0,239954
239954,GS1365,2016,1015.0,239955
240038,GS2091,2016,24898.0,240039
240039,GS2092,2016,29364.0,240040
240041,GS2094,2016,1906.0,240042
240042,GS2095,2016,9210.0,240043
240060,GS2396,2016,12588.0,240061
240087,GS2435,2016,3591.0,240088
240093,GS2442,2016,38017.0,240094
240104,GS2460,2016,94785.0,240105
240115,GS2479,2016,18130.0,240116
240116,GS2480,2016,7223.0,240117
240117,GS2481,2016,8378.0,240118
240130,GS2499,2016,11597.0,240131
240132,GS2501,2016,52400.0,240133
240134,GS2503,2016,10007.0,240135
240145,GS2519,2016,62469.0,240146
240146,GS2520,2016,63098.0,240147
240152,GS2534,2016,890.0,240153
240165,GS2553,2016,114575.0,240166
240192,GS2588,2016,83227.0,240193
240214,GS2678,2016,8600.0,240215
240216,GS2680,2016,2872.0,240217
240218,GS2682,2016,10500.0,240219
240221,GS2685,2016,10000.0,240222
240245,GS2751,2016,1000.0,240246
240246,GS2758,2016,13727.0,240247
240249,GS2765,2016,8615.0,240250
240254,GS2891,2016,8724.0,240255
240255,GS2892,2016,16.0,240256
240256,GS2893,2016,16.0,240257
240257,GS2894,2016,7.0,240258
240258,GS2895,2016,100.0,240259
240260,GS2898,2016,46892.0,240261
240263,GS2913,2016,8978.0,240264
240264,GS2940,2016,32210.0,240265
240265,GS2951,2016,3275.0,240266
240266,GS2990,2016,1914.0,240267
240273,GS3018,2016,5830.0,240274
240282,GS3039,2016,39440.0,240283
240284,GS3071,2016,2493.0,240285
240287,GS3078,2016,2370.0,240288
240292,GS3106,2016,15883.0,240293
240293,GS3107,2016,2685.0,240294
240315,GS3305,2016,3.0,240316
240324,GS3344,2016,44100.0,240325
240328,GS3363,2016,33512.0,240329
240329,GS3364,2016,2753.0,240330
240330,GS3365,2016,23277.0,240331
240355,GS3430,2016,7284.0,240356
240356,GS3431,2016,5180.0,240357
240357,GS3432,2016,5941.0,240358
240358,GS3433,2016,2576.0,240359
240361,GS3444,2016,6908.0,240362
240365,GS3448,2016,100.0,240366
240369,GS3482,2016,4895.0,240370
240395,GS3544,2016,8401.0,240396
240401,GS3560,2016,14509.0,240402
240402,GS3561,2016,15158.0,240403
240403,GS3563,2016,5000.0,240404
240426,GS3618,2016,1009.0,240427
240427,GS3619,2016,1726.0,240428
240428,GS3620,2016,1259.0,240429
240478,GS4203,2016,1251.0,240479
240494,GS4260,2016,10311.0,240495
240720,GS5404,2016,50000.0,240721
243695,VCS5,2016,10373.0,243696
243700,VCS10,2016,1619.0,243701
243704,VCS14,2016,33372.0,243705
243705,VCS15,2016,44944.0,243706
243721,VCS33,2016,25145.0,243722
243722,VCS34,2016,269.0,243723
243740,VCS52,2016,4843.0,243741
243741,VCS53,2016,1112.0,243742
243742,VCS54,2016,13250.0,243743
243743,VCS55,2016,1600.0,243744
243747,VCS59,2016,334.0,243748
243748,VCS60,2016,21813.0,243749
243751,VCS63,2016,332.0,243752
243752,VCS64,2016,51875.0,243753
243754,VCS66,2016,12040.0,243755
243760,VCS72,2016,26346.0,243761
243764,VCS77,2016,50099.0,243765
243765,VCS78,2016,1652.0,243766
243769,VCS82,2016,6113.0,243770
243770,VCS83,2016,20697.0,243771
243777,VCS90,2016,2048.0,243778
243779,VCS92,2016,42426.0,243780
243780,VCS93,2016,128669.0,243781
243806,VCS120,2016,312.0,243807
243813,VCS128,2016,11628.0,243814
243815,VCS130,2016,616.0,243816
243816,VCS131,2016,23400.0,243817
243817,VCS132,2016,152.0,243818
243823,VCS138,2016,176301.0,243824
243826,VCS141,2016,2454.0,243827
243827,VCS142,2016,1428.0,243828
243828,VCS143,2016,2710.0,243829
243829,VCS144,2016,260777.0,243830
243832,VCS147,2016,8.0,243833
243840,VCS155,2016,8769.0,243841
243843,VCS158,2016,103858.0,243844
243844,VCS159,2016,49599.0,243845
243850,VCS166,2016,36714.0,243851
243851,VCS167,2016,54259.0,243852
243857,VCS173,2016,1855752.0,243858
243858,VCS174,2016,30486.0,243859
243859,VCS175,2016,24514.0,243860
243865,VCS181,2016,102369.0,243866
243869,VCS185,2016,49.0,243870
243878,VCS196,2016,11258.0,243879
243879,VCS197,2016,83851.0,243880
243883,VCS201,2016,10000.0,243884
243886,VCS204,2016,98003.0,243887
243890,VCS208,2016,54343.0,243891
243892,VCS210,2016,168613.0,243893
243893,VCS211,2016,169324.0,243894
243896,VCS214,2016,10385.0,243897
243899,VCS217,2016,236040.0,243900
243901,VCS219,2016,25918.0,243902
243920,VCS238,2016,1296.0,243921
243926,VCS244,2016,168.0,243927
243931,VCS249,2016,74129.0,243932
243932,VCS250,2016,23240.0,243933
243933,VCS251,2016,103493.0,243934
243937,VCS255,2016,38789.0,243938
243938,VCS256,2016,360.0,243939
243943,VCS261,2016,39404.0,243944
243946,VCS264,2016,4000.0,243947
243963,VCS281,2016,4822.0,243964
243965,VCS283,2016,30029.0,243966
243968,VCS286,2016,4432.0,243969
243970,VCS288,2016,6799.0,243971
243971,VCS289,2016,42.0,243972
243985,VCS303,2016,4980.0,243986
243999,VCS318,2016,55520.0,244000
244003,VCS322,2016,1489.0,244004
244004,VCS323,2016,1547.0,244005
244005,VCS324,2016,72368.0,244006
244007,VCS326,2016,9.0,244008
244021,VCS340,2016,2000.0,244022
244023,VCS342,2016,3511.0,244024
244035,VCS354,2016,22247.0,244036
244051,VCS370,2016,5991.0,244052
244057,VCS376,2016,13011.0,244058
244058,VCS377,2016,12826.0,244059
244061,VCS380,2016,11008.0,244062
244062,VCS381,2016,570.0,244063
244065,VCS384,2016,44615.0,244066
244069,VCS388,2016,6656.0,244070
244084,VCS403,2016,102775.0,244085
244085,VCS404,2016,1350.0,244086
244086,VCS405,2016,290.0,244087
244088,VCS407,2016,4743.0,244089
244090,VCS409,2016,6615.0,244091
244092,VCS411,2016,38012.0,244093
244093,VCS412,2016,190254.0,244094
244096,VCS415,2016,30000.0,244097
244097,VCS416,2016,37851.0,244098
244098,VCS417,2016,4000.0,244099
244106,VCS425,2016,945.0,244107
244107,VCS426,2016,6726.0,244108
244108,VCS427,2016,25000.0,244109
244110,VCS429,2016,158385.0,244111
244111,VCS430,2016,128257.0,244112
244115,VCS434,2016,13985.0,244116
244119,VCS438,2016,442513.0,244120
244121,VCS440,2016,1022.0,244122
244125,VCS444,2016,9.0,244126
244127,VCS446,2016,8097.0,244128
244129,VCS448,2016,26833.0,244130
244131,VCS450,2016,18567.0,244132
244136,VCS455,2016,7615.0,244137
244149,VCS468,2016,1650.0,244150
244153,VCS472,2016,19429.0,244154
244165,VCS484,2016,218.0,244166
244168,VCS487,2016,31984.0,244169
244169,VCS488,2016,105190.0,244170
244170,VCS489,2016,177040.0,244171
244171,VCS490,2016,327.0,244172
244178,VCS497,2016,51218.0,244179
244182,VCS501,2016,582.0,244183
244190,VCS509,2016,12.0,244191
244191,VCS510,2016,4063.0,244192
244194,VCS513,2016,343616.0,244195
244195,VCS514,2016,6555.0,244196
244202,VCS521,2016,17557.0,244203
244203,VCS522,2016,298.0,244204
244205,VCS524,2016,19413.0,244206
244211,VCS530,2016,12807.0,244212
244216,VCS535,2016,23751.0,244217
244217,VCS536,2016,44186.0,244218
244239,VCS558,2016,10000.0,244240
244243,VCS562,2016,114843.0,244244
244253,VCS572,2016,15731.0,244254
244255,VCS574,2016,23674.0,244256
244257,VCS576,2016,21912.0,244258
244259,VCS578,2016,31453.0,244260
244266,VCS585,2016,13.0,244267
244267,VCS586,2016,191.0,244268
244268,VCS587,2016,10278.0,244269
244270,VCS589,2016,8602.0,244271
244275,VCS594,2016,26012.0,244276
244276,VCS595,2016,1061.0,244277
244279,VCS598,2016,26.0,244280
244283,VCS602,2016,152.0,244284
244284,VCS603,2016,113.0,244285
244288,VCS607,2016,2592.0,244289
244291,VCS610,2016,4869.0,244292
244293,VCS612,2016,543568.0,244294
244299,VCS618,2016,142072.0,244300
244308,VCS627,2016,510.0,244309
244316,VCS635,2016,411.0,244317
244318,VCS637,2016,69.0,244319
244320,VCS639,2016,7890.0,244321
244321,VCS640,2016,10000.0,244322
244322,VCS641,2016,85504.0,244323
244328,VCS647,2016,400.0,244329
244329,VCS648,2016,26768.0,244330
244331,VCS650,2016,10000.0,244332
244346,VCS665,2016,13.0,244347
244347,VCS666,2016,199.0,244348
244350,VCS669,2016,100000.0,244351
244353,VCS672,2016,90301.0,244354
244354,VCS673,2016,102224.0,244355
244355,VCS674,2016,1043002.0,244356
244363,VCS682,2016,1424.0,244364
244366,VCS685,2016,20562.0,244367
244367,VCS686,2016,3188.0,244368
244369,VCS688,2016,32729.0,244370
244370,VCS689,2016,315.0,244371
244374,VCS693,2016,8000.0,244375
244378,VCS697,2016,4288.0,244379
244384,VCS703,2016,399.0,244385
244385,VCS704,2016,5114.0,244386
244387,VCS706,2016,66792.0,244388
244390,VCS709,2016,12163.0,244391
244393,VCS713,2016,3414.0,244394
244406,VCS726,2016,8483.0,244407
244408,VCS728,2016,47050.0,244409
244409,VCS729,2016,3111.0,244410
244411,VCS731,2016,98.0,244412
244413,VCS733,2016,87.0,244414
244414,VCS734,2016,60828.0,244415
244415,VCS735,2016,19172.0,244416
244420,VCS740,2016,1000.0,244421
244428,VCS749,2016,495.0,244429
244429,VCS750,2016,516.0,244430
244430,VCS751,2016,31233.0,244431
244432,VCS753,2016,13958.0,244433
244441,VCS762,2016,24991.0,244442
244445,VCS766,2016,12603.0,244446
244446,VCS767,2016,1027.0,244447
244450,VCS771,2016,32000.0,244451
244459,VCS780,2016,106757.0,244460
244462,VCS783,2016,10000.0,244463
244465,VCS786,2016,826637.0,244466
244467,VCS788,2016,118155.0,244468
244469,VCS790,2016,13369.0,244470
244470,VCS791,2016,8596.0,244471
244478,VCS799,2016,20998.0,244479
244481,VCS802,2016,531.0,244482
244485,VCS806,2016,35056.0,244486
244487,VCS808,2016,9214.0,244488
244490,VCS811,2016,600.0,244491
244492,VCS813,2016,40.0,244493
244498,VCS819,2016,2044.0,244499
244499,VCS820,2016,10560.0,244500
244503,VCS824,2016,13100.0,244504
244506,VCS827,2016,118.0,244507
244507,VCS828,2016,8762.0,244508
244510,VCS831,2016,1330.0,244511
244511,VCS832,2016,55037.0,244512
244512,VCS833,2016,57306.0,244513
244513,VCS834,2016,26518.0,244514
244514,VCS835,2016,35585.0,244515
244515,VCS836,2016,9353.0,244516
244521,VCS842,2016,65266.0,244522
244522,VCS843,2016,36149.0,244523
244523,VCS844,2016,507163.0,244524
244524,VCS845,2016,1198.0,244525
244525,VCS846,2016,2200.0,244526
244531,VCS852,2016,183767.0,244532
244535,VCS856,2016,4023.0,244536
244547,VCS868,2016,131933.0,244548
244550,VCS871,2016,7830.0,244551
244551,VCS872,2016,94618.0,244552
244554,VCS875,2016,598017.0,244555
244556,VCS877,2016,42394.0,244557
244561,VCS882,2016,16086.0,244562
244564,VCS885,2016,7880.0,244565
244569,VCS890,2016,3429.0,244570
244571,VCS892,2016,20357.0,244572
244575,VCS896,2016,1530.0,244576
244576,VCS897,2016,81253.0,244577
244578,VCS899,2016,21059.0,244579
244579,VCS900,2016,13646.0,244580
244581,VCS902,2016,593388.0,244582
244582,VCS903,2016,24309.0,244583
244583,VCS904,2016,1642.0,244584
244588,VCS909,2016,44932.0,244589
244589,VCS910,2016,52235.0,244590
244590,VCS911,2016,6259.0,244591
244592,VCS913,2016,689.0,244593
244593,VCS914,2016,3410.0,244594
244594,VCS915,2016,22285.0,244595
244603,VCS924,2016,91.0,244604
244607,VCS928,2016,13000.0,244608
244608,VCS929,2016,10013.0,244609
244613,VCS934,2016,137875.0,244614
244614,VCS935,2016,1262.0,244615
244616,VCS937,2016,29110.0,244617
244621,VCS942,2016,5.0,244622
244622,VCS943,2016,29860.0,244623
244623,VCS944,2016,249508.0,244624
244624,VCS945,2016,11579.0,244625
244636,VCS957,2016,9949.0,244637
244640,VCS961,2016,20301.0,244641
244641,VCS962,2016,15418.0,244642
244642,VCS963,2016,56297.0,244643
244643,VCS964,2016,19406.0,244644
244646,VCS967,2016,92303.0,244647
244647,VCS968,2016,2656.0,244648
244648,VCS969,2016,493.0,244649
244649,VCS970,2016,12586.0,244650
244653,VCS974,2016,21760.0,244654
244656,VCS977,2016,116699.0,244657
244660,VCS981,2016,3687.0,244661
244664,VCS985,2016,5868.0,244665
244666,VCS987,2016,2638.0,244667
244672,VCS993,2016,3563.0,244673
244673,VCS994,2016,5193.0,244674
244674,VCS995,2016,28579.0,244675
244696,VCS1018,2016,13607.0,244697
244701,VCS1023,2016,32216.0,244702
244709,VCS1031,2016,265.0,244710
244710,VCS1032,2016,20110.0,244711
244712,VCS1034,2016,89941.0,244713
244716,VCS1038,2016,5509.0,244717
244720,VCS1042,2016,6655.0,244721
244723,VCS1045,2016,2323.0,244724
244729,VCS1051,2016,276.0,244730
244741,VCS1063,2016,31857.0,244742
244745,VCS1067,2016,70779.0,244746
244748,VCS1070,2016,1776.0,244749
244749,VCS1071,2016,52.0,244750
244754,VCS1076,2016,61046.0,244755
244755,VCS1077,2016,97600.0,244756
244759,VCS1081,2016,32446.0,244760
244767,VCS1089,2016,9655.0,244768
244768,VCS1090,2016,1500.0,244769
244769,VCS1091,2016,3000.0,244770
244772,VCS1094,2016,161668.0,244773
244776,VCS1098,2016,88500.0,244777
244777,VCS1099,2016,40943.0,244778
244780,VCS1102,2016,5704.0,244781
244787,VCS1109,2016,15135.0,244788
244791,VCS1113,2016,1149.0,244792
244792,VCS1114,2016,6992.0,244793
244796,VCS1118,2016,575.0,244797
244799,VCS1121,2016,60053.0,244800
244800,VCS1122,2016,105508.0,244801
244804,VCS1126,2016,15549.0,244805
244814,VCS1136,2016,2001.0,244815
244820,VCS1142,2016,2846.0,244821
244832,VCS1155,2016,3378.0,244833
244836,VCS1159,2016,33420.0,244837
244840,VCS1163,2016,34608.0,244841
244845,VCS1168,2016,79539.0,244846
244852,VCS1175,2016,122659.0,244853
244866,VCS1189,2016,40000.0,244867
244872,VCS1195,2016,13413.0,244873
244877,VCS1200,2016,8043.0,244878
244878,VCS1201,2016,6143.0,244879
244879,VCS1202,2016,193609.0,244880
244891,VCS1214,2016,25853.0,244892
244892,VCS1215,2016,158483.0,244893
244893,VCS1216,2016,17871.0,244894
244896,VCS1219,2016,7000.0,244897
244903,VCS1226,2016,12286.0,244904
244906,VCS1229,2016,3736.0,244907
244917,VCS1240,2016,13972.0,244918
244919,VCS1242,2016,48747.0,244920
244929,VCS1252,2016,5049.0,244930
244934,VCS1257,2016,320741.0,244935
244936,VCS1259,2016,8044.0,244937
244962,VCS1285,2016,62696.0,244963
244969,VCS1293,2016,20492.0,244970
244980,VCS1304,2016,27117.0,244981
244986,VCS1310,2016,1754.0,244987
244995,VCS1319,2016,55000.0,244996
245005,VCS1329,2016,21049.0,245006
245014,VCS1338,2016,124.0,245015
245028,VCS1352,2016,296978.0,245029
245029,VCS1353,2016,724482.0,245030
245030,VCS1354,2016,27805.0,245031
245032,VCS1356,2016,1388.0,245033
245035,VCS1359,2016,81485.0,245036
245043,VCS1367,2016,60.0,245044
245054,VCS1378,2016,76.0,245055
245058,VCS1382,2016,5200.0,245059
245063,VCS1387,2016,109179.0,245064
245080,VCS1404,2016,58482.0,245081
245083,VCS1407,2016,102991.0,245084
245089,VCS1413,2016,14614.0,245090
245093,VCS1417,2016,2967.0,245094
245094,VCS1418,2016,31250.0,245095
245095,VCS1419,2016,15000.0,245096
245110,VCS1435,2016,37041.0,245111
245111,VCS1436,2016,783.0,245112
245115,VCS1440,2016,12000.0,245116
245119,VCS1444,2016,34247.0,245120
245120,VCS1445,2016,31110.0,245121
245123,VCS1448,2016,49716.0,245124
245137,VCS1463,2016,24008.0,245138
245147,VCS1476,2016,1789.0,245148
245149,VCS1478,2016,13000.0,245150
245150,VCS1479,2016,86785.0,245151
245151,VCS1480,2016,65074.0,245152
245152,VCS1481,2016,15029.0,245153
245153,VCS1482,2016,136350.0,245154
245154,VCS1483,2016,1515.0,245155
245157,VCS1486,2016,6146.0,245158
245158,VCS1489,2016,41563.0,245159
245159,VCS1490,2016,32250.0,245160
245162,VCS1493,2016,40096.0,245163
245172,VCS1503,2016,157679.0,245173
245173,VCS1504,2016,52532.0,245174
245174,VCS1505,2016,57850.0,245175
245176,VCS1507,2016,222073.0,245177
245179,VCS1510,2016,500.0,245180
245191,VCS1523,2016,11602.0,245192
245193,VCS1525,2016,1400.0,245194
245196,VCS1528,2016,18240.0,245197
245202,VCS1535,2016,6921.0,245203
245204,VCS1537,2016,12572.0,245205
245206,VCS1539,2016,24000.0,245207
248977,ACR0103,2017,32.0,248978
248978,ACR0105,2017,2571555.0,248979
248981,ACR0109,2017,118311.0,248982
248985,ACR0113,2017,655.0,248986
248986,ACR0114,2017,226398.0,248987
248990,ACR0119,2017,885.0,248991
248997,ACR0126,2017,160360.0,248998
249001,ACR0130,2017,837.0,249002
249002,ACR0131,2017,1663.0,249003
249003,ACR0132,2017,650.0,249004
249006,ACR0135,2017,157.0,249007
249007,ACR0136,2017,89.0,249008
249008,ACR0137,2017,1926.0,249009
249009,ACR0138,2017,1837.0,249010
249010,ACR0139,2017,26.0,249011
249011,ACR0140,2017,3112.0,249012
249016,ACR0145,2017,648.0,249017
249018,ACR0147,2017,902.0,249019
249019,ACR0148,2017,1269.0,249020
249020,ACR0149,2017,883.0,249021
249022,ACR0151,2017,2580.0,249023
249028,ACR0157,2017,10068.0,249029
249038,ACR0170,2017,171709.0,249039
249040,ACR0172,2017,10848.0,249041
249041,ACR0173,2017,130493.0,249042
249044,ACR0176,2017,27420.0,249045
249045,ACR0177,2017,4000.0,249046
249047,ACR0179,2017,600.0,249048
249048,ACR0181,2017,6035.0,249049
249049,ACR0182,2017,7169.0,249050
249050,ACR0183,2017,3.0,249051
249051,ACR0184,2017,116308.0,249052
249055,ACR0189,2017,12267.0,249056
249056,ACR0190,2017,53433.0,249057
249059,ACR0193,2017,14864.0,249060
249061,ACR0196,2017,43904.0,249062
249063,ACR0199,2017,25557.0,249064
249064,ACR0200,2017,53171.0,249065
249065,ACR0202,2017,731728.0,249066
249068,ACR0205,2017,202.0,249069
249069,ACR0206,2017,64671.0,249070
249071,ACR0208,2017,255013.0,249072
249074,ACR0211,2017,3011454.0,249075
249075,ACR0212,2017,31100.0,249076
249076,ACR0213,2017,35299.0,249077
249077,ACR0214,2017,145580.0,249078
249080,ACR0223,2017,2000.0,249081
249082,ACR0225,2017,3949.0,249083
249083,ACR0226,2017,741923.0,249084
249087,ACR0230,2017,395.0,249088
249088,ACR0232,2017,43254.0,249089
249089,ACR0233,2017,61080.0,249090
249090,ACR0234,2017,27169.0,249091
249091,ACR0235,2017,6904.0,249092
249094,ACR0238,2017,17350.0,249095
249095,ACR0239,2017,8746.0,249096
249096,ACR0240,2017,90000.0,249097
249097,ACR0241,2017,14179.0,249098
249099,ACR0243,2017,29248.0,249100
249100,ACR0244,2017,45549.0,249101
249104,ACR0248,2017,1511423.0,249105
249105,ACR0249,2017,3663126.0,249106
249108,ACR0252,2017,140736.0,249109
249109,ACR0253,2017,135017.0,249110
249110,ACR0254,2017,39036.0,249111
249111,ACR0255,2017,4553727.0,249112
249112,ACR0256,2017,219981.0,249113
249115,ACR0259,2017,18254.0,249116
249118,ACR0262,2017,97881.0,249119
249120,ACR0264,2017,10.0,249121
249121,ACR0265,2017,147442.0,249122
249122,ACR0266,2017,266561.0,249123
249123,ACR0267,2017,95083.0,249124
249124,ACR0268,2017,518798.0,249125
249127,ACR0271,2017,124882.0,249128
249128,ACR0272,2017,123253.0,249129
249129,ACR0273,2017,136805.0,249130
249130,ACR0274,2017,62905.0,249131
249131,ACR0275,2017,65257.0,249132
249132,ACR0276,2017,1553955.0,249133
249138,ACR0282,2017,620072.0,249139
249139,ACR0283,2017,65291.0,249140
249140,ACR0284,2017,580002.0,249141
249141,ACR0285,2017,45663.0,249142
249148,ACR0292,2017,94711.0,249149
249157,ACR0303,2017,1632854.0,249158
249165,ACR0311,2017,107264.0,249166
249167,ACR0313,2017,21886.0,249168
249168,ACR0314,2017,97508.0,249169
249169,ACR0315,2017,86839.0,249170
249170,ACR0316,2017,100002.0,249171
249171,ACR0322,2017,10926.0,249172
249172,ACR0323,2017,20009.0,249173
249173,ACR0324,2017,4574762.0,249174
249174,ACR0342,2017,2236.0,249175
249175,ACR0343,2017,93298.0,249176
249177,ACR0349,2017,26127.0,249178
249178,ACR0350,2017,107157.0,249179
249181,ACR0353,2017,7737.0,249182
249182,ACR0354,2017,103357.0,249183
249183,ACR0355,2017,8240.0,249184
249184,ACR0356,2017,110720.0,249185
249185,ACR0357,2017,61737.0,249186
249186,ACR0358,2017,60749.0,249187
249188,ACR0360,2017,4440686.0,249189
249194,ACR0367,2017,19482.0,249195
249197,ACR0370,2017,121455.0,249198
249206,ACR0379,2017,42955.0,249207
249209,ACR0383,2017,138972.0,249210
249210,ACR0385,2017,26676.0,249211
249212,ACR0387,2017,129854.0,249213
249213,ACR0388,2017,623.0,249214
249223,ACR0401,2017,137262.0,249224
249226,ACR0404,2017,112738.0,249227
249237,ACR0419,2017,18067.0,249238
249243,ACR0426,2017,109231.0,249244
249246,ACR0429,2017,100000.0,249247
250004,CAR101,2017,188349.0,250005
250005,CAR102,2017,461451.0,250006
250006,CAR393,2017,44675.0,250007
250007,CAR396,2017,11000.0,250008
250008,CAR397,2017,7967.0,250009
250009,CAR398,2017,750.0,250010
250010,CAR399,2017,26000.0,250011
250011,CAR400,2017,49256.0,250012
250012,CAR402,2017,86722.0,250013
250013,CAR403,2017,67621.0,250014
250015,CAR408,2017,745937.0,250016
250016,CAR409,2017,74081.0,250017
250018,CAR412,2017,1406.0,250019
250020,CAR418,2017,58213.0,250021
250021,CAR419,2017,23486.0,250022
250022,CAR422,2017,17934.0,250023
250024,CAR424,2017,176923.0,250025
250026,CAR429,2017,132887.0,250027
250027,CAR430,2017,1537.0,250028
250028,CAR432,2017,16236.0,250029
250029,CAR434,2017,31807.0,250030
250030,CAR435,2017,220552.0,250031
250031,CAR436,2017,64838.0,250032
250033,CAR439,2017,137934.0,250034
250036,CAR443,2017,65993.0,250037
250037,CAR444,2017,38000.0,250038
250038,CAR445,2017,98464.0,250039
250040,CAR449,2017,64069.0,250041
250041,CAR450,2017,40185.0,250042
250042,CAR451,2017,14186.0,250043
250045,CAR455,2017,44545.0,250046
250048,CAR459,2017,43606.0,250049
250050,CAR463,2017,42604.0,250051
250052,CAR465,2017,56122.0,250053
250053,CAR466,2017,30876.0,250054
250055,CAR468,2017,106533.0,250056
250056,CAR469,2017,17639.0,250057
250058,CAR473,2017,1274.0,250059
250059,CAR474,2017,27146.0,250060
250060,CAR475,2017,33510.0,250061
250061,CAR476,2017,98404.0,250062
250062,CAR477,2017,3527.0,250063
250063,CAR478,2017,26503.0,250064
250064,CAR479,2017,877.0,250065
250066,CAR481,2017,34910.0,250067
250068,CAR483,2017,4669.0,250069
250072,CAR488,2017,31818.0,250073
250074,CAR490,2017,281.0,250075
250076,CAR495,2017,198.0,250077
250077,CAR496,2017,6986.0,250078
250078,CAR497,2017,219088.0,250079
250079,CAR498,2017,53583.0,250080
250081,CAR502,2017,61127.0,250082
250082,CAR503,2017,8136.0,250083
250083,CAR504,2017,51071.0,250084
250087,CAR509,2017,400.0,250088
250088,CAR512,2017,28896.0,250089
250096,CAR531,2017,91691.0,250097
250097,CAR532,2017,19415.0,250098
250100,CAR540,2017,73302.0,250101
250101,CAR545,2017,66305.0,250102
250105,CAR558,2017,25229.0,250106
250106,CAR560,2017,10120.0,250107
250108,CAR574,2017,10744.0,250109
250109,CAR575,2017,16763.0,250110
250110,CAR577,2017,10379.0,250111
250113,CAR582,2017,204026.0,250114
250114,CAR588,2017,90646.0,250115
250117,CAR591,2017,200.0,250118
250118,CAR592,2017,38259.0,250119
250119,CAR593,2017,87946.0,250120
250122,CAR599,2017,52456.0,250123
250123,CAR600,2017,8197.0,250124
250124,CAR601,2017,5587.0,250125
250125,CAR602,2017,631.0,250126
250126,CAR604,2017,644646.0,250127
250127,CAR606,2017,24214.0,250128
250128,CAR607,2017,42642.0,250129
250129,CAR612,2017,9866.0,250130
250131,CAR621,2017,263444.0,250132
250133,CAR628,2017,12510.0,250134
250134,CAR629,2017,498654.0,250135
250138,CAR639,2017,886588.0,250139
250140,CAR645,2017,72659.0,250141
250142,CAR648,2017,9739.0,250143
250143,CAR655,2017,29566.0,250144
250144,CAR657,2017,8462.0,250145
250145,CAR658,2017,263324.0,250146
250146,CAR659,2017,60742.0,250147
250147,CAR660,2017,12546.0,250148
250148,CAR661,2017,273321.0,250149
250149,CAR672,2017,7172.0,250150
250150,CAR674,2017,88780.0,250151
250151,CAR676,2017,155878.0,250152
250152,CAR681,2017,39469.0,250153
250153,CAR683,2017,7600.0,250154
250155,CAR688,2017,20598.0,250156
250156,CAR691,2017,331751.0,250157
250157,CAR694,2017,1933.0,250158
250158,CAR696,2017,693.0,250159
250159,CAR697,2017,131864.0,250160
250160,CAR730,2017,2578367.0,250161
250161,CAR749,2017,174481.0,250162
250163,CAR762,2017,2762.0,250164
250166,CAR768,2017,6738.0,250167
250167,CAR769,2017,13595.0,250168
250168,CAR772,2017,11673.0,250169
250170,CAR775,2017,15348.0,250171
250171,CAR776,2017,7560.0,250172
250172,CAR777,2017,872896.0,250173
250173,CAR780,2017,123809.0,250174
250174,CAR781,2017,27437.0,250175
250175,CAR782,2017,38000.0,250176
250176,CAR784,2017,83440.0,250177
250178,CAR786,2017,20000.0,250179
250179,CAR790,2017,81560.0,250180
250180,CAR793,2017,41390.0,250181
250181,CAR794,2017,10426.0,250182
250182,CAR795,2017,9944.0,250183
250185,CAR801,2017,1000.0,250186
250186,CAR802,2017,14090.0,250187
250187,CAR804,2017,319109.0,250188
250191,CAR811,2017,134597.0,250192
250192,CAR812,2017,23615.0,250193
250193,CAR813,2017,735.0,250194
250194,CAR814,2017,1000.0,250195
250196,CAR817,2017,33373.0,250197
250197,CAR818,2017,165508.0,250198
250199,CAR824,2017,116178.0,250200
250200,CAR825,2017,25814.0,250201
250202,CAR829,2017,15742.0,250203
250204,CAR831,2017,1047.0,250205
250205,CAR832,2017,30061.0,250206
250206,CAR833,2017,213587.0,250207
250208,CAR836,2017,3668.0,250209
250213,CAR855,2017,362.0,250214
250216,CAR878,2017,57273.0,250217
250219,CAR883,2017,11583.0,250220
250220,CAR885,2017,826.0,250221
250221,CAR886,2017,16840.0,250222
250222,CAR887,2017,57887.0,250223
250223,CAR888,2017,34287.0,250224
250224,CAR891,2017,365823.0,250225
250225,CAR892,2017,76721.0,250226
250227,CAR901,2017,73084.0,250228
250228,CAR905,2017,105468.0,250229
250230,CAR911,2017,19111.0,250231
250232,CAR920,2017,5760.0,250233
250235,CAR935,2017,2997.0,250236
250237,CAR945,2017,1466.0,250238
250238,CAR946,2017,303852.0,250239
250239,CAR947,2017,148213.0,250240
250240,CAR948,2017,104490.0,250241
250242,CAR952,2017,70950.0,250243
250243,CAR954,2017,72653.0,250244
250245,CAR956,2017,31405.0,250246
250246,CAR957,2017,7924.0,250247
250247,CAR959,2017,47496.0,250248
250249,CAR965,2017,20416.0,250250
250250,CAR969,2017,58509.0,250251
250252,CAR973,2017,1136903.0,250253
250253,CAR974,2017,13352.0,250254
250255,CAR977,2017,17721.0,250256
250256,CAR978,2017,3099.0,250257
250257,CAR980,2017,16901.0,250258
250259,CAR982,2017,17732.0,250260
250260,CAR988,2017,11107.0,250261
250261,CAR989,2017,25862.0,250262
250262,CAR990,2017,1392.0,250263
250264,CAR993,2017,42841.0,250265
250265,CAR994,2017,65164.0,250266
250266,CAR995,2017,51012.0,250267
250267,CAR996,2017,14089.0,250268
250268,CAR997,2017,119172.0,250269
250269,CAR998,2017,6395.0,250270
250270,CAR1000,2017,1348.0,250271
250271,CAR1001,2017,9092.0,250272
250272,CAR1002,2017,3521.0,250273
250273,CAR1003,2017,1407.0,250274
250276,CAR1007,2017,20464.0,250277
250277,CAR1008,2017,16249.0,250278
250280,CAR1011,2017,3619.0,250281
250281,CAR1012,2017,7407.0,250282
250282,CAR1013,2017,274000.0,250283
250283,CAR1014,2017,17339.0,250284
250288,CAR1021,2017,53680.0,250289
250289,CAR1022,2017,134591.0,250290
250291,CAR1025,2017,12409.0,250292
250292,CAR1026,2017,33214.0,250293
250293,CAR1027,2017,154012.0,250294
250296,CAR1032,2017,100000.0,250297
250297,CAR1033,2017,20788.0,250298
250298,CAR1035,2017,38241.0,250299
250299,CAR1036,2017,51176.0,250300
250301,CAR1041,2017,5819.0,250302
250304,CAR1046,2017,52331.0,250305
250305,CAR1047,2017,3720.0,250306
250306,CAR1049,2017,60088.0,250307
250307,CAR1050,2017,50298.0,250308
250308,CAR1051,2017,72434.0,250309
250309,CAR1055,2017,36339.0,250310
250310,CAR1056,2017,30533.0,250311
250311,CAR1057,2017,25799.0,250312
250312,CAR1058,2017,67375.0,250313
250316,CAR1064,2017,10037.0,250317
250317,CAR1065,2017,4082.0,250318
250318,CAR1066,2017,194181.0,250319
250319,CAR1067,2017,3509.0,250320
250320,CAR1068,2017,126314.0,250321
250323,CAR1071,2017,2834.0,250324
250325,CAR1074,2017,57134.0,250326
250327,CAR1076,2017,55181.0,250328
250328,CAR1077,2017,2975.0,250329
250329,CAR1078,2017,42384.0,250330
250330,CAR1080,2017,28932.0,250331
250333,CAR1083,2017,34906.0,250334
250336,CAR1086,2017,57872.0,250337
250337,CAR1087,2017,47000.0,250338
250338,CAR1088,2017,825519.0,250339
250343,CAR1093,2017,148331.0,250344
250344,CAR1094,2017,800.0,250345
250345,CAR1095,2017,1250441.0,250346
250346,CAR1096,2017,18907.0,250347
250347,CAR1097,2017,60092.0,250348
250348,CAR1098,2017,82055.0,250349
250349,CAR1099,2017,60000.0,250350
250351,CAR1101,2017,5146.0,250352
250353,CAR1103,2017,96632.0,250354
250355,CAR1105,2017,424076.0,250356
250356,CAR1106,2017,47014.0,250357
250358,CAR1109,2017,107088.0,250359
250369,CAR1120,2017,56790.0,250370
250370,CAR1121,2017,7421.0,250371
250371,CAR1122,2017,11633.0,250372
250372,CAR1123,2017,29344.0,250373
250373,CAR1124,2017,12678.0,250374
250374,CAR1125,2017,36268.0,250375
250375,CAR1126,2017,60461.0,250376
250376,CAR1127,2017,59593.0,250377
250377,CAR1128,2017,41736.0,250378
250379,CAR1130,2017,1968.0,250380
250380,CAR1132,2017,22162.0,250381
250381,CAR1133,2017,17258.0,250382
250383,CAR1135,2017,4057.0,250384
250384,CAR1136,2017,25189.0,250385
250385,CAR1137,2017,18283.0,250386
250386,CAR1138,2017,51298.0,250387
250387,CAR1139,2017,299094.0,250388
250390,CAR1142,2017,3961.0,250391
250391,CAR1143,2017,42450.0,250392
250393,CAR1145,2017,15172.0,250394
250394,CAR1146,2017,17918.0,250395
250395,CAR1147,2017,5283.0,250396
250396,CAR1151,2017,40236.0,250397
250397,CAR1152,2017,37580.0,250398
250398,CAR1153,2017,35292.0,250399
250399,CAR1154,2017,40457.0,250400
250400,CAR1155,2017,29096.0,250401
250401,CAR1156,2017,7720.0,250402
250404,CAR1159,2017,9077.0,250405
250414,CAR1169,2017,25000.0,250415
250415,CAR1171,2017,102460.0,250416
250416,CAR1172,2017,113829.0,250417
250419,CAR1175,2017,3105987.0,250420
250422,CAR1178,2017,18753.0,250423
250423,CAR1179,2017,135577.0,250424
250424,CAR1180,2017,763870.0,250425
250426,CAR1182,2017,245946.0,250427
250427,CAR1183,2017,1776456.0,250428
250428,CAR1184,2017,15531.0,250429
250451,CAR1209,2017,307930.0,250452
250459,CAR1217,2017,484167.0,250460
250460,CAR1219,2017,108622.0,250461
250464,CAR1233,2017,20133.0,250465
250465,CAR1234,2017,22548.0,250466
250466,CAR1235,2017,101950.0,250467
250467,CAR1236,2017,181190.0,250468
250470,CAR1239,2017,133239.0,250471
250471,CAR1240,2017,111348.0,250472
250473,CAR1242,2017,40000.0,250474
250475,CAR1244,2017,110990.0,250476
250476,CAR1245,2017,2262.0,250477
250479,CAR1248,2017,87771.0,250480
250480,CAR1249,2017,73506.0,250481
250481,CAR1250,2017,71599.0,250482
250482,CAR1251,2017,55471.0,250483
250483,CAR1252,2017,40916.0,250484
250484,CAR1253,2017,16113.0,250485
250485,CAR1254,2017,140698.0,250486
250486,CAR1257,2017,18867.0,250487
250487,CAR1258,2017,70000.0,250488
250492,CAR1263,2017,72128.0,250493
250495,CAR1267,2017,50793.0,250496
250496,CAR1268,2017,55404.0,250497
250497,CAR1269,2017,8184.0,250498
250498,CAR1270,2017,111732.0,250499
250499,CAR1271,2017,140452.0,250500
250500,CAR1272,2017,51298.0,250501
250504,CAR1277,2017,53956.0,250505
250505,CAR1278,2017,42054.0,250506
250506,CAR1279,2017,49107.0,250507
250507,CAR1280,2017,70454.0,250508
250513,CAR1286,2017,154972.0,250514
250514,CAR1287,2017,52930.0,250515
250517,CAR1290,2017,62851.0,250518
250523,CAR1296,2017,95290.0,250524
250530,CAR1303,2017,76653.0,250531
250531,CAR1305,2017,159218.0,250532
250533,CAR1308,2017,26236.0,250534
251289,GS340,2017,183.0,251290
251292,GS347,2017,25000.0,251293
251294,GS352,2017,73323.0,251295
251295,GS353,2017,1220.0,251296
251297,GS367,2017,1470.0,251298
251298,GS368,2017,29140.0,251299
251299,GS369,2017,1535.0,251300
251307,GS397,2017,49855.0,251308
251308,GS398,2017,24837.0,251309
251309,GS399,2017,10.0,251310
251312,GS407,2017,338615.0,251313
251316,GS413,2017,172595.0,251317
251317,GS414,2017,53987.0,251318
251321,GS423,2017,59.0,251322
251323,GS436,2017,14944.0,251324
251324,GS437,2017,862.0,251325
251325,GS438,2017,594.0,251326
251326,GS439,2017,591.0,251327
251327,GS440,2017,72984.0,251328
251329,GS445,2017,23835.0,251330
251330,GS447,2017,1025011.0,251331
251338,GS464,2017,105454.0,251339
251339,GS467,2017,6280.0,251340
251341,GS472,2017,310996.0,251342
251342,GS474,2017,8286.0,251343
251348,GS500,2017,21925.0,251349
251349,GS503,2017,1564.0,251350
251350,GS504,2017,1790.0,251351
251351,GS505,2017,2798.0,251352
251352,GS513,2017,20.0,251353
251353,GS514,2017,766.0,251354
251355,GS518,2017,3000.0,251356
251361,GS554,2017,61817.0,251362
251366,GS566,2017,12091.0,251367
251379,GS601,2017,10232.0,251380
251380,GS605,2017,17029.0,251381
251385,GS612,2017,87599.0,251386
251386,GS613,2017,14067.0,251387
251390,GS617,2017,106788.0,251391
251397,GS633,2017,20688.0,251398
251398,GS634,2017,7988.0,251399
251401,GS637,2017,157.0,251402
251403,GS642,2017,1525.0,251404
251409,GS655,2017,14845.0,251410
251413,GS663,2017,1556.0,251414
251414,GS666,2017,55042.0,251415
251417,GS672,2017,46115.0,251418
251420,GS683,2017,4500.0,251421
251421,GS685,2017,46974.0,251422
251424,GS689,2017,2870.0,251425
251425,GS690,2017,2773.0,251426
251428,GS702,2017,2500.0,251429
251429,GS707,2017,245235.0,251430
251434,GS716,2017,66.0,251435
251439,GS730,2017,12002.0,251440
251447,GS748,2017,18.0,251448
251449,GS750,2017,67213.0,251450
251450,GS751,2017,112500.0,251451
251451,GS753,2017,57069.0,251452
251457,GS769,2017,71187.0,251458
251466,GS784,2017,134.0,251467
251480,GS816,2017,34942.0,251481
251481,GS817,2017,93.0,251482
251484,GS825,2017,40.0,251485
251491,GS835,2017,22695.0,251492
251492,GS836,2017,1180.0,251493
251495,GS843,2017,21722.0,251496
251501,GS850,2017,25944.0,251502
251503,GS854,2017,25377.0,251504
251515,GS872,2017,9798.0,251516
251520,GS879,2017,29419.0,251521
251522,GS883,2017,508.0,251523
251524,GS886,2017,364726.0,251525
251530,GS905,2017,12.0,251531
251531,GS906,2017,76408.0,251532
251537,GS917,2017,30000.0,251538
251538,GS918,2017,2303.0,251539
251546,GS931,2017,981.0,251547
251547,GS935,2017,5213.0,251548
251551,GS947,2017,10512.0,251552
251552,GS949,2017,84673.0,251553
251553,GS950,2017,5000.0,251554
251556,GS955,2017,3138.0,251557
251561,GS966,2017,307293.0,251562
251564,GS971,2017,150586.0,251565
251567,GS976,2017,33859.0,251568
251568,GS977,2017,5940.0,251569
251569,GS978,2017,2747.0,251570
251573,GS986,2017,567.0,251574
251575,GS988,2017,11849.0,251576
251576,GS989,2017,10997.0,251577
251579,GS992,2017,11755.0,251580
251580,GS993,2017,7988.0,251581
251581,GS997,2017,8711.0,251582
251584,GS1001,2017,4620.0,251585
251587,GS1006,2017,11801.0,251588
251588,GS1011,2017,283.0,251589
251590,GS1013,2017,74002.0,251591
251593,GS1016,2017,449.0,251594
251596,GS1020,2017,90083.0,251597
251604,GS1028,2017,6755.0,251605
251605,GS1029,2017,19004.0,251606
251606,GS1030,2017,35209.0,251607
251607,GS1031,2017,81855.0,251608
251609,GS1033,2017,2257.0,251610
251610,GS1034,2017,64193.0,251611
251613,GS1038,2017,5174.0,251614
251617,GS1042,2017,25157.0,251618
251622,GS1049,2017,147693.0,251623
251629,GS1061,2017,15492.0,251630
251631,GS1064,2017,19397.0,251632
251633,GS1067,2017,2933.0,251634
251636,GS1072,2017,8330.0,251637
251637,GS1073,2017,875.0,251638
251641,GS1078,2017,1.0,251642
251643,GS1083,2017,360004.0,251644
251650,GS1094,2017,16.0,251651
251651,GS1095,2017,11.0,251652
251652,GS1096,2017,1121.0,251653
251653,GS1097,2017,541.0,251654
251654,GS1098,2017,2000.0,251655
251656,GS1101,2017,2557.0,251657
251658,GS1103,2017,8709.0,251659
251687,GS1167,2017,7980.0,251688
251692,GS1174,2017,21580.0,251693
251694,GS1178,2017,25565.0,251695
251702,GS1191,2017,895.0,251703
251715,GS1207,2017,847.0,251716
251719,GS1221,2017,2275.0,251720
251725,GS1228,2017,13580.0,251726
251728,GS1231,2017,1441.0,251729
251732,GS1237,2017,98767.0,251733
251739,GS1244,2017,648.0,251740
251742,GS1248,2017,2707.0,251743
251743,GS1249,2017,2986.0,251744
251745,GS1253,2017,6420.0,251746
251748,GS1267,2017,100.0,251749
251758,GS1296,2017,15576.0,251759
251763,GS1303,2017,15259.0,251764
251765,GS1306,2017,15408.0,251766
251769,GS1310,2017,2008.0,251770
251770,GS1311,2017,5011.0,251771
251771,GS1312,2017,562.0,251772
251772,GS1313,2017,522.0,251773
251779,GS1321,2017,114018.0,251780
251785,GS1329,2017,15.0,251786
251787,GS1332,2017,1120.0,251788
251789,GS1334,2017,3132.0,251790
251806,GS1359,2017,9404.0,251807
251809,GS1364,2017,99589.0,251810
251810,GS1365,2017,32577.0,251811
251894,GS2091,2017,20269.0,251895
251895,GS2092,2017,40696.0,251896
251897,GS2094,2017,54582.0,251898
251898,GS2095,2017,10062.0,251899
251908,GS2296,2017,2690.0,251909
251923,GS2405,2017,43079.0,251924
251939,GS2429,2017,4000.0,251940
251943,GS2435,2017,165.0,251944
251946,GS2439,2017,212.0,251947
251948,GS2441,2017,80008.0,251949
251951,GS2445,2017,25250.0,251952
251958,GS2457,2017,2681.0,251959
251960,GS2460,2017,719.0,251961
251971,GS2479,2017,673.0,251972
251972,GS2480,2017,21216.0,251973
251973,GS2481,2017,4045.0,251974
251979,GS2487,2017,857.0,251980
251986,GS2499,2017,77635.0,251987
251988,GS2501,2017,30070.0,251989
251989,GS2502,2017,1000.0,251990
251990,GS2503,2017,10667.0,251991
252001,GS2519,2017,68951.0,252002
252002,GS2520,2017,19250.0,252003
252021,GS2553,2017,83872.0,252022
252047,GS2587,2017,600.0,252048
252048,GS2588,2017,29885.0,252049
252070,GS2678,2017,3600.0,252071
252072,GS2680,2017,2302.0,252073
252074,GS2682,2017,56.0,252075
252100,GS2750,2017,10073.0,252101
252101,GS2751,2017,19125.0,252102
252102,GS2758,2017,61000.0,252103
252105,GS2765,2017,3026.0,252106
252107,GS2767,2017,833.0,252108
252108,GS2772,2017,73.0,252109
252112,GS2893,2017,599.0,252113
252114,GS2895,2017,100.0,252115
252116,GS2898,2017,59560.0,252117
252120,GS2940,2017,55139.0,252121
252121,GS2951,2017,117923.0,252122
252123,GS3007,2017,27422.0,252124
252129,GS3018,2017,6063.0,252130
252130,GS3023,2017,4429.0,252131
252131,GS3024,2017,19067.0,252132
252138,GS3039,2017,36692.0,252139
252143,GS3078,2017,2220.0,252144
252147,GS3105,2017,8112.0,252148
252148,GS3106,2017,3768.0,252149
252149,GS3107,2017,18042.0,252150
252150,GS3108,2017,4628.0,252151
252168,GS3262,2017,958.0,252169
252170,GS3267,2017,4288.0,252171
252172,GS3306,2017,2905.0,252173
252174,GS3326,2017,18137.0,252175
252180,GS3344,2017,13875.0,252181
252184,GS3363,2017,9015.0,252185
252185,GS3364,2017,37429.0,252186
252186,GS3365,2017,11233.0,252187
252187,GS3366,2017,38225.0,252188
252188,GS3367,2017,796.0,252189
252196,GS3379,2017,2770.0,252197
252199,GS3404,2017,25534.0,252200
252207,GS3422,2017,9000.0,252208
252211,GS3430,2017,9722.0,252212
252212,GS3431,2017,7440.0,252213
252213,GS3432,2017,9059.0,252214
252214,GS3433,2017,793.0,252215
252216,GS3443,2017,10000.0,252217
252219,GS3446,2017,400.0,252220
252223,GS3450,2017,137.0,252224
252225,GS3482,2017,7995.0,252226
252242,GS3518,2017,483.0,252243
252244,GS3520,2017,1460.0,252245
252245,GS3521,2017,1748.0,252246
252246,GS3522,2017,1712.0,252247
252247,GS3523,2017,1381.0,252248
252248,GS3524,2017,2045.0,252249
252251,GS3544,2017,4992.0,252252
252252,GS3547,2017,60319.0,252253
252257,GS3560,2017,769.0,252258
252258,GS3561,2017,3643.0,252259
252259,GS3563,2017,2292.0,252260
252260,GS3564,2017,6700.0,252261
252282,GS3618,2017,442.0,252283
252283,GS3619,2017,3338.0,252284
252284,GS3620,2017,442.0,252285
252303,GS3945,2017,8850.0,252304
252316,GS3969,2017,4500.0,252317
252327,GS4124,2017,19480.0,252328
252328,GS4126,2017,3823.0,252329
252333,GS4202,2017,553.0,252334
252334,GS4203,2017,175.0,252335
252338,GS4210,2017,4673.0,252339
252341,GS4221,2017,7838.0,252342
252342,GS4233,2017,473.0,252343
252346,GS4240,2017,2819.0,252347
252350,GS4260,2017,7208.0,252351
252356,GS4270,2017,10897.0,252357
252357,GS4271,2017,15325.0,252358
252359,GS4273,2017,23356.0,252360
252360,GS4288,2017,22131.0,252361
252369,GS4372,2017,4388.0,252370
252370,GS4373,2017,3946.0,252371
252371,GS4374,2017,3946.0,252372
252372,GS4375,2017,3946.0,252373
252373,GS4376,2017,3946.0,252374
252374,GS4377,2017,3946.0,252375
252375,GS4378,2017,3946.0,252376
252376,GS4379,2017,3946.0,252377
252377,GS4380,2017,3946.0,252378
252378,GS4381,2017,3946.0,252379
252379,GS4382,2017,3946.0,252380
252381,GS4384,2017,3947.0,252382
252399,GS4422,2017,6222.0,252400
252400,GS4423,2017,6500.0,252401
252432,GS4596,2017,18921.0,252433
252437,GS4612,2017,133.0,252438
252576,GS5404,2017,70776.0,252577
255547,VCS1,2017,34.0,255548
255551,VCS5,2017,8951.0,255552
255556,VCS10,2017,1188.0,255557
255559,VCS13,2017,593656.0,255560
255561,VCS15,2017,48688.0,255562
255577,VCS33,2017,26017.0,255578
255583,VCS39,2017,10.0,255584
255596,VCS52,2017,4974.0,255597
255597,VCS53,2017,814.0,255598
255603,VCS59,2017,105.0,255604
255604,VCS60,2017,88.0,255605
255620,VCS77,2017,483677.0,255621
255621,VCS78,2017,1876.0,255622
255622,VCS79,2017,4795.0,255623
255625,VCS82,2017,8972.0,255626
255626,VCS83,2017,19865.0,255627
255633,VCS90,2017,11377.0,255634
255635,VCS92,2017,43382.0,255636
255636,VCS93,2017,48390.0,255637
255658,VCS116,2017,42316.0,255659
255669,VCS128,2017,9480.0,255670
255671,VCS130,2017,30.0,255672
255672,VCS131,2017,1062.0,255673
255673,VCS132,2017,324.0,255674
255674,VCS133,2017,246.0,255675
255679,VCS138,2017,109041.0,255680
255682,VCS141,2017,3550.0,255683
255683,VCS142,2017,4486.0,255684
255684,VCS143,2017,18931.0,255685
255685,VCS144,2017,83639.0,255686
255699,VCS158,2017,10885.0,255700
255700,VCS159,2017,134906.0,255701
255706,VCS166,2017,7733.0,255707
255713,VCS173,2017,1597932.0,255714
255717,VCS177,2017,251.0,255718
255718,VCS178,2017,7540.0,255719
255721,VCS181,2017,140075.0,255722
255723,VCS183,2017,11633.0,255724
255724,VCS184,2017,17484.0,255725
255725,VCS185,2017,235.0,255726
255734,VCS196,2017,23720.0,255735
255739,VCS201,2017,19000.0,255740
255741,VCS203,2017,7343.0,255742
255742,VCS204,2017,247846.0,255743
255746,VCS208,2017,278881.0,255747
255747,VCS209,2017,18749.0,255748
255748,VCS210,2017,149315.0,255749
255749,VCS211,2017,145958.0,255750
255751,VCS213,2017,27590.0,255752
255752,VCS214,2017,39907.0,255753
255755,VCS217,2017,98794.0,255756
255757,VCS219,2017,2848.0,255758
255759,VCS221,2017,56682.0,255760
255764,VCS226,2017,90000.0,255765
255766,VCS228,2017,38218.0,255767
255768,VCS230,2017,108562.0,255769
255769,VCS231,2017,102601.0,255770
255770,VCS232,2017,79.0,255771
255776,VCS238,2017,1175.0,255777
255787,VCS249,2017,60264.0,255788
255788,VCS250,2017,109.0,255789
255793,VCS255,2017,17717.0,255794
255803,VCS265,2017,2230.0,255804
255819,VCS281,2017,23219.0,255820
255821,VCS283,2017,185089.0,255822
255826,VCS288,2017,5.0,255827
255831,VCS293,2017,236.0,255832
255841,VCS303,2017,11291.0,255842
255855,VCS318,2017,36104.0,255856
255859,VCS322,2017,667.0,255860
255861,VCS324,2017,350358.0,255862
255866,VCS329,2017,60.0,255867
255869,VCS332,2017,2992.0,255870
255907,VCS370,2017,13078.0,255908
255913,VCS376,2017,673.0,255914
255917,VCS380,2017,34.0,255918
255918,VCS381,2017,19363.0,255919
255921,VCS384,2017,8312.0,255922
255926,VCS389,2017,10515.0,255927
255937,VCS400,2017,100000.0,255938
255940,VCS403,2017,357169.0,255941
255941,VCS404,2017,25763.0,255942
255942,VCS405,2017,1578.0,255943
255946,VCS409,2017,13.0,255947
255948,VCS411,2017,71353.0,255949
255949,VCS412,2017,4529.0,255950
255952,VCS415,2017,88637.0,255953
255953,VCS416,2017,45657.0,255954
255954,VCS417,2017,125295.0,255955
255962,VCS425,2017,43616.0,255963
255963,VCS426,2017,47747.0,255964
255964,VCS427,2017,43880.0,255965
255966,VCS429,2017,52484.0,255967
255967,VCS430,2017,18185.0,255968
255968,VCS431,2017,20148.0,255969
255969,VCS432,2017,100000.0,255970
255975,VCS438,2017,1870202.0,255976
255977,VCS440,2017,58.0,255978
255983,VCS446,2017,190.0,255984
255985,VCS448,2017,27563.0,255986
255992,VCS455,2017,150.0,255993
256005,VCS468,2017,13766.0,256006
256006,VCS469,2017,200.0,256007
256009,VCS472,2017,40405.0,256010
256019,VCS482,2017,16.0,256020
256024,VCS487,2017,1301.0,256025
256025,VCS488,2017,43565.0,256026
256026,VCS489,2017,33196.0,256027
256034,VCS497,2017,43716.0,256035
256036,VCS499,2017,13.0,256037
256043,VCS506,2017,149228.0,256044
256047,VCS510,2017,18132.0,256048
256050,VCS513,2017,14743.0,256051
256051,VCS514,2017,5722.0,256052
256055,VCS518,2017,264.0,256056
256058,VCS521,2017,7288.0,256059
256059,VCS522,2017,15.0,256060
256067,VCS530,2017,11480.0,256068
256071,VCS534,2017,50000.0,256072
256072,VCS535,2017,8283.0,256073
256073,VCS536,2017,51532.0,256074
256074,VCS537,2017,5250.0,256075
256095,VCS558,2017,12095.0,256096
256096,VCS559,2017,107064.0,256097
256099,VCS562,2017,1292.0,256100
256109,VCS572,2017,9419.0,256110
256110,VCS573,2017,460456.0,256111
256111,VCS574,2017,3.0,256112
256112,VCS575,2017,14371.0,256113
256113,VCS576,2017,102381.0,256114
256115,VCS578,2017,28012.0,256116
256122,VCS585,2017,89.0,256123
256123,VCS586,2017,17.0,256124
256124,VCS587,2017,34257.0,256125
256126,VCS589,2017,58.0,256127
256132,VCS595,2017,5508.0,256133
256141,VCS604,2017,246.0,256142
256142,VCS605,2017,300.0,256143
256144,VCS607,2017,32390.0,256145
256149,VCS612,2017,702402.0,256150
256155,VCS618,2017,217441.0,256156
256164,VCS627,2017,2853.0,256165
256172,VCS635,2017,132.0,256173
256176,VCS639,2017,11706.0,256177
256177,VCS640,2017,5000.0,256178
256178,VCS641,2017,73295.0,256179
256180,VCS643,2017,79.0,256181
256181,VCS644,2017,33817.0,256182
256184,VCS647,2017,2799.0,256185
256185,VCS648,2017,9427.0,256186
256187,VCS650,2017,10000.0,256188
256194,VCS657,2017,50273.0,256195
256202,VCS665,2017,41.0,256203
256203,VCS666,2017,330.0,256204
256209,VCS672,2017,5043.0,256210
256210,VCS673,2017,196669.0,256211
256211,VCS674,2017,1805210.0,256212
256219,VCS682,2017,200.0,256220
256220,VCS683,2017,3318.0,256221
256222,VCS685,2017,3547.0,256223
256223,VCS686,2017,555.0,256224
256225,VCS688,2017,30345.0,256226
256226,VCS689,2017,19.0,256227
256234,VCS697,2017,10000.0,256235
256236,VCS699,2017,24726.0,256237
256240,VCS703,2017,294.0,256241
256241,VCS704,2017,88.0,256242
256243,VCS706,2017,277745.0,256244
256246,VCS709,2017,7851.0,256247
256249,VCS713,2017,144705.0,256250
256253,VCS717,2017,499.0,256254
256261,VCS725,2017,15006.0,256262
256262,VCS726,2017,68862.0,256263
256264,VCS728,2017,28799.0,256265
256265,VCS729,2017,2447.0,256266
256273,VCS737,2017,112.0,256274
256276,VCS740,2017,5000.0,256277
256285,VCS750,2017,473.0,256286
256288,VCS753,2017,4440.0,256289
256291,VCS756,2017,46182.0,256292
256292,VCS757,2017,237.0,256293
256297,VCS762,2017,36614.0,256298
256301,VCS766,2017,1489.0,256302
256310,VCS775,2017,19122.0,256311
256315,VCS780,2017,23342.0,256316
256321,VCS786,2017,667049.0,256322
256322,VCS787,2017,23082.0,256323
256331,VCS796,2017,818.0,256332
256341,VCS806,2017,127.0,256342
256343,VCS808,2017,10172.0,256344
256354,VCS819,2017,4386.0,256355
256359,VCS824,2017,17096.0,256360
256360,VCS825,2017,11265.0,256361
256361,VCS826,2017,11355.0,256362
256362,VCS827,2017,10870.0,256363
256363,VCS828,2017,15888.0,256364
256366,VCS831,2017,50.0,256367
256367,VCS832,2017,25066.0,256368
256368,VCS833,2017,65233.0,256369
256369,VCS834,2017,9935.0,256370
256370,VCS835,2017,34415.0,256371
256371,VCS836,2017,12021.0,256372
256377,VCS842,2017,6661.0,256378
256379,VCS844,2017,508520.0,256380
256380,VCS845,2017,38316.0,256381
256381,VCS846,2017,40008.0,256382
256382,VCS847,2017,122.0,256383
256386,VCS851,2017,17382.0,256387
256387,VCS852,2017,217932.0,256388
256391,VCS856,2017,7848.0,256392
256403,VCS868,2017,335880.0,256404
256410,VCS875,2017,685670.0,256411
256412,VCS877,2017,24850.0,256413
256413,VCS878,2017,60142.0,256414
256417,VCS882,2017,12563.0,256418
256420,VCS885,2017,256.0,256421
256424,VCS889,2017,29685.0,256425
256425,VCS890,2017,9142.0,256426
256427,VCS892,2017,150000.0,256428
256431,VCS896,2017,402.0,256432
256432,VCS897,2017,12609.0,256433
256434,VCS899,2017,14989.0,256435
256437,VCS902,2017,1444277.0,256438
256438,VCS903,2017,208786.0,256439
256439,VCS904,2017,128.0,256440
256443,VCS908,2017,2750.0,256444
256444,VCS909,2017,33015.0,256445
256445,VCS910,2017,13890.0,256446
256446,VCS911,2017,133429.0,256447
256448,VCS913,2017,653.0,256449
256449,VCS914,2017,2690.0,256450
256450,VCS915,2017,98967.0,256451
256459,VCS924,2017,175.0,256460
256464,VCS929,2017,10000.0,256465
256469,VCS934,2017,91168.0,256470
256470,VCS935,2017,1698.0,256471
256472,VCS937,2017,77855.0,256473
256475,VCS940,2017,4639.0,256476
256478,VCS943,2017,700.0,256479
256479,VCS944,2017,466086.0,256480
256480,VCS945,2017,38015.0,256481
256489,VCS954,2017,1240.0,256490
256492,VCS957,2017,16140.0,256493
256493,VCS958,2017,51642.0,256494
256494,VCS959,2017,18290.0,256495
256496,VCS961,2017,10.0,256497
256497,VCS962,2017,23495.0,256498
256498,VCS963,2017,70750.0,256499
256499,VCS964,2017,12263.0,256500
256503,VCS968,2017,2740.0,256504
256504,VCS969,2017,99.0,256505
256509,VCS974,2017,1617.0,256510
256512,VCS977,2017,223302.0,256513
256516,VCS981,2017,9248.0,256517
256520,VCS985,2017,10994.0,256521
256522,VCS987,2017,1593.0,256523
256529,VCS994,2017,6373.0,256530
256553,VCS1019,2017,121464.0,256554
256557,VCS1023,2017,282.0,256558
256565,VCS1031,2017,83.0,256566
256566,VCS1032,2017,19890.0,256567
256568,VCS1034,2017,1232.0,256569
256570,VCS1036,2017,4646.0,256571
256572,VCS1038,2017,2163.0,256573
256574,VCS1040,2017,6123.0,256575
256576,VCS1042,2017,67810.0,256577
256579,VCS1045,2017,2027.0,256580
256585,VCS1051,2017,299.0,256586
256590,VCS1056,2017,20000.0,256591
256601,VCS1067,2017,20714.0,256602
256603,VCS1069,2017,276.0,256604
256604,VCS1070,2017,7237.0,256605
256611,VCS1077,2017,50.0,256612
256616,VCS1082,2017,5797.0,256617
256618,VCS1084,2017,4338.0,256619
256628,VCS1094,2017,72862.0,256629
256630,VCS1096,2017,24500.0,256631
256632,VCS1098,2017,45534.0,256633
256633,VCS1099,2017,23020.0,256634
256636,VCS1102,2017,12850.0,256637
256645,VCS1111,2017,18650.0,256646
256646,VCS1112,2017,23164.0,256647
256647,VCS1113,2017,33217.0,256648
256649,VCS1115,2017,8606.0,256650
256655,VCS1121,2017,4947.0,256656
256656,VCS1122,2017,161260.0,256657
256660,VCS1126,2017,11850.0,256661
256674,VCS1140,2017,10238.0,256675
256675,VCS1141,2017,100145.0,256676
256676,VCS1142,2017,1112.0,256677
256677,VCS1143,2017,8500.0,256678
256682,VCS1148,2017,63224.0,256683
256686,VCS1152,2017,85147.0,256687
256692,VCS1159,2017,5083.0,256693
256695,VCS1162,2017,39001.0,256696
256696,VCS1163,2017,580.0,256697
256700,VCS1167,2017,1478.0,256701
256701,VCS1168,2017,81724.0,256702
256708,VCS1175,2017,46496.0,256709
256718,VCS1185,2017,23079.0,256719
256719,VCS1186,2017,22949.0,256720
256722,VCS1189,2017,49400.0,256723
256727,VCS1194,2017,946.0,256728
256728,VCS1195,2017,7661.0,256729
256733,VCS1200,2017,34804.0,256734
256734,VCS1201,2017,6442.0,256735
256735,VCS1202,2017,152916.0,256736
256736,VCS1203,2017,10000.0,256737
256748,VCS1215,2017,49750.0,256749
256749,VCS1216,2017,15237.0,256750
256752,VCS1219,2017,5389.0,256753
256762,VCS1229,2017,765.0,256763
256771,VCS1238,2017,33766.0,256772
256773,VCS1240,2017,14095.0,256774
256774,VCS1241,2017,250.0,256775
256775,VCS1242,2017,442.0,256776
256785,VCS1252,2017,25.0,256786
256790,VCS1257,2017,466611.0,256791
256791,VCS1258,2017,17038.0,256792
256794,VCS1261,2017,317075.0,256795
256818,VCS1285,2017,4255.0,256819
256824,VCS1291,2017,381568.0,256825
256836,VCS1304,2017,984.0,256837
256842,VCS1310,2017,166585.0,256843
256850,VCS1318,2017,43116.0,256851
256851,VCS1319,2017,77311.0,256852
256857,VCS1325,2017,229.0,256858
256860,VCS1328,2017,32518.0,256861
256861,VCS1329,2017,1872.0,256862
256864,VCS1332,2017,738.0,256865
256870,VCS1338,2017,17199.0,256871
256876,VCS1344,2017,154879.0,256877
256881,VCS1349,2017,33000.0,256882
256884,VCS1352,2017,54826.0,256885
256885,VCS1353,2017,543479.0,256886
256886,VCS1354,2017,11679.0,256887
256887,VCS1355,2017,756.0,256888
256888,VCS1356,2017,28948.0,256889
256891,VCS1359,2017,433974.0,256892
256910,VCS1378,2017,28057.0,256911
256914,VCS1382,2017,884163.0,256915
256925,VCS1393,2017,8027.0,256926
256936,VCS1404,2017,7546.0,256937
256939,VCS1407,2017,18330.0,256940
256940,VCS1408,2017,19800.0,256941
256945,VCS1413,2017,8500.0,256946
256949,VCS1417,2017,3786.0,256950
256950,VCS1418,2017,25070.0,256951
256967,VCS1436,2017,224.0,256968
256972,VCS1441,2017,28263.0,256973
256975,VCS1444,2017,33240.0,256976
256976,VCS1445,2017,69470.0,256977
256979,VCS1448,2017,104580.0,256980
256993,VCS1463,2017,10582.0,256994
256995,VCS1465,2017,124532.0,256996
257003,VCS1476,2017,16885.0,257004
257004,VCS1477,2017,23000.0,257005
257005,VCS1478,2017,17926.0,257006
257006,VCS1479,2017,66958.0,257007
257007,VCS1480,2017,63410.0,257008
257008,VCS1481,2017,143335.0,257009
257009,VCS1482,2017,54130.0,257010
257010,VCS1483,2017,4695.0,257011
257013,VCS1486,2017,23466.0,257014
257014,VCS1489,2017,4405.0,257015
257015,VCS1490,2017,1031686.0,257016
257018,VCS1493,2017,230.0,257019
257020,VCS1495,2017,13802.0,257021
257028,VCS1503,2017,127506.0,257029
257029,VCS1504,2017,422.0,257030
257030,VCS1505,2017,106021.0,257031
257032,VCS1507,2017,46023.0,257033
257043,VCS1519,2017,89161.0,257044
257044,VCS1520,2017,26313.0,257045
257045,VCS1521,2017,196387.0,257046
257047,VCS1523,2017,207626.0,257048
257049,VCS1525,2017,73.0,257050
257051,VCS1527,2017,4270.0,257052
257052,VCS1528,2017,2460.0,257053
257058,VCS1535,2017,29626.0,257059
257060,VCS1537,2017,310.0,257061
257063,VCS1541,2017,2197.0,257064
257073,VCS1551,2017,33183.0,257074
257075,VCS1553,2017,27577.0,257076
257078,VCS1558,2017,17515.0,257079
257080,VCS1560,2017,190200.0,257081
257085,VCS1566,2017,1710278.0,257086
257092,VCS1574,2017,60592.0,257093
257094,VCS1578,2017,16271.0,257095
257096,VCS1580,2017,383977.0,257097
257107,VCS1650,2017,23116.0,257108
257115,VCS1660,2017,53009.0,257116
257123,VCS1669,2017,19509.0,257124
257124,VCS1670,2017,100114.0,257125
257125,VCS1671,2017,23981.0,257126
257131,VCS1677,2017,915.0,257132
257143,VCS1690,2017,65.0,257144
257149,VCS1697,2017,1227.0,257150
260830,VCSOPR2,2017,298891.0,260831
260835,ACR0106,2018,54000.0,260836
260837,ACR0109,2018,80571.0,260838
260841,ACR0113,2018,2500.0,260842
260842,ACR0114,2018,330063.0,260843
260853,ACR0126,2018,248104.0,260854
260857,ACR0130,2018,429.0,260858
260858,ACR0131,2018,193.0,260859
260859,ACR0132,2018,4507.0,260860
260862,ACR0135,2018,522.0,260863
260863,ACR0136,2018,2586.0,260864
260864,ACR0137,2018,4271.0,260865
260865,ACR0138,2018,2260.0,260866
260866,ACR0139,2018,786.0,260867
260867,ACR0140,2018,1236.0,260868
260868,ACR0141,2018,3546.0,260869
260869,ACR0142,2018,727.0,260870
260870,ACR0143,2018,409.0,260871
260871,ACR0144,2018,802.0,260872
260872,ACR0145,2018,1134.0,260873
260873,ACR0146,2018,1111.0,260874
260875,ACR0148,2018,2079.0,260876
260876,ACR0149,2018,1302.0,260877
260877,ACR0150,2018,333.0,260878
260879,ACR0152,2018,1683.0,260880
260882,ACR0155,2018,100.0,260883
260884,ACR0157,2018,21360.0,260885
260891,ACR0164,2018,6513.0,260892
260892,ACR0165,2018,150000.0,260893
260910,ACR0188,2018,37.0,260911
260931,ACR0212,2018,65506.0,260932
260935,ACR0222,2018,1919.0,260936
260936,ACR0223,2018,148754.0,260937
260975,ACR0263,2018,500.0,260976
260976,ACR0264,2018,230.0,260977
260984,ACR0272,2018,50.0,260985
261020,ACR0310,2018,2500.0,261021
261057,ACR0374,2018,25000.0,261058
261861,CAR102,2018,55353.0,261862
261863,CAR396,2018,140.0,261864
261864,CAR397,2018,5.0,261865
261865,CAR398,2018,1057.0,261866
261866,CAR399,2018,5562.0,261867
261867,CAR400,2018,33597.0,261868
261870,CAR406,2018,120781.0,261871
261871,CAR408,2018,6870.0,261872
261874,CAR412,2018,3855.0,261875
261875,CAR416,2018,7801.0,261876
261876,CAR418,2018,100.0,261877
261880,CAR424,2018,66.0,261881
261883,CAR430,2018,2204.0,261884
261884,CAR432,2018,18302.0,261885
261886,CAR435,2018,107705.0,261887
261889,CAR439,2018,10953.0,261890
261891,CAR441,2018,24431.0,261892
261892,CAR443,2018,49014.0,261893
261893,CAR444,2018,879.0,261894
261894,CAR445,2018,18368.0,261895
261896,CAR449,2018,439.0,261897
261898,CAR451,2018,20499.0,261899
261901,CAR455,2018,46305.0,261902
261904,CAR459,2018,10619.0,261905
261906,CAR463,2018,610.0,261907
261908,CAR465,2018,20370.0,261909
261909,CAR466,2018,18318.0,261910
261911,CAR468,2018,12205.0,261912
261914,CAR473,2018,1500.0,261915
261915,CAR474,2018,3975.0,261916
261916,CAR475,2018,231098.0,261917
261917,CAR476,2018,192716.0,261918
261918,CAR477,2018,1031.0,261919
261920,CAR479,2018,1419.0,261921
261922,CAR481,2018,36805.0,261923
261923,CAR482,2018,5192.0,261924
261924,CAR483,2018,55485.0,261925
261932,CAR495,2018,100081.0,261933
261934,CAR497,2018,9500.0,261935
261935,CAR498,2018,36258.0,261936
261937,CAR502,2018,70000.0,261938
261938,CAR503,2018,8168.0,261939
261943,CAR509,2018,12985.0,261944
261944,CAR512,2018,35661.0,261945
261952,CAR531,2018,23339.0,261953
261956,CAR540,2018,9601.0,261957
261957,CAR545,2018,68635.0,261958
261961,CAR558,2018,2279.0,261962
261962,CAR560,2018,38659.0,261963
261963,CAR566,2018,14000.0,261964
261964,CAR574,2018,12096.0,261965
261965,CAR575,2018,614.0,261966
261967,CAR578,2018,27958.0,261968
261970,CAR588,2018,38045.0,261971
261975,CAR593,2018,46.0,261976
261985,CAR612,2018,16057.0,261986
261987,CAR621,2018,164605.0,261988
261992,CAR634,2018,7171.0,261993
261993,CAR635,2018,197581.0,261994
261994,CAR639,2018,715159.0,261995
261997,CAR646,2018,9304.0,261998
262006,CAR674,2018,101337.0,262007
262009,CAR683,2018,5000.0,262010
262010,CAR686,2018,5831.0,262011
262011,CAR688,2018,1626.0,262012
262012,CAR691,2018,1137062.0,262013
262014,CAR696,2018,18320.0,262015
262015,CAR697,2018,14151.0,262016
262018,CAR761,2018,61662.0,262019
262021,CAR766,2018,79283.0,262022
262022,CAR768,2018,36508.0,262023
262023,CAR769,2018,20451.0,262024
262027,CAR776,2018,9076.0,262028
262029,CAR780,2018,10873.0,262030
262031,CAR782,2018,63960.0,262032
262035,CAR790,2018,61562.0,262036
262046,CAR807,2018,42042.0,262047
262047,CAR811,2018,133957.0,262048
262048,CAR812,2018,25203.0,262049
262050,CAR814,2018,20493.0,262051
262052,CAR817,2018,20585.0,262053
262054,CAR822,2018,13132.0,262055
262055,CAR824,2018,21621.0,262056
262056,CAR825,2018,36441.0,262057
262058,CAR829,2018,14664.0,262059
262065,CAR838,2018,110256.0,262066
262068,CAR844,2018,18729.0,262069
262070,CAR866,2018,24850.0,262071
262072,CAR878,2018,20293.0,262073
262077,CAR886,2018,9633.0,262078
262078,CAR887,2018,50378.0,262079
262079,CAR888,2018,29158.0,262080
262082,CAR893,2018,4198.0,262083
262086,CAR911,2018,36932.0,262087
262091,CAR935,2018,396.0,262092
262094,CAR946,2018,88955.0,262095
262097,CAR949,2018,3097.0,262098
262100,CAR955,2018,9500.0,262101
262116,CAR988,2018,7424.0,262117
262123,CAR996,2018,13838.0,262124
262125,CAR998,2018,7057.0,262126
262133,CAR1008,2018,40522.0,262134
262149,CAR1027,2018,142630.0,262150
262163,CAR1050,2018,68264.0,262164
262202,CAR1096,2018,24949.0,262203
262204,CAR1098,2018,300.0,262205
262324,CAR1237,2018,1983.0,262325
262325,CAR1238,2018,2804.0,262326
262346,CAR1261,2018,4144.0,262347
262347,CAR1262,2018,17005.0,262348
262388,CAR1306,2018,3909.0,262389
263144,GS338,2018,71.0,263145
263148,GS347,2018,29000.0,263149
263150,GS352,2018,55574.0,263151
263153,GS367,2018,1601.0,263154
263154,GS368,2018,32898.0,263155
263155,GS369,2018,200.0,263156
263163,GS397,2018,58053.0,263164
263164,GS398,2018,22636.0,263165
263165,GS399,2018,27.0,263166
263168,GS407,2018,339096.0,263169
263172,GS413,2018,199015.0,263173
263173,GS414,2018,109607.0,263174
263177,GS423,2018,309.0,263178
263179,GS436,2018,7131.0,263180
263180,GS437,2018,902.0,263181
263181,GS438,2018,4439.0,263182
263182,GS439,2018,10.0,263183
263183,GS440,2018,34041.0,263184
263185,GS445,2018,79677.0,263186
263186,GS447,2018,576446.0,263187
263187,GS449,2018,40.0,263188
263194,GS464,2018,29034.0,263195
263197,GS472,2018,151290.0,263198
263198,GS474,2018,13075.0,263199
263200,GS481,2018,657.0,263201
263204,GS500,2018,46307.0,263205
263205,GS503,2018,240.0,263206
263206,GS504,2018,4965.0,263207
263207,GS505,2018,2993.0,263208
263209,GS514,2018,9.0,263210
263217,GS554,2018,485.0,263218
263222,GS566,2018,13186.0,263223
263235,GS601,2018,10405.0,263236
263236,GS605,2018,459.0,263237
263241,GS612,2018,85069.0,263242
263242,GS613,2018,5187.0,263243
263246,GS617,2018,179159.0,263247
263253,GS633,2018,86548.0,263254
263254,GS634,2018,4230.0,263255
263257,GS637,2018,238.0,263258
263258,GS638,2018,194226.0,263259
263265,GS655,2018,6680.0,263266
263269,GS663,2018,60196.0,263270
263270,GS666,2018,21411.0,263271
263273,GS672,2018,55940.0,263274
263274,GS675,2018,1243.0,263275
263276,GS683,2018,3376.0,263277
263277,GS685,2018,31495.0,263278
263280,GS689,2018,53.0,263281
263281,GS690,2018,100566.0,263282
263284,GS702,2018,23942.0,263285
263285,GS707,2018,215879.0,263286
263289,GS715,2018,2777.0,263290
263290,GS716,2018,518.0,263291
263295,GS730,2018,1022.0,263296
263297,GS735,2018,5600.0,263298
263300,GS744,2018,1771.0,263301
263305,GS750,2018,7252.0,263306
263306,GS751,2018,36309.0,263307
263307,GS753,2018,5329.0,263308
263313,GS769,2018,20052.0,263314
263319,GS778,2018,133.0,263320
263322,GS784,2018,332.0,263323
263335,GS814,2018,117.0,263336
263336,GS816,2018,191894.0,263337
263339,GS824,2018,10643.0,263340
263351,GS843,2018,3840.0,263352
263357,GS850,2018,11071.0,263358
263359,GS854,2018,36125.0,263360
263371,GS872,2018,36778.0,263372
263376,GS879,2018,51126.0,263377
263378,GS883,2018,16668.0,263379
263380,GS886,2018,408356.0,263381
263381,GS887,2018,7199.0,263382
263386,GS905,2018,1939.0,263387
263387,GS906,2018,16315.0,263388
263393,GS917,2018,11058.0,263394
263394,GS918,2018,133.0,263395
263395,GS922,2018,6695.0,263396
263402,GS931,2018,9596.0,263403
263403,GS935,2018,57804.0,263404
263407,GS947,2018,38311.0,263408
263408,GS949,2018,276354.0,263409
263409,GS950,2018,200.0,263410
263416,GS963,2018,12381.0,263417
263417,GS966,2018,300518.0,263418
263420,GS971,2018,122560.0,263421
263423,GS976,2018,35234.0,263424
263424,GS977,2018,322.0,263425
263431,GS988,2018,417.0,263432
263432,GS989,2018,7034.0,263433
263435,GS992,2018,25.0,263436
263436,GS993,2018,4161.0,263437
263437,GS997,2018,991.0,263438
263440,GS1001,2018,42828.0,263441
263443,GS1006,2018,37.0,263444
263444,GS1011,2018,257.0,263445
263446,GS1013,2018,61951.0,263447
263449,GS1016,2018,3561.0,263450
263452,GS1020,2018,47973.0,263453
263453,GS1021,2018,8773.0,263454
263461,GS1029,2018,2262.0,263462
263462,GS1030,2018,8341.0,263463
263463,GS1031,2018,216.0,263464
263465,GS1033,2018,264.0,263466
263466,GS1034,2018,57256.0,263467
263469,GS1038,2018,1081.0,263470
263473,GS1042,2018,32451.0,263474
263474,GS1044,2018,196.0,263475
263478,GS1049,2018,173160.0,263479
263483,GS1059,2018,1970.0,263484
263485,GS1061,2018,4058.0,263486
263487,GS1064,2018,19600.0,263488
263489,GS1067,2018,770.0,263490
263490,GS1068,2018,4205.0,263491
263492,GS1072,2018,3317.0,263493
263494,GS1074,2018,6427.0,263495
263497,GS1078,2018,60098.0,263498
263499,GS1083,2018,254233.0,263500
263506,GS1094,2018,872.0,263507
263507,GS1095,2018,7713.0,263508
263508,GS1096,2018,8219.0,263509
263509,GS1097,2018,2200.0,263510
263510,GS1098,2018,14263.0,263511
263511,GS1100,2018,200.0,263512
263512,GS1101,2018,200.0,263513
263514,GS1103,2018,3858.0,263515
263543,GS1167,2018,3625.0,263544
263547,GS1173,2018,244.0,263548
263548,GS1174,2018,19389.0,263549
263550,GS1178,2018,1986.0,263551
263558,GS1191,2018,1226.0,263559
263575,GS1221,2018,1247.0,263576
263581,GS1228,2018,46129.0,263582
263582,GS1229,2018,206.0,263583
263588,GS1237,2018,161.0,263589
263595,GS1244,2018,15859.0,263596
263598,GS1248,2018,2024.0,263599
263599,GS1249,2018,2214.0,263600
263601,GS1253,2018,98687.0,263602
263604,GS1267,2018,9377.0,263605
263611,GS1291,2018,19243.0,263612
263614,GS1296,2018,1375.0,263615
263619,GS1303,2018,795.0,263620
263621,GS1306,2018,18028.0,263622
263635,GS1321,2018,210599.0,263636
263641,GS1329,2018,16702.0,263642
263643,GS1332,2018,6067.0,263644
263645,GS1334,2018,2869.0,263646
263662,GS1359,2018,9801.0,263663
263665,GS1364,2018,22948.0,263666
263666,GS1365,2018,14413.0,263667
263668,GS1367,2018,2474.0,263669
263675,GS1374,2018,698.0,263676
263750,GS2091,2018,1149.0,263751
263751,GS2092,2018,19336.0,263752
263753,GS2094,2018,50181.0,263754
263754,GS2095,2018,4776.0,263755
263761,GS2293,2018,18745.0,263762
263763,GS2295,2018,1000.0,263764
263764,GS2296,2018,72.0,263765
263772,GS2396,2018,126.0,263773
263773,GS2397,2018,7451.0,263774
263774,GS2398,2018,4643.0,263775
263779,GS2405,2018,49561.0,263780
263795,GS2429,2018,55.0,263796
263799,GS2435,2018,1057.0,263800
263802,GS2439,2018,4127.0,263803
263803,GS2440,2018,550.0,263804
263804,GS2441,2018,1184.0,263805
263806,GS2444,2018,169313.0,263807
263807,GS2445,2018,220371.0,263808
263810,GS2449,2018,1235.0,263811
263813,GS2456,2018,4867.0,263814
263814,GS2457,2018,1000.0,263815
263816,GS2460,2018,12088.0,263817
263818,GS2464,2018,963.0,263819
263820,GS2468,2018,13038.0,263821
263827,GS2479,2018,19420.0,263828
263828,GS2480,2018,10987.0,263829
263829,GS2481,2018,13031.0,263830
263835,GS2487,2018,1042.0,263836
263836,GS2488,2018,514.0,263837
263840,GS2497,2018,8780.0,263841
263842,GS2499,2018,4500.0,263843
263844,GS2501,2018,3822.0,263845
263845,GS2502,2018,5000.0,263846
263846,GS2503,2018,153679.0,263847
263854,GS2514,2018,387.0,263855
263857,GS2519,2018,73131.0,263858
263858,GS2520,2018,24994.0,263859
263864,GS2534,2018,3911.0,263865
263869,GS2540,2018,8734.0,263870
263873,GS2544,2018,17579.0,263874
263874,GS2545,2018,52761.0,263875
263877,GS2553,2018,2798.0,263878
263904,GS2588,2018,4030.0,263905
263926,GS2678,2018,180.0,263927
263927,GS2679,2018,38241.0,263928
263928,GS2680,2018,7300.0,263929
263933,GS2685,2018,662.0,263934
263939,GS2691,2018,15742.0,263940
263956,GS2750,2018,11906.0,263957
263957,GS2751,2018,12500.0,263958
263958,GS2758,2018,243610.0,263959
263961,GS2765,2018,2245.0,263962
263963,GS2767,2018,38827.0,263964
263964,GS2772,2018,474.0,263965
263967,GS2892,2018,5000.0,263968
263968,GS2893,2018,3623.0,263969
263969,GS2894,2018,3667.0,263970
263970,GS2895,2018,1566.0,263971
263972,GS2898,2018,88079.0,263973
263976,GS2940,2018,67833.0,263977
263978,GS2990,2018,105520.0,263979
263979,GS3007,2018,36832.0,263980
263985,GS3018,2018,12570.0,263986
263986,GS3023,2018,6116.0,263987
263994,GS3039,2018,18750.0,263995
263999,GS3078,2018,386.0,264000
264000,GS3079,2018,2585.0,264001
264001,GS3080,2018,129.0,264002
264003,GS3105,2018,15224.0,264004
264004,GS3106,2018,17352.0,264005
264005,GS3107,2018,11779.0,264006
264006,GS3108,2018,18633.0,264007
264018,GS3253,2018,42527.0,264019
264024,GS3262,2018,784.0,264025
264026,GS3267,2018,6899.0,264027
264027,GS3305,2018,627.0,264028
264028,GS3306,2018,13838.0,264029
264030,GS3326,2018,8069.0,264031
264036,GS3344,2018,3914.0,264037
264040,GS3363,2018,17672.0,264041
264041,GS3364,2018,18650.0,264042
264042,GS3365,2018,25822.0,264043
264044,GS3367,2018,3964.0,264045
264052,GS3379,2018,24665.0,264053
264055,GS3404,2018,4807.0,264056
264062,GS3421,2018,185.0,264063
264063,GS3422,2018,10035.0,264064
264067,GS3430,2018,106.0,264068
264068,GS3431,2018,1623.0,264069
264069,GS3432,2018,769.0,264070
264070,GS3433,2018,9528.0,264071
264072,GS3443,2018,17280.0,264073
264073,GS3444,2018,368.0,264074
264074,GS3445,2018,9311.0,264075
264076,GS3447,2018,1000.0,264077
264077,GS3448,2018,3571.0,264078
264078,GS3449,2018,8078.0,264079
264079,GS3450,2018,63.0,264080
264080,GS3451,2018,3563.0,264081
264092,GS3512,2018,528.0,264093
264096,GS3516,2018,2421.0,264097
264097,GS3517,2018,2395.0,264098
264107,GS3544,2018,761.0,264108
264108,GS3547,2018,16107.0,264109
264113,GS3560,2018,12745.0,264114
264114,GS3561,2018,5241.0,264115
264115,GS3563,2018,22310.0,264116
264116,GS3564,2018,11640.0,264117
264138,GS3618,2018,7648.0,264139
264139,GS3619,2018,4728.0,264140
264140,GS3620,2018,7624.0,264141
264151,GS3901,2018,1101.0,264152
264159,GS3945,2018,2155.0,264160
264170,GS3965,2018,66228.0,264171
264172,GS3969,2018,178081.0,264173
264176,GS3976,2018,326229.0,264177
264183,GS4124,2018,87926.0,264184
264184,GS4126,2018,207.0,264185
264189,GS4202,2018,12481.0,264190
264190,GS4203,2018,10122.0,264191
264191,GS4205,2018,20000.0,264192
264194,GS4210,2018,5034.0,264195
264197,GS4221,2018,234339.0,264198
264200,GS4238,2018,4963.0,264201
264202,GS4240,2018,182.0,264203
264206,GS4260,2018,9240.0,264207
264212,GS4270,2018,8095.0,264213
264213,GS4271,2018,10051.0,264214
264215,GS4273,2018,25898.0,264216
264216,GS4288,2018,24491.0,264217
264237,GS4384,2018,3165.0,264238
264255,GS4422,2018,42.0,264256
264256,GS4423,2018,6500.0,264257
264268,GS4518,2018,1500.0,264269
264269,GS4519,2018,9801.0,264270
264282,GS4557,2018,3689.0,264283
264288,GS4596,2018,10187.0,264289
264292,GS4611,2018,4328.0,264293
264293,GS4612,2018,274.0,264294
264321,GS4897,2018,7518.0,264322
264322,GS4898,2018,5007.0,264323
264323,GS4899,2018,5267.0,264324
264324,GS4900,2018,67.0,264325
264325,GS4901,2018,40.0,264326
264364,GS5106,2018,7990.0,264365
264369,GS5186,2018,5471.0,264370
264370,GS5187,2018,2169.0,264371
264371,GS5188,2018,9800.0,264372
264376,GS5193,2018,2417.0,264377
264377,GS5194,2018,2870.0,264378
264378,GS5195,2018,166.0,264379
264403,GS5322,2018,8973.0,264404
264404,GS5323,2018,8828.0,264405
264405,GS5324,2018,7160.0,264406
264408,GS5329,2018,5000.0,264409
264427,GS5392,2018,7679.0,264428
264428,GS5393,2018,5562.0,264429
264436,GS5434,2018,84.0,264437
264477,GS5699,2018,50000.0,264478
264481,GS5782,2018,6300.0,264482
264529,GS6038,2018,5039.0,264530
264576,GS6275,2018,38000.0,264577
264601,GS6498,2018,26492.0,264602
264613,GS6586,2018,1000.0,264614
264660,GS7049,2018,200.0,264661
267407,VCS5,2018,2898.0,267408
267412,VCS10,2018,323069.0,267413
267432,VCS32,2018,263.0,267433
267433,VCS33,2018,19891.0,267434
267439,VCS39,2018,10.0,267440
267445,VCS45,2018,151.0,267446
267452,VCS52,2018,6463.0,267453
267453,VCS53,2018,3922.0,267454
267463,VCS63,2018,715.0,267464
267464,VCS64,2018,36846.0,267465
267476,VCS77,2018,9417.0,267477
267477,VCS78,2018,12543.0,267478
267478,VCS79,2018,7236.0,267479
267481,VCS82,2018,22620.0,267482
267482,VCS83,2018,4708.0,267483
267489,VCS90,2018,682.0,267490
267491,VCS92,2018,203609.0,267492
267492,VCS93,2018,125206.0,267493
267513,VCS115,2018,35582.0,267514
267518,VCS120,2018,836.0,267519
267527,VCS130,2018,1236.0,267528
267528,VCS131,2018,358.0,267529
267529,VCS132,2018,7029.0,267530
267530,VCS133,2018,43693.0,267531
267535,VCS138,2018,144059.0,267536
267538,VCS141,2018,254.0,267539
267539,VCS142,2018,7006.0,267540
267540,VCS143,2018,6337.0,267541
267541,VCS144,2018,91258.0,267542
267551,VCS154,2018,4635.0,267552
267552,VCS155,2018,21110.0,267553
267555,VCS158,2018,16011.0,267556
267556,VCS159,2018,95171.0,267557
267562,VCS166,2018,9197.0,267563
267569,VCS173,2018,1370031.0,267570
267571,VCS175,2018,2540.0,267572
267574,VCS178,2018,259.0,267575
267577,VCS181,2018,112311.0,267578
267579,VCS183,2018,3272.0,267580
267580,VCS184,2018,45181.0,267581
267581,VCS185,2018,8.0,267582
267590,VCS196,2018,146.0,267591
267595,VCS201,2018,28400.0,267596
267597,VCS203,2018,72487.0,267598
267598,VCS204,2018,11614.0,267599
267602,VCS208,2018,70203.0,267603
267603,VCS209,2018,99070.0,267604
267605,VCS211,2018,133964.0,267606
267607,VCS213,2018,44139.0,267608
267608,VCS214,2018,256708.0,267609
267611,VCS217,2018,99166.0,267612
267615,VCS221,2018,139604.0,267616
267625,VCS231,2018,93533.0,267626
267627,VCS233,2018,24000.0,267628
267632,VCS238,2018,844.0,267633
267643,VCS249,2018,57000.0,267644
267644,VCS250,2018,177880.0,267645
267649,VCS255,2018,2712.0,267650
267659,VCS265,2018,2228.0,267660
267684,VCS290,2018,17744.0,267685
267698,VCS304,2018,7767.0,267699
267710,VCS317,2018,2320.0,267711
267711,VCS318,2018,7703.0,267712
267715,VCS322,2018,1198.0,267716
267717,VCS324,2018,800.0,267718
267719,VCS326,2018,1.0,267720
267723,VCS330,2018,1000.0,267724
267725,VCS332,2018,124999.0,267726
267730,VCS337,2018,10595.0,267731
267733,VCS340,2018,4878.0,267734
267763,VCS370,2018,567.0,267764
267769,VCS376,2018,15.0,267770
267773,VCS380,2018,7.0,267774
267787,VCS394,2018,664.0,267788
267796,VCS403,2018,49809.0,267797
267798,VCS405,2018,683.0,267799
267800,VCS407,2018,500.0,267801
267804,VCS411,2018,22460.0,267805
267805,VCS412,2018,11315.0,267806
267808,VCS415,2018,78284.0,267809
267809,VCS416,2018,17084.0,267810
267810,VCS417,2018,76688.0,267811
267818,VCS425,2018,8345.0,267819
267819,VCS426,2018,266.0,267820
267821,VCS428,2018,70000.0,267822
267822,VCS429,2018,11691.0,267823
267823,VCS430,2018,67979.0,267824
267831,VCS438,2018,466338.0,267832
267837,VCS444,2018,5000.0,267838
267841,VCS448,2018,18810.0,267842
267843,VCS450,2018,55621.0,267844
267861,VCS468,2018,13027.0,267862
267864,VCS471,2018,46679.0,267865
267865,VCS472,2018,43602.0,267866
267875,VCS482,2018,2100.0,267876
267876,VCS483,2018,58860.0,267877
267880,VCS487,2018,4799.0,267881
267881,VCS488,2018,12612.0,267882
267882,VCS489,2018,93343.0,267883
267890,VCS497,2018,35476.0,267891
267899,VCS506,2018,13.0,267900
267906,VCS513,2018,13223.0,267907
267907,VCS514,2018,10000.0,267908
267911,VCS518,2018,6641.0,267912
267914,VCS521,2018,556.0,267915
267915,VCS522,2018,241.0,267916
267916,VCS523,2018,5000.0,267917
267923,VCS530,2018,13813.0,267924
267928,VCS535,2018,2523.0,267929
267929,VCS536,2018,56287.0,267930
267930,VCS537,2018,6550.0,267931
267951,VCS558,2018,10121.0,267952
267955,VCS562,2018,103894.0,267956
267965,VCS572,2018,52.0,267966
267968,VCS575,2018,7971.0,267969
267969,VCS576,2018,41120.0,267970
267979,VCS586,2018,687.0,267980
267980,VCS587,2018,22506.0,267981
267988,VCS595,2018,14995.0,267989
267989,VCS596,2018,4408.0,267990
267995,VCS602,2018,220.0,267996
267997,VCS604,2018,46138.0,267998
267998,VCS605,2018,4071.0,267999
268000,VCS607,2018,174966.0,268001
268003,VCS610,2018,26.0,268004
268005,VCS612,2018,259960.0,268006
268011,VCS618,2018,980633.0,268012
268014,VCS621,2018,271.0,268015
268026,VCS633,2018,15000.0,268027
268028,VCS635,2018,44.0,268029
268034,VCS641,2018,63671.0,268035
268040,VCS647,2018,10801.0,268041
268041,VCS648,2018,6590.0,268042
268043,VCS650,2018,11000.0,268044
268046,VCS653,2018,12957.0,268047
268058,VCS665,2018,25.0,268059
268065,VCS672,2018,2420.0,268066
268066,VCS673,2018,55771.0,268067
268067,VCS674,2018,1392646.0,268068
268075,VCS682,2018,17189.0,268076
268076,VCS683,2018,3966.0,268077
268079,VCS686,2018,9081.0,268080
268081,VCS688,2018,126627.0,268082
268092,VCS699,2018,182590.0,268093
268096,VCS703,2018,32.0,268097
268097,VCS704,2018,7000.0,268098
268099,VCS706,2018,96241.0,268100
268102,VCS709,2018,14571.0,268103
268105,VCS713,2018,637.0,268106
268114,VCS722,2018,80765.0,268115
268117,VCS725,2018,42367.0,268118
268119,VCS727,2018,213890.0,268120
268120,VCS728,2018,11038.0,268121
268121,VCS729,2018,2339.0,268122
268123,VCS731,2018,90.0,268124
268132,VCS740,2018,2000.0,268133
268139,VCS748,2018,45647.0,268140
268142,VCS751,2018,3247.0,268143
268145,VCS754,2018,75531.0,268146
268147,VCS756,2018,4995.0,268148
268153,VCS762,2018,38087.0,268154
268155,VCS764,2018,1796.0,268156
268157,VCS766,2018,139897.0,268158
268158,VCS767,2018,180.0,268159
268171,VCS780,2018,167320.0,268172
268175,VCS784,2018,64103.0,268176
268177,VCS786,2018,1655606.0,268178
268179,VCS788,2018,36600.0,268180
268208,VCS817,2018,14989.0,268209
268210,VCS819,2018,8621.0,268211
268211,VCS820,2018,16408.0,268212
268214,VCS823,2018,68000.0,268215
268219,VCS828,2018,13700.0,268220
268221,VCS830,2018,189407.0,268222
268223,VCS832,2018,191680.0,268224
268224,VCS833,2018,49214.0,268225
268225,VCS834,2018,9343.0,268226
268227,VCS836,2018,5692.0,268228
268228,VCS837,2018,105474.0,268229
268235,VCS844,2018,692445.0,268236
268243,VCS852,2018,235632.0,268244
268247,VCS856,2018,233886.0,268248
268259,VCS868,2018,246104.0,268260
268266,VCS875,2018,515165.0,268267
268267,VCS876,2018,1000.0,268268
268268,VCS877,2018,41073.0,268269
268273,VCS882,2018,17336.0,268274
268283,VCS892,2018,10000.0,268284
268287,VCS896,2018,50000.0,268288
268288,VCS897,2018,33.0,268289
268290,VCS899,2018,16006.0,268291
268291,VCS900,2018,26636.0,268292
268293,VCS902,2018,1444701.0,268294
268294,VCS903,2018,119223.0,268295
268295,VCS904,2018,310.0,268296
268299,VCS908,2018,3300.0,268300
268302,VCS911,2018,115363.0,268303
268304,VCS913,2018,653.0,268305
268305,VCS914,2018,3410.0,268306
268306,VCS915,2018,159583.0,268307
268315,VCS924,2018,71.0,268316
268325,VCS934,2018,118635.0,268326
268326,VCS935,2018,5646.0,268327
268328,VCS937,2018,896.0,268329
268334,VCS943,2018,48.0,268335
268335,VCS944,2018,675364.0,268336
268336,VCS945,2018,82201.0,268337
268338,VCS947,2018,12063.0,268339
268345,VCS954,2018,53657.0,268346
268348,VCS957,2018,3552.0,268349
268350,VCS959,2018,114110.0,268351
268352,VCS961,2018,8715.0,268353
268353,VCS962,2018,642.0,268354
268354,VCS963,2018,30956.0,268355
268355,VCS964,2018,45684.0,268356
268359,VCS968,2018,818.0,268360
268365,VCS974,2018,66815.0,268366
268368,VCS977,2018,230889.0,268369
268372,VCS981,2018,30105.0,268373
268376,VCS985,2018,296326.0,268377
268377,VCS986,2018,75358.0,268378
268385,VCS994,2018,74.0,268386
268386,VCS995,2018,67231.0,268387
268387,VCS996,2018,89000.0,268388
268393,VCS1002,2018,82156.0,268394
268409,VCS1019,2018,7963.0,268410
268410,VCS1020,2018,58218.0,268411
268421,VCS1031,2018,201.0,268422
268425,VCS1035,2018,2495.0,268426
268426,VCS1036,2018,7737.0,268427
268428,VCS1038,2018,6987.0,268429
268430,VCS1040,2018,1000.0,268431
268431,VCS1041,2018,122176.0,268432
268432,VCS1042,2018,577.0,268433
268433,VCS1043,2018,120316.0,268434
268444,VCS1054,2018,17561.0,268445
268446,VCS1056,2018,48531.0,268447
268457,VCS1067,2018,31831.0,268458
268460,VCS1070,2018,3849.0,268461
268466,VCS1076,2018,6667.0,268467
268472,VCS1082,2018,5356.0,268473
268484,VCS1094,2018,70866.0,268485
268501,VCS1111,2018,5169.0,268502
268503,VCS1113,2018,4583.0,268504
268505,VCS1115,2018,143023.0,268506
268509,VCS1119,2018,5110.0,268510
268510,VCS1120,2018,26685.0,268511
268511,VCS1121,2018,15500.0,268512
268512,VCS1122,2018,152406.0,268513
268516,VCS1126,2018,39925.0,268517
268530,VCS1140,2018,2100.0,268531
268531,VCS1141,2018,2326.0,268532
268532,VCS1142,2018,2039.0,268533
268533,VCS1143,2018,1500.0,268534
268551,VCS1162,2018,11733.0,268552
268552,VCS1163,2018,8.0,268553
268557,VCS1168,2018,147351.0,268558
268564,VCS1175,2018,105248.0,268565
268570,VCS1181,2018,37200.0,268571
268571,VCS1182,2018,75000.0,268572
268574,VCS1185,2018,10000.0,268575
268578,VCS1189,2018,48000.0,268579
268583,VCS1194,2018,14880.0,268584
268584,VCS1195,2018,9580.0,268585
268589,VCS1200,2018,2418.0,268590
268590,VCS1201,2018,40944.0,268591
268591,VCS1202,2018,232021.0,268592
268604,VCS1215,2018,11045.0,268605
268605,VCS1216,2018,58438.0,268606
268608,VCS1219,2018,5083.0,268609
268618,VCS1229,2018,29.0,268619
268629,VCS1240,2018,13435.0,268630
268630,VCS1241,2018,1000.0,268631
268646,VCS1257,2018,293734.0,268647
268647,VCS1258,2018,137219.0,268648
268648,VCS1259,2018,10583.0,268649
268650,VCS1261,2018,127009.0,268651
268680,VCS1291,2018,57761.0,268681
268688,VCS1300,2018,12249.0,268689
268692,VCS1304,2018,2926.0,268693
268698,VCS1310,2018,7835.0,268699
268703,VCS1315,2018,96490.0,268704
268706,VCS1318,2018,43667.0,268707
268707,VCS1319,2018,14991.0,268708
268713,VCS1325,2018,435.0,268714
268716,VCS1328,2018,7088.0,268717
268717,VCS1329,2018,586.0,268718
268720,VCS1332,2018,469.0,268721
268726,VCS1338,2018,13100.0,268727
268737,VCS1349,2018,7797.0,268738
268741,VCS1353,2018,34740.0,268742
268742,VCS1354,2018,16115.0,268743
268743,VCS1355,2018,509.0,268744
268744,VCS1356,2018,8150.0,268745
268747,VCS1359,2018,11961.0,268748
268755,VCS1367,2018,103.0,268756
268765,VCS1377,2018,21936.0,268766
268766,VCS1378,2018,8271.0,268767
268770,VCS1382,2018,288619.0,268771
268774,VCS1386,2018,25000.0,268775
268775,VCS1387,2018,3000.0,268776
268781,VCS1393,2018,1500.0,268782
268792,VCS1404,2018,32000.0,268793
268795,VCS1407,2018,37788.0,268796
268801,VCS1413,2018,5500.0,268802
268805,VCS1417,2018,1973.0,268806
268806,VCS1418,2018,74200.0,268807
268831,VCS1444,2018,24632.0,268832
268832,VCS1445,2018,70125.0,268833
268833,VCS1446,2018,2034.0,268834
268834,VCS1447,2018,58321.0,268835
268835,VCS1448,2018,57622.0,268836
268849,VCS1463,2018,16734.0,268850
268851,VCS1465,2018,109985.0,268852
268854,VCS1469,2018,59000.0,268855
268856,VCS1471,2018,66428.0,268857
268857,VCS1472,2018,48665.0,268858
268859,VCS1476,2018,17540.0,268860
268860,VCS1477,2018,34639.0,268861
268861,VCS1478,2018,1122.0,268862
268862,VCS1479,2018,107348.0,268863
268863,VCS1480,2018,130983.0,268864
268864,VCS1481,2018,177748.0,268865
268865,VCS1482,2018,89256.0,268866
268866,VCS1483,2018,14159.0,268867
268869,VCS1486,2018,40.0,268870
268870,VCS1489,2018,26544.0,268871
268871,VCS1490,2018,722865.0,268872
268874,VCS1493,2018,38039.0,268875
268883,VCS1502,2018,320000.0,268884
268884,VCS1503,2018,160762.0,268885
268885,VCS1504,2018,49524.0,268886
268886,VCS1505,2018,10981.0,268887
268888,VCS1507,2018,8750.0,268889
268899,VCS1519,2018,130967.0,268900
268900,VCS1520,2018,183126.0,268901
268901,VCS1521,2018,278733.0,268902
268903,VCS1523,2018,20758.0,268904
268905,VCS1525,2018,700.0,268906
268914,VCS1535,2018,4374.0,268915
268916,VCS1537,2018,2.0,268917
268917,VCS1538,2018,99816.0,268918
268918,VCS1539,2018,40535.0,268919
268919,VCS1541,2018,730.0,268920
268927,VCS1549,2018,1124.0,268928
268931,VCS1553,2018,61922.0,268932
268936,VCS1560,2018,285200.0,268937
268941,VCS1566,2018,8988274.0,268942
268945,VCS1570,2018,19148.0,268946
268946,VCS1571,2018,207033.0,268947
268951,VCS1579,2018,40366.0,268952
268952,VCS1580,2018,79147.0,268953
268953,VCS1582,2018,65355.0,268954
268958,VCS1622,2018,11072.0,268959
268963,VCS1650,2018,40000.0,268964
268971,VCS1660,2018,46140.0,268972
268979,VCS1669,2018,74631.0,268980
268980,VCS1670,2018,18257.0,268981
268981,VCS1671,2018,102647.0,268982
268985,VCS1675,2018,5210.0,268986
268989,VCS1679,2018,54000.0,268990
268999,VCS1690,2018,72.0,269000
269000,VCS1691,2018,19739.0,269001
269001,VCS1692,2018,25094.0,269002
269004,VCS1696,2018,16211.0,269005
269005,VCS1697,2018,1751.0,269006
269006,VCS1698,2018,9880.0,269007
269008,VCS1700,2018,3027.0,269009
269019,VCS1716,2018,785.0,269020
269026,VCS1728,2018,331167.0,269027
269030,VCS1733,2018,30300.0,269031
269032,VCS1735,2018,19000.0,269033
269034,VCS1737,2018,50000.0,269035
269035,VCS1739,2018,266.0,269036
269038,VCS1742,2018,673934.0,269039
269041,VCS1745,2018,32670.0,269042
269042,VCS1746,2018,20085.0,269043
269045,VCS1751,2018,178.0,269046
269052,VCS1762,2018,27037.0,269053
269053,VCS1764,2018,18873.0,269054
269057,VCS1768,2018,155269.0,269058
269059,VCS1770,2018,81418.0,269060
269062,VCS1774,2018,10950.0,269063
269113,VCS1835,2018,23636.0,269114
269114,VCS1836,2018,65577.0,269115
272691,ACR0106,2019,41330.0,272692
272696,ACR0112,2019,33422.0,272697
272698,ACR0114,2019,381181.0,272699
272702,ACR0119,2019,1320.0,272703
272705,ACR0122,2019,1614.0,272706
272709,ACR0126,2019,197455.0,272710
272714,ACR0131,2019,2183.0,272715
272720,ACR0137,2019,1.0,272721
272722,ACR0139,2019,52.0,272723
272724,ACR0141,2019,2000.0,272725
272725,ACR0142,2019,78.0,272726
272730,ACR0147,2019,550.0,272731
272734,ACR0151,2019,3217.0,272735
272736,ACR0153,2019,967.0,272737
272737,ACR0154,2019,10094.0,272738
272738,ACR0155,2019,1439.0,272739
272739,ACR0156,2019,1246.0,272740
272740,ACR0157,2019,22430.0,272741
272742,ACR0159,2019,909.0,272743
272744,ACR0161,2019,23622.0,272745
272747,ACR0164,2019,21284.0,272748
272748,ACR0165,2019,72991.0,272749
272766,ACR0188,2019,4.0,272767
272787,ACR0212,2019,147908.0,272788
272792,ACR0223,2019,121027.0,272793
272831,ACR0263,2019,204.0,272832
272840,ACR0272,2019,59.0,272841
272907,ACR0368,2019,13835.0,272908
272914,ACR0375,2019,61103.0,272915
272915,ACR0376,2019,3122.0,272916
272919,ACR0380,2019,70.0,272920
272923,ACR0386,2019,423.0,272924
272926,ACR0389,2019,220227.0,272927
272933,ACR0398,2019,26390.0,272934
272943,ACR0411,2019,36604.0,272944
272953,ACR0424,2019,21500.0,272954
272988,ACR0463,2019,61316.0,272989
272989,ACR0464,2019,8684.0,272990
273717,CAR102,2019,80064.0,273718
273721,CAR398,2019,9750.0,273722
273723,CAR400,2019,13643.0,273724
273726,CAR406,2019,52772.0,273727
273727,CAR408,2019,4100.0,273728
273731,CAR416,2019,16655.0,273732
273732,CAR418,2019,8603.0,273733
273734,CAR422,2019,84246.0,273735
273736,CAR424,2019,11262.0,273737
273737,CAR426,2019,5264.0,273738
273738,CAR429,2019,4056.0,273739
273739,CAR430,2019,396.0,273740
273740,CAR432,2019,18718.0,273741
273743,CAR436,2019,34126.0,273744
273745,CAR439,2019,22151.0,273746
273747,CAR441,2019,23219.0,273748
273748,CAR443,2019,79789.0,273749
273749,CAR444,2019,10459.0,273750
273750,CAR445,2019,46775.0,273751
273754,CAR451,2019,7469.0,273755
273757,CAR455,2019,69068.0,273758
273759,CAR457,2019,65.0,273760
273760,CAR459,2019,25898.0,273761
273764,CAR465,2019,25864.0,273765
273765,CAR466,2019,17183.0,273766
273770,CAR473,2019,72904.0,273771
273772,CAR475,2019,142140.0,273773
273773,CAR476,2019,69945.0,273774
273779,CAR482,2019,10748.0,273780
273780,CAR483,2019,26.0,273781
273782,CAR486,2019,15420.0,273783
273786,CAR490,2019,11834.0,273787
273787,CAR491,2019,45815.0,273788
273788,CAR495,2019,140210.0,273789
273790,CAR497,2019,9600.0,273791
273791,CAR498,2019,172630.0,273792
273793,CAR502,2019,50770.0,273794
273799,CAR509,2019,11222.0,273800
273800,CAR512,2019,1164.0,273801
273802,CAR514,2019,12005.0,273803
273803,CAR515,2019,510.0,273804
273806,CAR521,2019,44873.0,273807
273812,CAR540,2019,30.0,273813
273813,CAR545,2019,201645.0,273814
273817,CAR558,2019,24538.0,273818
273818,CAR560,2019,29994.0,273819
273819,CAR566,2019,245220.0,273820
273821,CAR575,2019,455.0,273822
273823,CAR578,2019,8677.0,273824
273830,CAR592,2019,49640.0,273831
273831,CAR593,2019,12589.0,273832
273832,CAR596,2019,464784.0,273833
273845,CAR628,2019,21418.0,273846
273850,CAR639,2019,501789.0,273851
273851,CAR644,2019,7.0,273852
273853,CAR646,2019,17876.0,273854
273858,CAR659,2019,35575.0,273859
273862,CAR674,2019,135325.0,273863
273863,CAR676,2019,10092.0,273864
273865,CAR683,2019,31875.0,273866
273867,CAR688,2019,21311.0,273868
273868,CAR691,2019,439768.0,273869
273869,CAR694,2019,1933.0,273870
273870,CAR696,2019,426.0,273871
273871,CAR697,2019,44.0,273872
273877,CAR766,2019,364516.0,273878
273878,CAR768,2019,148461.0,273879
273879,CAR769,2019,600.0,273880
273880,CAR772,2019,239.0,273881
273884,CAR777,2019,1283.0,273885
273889,CAR785,2019,6097.0,273890
273891,CAR790,2019,5184.0,273892
273898,CAR802,2019,20659.0,273899
273903,CAR811,2019,82516.0,273904
273906,CAR814,2019,5900.0,273907
273908,CAR817,2019,21606.0,273909
273911,CAR824,2019,5000.0,273912
273912,CAR825,2019,35061.0,273913
273914,CAR829,2019,10876.0,273915
273919,CAR834,2019,57575.0,273920
273924,CAR844,2019,24069.0,273925
273926,CAR866,2019,91110.0,273927
273933,CAR886,2019,3231.0,273934
273935,CAR888,2019,33333.0,273936
273937,CAR892,2019,39114.0,273938
273942,CAR911,2019,27784.0,273943
273947,CAR935,2019,7613.0,273948
273972,CAR988,2019,11369.0,273973
273979,CAR996,2019,19568.0,273980
273981,CAR998,2019,5224.0,273982
273989,CAR1008,2019,19424.0,273990
274005,CAR1027,2019,140940.0,274006
274058,CAR1096,2019,14911.0,274059
274061,CAR1099,2019,500.0,274062
274116,CAR1159,2019,16000.0,274117
274117,CAR1160,2019,12261.0,274118
274180,CAR1237,2019,2820.0,274181
274181,CAR1238,2019,3419.0,274182
274190,CAR1247,2019,23710.0,274191
274202,CAR1261,2019,11859.0,274203
274203,CAR1262,2019,3448.0,274204
274224,CAR1285,2019,2284.0,274225
275000,GS338,2019,19.0,275001
275004,GS347,2019,26669.0,275005
275005,GS351,2019,4612.0,275006
275006,GS352,2019,68903.0,275007
275009,GS367,2019,558.0,275010
275010,GS368,2019,36993.0,275011
275011,GS369,2019,29534.0,275012
275016,GS390,2019,86300.0,275017
275019,GS397,2019,245144.0,275020
275021,GS399,2019,92.0,275022
275024,GS407,2019,568997.0,275025
275028,GS413,2019,158345.0,275029
275029,GS414,2019,72293.0,275030
275033,GS423,2019,1181.0,275034
275035,GS436,2019,49867.0,275036
275037,GS438,2019,15.0,275038
275038,GS439,2019,200.0,275039
275039,GS440,2019,31502.0,275040
275041,GS445,2019,42514.0,275042
275042,GS447,2019,743090.0,275043
275043,GS449,2019,750.0,275044
275045,GS455,2019,500.0,275046
275046,GS457,2019,86.0,275047
275050,GS464,2019,206952.0,275051
275051,GS467,2019,2258.0,275052
275053,GS472,2019,81172.0,275054
275054,GS474,2019,18453.0,275055
275057,GS482,2019,15602.0,275058
275060,GS500,2019,22620.0,275061
275062,GS504,2019,1675.0,275063
275065,GS514,2019,25.0,275066
275067,GS518,2019,4031.0,275068
275073,GS554,2019,206.0,275074
275078,GS566,2019,19138.0,275079
275091,GS601,2019,17349.0,275092
275092,GS605,2019,45995.0,275093
275097,GS612,2019,41837.0,275098
275098,GS613,2019,65756.0,275099
275102,GS617,2019,106403.0,275103
275109,GS633,2019,9340.0,275110
275110,GS634,2019,4660.0,275111
275113,GS637,2019,475.0,275114
275114,GS638,2019,720.0,275115
275121,GS655,2019,20836.0,275122
275125,GS663,2019,767.0,275126
275126,GS666,2019,37361.0,275127
275129,GS672,2019,98123.0,275130
275130,GS675,2019,2856.0,275131
275132,GS683,2019,1624.0,275133
275133,GS685,2019,33748.0,275134
275136,GS689,2019,1918.0,275137
275137,GS690,2019,112.0,275138
275140,GS702,2019,3367.0,275141
275141,GS707,2019,30485.0,275142
275145,GS715,2019,467.0,275146
275146,GS716,2019,154.0,275147
275151,GS730,2019,227.0,275152
275153,GS735,2019,20.0,275154
275156,GS744,2019,75460.0,275157
275159,GS748,2019,692.0,275160
275161,GS750,2019,41000.0,275162
275162,GS751,2019,110247.0,275163
275163,GS753,2019,110438.0,275164
275166,GS764,2019,333.0,275167
275169,GS769,2019,170378.0,275170
275175,GS778,2019,20.0,275176
275178,GS784,2019,331.0,275179
275192,GS816,2019,116424.0,275193
275195,GS824,2019,55422.0,275196
275196,GS825,2019,71.0,275197
275198,GS827,2019,52.0,275199
275201,GS832,2019,18192.0,275202
275203,GS835,2019,385.0,275204
275207,GS843,2019,29084.0,275208
275213,GS850,2019,10593.0,275214
275215,GS854,2019,37279.0,275216
275227,GS872,2019,2943.0,275228
275232,GS879,2019,101431.0,275233
275234,GS883,2019,31218.0,275235
275236,GS886,2019,316741.0,275237
275237,GS887,2019,12264.0,275238
275242,GS905,2019,6668.0,275243
275243,GS906,2019,3379.0,275244
275249,GS917,2019,809.0,275250
275250,GS918,2019,87.0,275251
275251,GS922,2019,1086.0,275252
275258,GS931,2019,155709.0,275259
275259,GS935,2019,62375.0,275260
275263,GS947,2019,48783.0,275264
275264,GS949,2019,504496.0,275265
275265,GS950,2019,20420.0,275266
275268,GS955,2019,801.0,275269
275273,GS966,2019,177013.0,275274
275276,GS971,2019,3204.0,275277
275279,GS976,2019,39402.0,275280
275281,GS978,2019,3000.0,275282
275285,GS986,2019,481.0,275286
275287,GS988,2019,14252.0,275288
275288,GS989,2019,3560.0,275289
275291,GS992,2019,85.0,275292
275292,GS993,2019,11060.0,275293
275293,GS997,2019,8566.0,275294
275296,GS1001,2019,27367.0,275297
275297,GS1003,2019,88.0,275298
275299,GS1006,2019,1971.0,275300
275300,GS1011,2019,4563.0,275301
275302,GS1013,2019,69936.0,275303
275308,GS1020,2019,32518.0,275309
275316,GS1028,2019,11921.0,275317
275318,GS1030,2019,712.0,275319
275319,GS1031,2019,9935.0,275320
275321,GS1033,2019,137.0,275322
275322,GS1034,2019,2363.0,275323
275325,GS1038,2019,1436.0,275326
275329,GS1042,2019,13847.0,275330
275330,GS1044,2019,13091.0,275331
275334,GS1049,2019,36500.0,275335
275339,GS1059,2019,820.0,275340
275345,GS1067,2019,59.0,275346
275348,GS1072,2019,1003.0,275349
275350,GS1074,2019,11522.0,275351
275353,GS1078,2019,4727.0,275354
275355,GS1083,2019,204455.0,275356
275362,GS1094,2019,320.0,275363
275364,GS1096,2019,91.0,275365
275366,GS1098,2019,691.0,275367
275367,GS1100,2019,146.0,275368
275368,GS1101,2019,5563.0,275369
275370,GS1103,2019,165.0,275371
275371,GS1104,2019,148.0,275372
275372,GS1105,2019,268.0,275373
275392,GS1146,2019,3183.0,275393
275403,GS1173,2019,50296.0,275404
275404,GS1174,2019,80251.0,275405
275406,GS1178,2019,44507.0,275407
275413,GS1190,2019,79123.0,275414
275414,GS1191,2019,3236.0,275415
275428,GS1208,2019,309.0,275429
275431,GS1221,2019,510.0,275432
275437,GS1228,2019,9606.0,275438
275439,GS1230,2019,3010.0,275440
275442,GS1235,2019,1673.0,275443
275444,GS1237,2019,10430.0,275445
275451,GS1244,2019,380.0,275452
275457,GS1253,2019,45898.0,275458
275460,GS1267,2019,11072.0,275461
275463,GS1286,2019,3809.0,275464
275470,GS1296,2019,27776.0,275471
275475,GS1303,2019,87614.0,275476
275477,GS1306,2019,16053.0,275478
275491,GS1321,2019,120294.0,275492
275492,GS1322,2019,74639.0,275493
275497,GS1329,2019,432.0,275498
275499,GS1332,2019,9800.0,275500
275512,GS1350,2019,879.0,275513
275518,GS1359,2019,9801.0,275519
275521,GS1364,2019,54158.0,275522
275522,GS1365,2019,11782.0,275523
275524,GS1367,2019,3328.0,275525
275525,GS1368,2019,16000.0,275526
275609,GS2094,2019,68746.0,275610
275610,GS2095,2019,17102.0,275611
275617,GS2293,2019,31985.0,275618
275619,GS2295,2019,1214.0,275620
275620,GS2296,2019,29253.0,275621
275628,GS2396,2019,1419.0,275629
275629,GS2397,2019,2150.0,275630
275630,GS2398,2019,4882.0,275631
275645,GS2421,2019,461.0,275646
275651,GS2429,2019,1375.0,275652
275655,GS2435,2019,5517.0,275656
275658,GS2439,2019,8066.0,275659
275659,GS2440,2019,938.0,275660
275660,GS2441,2019,62300.0,275661
275662,GS2444,2019,19670.0,275663
275664,GS2446,2019,48614.0,275665
275665,GS2447,2019,61870.0,275666
275666,GS2449,2019,7329.0,275667
275670,GS2457,2019,13919.0,275671
275672,GS2460,2019,108462.0,275673
275674,GS2464,2019,7263.0,275675
275676,GS2468,2019,47190.0,275677
275683,GS2479,2019,6733.0,275684
275685,GS2481,2019,670.0,275686
275698,GS2499,2019,1742.0,275699
275700,GS2501,2019,840.0,275701
275701,GS2502,2019,18233.0,275702
275702,GS2503,2019,65520.0,275703
275710,GS2514,2019,642.0,275711
275713,GS2519,2019,11572.0,275714
275714,GS2520,2019,19919.0,275715
275718,GS2528,2019,2786.0,275719
275725,GS2540,2019,860.0,275726
275729,GS2544,2019,54806.0,275730
275730,GS2545,2019,38403.0,275731
275731,GS2546,2019,120962.0,275732
275733,GS2553,2019,3716.0,275734
275737,GS2564,2019,17500.0,275738
275759,GS2587,2019,2045.0,275760
275760,GS2588,2019,66.0,275761
275765,GS2640,2019,103125.0,275766
275785,GS2681,2019,4000.0,275786
275786,GS2682,2019,6035.0,275787
275795,GS2691,2019,43069.0,275796
275809,GS2736,2019,25.0,275810
275812,GS2750,2019,15089.0,275813
275813,GS2751,2019,48676.0,275814
275814,GS2758,2019,328946.0,275815
275819,GS2767,2019,28228.0,275820
275820,GS2772,2019,4711.0,275821
275822,GS2891,2019,7900.0,275823
275823,GS2892,2019,4754.0,275824
275824,GS2893,2019,5604.0,275825
275825,GS2894,2019,2389.0,275826
275826,GS2895,2019,1115.0,275827
275827,GS2896,2019,1971.0,275828
275828,GS2898,2019,233320.0,275829
275832,GS2940,2019,135208.0,275833
275833,GS2951,2019,84795.0,275834
275834,GS2990,2019,35944.0,275835
275835,GS3007,2019,23360.0,275836
275841,GS3018,2019,963.0,275842
275842,GS3023,2019,158.0,275843
275843,GS3024,2019,12007.0,275844
275850,GS3039,2019,52080.0,275851
275856,GS3079,2019,2080.0,275857
275857,GS3080,2019,347.0,275858
275859,GS3105,2019,7047.0,275860
275860,GS3106,2019,2317.0,275861
275861,GS3107,2019,520.0,275862
275862,GS3108,2019,486.0,275863
275874,GS3253,2019,189538.0,275875
275880,GS3262,2019,4024.0,275881
275884,GS3306,2019,266.0,275885
275886,GS3326,2019,7999.0,275887
275892,GS3344,2019,1333.0,275893
275896,GS3363,2019,1039.0,275897
275897,GS3364,2019,11045.0,275898
275898,GS3365,2019,15788.0,275899
275899,GS3366,2019,8487.0,275900
275900,GS3367,2019,29755.0,275901
275908,GS3379,2019,92803.0,275909
275911,GS3404,2019,28158.0,275912
275918,GS3421,2019,1639.0,275919
275919,GS3422,2019,18370.0,275920
275923,GS3430,2019,146.0,275924
275924,GS3431,2019,1076.0,275925
275925,GS3432,2019,121.0,275926
275926,GS3433,2019,389.0,275927
275928,GS3443,2019,2061.0,275929
275929,GS3444,2019,2448.0,275930
275930,GS3445,2019,14705.0,275931
275931,GS3446,2019,8507.0,275932
275932,GS3447,2019,12769.0,275933
275933,GS3448,2019,9557.0,275934
275934,GS3449,2019,12181.0,275935
275935,GS3450,2019,15530.0,275936
275936,GS3451,2019,5913.0,275937
275937,GS3482,2019,1689.0,275938
275948,GS3512,2019,40000.0,275949
275952,GS3516,2019,50.0,275953
275953,GS3517,2019,5765.0,275954
275955,GS3519,2019,11821.0,275956
275956,GS3520,2019,5765.0,275957
275958,GS3522,2019,2170.0,275959
275963,GS3544,2019,929.0,275964
275964,GS3547,2019,207665.0,275965
275969,GS3560,2019,5247.0,275970
275970,GS3561,2019,597.0,275971
275971,GS3563,2019,3016.0,275972
275994,GS3618,2019,1213.0,275995
275995,GS3619,2019,1480.0,275996
275996,GS3620,2019,2695.0,275997
276007,GS3901,2019,179.0,276008
276015,GS3945,2019,12212.0,276016
276017,GS3947,2019,19062.0,276018
276026,GS3965,2019,34035.0,276027
276028,GS3969,2019,188815.0,276029
276029,GS3971,2019,15438.0,276030
276032,GS3976,2019,1189676.0,276033
276039,GS4124,2019,6.0,276040
276045,GS4202,2019,2000.0,276046
276046,GS4203,2019,1734.0,276047
276047,GS4205,2019,15253.0,276048
276050,GS4210,2019,8809.0,276051
276053,GS4221,2019,61531.0,276054
276054,GS4233,2019,35045.0,276055
276056,GS4238,2019,14943.0,276057
276058,GS4240,2019,2148.0,276059
276062,GS4260,2019,8505.0,276063
276064,GS4264,2019,14133.0,276065
276069,GS4271,2019,2772.0,276070
276071,GS4273,2019,28211.0,276072
276072,GS4288,2019,29466.0,276073
276075,GS4291,2019,12685.0,276076
276081,GS4372,2019,226.0,276082
276082,GS4373,2019,3676.0,276083
276083,GS4374,2019,3806.0,276084
276084,GS4375,2019,2968.0,276085
276085,GS4376,2019,1799.0,276086
276090,GS4381,2019,5000.0,276091
276111,GS4422,2019,9721.0,276112
276112,GS4423,2019,572.0,276113
276124,GS4518,2019,14267.0,276125
276125,GS4519,2019,4961.0,276126
276137,GS4553,2019,11435.0,276138
276138,GS4557,2019,125120.0,276139
276144,GS4596,2019,33816.0,276145
276148,GS4611,2019,10000.0,276149
276149,GS4612,2019,196.0,276150
276163,GS4797,2019,429.0,276164
276164,GS4798,2019,20624.0,276165
276166,GS4813,2019,200.0,276167
276177,GS4897,2019,2397.0,276178
276178,GS4898,2019,5952.0,276179
276179,GS4899,2019,5088.0,276180
276180,GS4900,2019,9847.0,276181
276181,GS4901,2019,13601.0,276182
276183,GS4906,2019,3812.0,276184
276200,GS5033,2019,6732.0,276201
276201,GS5034,2019,3652.0,276202
276202,GS5035,2019,3626.0,276203
276203,GS5036,2019,36.0,276204
276211,GS5046,2019,2143.0,276212
276220,GS5106,2019,9801.0,276221
276221,GS5107,2019,21780.0,276222
276225,GS5186,2019,2745.0,276226
276226,GS5187,2019,7579.0,276227
276227,GS5188,2019,9895.0,276228
276228,GS5189,2019,14548.0,276229
276229,GS5190,2019,17964.0,276230
276230,GS5191,2019,14033.0,276231
276231,GS5192,2019,10785.0,276232
276232,GS5193,2019,8450.0,276233
276233,GS5194,2019,3601.0,276234
276234,GS5195,2019,2070.0,276235
276235,GS5196,2019,5885.0,276236
276241,GS5229,2019,23746.0,276242
276243,GS5244,2019,19575.0,276244
276259,GS5322,2019,9582.0,276260
276260,GS5323,2019,9346.0,276261
276261,GS5324,2019,9568.0,276262
276263,GS5326,2019,771.0,276264
276264,GS5329,2019,5000.0,276265
276266,GS5331,2019,2827.0,276267
276267,GS5332,2019,2125.0,276268
276268,GS5335,2019,8431.0,276269
276269,GS5336,2019,3925.0,276270
276271,GS5338,2019,13923.0,276272
276272,GS5339,2019,11094.0,276273
276273,GS5340,2019,1489.0,276274
276283,GS5392,2019,9730.0,276284
276284,GS5393,2019,11727.0,276285
276286,GS5395,2019,3648.0,276287
276287,GS5396,2019,9066.0,276288
276292,GS5434,2019,1967.0,276293
276300,GS5444,2019,11472.0,276301
276310,GS5614,2019,33.0,276311
276317,GS5634,2019,7022.0,276318
276318,GS5635,2019,7034.0,276319
276319,GS5636,2019,7026.0,276320
276320,GS5637,2019,5106.0,276321
276322,GS5642,2019,11237.0,276323
276323,GS5643,2019,19200.0,276324
276332,GS5698,2019,84825.0,276333
276333,GS5699,2019,27213.0,276334
276336,GS5781,2019,826.0,276337
276337,GS5782,2019,56.0,276338
276338,GS5783,2019,2800.0,276339
276354,GS5844,2019,2677.0,276355
276356,GS5866,2019,75675.0,276357
276367,GS5928,2019,88834.0,276368
276379,GS6008,2019,4000.0,276380
276384,GS6037,2019,15522.0,276385
276385,GS6038,2019,12811.0,276386
276423,GS6212,2019,23440.0,276424
276432,GS6275,2019,39474.0,276433
276442,GS6350,2019,2365.0,276443
276443,GS6351,2019,4890.0,276444
276469,GS6586,2019,500.0,276470
276471,GS6597,2019,3100.0,276472
276491,GS6788,2019,5208.0,276492
276493,GS6790,2019,270.0,276494
276499,GS6837,2019,3181.0,276500
276516,GS7049,2019,47338.0,276517
276571,GS7361,2019,8709.0,276572
276662,GS7510,2019,25000.0,276663
276922,GS10309,2019,2837.0,276923
276926,GS10411,2019,2973.0,276927
279263,VCS5,2019,6514.0,279264
279268,VCS10,2019,246009.0,279269
279271,VCS13,2019,80000.0,279272
279274,VCS16,2019,73392.0,279275
279275,VCS17,2019,89988.0,279276
279288,VCS32,2019,822.0,279289
279289,VCS33,2019,27454.0,279290
279290,VCS34,2019,3816.0,279291
279294,VCS38,2019,500.0,279295
279295,VCS39,2019,1.0,279296
279308,VCS52,2019,3410.0,279309
279309,VCS53,2019,80.0,279310
279310,VCS54,2019,35.0,279311
279313,VCS57,2019,41805.0,279314
279316,VCS60,2019,1248.0,279317
279319,VCS63,2019,920.0,279320
279320,VCS64,2019,33971.0,279321
279324,VCS68,2019,5.0,279325
279332,VCS77,2019,53320.0,279333
279337,VCS82,2019,28188.0,279338
279338,VCS83,2019,10494.0,279339
279347,VCS92,2019,92527.0,279348
279348,VCS93,2019,285716.0,279349
279374,VCS120,2019,28000.0,279375
279383,VCS130,2019,235.0,279384
279384,VCS131,2019,269.0,279385
279386,VCS133,2019,56030.0,279387
279391,VCS138,2019,85687.0,279392
279394,VCS141,2019,115.0,279395
279395,VCS142,2019,2336.0,279396
279396,VCS143,2019,1055.0,279397
279397,VCS144,2019,161628.0,279398
279407,VCS154,2019,26453.0,279408
279411,VCS158,2019,16209.0,279412
279412,VCS159,2019,30207.0,279413
279416,VCS163,2019,35500.0,279417
279418,VCS166,2019,21865.0,279419
279425,VCS173,2019,216414.0,279426
279429,VCS177,2019,1.0,279430
279433,VCS181,2019,105270.0,279434
279436,VCS184,2019,9151.0,279437
279437,VCS185,2019,26972.0,279438
279447,VCS197,2019,93718.0,279448
279451,VCS201,2019,6794.0,279452
279453,VCS203,2019,6228.0,279454
279454,VCS204,2019,613.0,279455
279458,VCS208,2019,1230.0,279459
279461,VCS211,2019,38828.0,279462
279463,VCS213,2019,2373.0,279464
279464,VCS214,2019,22885.0,279465
279467,VCS217,2019,50750.0,279468
279471,VCS221,2019,15588.0,279472
279478,VCS228,2019,20000.0,279479
279488,VCS238,2019,22.0,279489
279499,VCS249,2019,344269.0,279500
279500,VCS250,2019,345105.0,279501
279501,VCS251,2019,100985.0,279502
279514,VCS264,2019,19330.0,279515
279515,VCS265,2019,2229.0,279516
279523,VCS273,2019,1388.0,279524
279531,VCS281,2019,23801.0,279532
279533,VCS283,2019,3000.0,279534
279534,VCS284,2019,560.0,279535
279540,VCS290,2019,24409.0,279541
279552,VCS302,2019,14000.0,279553
279554,VCS304,2019,1568.0,279555
279567,VCS318,2019,3802.0,279568
279573,VCS324,2019,13000.0,279574
279586,VCS337,2019,14080.0,279587
279593,VCS344,2019,327694.0,279594
279596,VCS347,2019,4898.0,279597
279619,VCS370,2019,14560.0,279620
279629,VCS380,2019,181.0,279630
279640,VCS391,2019,29150.0,279641
279652,VCS403,2019,84907.0,279653
279653,VCS404,2019,40170.0,279654
279654,VCS405,2019,96372.0,279655
279660,VCS411,2019,4503.0,279661
279661,VCS412,2019,72652.0,279662
279664,VCS415,2019,100000.0,279665
279665,VCS416,2019,37598.0,279666
279666,VCS417,2019,122243.0,279667
279674,VCS425,2019,2291.0,279675
279675,VCS426,2019,174.0,279676
279676,VCS427,2019,75000.0,279677
279677,VCS428,2019,80204.0,279678
279678,VCS429,2019,54449.0,279679
279679,VCS430,2019,84985.0,279680
279687,VCS438,2019,1224473.0,279688
279688,VCS439,2019,31925.0,279689
279690,VCS441,2019,103233.0,279691
279697,VCS448,2019,15040.0,279698
279699,VCS450,2019,21634.0,279700
279717,VCS468,2019,300454.0,279718
279720,VCS471,2019,3312.0,279721
279736,VCS487,2019,285863.0,279737
279737,VCS488,2019,7889.0,279738
279738,VCS489,2019,51720.0,279739
279755,VCS506,2019,528.0,279756
279763,VCS514,2019,121114.0,279764
279770,VCS521,2019,99.0,279771
279771,VCS522,2019,395.0,279772
279772,VCS523,2019,1025.0,279773
279785,VCS536,2019,12428.0,279786
279807,VCS558,2019,178.0,279808
279811,VCS562,2019,847985.0,279812
279823,VCS574,2019,333.0,279824
279825,VCS576,2019,15733.0,279826
279835,VCS586,2019,318.0,279836
279836,VCS587,2019,4386.0,279837
279843,VCS594,2019,2767.0,279844
279844,VCS595,2019,1476.0,279845
279845,VCS596,2019,5042.0,279846
279846,VCS597,2019,20419.0,279847
279848,VCS599,2019,13671.0,279849
279853,VCS604,2019,6160.0,279854
279854,VCS605,2019,1522.0,279855
279856,VCS607,2019,330519.0,279857
279861,VCS612,2019,332074.0,279862
279867,VCS618,2019,578597.0,279868
279876,VCS627,2019,50000.0,279877
279882,VCS633,2019,1672.0,279883
279887,VCS638,2019,54139.0,279888
279890,VCS641,2019,16110.0,279891
279891,VCS642,2019,4621.0,279892
279896,VCS647,2019,1625.0,279897
279897,VCS648,2019,175.0,279898
279899,VCS650,2019,20664.0,279900
279914,VCS665,2019,24.0,279915
279915,VCS666,2019,88.0,279916
279921,VCS672,2019,3456.0,279922
279922,VCS673,2019,80229.0,279923
279923,VCS674,2019,1803178.0,279924
279927,VCS678,2019,64000.0,279928
279931,VCS682,2019,121170.0,279932
279932,VCS683,2019,6659.0,279933
279935,VCS686,2019,1943.0,279936
279937,VCS688,2019,133404.0,279938
279938,VCS689,2019,15.0,279939
279948,VCS699,2019,38878.0,279949
279950,VCS701,2019,119366.0,279951
279952,VCS703,2019,44.0,279953
279953,VCS704,2019,3000.0,279954
279955,VCS706,2019,70940.0,279956
279958,VCS709,2019,1398.0,279959
279965,VCS717,2019,901240.0,279966
279970,VCS722,2019,118800.0,279971
279975,VCS727,2019,297357.0,279976
279977,VCS729,2019,2123.0,279978
279979,VCS731,2019,70.0,279980
279981,VCS733,2019,216.0,279982
279985,VCS737,2019,81995.0,279986
279988,VCS740,2019,39068.0,279989
279998,VCS751,2019,6972.0,279999
280001,VCS754,2019,6358.0,280002
280002,VCS755,2019,61734.0,280003
280003,VCS756,2019,45838.0,280004
280005,VCS758,2019,733.0,280006
280009,VCS762,2019,100740.0,280010
280013,VCS766,2019,83925.0,280014
280027,VCS780,2019,308091.0,280028
280031,VCS784,2019,89064.0,280032
280033,VCS786,2019,1255748.0,280034
280035,VCS788,2019,33295.0,280036
280037,VCS790,2019,27627.0,280038
280038,VCS791,2019,39648.0,280039
280043,VCS796,2019,265.0,280044
280059,VCS812,2019,4.0,280060
280064,VCS817,2019,78999.0,280065
280066,VCS819,2019,11465.0,280067
280070,VCS823,2019,89332.0,280071
280071,VCS824,2019,58.0,280072
280077,VCS830,2019,1753.0,280078
280079,VCS832,2019,32442.0,280080
280080,VCS833,2019,33349.0,280081
280083,VCS836,2019,4182.0,280084
280084,VCS837,2019,194526.0,280085
280091,VCS844,2019,424441.0,280092
280099,VCS852,2019,50067.0,280100
280103,VCS856,2019,36066.0,280104
280115,VCS868,2019,920159.0,280116
280119,VCS872,2019,236221.0,280120
280122,VCS875,2019,65189.0,280123
280124,VCS877,2019,117044.0,280125
280129,VCS882,2019,53708.0,280130
280131,VCS884,2019,231433.0,280132
280139,VCS892,2019,49525.0,280140
280142,VCS895,2019,25000.0,280143
280143,VCS896,2019,152.0,280144
280147,VCS900,2019,44467.0,280148
280149,VCS902,2019,2106891.0,280150
280150,VCS903,2019,114985.0,280151
280155,VCS908,2019,5375.0,280156
280157,VCS910,2019,6920.0,280158
280158,VCS911,2019,146558.0,280159
280160,VCS913,2019,255.0,280161
280161,VCS914,2019,12667.0,280162
280162,VCS915,2019,3200.0,280163
280171,VCS924,2019,60.0,280172
280176,VCS929,2019,9455.0,280177
280181,VCS934,2019,4971.0,280182
280182,VCS935,2019,6094.0,280183
280184,VCS937,2019,6236.0,280185
280188,VCS941,2019,42470.0,280189
280190,VCS943,2019,26.0,280191
280191,VCS944,2019,1018362.0,280192
280192,VCS945,2019,62619.0,280193
280194,VCS947,2019,137732.0,280195
280199,VCS952,2019,50000.0,280200
280201,VCS954,2019,82760.0,280202
280204,VCS957,2019,161.0,280205
280205,VCS958,2019,50000.0,280206
280206,VCS959,2019,435650.0,280207
280208,VCS961,2019,147011.0,280209
280209,VCS962,2019,2472.0,280210
280210,VCS963,2019,108821.0,280211
280215,VCS968,2019,273.0,280216
280221,VCS974,2019,1150.0,280222
280222,VCS975,2019,111114.0,280223
280224,VCS977,2019,566544.0,280225
280228,VCS981,2019,30004.0,280229
280232,VCS985,2019,466703.0,280233
280233,VCS986,2019,97451.0,280234
280234,VCS987,2019,1015.0,280235
280240,VCS993,2019,103745.0,280241
280241,VCS994,2019,6000.0,280242
280242,VCS995,2019,19610.0,280243
280243,VCS996,2019,11903.0,280244
280249,VCS1002,2019,425387.0,280250
280265,VCS1019,2019,3925.0,280266
280266,VCS1020,2019,72879.0,280267
280272,VCS1026,2019,56227.0,280273
280277,VCS1031,2019,200.0,280278
280281,VCS1035,2019,2495.0,280282
280282,VCS1036,2019,111155.0,280283
280284,VCS1038,2019,2501.0,280285
280288,VCS1042,2019,527.0,280289
280298,VCS1052,2019,564.0,280299
280306,VCS1060,2019,38206.0,280307
280312,VCS1066,2019,35700.0,280313
280313,VCS1067,2019,34364.0,280314
280316,VCS1070,2019,5706.0,280317
280322,VCS1076,2019,5578.0,280323
280323,VCS1077,2019,81.0,280324
280325,VCS1079,2019,17377.0,280326
280328,VCS1082,2019,18289.0,280329
280330,VCS1084,2019,1900.0,280331
280336,VCS1090,2019,750.0,280337
280337,VCS1091,2019,17533.0,280338
280340,VCS1094,2019,193562.0,280341
280342,VCS1096,2019,15847.0,280343
280357,VCS1111,2019,2000.0,280358
280358,VCS1112,2019,33642.0,280359
280359,VCS1113,2019,30710.0,280360
280361,VCS1115,2019,99383.0,280362
280366,VCS1120,2019,33564.0,280367
280367,VCS1121,2019,19382.0,280368
280368,VCS1122,2019,21541.0,280369
280372,VCS1126,2019,92321.0,280373
280375,VCS1129,2019,10859.0,280376
280380,VCS1134,2019,146601.0,280381
280382,VCS1136,2019,105526.0,280383
280384,VCS1138,2019,15361.0,280385
280385,VCS1139,2019,9395.0,280386
280386,VCS1140,2019,162.0,280387
280387,VCS1141,2019,5002.0,280388
280388,VCS1142,2019,4914.0,280389
280407,VCS1162,2019,4196.0,280408
280408,VCS1163,2019,484663.0,280409
280413,VCS1168,2019,133181.0,280414
280420,VCS1175,2019,113520.0,280421
280426,VCS1181,2019,49698.0,280427
280427,VCS1182,2019,26684.0,280428
280428,VCS1183,2019,60230.0,280429
280430,VCS1185,2019,16329.0,280431
280432,VCS1187,2019,30000.0,280433
280434,VCS1189,2019,31896.0,280435
280439,VCS1194,2019,529262.0,280440
280440,VCS1195,2019,229147.0,280441
280441,VCS1196,2019,33525.0,280442
280442,VCS1197,2019,169641.0,280443
280444,VCS1199,2019,750.0,280445
280445,VCS1200,2019,7594.0,280446
280446,VCS1201,2019,125237.0,280447
280447,VCS1202,2019,352567.0,280448
280449,VCS1204,2019,34000.0,280450
280452,VCS1207,2019,29333.0,280453
280454,VCS1209,2019,12761.0,280455
280455,VCS1210,2019,98565.0,280456
280456,VCS1211,2019,59817.0,280457
280459,VCS1214,2019,363811.0,280460
280460,VCS1215,2019,29211.0,280461
280461,VCS1216,2019,52494.0,280462
280464,VCS1219,2019,28.0,280465
280470,VCS1225,2019,57383.0,280471
280483,VCS1238,2019,3000.0,280484
280485,VCS1240,2019,13748.0,280486
280486,VCS1241,2019,1250.0,280487
280496,VCS1251,2019,2740.0,280497
280497,VCS1252,2019,2824.0,280498
280502,VCS1257,2019,111890.0,280503
280503,VCS1258,2019,105400.0,280504
280506,VCS1261,2019,148293.0,280507
280531,VCS1286,2019,9888.0,280532
280536,VCS1291,2019,113900.0,280537
280538,VCS1294,2019,75966.0,280539
280544,VCS1300,2019,63265.0,280545
280554,VCS1310,2019,282.0,280555
280561,VCS1317,2019,1358.0,280562
280563,VCS1319,2019,36498.0,280564
280569,VCS1325,2019,992.0,280570
280572,VCS1328,2019,3020.0,280573
280584,VCS1340,2019,450000.0,280585
280593,VCS1349,2019,30502.0,280594
280596,VCS1352,2019,8677.0,280597
280597,VCS1353,2019,22460.0,280598
280598,VCS1354,2019,13506.0,280599
280599,VCS1355,2019,4254.0,280600
280600,VCS1356,2019,46970.0,280601
280603,VCS1359,2019,81757.0,280604
280604,VCS1360,2019,3369.0,280605
280626,VCS1382,2019,215550.0,280627
280630,VCS1386,2019,165564.0,280631
280634,VCS1390,2019,27882.0,280635
280635,VCS1391,2019,46071.0,280636
280636,VCS1392,2019,19769.0,280637
280637,VCS1393,2019,5702.0,280638
280639,VCS1395,2019,85001.0,280640
280640,VCS1396,2019,111.0,280641
280643,VCS1399,2019,23587.0,280644
280644,VCS1400,2019,26329.0,280645
280651,VCS1407,2019,11175.0,280652
280652,VCS1408,2019,376981.0,280653
280661,VCS1417,2019,3580.0,280662
280662,VCS1418,2019,25800.0,280663
280667,VCS1423,2019,100000.0,280668
280668,VCS1424,2019,100000.0,280669
280669,VCS1425,2019,100000.0,280670
280679,VCS1436,2019,1245.0,280680
280687,VCS1444,2019,7000.0,280688
280688,VCS1445,2019,6688.0,280689
280689,VCS1446,2019,129252.0,280690
280690,VCS1447,2019,78133.0,280691
280691,VCS1448,2019,13631.0,280692
280705,VCS1463,2019,41786.0,280706
280707,VCS1465,2019,183008.0,280708
280711,VCS1470,2019,72644.0,280712
280715,VCS1476,2019,17716.0,280716
280716,VCS1477,2019,578793.0,280717
280717,VCS1478,2019,74.0,280718
280718,VCS1479,2019,181203.0,280719
280719,VCS1480,2019,184622.0,280720
280720,VCS1481,2019,128032.0,280721
280721,VCS1482,2019,123106.0,280722
280722,VCS1483,2019,29129.0,280723
280725,VCS1486,2019,112.0,280726
280726,VCS1489,2019,14471.0,280727
280727,VCS1490,2019,265562.0,280728
280730,VCS1493,2019,7837.0,280731
280732,VCS1495,2019,13853.0,280733
280733,VCS1496,2019,5258.0,280734
280734,VCS1497,2019,16000.0,280735
280739,VCS1502,2019,180000.0,280740
280740,VCS1503,2019,290433.0,280741
280741,VCS1504,2019,385.0,280742
280742,VCS1505,2019,17897.0,280743
280744,VCS1507,2019,8750.0,280745
280755,VCS1519,2019,62901.0,280756
280756,VCS1520,2019,21199.0,280757
280757,VCS1521,2019,209900.0,280758
280759,VCS1523,2019,57756.0,280760
280764,VCS1528,2019,25030.0,280765
280773,VCS1538,2019,23641.0,280774
280774,VCS1539,2019,54121.0,280775
280775,VCS1541,2019,2865.0,280776
280790,VCS1558,2019,18680.0,280791
280792,VCS1560,2019,230827.0,280793
280795,VCS1563,2019,209.0,280796
280797,VCS1566,2019,6314327.0,280798
280801,VCS1570,2019,65182.0,280802
280802,VCS1571,2019,234417.0,280803
280807,VCS1579,2019,24211.0,280808
280808,VCS1580,2019,869284.0,280809
280809,VCS1582,2019,40138.0,280810
280814,VCS1622,2019,226736.0,280815
280819,VCS1650,2019,118500.0,280820
280823,VCS1656,2019,34131.0,280824
280827,VCS1660,2019,19096.0,280828
280830,VCS1663,2019,4333.0,280831
280835,VCS1669,2019,76844.0,280836
280836,VCS1670,2019,92939.0,280837
280837,VCS1671,2019,97716.0,280838
280841,VCS1675,2019,46.0,280842
280843,VCS1677,2019,25273.0,280844
280844,VCS1678,2019,18161.0,280845
280845,VCS1679,2019,2040.0,280846
280850,VCS1684,2019,31217.0,280851
280852,VCS1686,2019,4516.0,280853
280855,VCS1690,2019,56.0,280856
280856,VCS1691,2019,53065.0,280857
280857,VCS1692,2019,5793.0,280858
280860,VCS1696,2019,5795.0,280861
280863,VCS1699,2019,769.0,280864
280871,VCS1709,2019,120000.0,280872
280875,VCS1716,2019,752.0,280876
280876,VCS1718,2019,47363.0,280877
280877,VCS1719,2019,1000.0,280878
280882,VCS1728,2019,387585.0,280883
280884,VCS1731,2019,18662.0,280885
280886,VCS1733,2019,102690.0,280887
280888,VCS1735,2019,42776.0,280889
280889,VCS1736,2019,1000.0,280890
280891,VCS1739,2019,2533.0,280892
280892,VCS1740,2019,12043.0,280893
280894,VCS1742,2019,2727470.0,280895
280897,VCS1745,2019,97301.0,280898
280898,VCS1746,2019,23500.0,280899
280899,VCS1748,2019,382829.0,280900
280901,VCS1751,2019,308.0,280902
280902,VCS1752,2019,28179.0,280903
280908,VCS1762,2019,106037.0,280909
280909,VCS1764,2019,12273.0,280910
280912,VCS1767,2019,246836.0,280913
280913,VCS1768,2019,241984.0,280914
280915,VCS1770,2019,104142.0,280916
280916,VCS1771,2019,50000.0,280917
280918,VCS1774,2019,14372.0,280919
280919,VCS1775,2019,4.0,280920
280922,VCS1781,2019,77237.0,280923
280925,VCS1784,2019,15.0,280926
280927,VCS1787,2019,169389.0,280928
280928,VCS1788,2019,148049.0,280929
280929,VCS1789,2019,122446.0,280930
280930,VCS1790,2019,186528.0,280931
280931,VCS1791,2019,59827.0,280932
280932,VCS1792,2019,387672.0,280933
280941,VCS1803,2019,6220.0,280942
280943,VCS1805,2019,378460.0,280944
280948,VCS1811,2019,48107.0,280949
280949,VCS1812,2019,34554.0,280950
280958,VCS1823,2019,30547.0,280959
280959,VCS1824,2019,75205.0,280960
280965,VCS1830,2019,17216.0,280966
280966,VCS1831,2019,92128.0,280967
280970,VCS1836,2019,11606.0,280971
280972,VCS1839,2019,26801.0,280973
280986,VCS1853,2019,16000.0,280987
280989,VCS1856,2019,156000.0,280990
280990,VCS1857,2019,2943.0,280991
280992,VCS1860,2019,5549.0,280993
280999,VCS1867,2019,535000.0,281000
281005,VCS1874,2019,75000.0,281006
281015,VCS1886,2019,43317.0,281016
281016,VCS1887,2019,89795.0,281017
281018,VCS1890,2019,284585.0,281019
281021,VCS1893,2019,106754.0,281022
281026,VCS1899,2019,50000.0,281027
281029,VCS1902,2019,242950.0,281030
281044,VCS1917,2019,27284.0,281045
281045,VCS1918,2019,6000.0,281046
281056,VCS1931,2019,300000.0,281057
281066,VCS1943,2019,14425.0,281067
281084,VCS1962,2019,52267.0,281085
284552,ACR0112,2020,55387.0,284553
284554,ACR0114,2020,1139192.0,284555
284556,ACR0117,2020,40907.0,284557
284557,ACR0118,2020,883500.0,284558
284562,ACR0123,2020,6390607.0,284563
284565,ACR0126,2020,224645.0,284566
284567,ACR0128,2020,32696.0,284568
284569,ACR0130,2020,921.0,284570
284570,ACR0131,2020,3636.0,284571
284571,ACR0132,2020,9616.0,284572
284573,ACR0134,2020,133.0,284574
284574,ACR0135,2020,100.0,284575
284575,ACR0136,2020,4575.0,284576
284576,ACR0137,2020,8096.0,284577
284577,ACR0138,2020,1818.0,284578
284578,ACR0139,2020,400.0,284579
284579,ACR0140,2020,400.0,284580
284580,ACR0141,2020,3300.0,284581
284581,ACR0142,2020,185.0,284582
284582,ACR0143,2020,175.0,284583
284583,ACR0144,2020,144.0,284584
284584,ACR0145,2020,200.0,284585
284585,ACR0146,2020,284.0,284586
284586,ACR0147,2020,255.0,284587
284587,ACR0148,2020,100.0,284588
284588,ACR0149,2020,374.0,284589
284589,ACR0150,2020,100.0,284590
284590,ACR0151,2020,11948.0,284591
284591,ACR0152,2020,213.0,284592
284592,ACR0153,2020,100.0,284593
284593,ACR0154,2020,4300.0,284594
284594,ACR0155,2020,100.0,284595
284595,ACR0156,2020,865.0,284596
284596,ACR0157,2020,1793.0,284597
284597,ACR0158,2020,862.0,284598
284598,ACR0159,2020,100.0,284599
284600,ACR0161,2020,10000.0,284601
284603,ACR0164,2020,17141.0,284604
284604,ACR0165,2020,3900.0,284605
284612,ACR0176,2020,62.0,284613
284613,ACR0177,2020,14563.0,284614
284615,ACR0179,2020,50000.0,284616
284616,ACR0181,2020,45829.0,284617
284623,ACR0189,2020,11850.0,284624
284624,ACR0190,2020,51752.0,284625
284626,ACR0192,2020,39656.0,284627
284631,ACR0199,2020,207441.0,284632
284632,ACR0200,2020,10176.0,284633
284633,ACR0202,2020,52955.0,284634
284641,ACR0210,2020,574167.0,284642
284642,ACR0211,2020,295227.0,284643
284643,ACR0212,2020,228556.0,284644
284644,ACR0213,2020,92365.0,284645
284647,ACR0222,2020,22216.0,284648
284651,ACR0226,2020,298395.0,284652
284656,ACR0232,2020,229654.0,284657
284657,ACR0233,2020,69033.0,284658
284658,ACR0234,2020,40727.0,284659
284659,ACR0235,2020,14297.0,284660
284662,ACR0238,2020,40545.0,284663
284663,ACR0239,2020,29555.0,284664
284665,ACR0241,2020,20121.0,284666
284666,ACR0242,2020,335.0,284667
284667,ACR0243,2020,83477.0,284668
284671,ACR0247,2020,630062.0,284672
284672,ACR0248,2020,539859.0,284673
284673,ACR0249,2020,337614.0,284674
284679,ACR0255,2020,3150441.0,284680
284680,ACR0256,2020,102773.0,284681
284681,ACR0257,2020,180282.0,284682
284683,ACR0259,2020,19523.0,284684
284684,ACR0260,2020,629738.0,284685
284686,ACR0262,2020,8336.0,284687
284687,ACR0263,2020,100.0,284688
284689,ACR0265,2020,62387.0,284690
284690,ACR0266,2020,307069.0,284691
284691,ACR0267,2020,406648.0,284692
284692,ACR0268,2020,2166008.0,284693
284693,ACR0269,2020,1127815.0,284694
284696,ACR0272,2020,124443.0,284697
284697,ACR0273,2020,50000.0,284698
284699,ACR0275,2020,22358.0,284700
284700,ACR0276,2020,206453.0,284701
284703,ACR0279,2020,429101.0,284704
284704,ACR0280,2020,539360.0,284705
284705,ACR0281,2020,41207.0,284706
284708,ACR0284,2020,62228.0,284709
284711,ACR0287,2020,368227.0,284712
284712,ACR0288,2020,7091.0,284713
284717,ACR0293,2020,373932.0,284718
284725,ACR0303,2020,2455980.0,284726
284734,ACR0312,2020,112871.0,284735
284735,ACR0313,2020,30880.0,284736
284736,ACR0314,2020,12680.0,284737
284738,ACR0316,2020,4895.0,284739
284739,ACR0322,2020,9196.0,284740
284740,ACR0323,2020,15226.0,284741
284741,ACR0324,2020,3243245.0,284742
284744,ACR0348,2020,11356.0,284745
284745,ACR0349,2020,29146.0,284746
284746,ACR0350,2020,9584.0,284747
284751,ACR0355,2020,16806.0,284752
284753,ACR0357,2020,15184.0,284754
284756,ACR0360,2020,6930256.0,284757
284757,ACR0361,2020,1387115.0,284758
284758,ACR0362,2020,106024.0,284759
284759,ACR0363,2020,91819.0,284760
284760,ACR0365,2020,5967.0,284761
284761,ACR0366,2020,28770.0,284762
284762,ACR0367,2020,260829.0,284763
284763,ACR0368,2020,19752.0,284764
284764,ACR0369,2020,20700.0,284765
284766,ACR0371,2020,214806.0,284767
284768,ACR0373,2020,101592.0,284769
284770,ACR0375,2020,69575.0,284771
284771,ACR0376,2020,68341.0,284772
284772,ACR0377,2020,2769.0,284773
284773,ACR0378,2020,56725.0,284774
284778,ACR0385,2020,111655.0,284779
284779,ACR0386,2020,24411.0,284780
284781,ACR0388,2020,353503.0,284782
284782,ACR0389,2020,88515.0,284783
284783,ACR0390,2020,12543.0,284784
284785,ACR0393,2020,92454.0,284786
284786,ACR0394,2020,15438.0,284787
284787,ACR0395,2020,733874.0,284788
284789,ACR0398,2020,97105.0,284790
284793,ACR0403,2020,83996.0,284794
284797,ACR0408,2020,11295.0,284798
284802,ACR0416,2020,1951806.0,284803
284803,ACR0417,2020,396047.0,284804
284804,ACR0418,2020,5702.0,284805
284805,ACR0419,2020,10965.0,284806
284806,ACR0420,2020,2200739.0,284807
284809,ACR0424,2020,20285.0,284810
284810,ACR0425,2020,117686.0,284811
284812,ACR0427,2020,742485.0,284813
284813,ACR0428,2020,938531.0,284814
284814,ACR0429,2020,41087.0,284815
284817,ACR0432,2020,19469.0,284818
284818,ACR0433,2020,100000.0,284819
284821,ACR0437,2020,159820.0,284822
284823,ACR0439,2020,252396.0,284824
284825,ACR0441,2020,51608.0,284826
284826,ACR0442,2020,1805.0,284827
284828,ACR0444,2020,39529.0,284829
284829,ACR0445,2020,41266.0,284830
284830,ACR0446,2020,35000.0,284831
284833,ACR0449,2020,14040.0,284834
284834,ACR0450,2020,110310.0,284835
284835,ACR0451,2020,105696.0,284836
284836,ACR0454,2020,33503.0,284837
284839,ACR0457,2020,1.0,284840
284840,ACR0458,2020,310849.0,284841
284841,ACR0459,2020,63766.0,284842
284842,ACR0461,2020,63979.0,284843
284843,ACR0462,2020,1.0,284844
284844,ACR0463,2020,1.0,284845
284846,ACR0465,2020,26448.0,284847
284847,ACR0466,2020,67083.0,284848
284849,ACR0468,2020,7779.0,284850
284852,ACR0471,2020,35877.0,284853
284853,ACR0472,2020,362.0,284854
284854,ACR0473,2020,125403.0,284855
284855,ACR0474,2020,124597.0,284856
284870,ACR0493,2020,34327.0,284871
284873,ACR0497,2020,42038.0,284874
284875,ACR0499,2020,110563.0,284876
284879,ACR0503,2020,76631.0,284880
284885,ACR0510,2020,70400.0,284886
284886,ACR0514,2020,5126.0,284887
284889,ACR0517,2020,7962.0,284890
284893,ACR0521,2020,42007.0,284894
284895,ACR0523,2020,118757.0,284896
284902,ACR0532,2020,108679.0,284903
284903,ACR0533,2020,70062.0,284904
284905,ACR0535,2020,39632.0,284906
284906,ACR0536,2020,89898.0,284907
284908,ACR0538,2020,14690.0,284909
284910,ACR0540,2020,15657.0,284911
284911,ACR0542,2020,10532.0,284912
284912,ACR0543,2020,5397.0,284913
284913,ACR0544,2020,51649.0,284914
284918,ACR0549,2020,254998.0,284919
284928,ACR0560,2020,70251.0,284929
284937,ACR0572,2020,13824.0,284938
284944,ACR0580,2020,7471.0,284945
284953,ACR0589,2020,1.0,284954
284957,ACR0593,2020,5104.0,284958
284970,ACR0607,2020,201.0,284971
284971,ACR0608,2020,86100.0,284972
284981,ACR0619,2020,60000.0,284982
285573,CAR102,2020,89359.0,285574
285577,CAR398,2020,397.0,285578
285581,CAR403,2020,72618.0,285582
285582,CAR406,2020,47365.0,285583
285583,CAR408,2020,13609.0,285584
285584,CAR409,2020,51370.0,285585
285587,CAR416,2020,13882.0,285588
285588,CAR418,2020,11927.0,285589
285590,CAR422,2020,24391.0,285591
285592,CAR424,2020,101749.0,285593
285593,CAR426,2020,230.0,285594
285594,CAR429,2020,56046.0,285595
285595,CAR430,2020,7980.0,285596
285596,CAR432,2020,8073.0,285597
285598,CAR435,2020,91420.0,285599
285599,CAR436,2020,98445.0,285600
285600,CAR437,2020,2500.0,285601
285601,CAR439,2020,65629.0,285602
285604,CAR443,2020,14096.0,285605
285605,CAR444,2020,162539.0,285606
285606,CAR445,2020,28585.0,285607
285610,CAR451,2020,10693.0,285611
285613,CAR455,2020,19540.0,285614
285616,CAR459,2020,55461.0,285617
285620,CAR465,2020,21599.0,285621
285621,CAR466,2020,15063.0,285622
285622,CAR467,2020,69104.0,285623
285623,CAR468,2020,12408.0,285624
285626,CAR473,2020,148573.0,285627
285628,CAR475,2020,31303.0,285629
285629,CAR476,2020,56734.0,285630
285631,CAR478,2020,43374.0,285632
285636,CAR483,2020,45504.0,285637
285640,CAR488,2020,69.0,285641
285642,CAR490,2020,3535.0,285643
285643,CAR491,2020,34193.0,285644
285644,CAR495,2020,55026.0,285645
285646,CAR497,2020,49759.0,285647
285647,CAR498,2020,93469.0,285648
285650,CAR503,2020,2706.0,285651
285653,CAR507,2020,5548.0,285654
285655,CAR509,2020,9628.0,285656
285656,CAR512,2020,152714.0,285657
285658,CAR514,2020,496.0,285659
285659,CAR515,2020,7573.0,285660
285662,CAR521,2020,34224.0,285663
285668,CAR540,2020,6630.0,285669
285669,CAR545,2020,209787.0,285670
285671,CAR551,2020,42500.0,285672
285674,CAR560,2020,57469.0,285675
285675,CAR566,2020,61955.0,285676
285677,CAR575,2020,1220.0,285678
285678,CAR577,2020,42165.0,285679
285679,CAR578,2020,2375.0,285680
285683,CAR589,2020,3371.0,285684
285686,CAR592,2020,26095.0,285687
285687,CAR593,2020,54885.0,285688
285688,CAR596,2020,7216.0,285689
285690,CAR599,2020,2648.0,285691
285693,CAR602,2020,1787.0,285694
285695,CAR606,2020,10222.0,285696
285697,CAR612,2020,2843.0,285698
285700,CAR627,2020,23528.0,285701
285705,CAR635,2020,120028.0,285706
285706,CAR639,2020,405224.0,285707
285712,CAR657,2020,25386.0,285713
285714,CAR659,2020,14.0,285715
285715,CAR660,2020,46000.0,285716
285718,CAR674,2020,307731.0,285719
285719,CAR676,2020,15.0,285720
285721,CAR683,2020,6079.0,285722
285722,CAR686,2020,15748.0,285723
285723,CAR688,2020,8059.0,285724
285724,CAR691,2020,185079.0,285725
285726,CAR696,2020,82299.0,285727
285727,CAR697,2020,14141.0,285728
285728,CAR730,2020,213115.0,285729
285733,CAR766,2020,544941.0,285734
285734,CAR768,2020,266551.0,285735
285735,CAR769,2020,48624.0,285736
285736,CAR772,2020,3900.0,285737
285740,CAR777,2020,196084.0,285741
285745,CAR785,2020,5000.0,285746
285747,CAR790,2020,169428.0,285748
285753,CAR801,2020,50.0,285754
285754,CAR802,2020,10143.0,285755
285758,CAR807,2020,21075.0,285759
285759,CAR811,2020,97812.0,285760
285764,CAR817,2020,60478.0,285765
285770,CAR829,2020,34494.0,285771
285775,CAR834,2020,11215.0,285776
285777,CAR838,2020,134998.0,285778
285780,CAR844,2020,12660.0,285781
285782,CAR866,2020,28777.0,285783
285784,CAR878,2020,220.0,285785
285787,CAR883,2020,1344.0,285788
285790,CAR887,2020,91558.0,285791
285791,CAR888,2020,64361.0,285792
285792,CAR891,2020,65820.0,285793
285793,CAR892,2020,65215.0,285794
285795,CAR901,2020,5367.0,285796
285798,CAR911,2020,7118.0,285799
285803,CAR935,2020,25.0,285804
285806,CAR946,2020,883.0,285807
285807,CAR947,2020,3501.0,285808
285808,CAR948,2020,6394.0,285809
285810,CAR952,2020,10750.0,285811
285815,CAR959,2020,4497.0,285816
285817,CAR965,2020,21241.0,285818
285818,CAR969,2020,77834.0,285819
285820,CAR973,2020,132280.0,285821
285827,CAR982,2020,20198.0,285828
285828,CAR988,2020,9500.0,285829
285829,CAR989,2020,20625.0,285830
285830,CAR990,2020,733.0,285831
285832,CAR993,2020,40506.0,285833
285833,CAR994,2020,338.0,285834
285835,CAR996,2020,10000.0,285836
285836,CAR997,2020,3152.0,285837
285840,CAR1002,2020,23791.0,285841
285841,CAR1003,2020,2661.0,285842
285850,CAR1013,2020,52060.0,285851
285852,CAR1015,2020,50450.0,285853
285855,CAR1019,2020,1346.0,285856
285861,CAR1027,2020,135195.0,285862
285865,CAR1033,2020,6831.0,285866
285866,CAR1035,2020,53009.0,285867
285867,CAR1036,2020,29399.0,285868
285869,CAR1041,2020,150000.0,285870
285874,CAR1049,2020,10021.0,285875
285875,CAR1050,2020,53860.0,285876
285877,CAR1055,2020,25079.0,285878
285878,CAR1056,2020,18495.0,285879
285879,CAR1057,2020,25855.0,285880
285880,CAR1058,2020,33054.0,285881
285883,CAR1063,2020,23519.0,285884
285895,CAR1076,2020,42105.0,285896
285897,CAR1078,2020,60738.0,285898
285898,CAR1080,2020,16917.0,285899
285899,CAR1081,2020,32105.0,285900
285901,CAR1083,2020,47714.0,285902
285904,CAR1086,2020,44382.0,285905
285906,CAR1088,2020,45784.0,285907
285914,CAR1096,2020,11325.0,285915
285916,CAR1098,2020,212078.0,285917
285917,CAR1099,2020,106877.0,285918
285918,CAR1100,2020,885.0,285919
285919,CAR1101,2020,4053.0,285920
285922,CAR1104,2020,24890.0,285923
285923,CAR1105,2020,382239.0,285924
285925,CAR1108,2020,40328.0,285926
285926,CAR1109,2020,96217.0,285927
285937,CAR1120,2020,67868.0,285938
285939,CAR1122,2020,15546.0,285940
285940,CAR1123,2020,32445.0,285941
285941,CAR1124,2020,51047.0,285942
285945,CAR1128,2020,16101.0,285946
285947,CAR1130,2020,25119.0,285948
285948,CAR1132,2020,3369.0,285949
285949,CAR1133,2020,909.0,285950
285950,CAR1134,2020,22953.0,285951
285951,CAR1135,2020,14241.0,285952
285952,CAR1136,2020,43993.0,285953
285954,CAR1138,2020,68336.0,285955
285955,CAR1139,2020,35779.0,285956
285958,CAR1142,2020,1587.0,285959
285959,CAR1143,2020,34422.0,285960
285961,CAR1145,2020,13603.0,285962
285962,CAR1146,2020,8724.0,285963
285963,CAR1147,2020,56431.0,285964
285964,CAR1151,2020,10150.0,285965
285965,CAR1152,2020,13353.0,285966
285966,CAR1153,2020,24928.0,285967
285967,CAR1154,2020,23877.0,285968
285968,CAR1155,2020,11914.0,285969
285969,CAR1156,2020,7813.0,285970
285972,CAR1159,2020,16396.0,285973
285973,CAR1160,2020,12885.0,285974
285974,CAR1161,2020,6271.0,285975
285975,CAR1162,2020,627.0,285976
285982,CAR1169,2020,186971.0,285983
285983,CAR1171,2020,30440.0,285984
285984,CAR1172,2020,17166.0,285985
285985,CAR1173,2020,288529.0,285986
285986,CAR1174,2020,172177.0,285987
285987,CAR1175,2020,672216.0,285988
285989,CAR1177,2020,14597.0,285990
285995,CAR1183,2020,1298881.0,285996
285996,CAR1184,2020,22014.0,285997
286008,CAR1197,2020,564899.0,286009
286014,CAR1204,2020,120317.0,286015
286015,CAR1205,2020,1844383.0,286016
286018,CAR1208,2020,50255.0,286019
286019,CAR1209,2020,171000.0,286020
286023,CAR1213,2020,414286.0,286024
286025,CAR1215,2020,2018379.0,286026
286027,CAR1217,2020,53374.0,286028
286030,CAR1222,2020,145594.0,286031
286031,CAR1232,2020,26532.0,286032
286036,CAR1237,2020,1889.0,286037
286037,CAR1238,2020,11017.0,286038
286041,CAR1242,2020,2233.0,286042
286042,CAR1243,2020,54382.0,286043
286044,CAR1245,2020,2842.0,286045
286045,CAR1246,2020,12134.0,286046
286046,CAR1247,2020,23417.0,286047
286048,CAR1249,2020,62905.0,286049
286049,CAR1250,2020,107081.0,286050
286052,CAR1253,2020,11691.0,286053
286054,CAR1257,2020,1525044.0,286055
286058,CAR1261,2020,5582.0,286059
286059,CAR1262,2020,3334.0,286060
286061,CAR1264,2020,4912160.0,286062
286062,CAR1265,2020,78510.0,286063
286065,CAR1269,2020,25000.0,286066
286066,CAR1270,2020,111732.0,286067
286069,CAR1274,2020,13113.0,286070
286070,CAR1275,2020,5997.0,286071
286073,CAR1278,2020,2627.0,286074
286074,CAR1279,2020,7620.0,286075
286076,CAR1281,2020,17767.0,286077
286080,CAR1285,2020,7377.0,286081
286083,CAR1288,2020,49676.0,286084
286085,CAR1290,2020,56993.0,286086
286090,CAR1295,2020,775.0,286091
286091,CAR1296,2020,13896.0,286092
286092,CAR1297,2020,141572.0,286093
286094,CAR1299,2020,3281.0,286095
286095,CAR1300,2020,46243.0,286096
286097,CAR1302,2020,58745.0,286098
286098,CAR1303,2020,3347.0,286099
286101,CAR1308,2020,34619.0,286102
286102,CAR1309,2020,50000.0,286103
286103,CAR1310,2020,68990.0,286104
286107,CAR1314,2020,57936.0,286108
286111,CAR1318,2020,100000.0,286112
286113,CAR1321,2020,1550.0,286114
286117,CAR1326,2020,26719.0,286118
286120,CAR1329,2020,29538.0,286121
286123,CAR1332,2020,505000.0,286124
286126,CAR1335,2020,160614.0,286127
286127,CAR1336,2020,697185.0,286128
286129,CAR1339,2020,644674.0,286130
286130,CAR1340,2020,16953.0,286131
286131,CAR1341,2020,73462.0,286132
286156,CAR1372,2020,34820.0,286157
286157,CAR1373,2020,494524.0,286158
286158,CAR1374,2020,414633.0,286159
286173,CAR1391,2020,597423.0,286174
286179,CAR1401,2020,743.0,286180
286201,CAR1436,2020,1282518.0,286202
286205,CAR1441,2020,1262.0,286206
286235,CAR1481,2020,12234.0,286236
286856,GS338,2020,4.0,286857
286860,GS347,2020,31595.0,286861
286862,GS352,2020,89217.0,286863
286865,GS367,2020,118.0,286866
286866,GS368,2020,25709.0,286867
286867,GS369,2020,55164.0,286868
286872,GS390,2020,134234.0,286873
286875,GS397,2020,356481.0,286876
286876,GS398,2020,442218.0,286877
286880,GS407,2020,252427.0,286881
286884,GS413,2020,182171.0,286885
286885,GS414,2020,51802.0,286886
286889,GS423,2020,150.0,286890
286891,GS436,2020,12126.0,286892
286895,GS440,2020,57336.0,286896
286897,GS445,2020,46048.0,286898
286898,GS447,2020,667544.0,286899
286899,GS449,2020,170.0,286900
286906,GS464,2020,98816.0,286907
286907,GS467,2020,520.0,286908
286909,GS472,2020,95022.0,286910
286910,GS474,2020,61213.0,286911
286912,GS481,2020,101.0,286913
286916,GS500,2020,35504.0,286917
286918,GS504,2020,3599.0,286919
286921,GS514,2020,15.0,286922
286929,GS554,2020,190.0,286930
286934,GS566,2020,13434.0,286935
286940,GS576,2020,820.0,286941
286942,GS578,2020,88414.0,286943
286947,GS601,2020,33099.0,286948
286948,GS605,2020,118096.0,286949
286950,GS608,2020,101.0,286951
286953,GS612,2020,71235.0,286954
286954,GS613,2020,41690.0,286955
286955,GS614,2020,12156.0,286956
286956,GS615,2020,18313.0,286957
286958,GS617,2020,59736.0,286959
286965,GS633,2020,7964.0,286966
286966,GS634,2020,4606.0,286967
286967,GS635,2020,425.0,286968
286968,GS636,2020,686.0,286969
286969,GS637,2020,1087.0,286970
286970,GS638,2020,1577.0,286971
286971,GS642,2020,6416.0,286972
286977,GS655,2020,6270.0,286978
286981,GS663,2020,578.0,286982
286982,GS666,2020,22210.0,286983
286985,GS672,2020,27943.0,286986
286986,GS675,2020,1064.0,286987
286988,GS683,2020,38926.0,286989
286989,GS685,2020,4299.0,286990
286992,GS689,2020,293.0,286993
286993,GS690,2020,35.0,286994
286996,GS702,2020,62816.0,286997
286997,GS707,2020,492089.0,286998
287001,GS715,2020,21.0,287002
287002,GS716,2020,63413.0,287003
287007,GS730,2020,17405.0,287008
287008,GS733,2020,15510.0,287009
287009,GS735,2020,317.0,287010
287012,GS744,2020,97288.0,287013
287015,GS748,2020,6173.0,287016
287017,GS750,2020,186425.0,287018
287018,GS751,2020,120890.0,287019
287019,GS753,2020,14890.0,287020
287022,GS764,2020,228.0,287023
287024,GS768,2020,86.0,287025
287025,GS769,2020,180139.0,287026
287034,GS784,2020,1299.0,287035
287046,GS813,2020,10210.0,287047
287047,GS814,2020,16205.0,287048
287048,GS816,2020,145236.0,287049
287049,GS817,2020,16115.0,287050
287051,GS824,2020,21261.0,287052
287052,GS825,2020,1903.0,287053
287054,GS827,2020,1609.0,287055
287057,GS832,2020,90.0,287058
287059,GS835,2020,21179.0,287060
287069,GS850,2020,24448.0,287070
287071,GS854,2020,47076.0,287072
287072,GS858,2020,74.0,287073
287083,GS872,2020,480.0,287084
287088,GS879,2020,89467.0,287089
287089,GS880,2020,3202.0,287090
287090,GS883,2020,254.0,287091
287092,GS886,2020,177242.0,287093
287093,GS887,2020,776.0,287094
287098,GS905,2020,33571.0,287099
287099,GS906,2020,20618.0,287100
287105,GS917,2020,53797.0,287106
287107,GS922,2020,171.0,287108
287114,GS931,2020,44306.0,287115
287115,GS935,2020,80020.0,287116
287119,GS947,2020,34801.0,287120
287120,GS949,2020,197593.0,287121
287121,GS950,2020,106778.0,287122
287128,GS963,2020,67708.0,287129
287129,GS966,2020,33732.0,287130
287132,GS971,2020,183139.0,287133
287135,GS976,2020,3666.0,287136
287136,GS977,2020,4837.0,287137
287137,GS978,2020,2790.0,287138
287141,GS986,2020,304.0,287142
287148,GS993,2020,1280.0,287149
287149,GS997,2020,3876.0,287150
287152,GS1001,2020,105848.0,287153
287153,GS1003,2020,336.0,287154
287155,GS1006,2020,1374.0,287156
287158,GS1013,2020,55053.0,287159
287160,GS1015,2020,85009.0,287161
287161,GS1016,2020,768.0,287162
287164,GS1020,2020,172559.0,287165
287165,GS1021,2020,93753.0,287166
287172,GS1028,2020,5836.0,287173
287174,GS1030,2020,1403.0,287175
287175,GS1031,2020,5100.0,287176
287177,GS1033,2020,8502.0,287178
287178,GS1034,2020,104589.0,287179
287185,GS1042,2020,65056.0,287186
287190,GS1049,2020,31678.0,287191
287195,GS1059,2020,26.0,287196
287197,GS1061,2020,12900.0,287198
287201,GS1067,2020,77055.0,287202
287204,GS1072,2020,1498.0,287205
287206,GS1074,2020,11992.0,287207
287209,GS1078,2020,6711.0,287210
287211,GS1083,2020,354285.0,287212
287215,GS1091,2020,129198.0,287216
287218,GS1094,2020,6030.0,287219
287219,GS1095,2020,3851.0,287220
287220,GS1096,2020,6779.0,287221
287221,GS1097,2020,4899.0,287222
287222,GS1098,2020,142.0,287223
287223,GS1100,2020,129.0,287224
287224,GS1101,2020,129.0,287225
287226,GS1103,2020,130.0,287227
287227,GS1104,2020,510.0,287228
287228,GS1105,2020,182.0,287229
287238,GS1124,2020,7398.0,287239
287241,GS1134,2020,1987.0,287242
287248,GS1146,2020,456.0,287249
287249,GS1147,2020,3801.0,287250
287251,GS1161,2020,317.0,287252
287259,GS1173,2020,28068.0,287260
287260,GS1174,2020,51597.0,287261
287262,GS1178,2020,13885.0,287263
287269,GS1190,2020,136543.0,287270
287270,GS1191,2020,1918.0,287271
287283,GS1207,2020,41536.0,287284
287284,GS1208,2020,59442.0,287285
287287,GS1221,2020,17.0,287288
287293,GS1228,2020,80995.0,287294
287294,GS1229,2020,1085.0,287295
287295,GS1230,2020,8768.0,287296
287298,GS1235,2020,1572.0,287299
287300,GS1237,2020,103744.0,287301
287307,GS1244,2020,8517.0,287308
287308,GS1246,2020,48.0,287309
287310,GS1248,2020,10010.0,287311
287311,GS1249,2020,872.0,287312
287313,GS1253,2020,11262.0,287314
287316,GS1267,2020,19596.0,287317
287319,GS1286,2020,38.0,287320
287324,GS1294,2020,2409.0,287325
287325,GS1295,2020,317.0,287326
287331,GS1303,2020,398.0,287332
287333,GS1306,2020,2051.0,287334
287337,GS1310,2020,297.0,287338
287338,GS1311,2020,257.0,287339
287339,GS1312,2020,254.0,287340
287340,GS1313,2020,255.0,287341
287341,GS1314,2020,257.0,287342
287342,GS1315,2020,255.0,287343
287347,GS1321,2020,231248.0,287348
287348,GS1322,2020,41985.0,287349
287355,GS1332,2020,80.0,287356
287357,GS1334,2020,2410.0,287358
287368,GS1350,2020,5178.0,287369
287374,GS1359,2020,5162.0,287375
287377,GS1364,2020,28580.0,287378
287378,GS1365,2020,14188.0,287379
287380,GS1367,2020,4364.0,287381
287381,GS1368,2020,24626.0,287382
287392,GS1383,2020,115715.0,287393
287462,GS2091,2020,223.0,287463
287465,GS2094,2020,382699.0,287466
287466,GS2095,2020,5588.0,287467
287471,GS2290,2020,1439.0,287472
287473,GS2293,2020,21264.0,287474
287475,GS2295,2020,1686.0,287476
287476,GS2296,2020,9731.0,287477
287482,GS2394,2020,1450.0,287483
287483,GS2395,2020,2022.0,287484
287484,GS2396,2020,1628.0,287485
287501,GS2421,2020,461.0,287502
287507,GS2429,2020,8211.0,287508
287511,GS2435,2020,741.0,287512
287514,GS2439,2020,3841.0,287515
287515,GS2440,2020,4560.0,287516
287516,GS2441,2020,6767.0,287517
287517,GS2442,2020,775.0,287518
287518,GS2444,2020,16937.0,287519
287520,GS2446,2020,3691.0,287521
287521,GS2447,2020,11226.0,287522
287525,GS2456,2020,2292.0,287526
287528,GS2460,2020,16943.0,287529
287530,GS2464,2020,66183.0,287531
287532,GS2468,2020,831.0,287533
287539,GS2479,2020,11834.0,287540
287541,GS2481,2020,19579.0,287542
287547,GS2487,2020,3554.0,287548
287552,GS2497,2020,50151.0,287553
287554,GS2499,2020,46835.0,287555
287556,GS2501,2020,26275.0,287557
287557,GS2502,2020,2872.0,287558
287558,GS2503,2020,95254.0,287559
287566,GS2514,2020,1114.0,287567
287569,GS2519,2020,60840.0,287570
287570,GS2520,2020,8047.0,287571
287574,GS2528,2020,2799.0,287575
287581,GS2540,2020,3706.0,287582
287583,GS2542,2020,5790.0,287584
287585,GS2544,2020,118706.0,287586
287586,GS2545,2020,39989.0,287587
287587,GS2546,2020,26898.0,287588
287593,GS2564,2020,9154.0,287594
287621,GS2640,2020,23708.0,287622
287622,GS2641,2020,41628.0,287623
287625,GS2644,2020,12411.0,287626
287632,GS2664,2020,25053.0,287633
287633,GS2665,2020,52144.0,287634
287641,GS2681,2020,28.0,287642
287642,GS2682,2020,21430.0,287643
287645,GS2685,2020,11209.0,287646
287651,GS2691,2020,95267.0,287652
287668,GS2750,2020,24698.0,287669
287669,GS2751,2020,34385.0,287670
287670,GS2758,2020,65805.0,287671
287671,GS2763,2020,35734.0,287672
287673,GS2765,2020,884.0,287674
287675,GS2767,2020,23253.0,287676
287678,GS2891,2020,12373.0,287679
287679,GS2892,2020,27668.0,287680
287680,GS2893,2020,14416.0,287681
287681,GS2894,2020,16136.0,287682
287682,GS2895,2020,193.0,287683
287683,GS2896,2020,8861.0,287684
287684,GS2898,2020,271548.0,287685
287688,GS2940,2020,325694.0,287689
287690,GS2990,2020,170181.0,287691
287691,GS3007,2020,15346.0,287692
287697,GS3018,2020,1187.0,287698
287698,GS3023,2020,45.0,287699
287699,GS3024,2020,417.0,287700
287703,GS3028,2020,327.0,287704
287706,GS3039,2020,14403.0,287707
287709,GS3072,2020,3869.0,287710
287711,GS3078,2020,9379.0,287712
287715,GS3105,2020,5260.0,287716
287716,GS3106,2020,6361.0,287717
287717,GS3107,2020,8203.0,287718
287718,GS3108,2020,8236.0,287719
287730,GS3253,2020,169596.0,287731
287736,GS3262,2020,12154.0,287737
287738,GS3267,2020,5188.0,287739
287740,GS3306,2020,16366.0,287741
287742,GS3326,2020,1719.0,287743
287748,GS3344,2020,1129.0,287749
287752,GS3363,2020,4883.0,287753
287753,GS3364,2020,22230.0,287754
287754,GS3365,2020,14976.0,287755
287755,GS3366,2020,20269.0,287756
287756,GS3367,2020,9073.0,287757
287764,GS3379,2020,32712.0,287765
287767,GS3404,2020,17022.0,287768
287770,GS3409,2020,315.0,287771
287774,GS3421,2020,5683.0,287775
287775,GS3422,2020,8584.0,287776
287779,GS3430,2020,10034.0,287780
287780,GS3431,2020,8792.0,287781
287781,GS3432,2020,8520.0,287782
287782,GS3433,2020,9745.0,287783
287784,GS3443,2020,20395.0,287785
287785,GS3444,2020,11646.0,287786
287786,GS3445,2020,15692.0,287787
287787,GS3446,2020,14578.0,287788
287788,GS3447,2020,3614.0,287789
287789,GS3448,2020,323.0,287790
287791,GS3450,2020,8220.0,287792
287792,GS3451,2020,12732.0,287793
287793,GS3482,2020,1321.0,287794
287799,GS3493,2020,39.0,287800
287801,GS3509,2020,4794.0,287802
287804,GS3512,2020,24057.0,287805
287808,GS3516,2020,4888.0,287809
287809,GS3517,2020,1805.0,287810
287810,GS3518,2020,1804.0,287811
287811,GS3519,2020,13.0,287812
287813,GS3521,2020,5029.0,287814
287814,GS3522,2020,7066.0,287815
287815,GS3523,2020,9389.0,287816
287816,GS3524,2020,10024.0,287817
287819,GS3544,2020,1321.0,287820
287820,GS3547,2020,138218.0,287821
287821,GS3551,2020,22397.0,287822
287825,GS3560,2020,5027.0,287826
287826,GS3561,2020,7137.0,287827
287827,GS3563,2020,17160.0,287828
287828,GS3564,2020,13023.0,287829
287831,GS3567,2020,10757.0,287832
287851,GS3619,2020,1321.0,287852
287852,GS3620,2020,1037.0,287853
287860,GS3705,2020,20823.0,287861
287863,GS3901,2020,470.0,287864
287866,GS3906,2020,14496.0,287867
287871,GS3945,2020,8663.0,287872
287873,GS3947,2020,9163.0,287874
287882,GS3965,2020,16008.0,287883
287884,GS3969,2020,277146.0,287885
287888,GS3976,2020,396215.0,287889
287889,GS3992,2020,1000.0,287890
287893,GS4036,2020,10468.0,287894
287901,GS4202,2020,16658.0,287902
287902,GS4203,2020,10652.0,287903
287903,GS4205,2020,550.0,287904
287906,GS4210,2020,15646.0,287907
287908,GS4220,2020,1619.0,287909
287909,GS4221,2020,20235.0,287910
287910,GS4233,2020,33096.0,287911
287911,GS4236,2020,42224.0,287912
287912,GS4238,2020,57822.0,287913
287914,GS4240,2020,86.0,287915
287918,GS4260,2020,2995.0,287919
287920,GS4264,2020,178512.0,287921
287924,GS4270,2020,11034.0,287925
287925,GS4271,2020,6291.0,287926
287927,GS4273,2020,89648.0,287928
287928,GS4288,2020,252.0,287929
287930,GS4290,2020,28310.0,287931
287937,GS4372,2020,1190.0,287938
287939,GS4374,2020,506.0,287940
287941,GS4376,2020,3418.0,287942
287942,GS4377,2020,8.0,287943
287943,GS4378,2020,1593.0,287944
287944,GS4379,2020,4113.0,287945
287945,GS4380,2020,2471.0,287946
287946,GS4381,2020,2732.0,287947
287947,GS4382,2020,2094.0,287948
287948,GS4383,2020,7.0,287949
287949,GS4384,2020,4768.0,287950
287967,GS4422,2020,4224.0,287968
287968,GS4423,2020,1536.0,287969
287980,GS4518,2020,2188.0,287981
287981,GS4519,2020,5564.0,287982
287982,GS4530,2020,2018.0,287983
287988,GS4536,2020,31.0,287989
287993,GS4553,2020,15548.0,287994
287994,GS4557,2020,105714.0,287995
288000,GS4596,2020,3432.0,288001
288004,GS4611,2020,123.0,288005
288005,GS4612,2020,11386.0,288006
288016,GS4707,2020,10331.0,288017
288019,GS4797,2020,12630.0,288020
288020,GS4798,2020,9.0,288021
288022,GS4813,2020,111776.0,288023
288033,GS4897,2020,10166.0,288034
288034,GS4898,2020,17335.0,288035
288035,GS4899,2020,16884.0,288036
288036,GS4900,2020,19107.0,288037
288037,GS4901,2020,8331.0,288038
288041,GS4962,2020,48992.0,288042
288056,GS5033,2020,4250.0,288057
288057,GS5034,2020,8793.0,288058
288058,GS5035,2020,9801.0,288059
288059,GS5036,2020,2472.0,288060
288061,GS5038,2020,357.0,288062
288062,GS5039,2020,642.0,288063
288063,GS5040,2020,289.0,288064
288064,GS5041,2020,49.0,288065
288065,GS5042,2020,269.0,288066
288066,GS5043,2020,491.0,288067
288067,GS5046,2020,127.0,288068
288075,GS5099,2020,1163.0,288076
288077,GS5107,2020,642.0,288078
288081,GS5186,2020,9694.0,288082
288082,GS5187,2020,9801.0,288083
288083,GS5188,2020,56.0,288084
288086,GS5191,2020,2500.0,288087
288087,GS5192,2020,6025.0,288088
288088,GS5193,2020,1351.0,288089
288089,GS5194,2020,7753.0,288090
288090,GS5195,2020,4081.0,288091
288091,GS5196,2020,1762.0,288092
288092,GS5197,2020,8773.0,288093
288097,GS5229,2020,59982.0,288098
288098,GS5230,2020,9528.0,288099
288100,GS5245,2020,4834.0,288101
288102,GS5257,2020,116171.0,288103
288104,GS5303,2020,105.0,288105
288111,GS5314,2020,41261.0,288112
288112,GS5315,2020,8732.0,288113
288114,GS5317,2020,72.0,288115
288115,GS5322,2020,617.0,288116
288118,GS5325,2020,7516.0,288119
288119,GS5326,2020,7501.0,288120
288120,GS5329,2020,19950.0,288121
288121,GS5330,2020,13833.0,288122
288122,GS5331,2020,16064.0,288123
288123,GS5332,2020,14177.0,288124
288124,GS5335,2020,9800.0,288125
288125,GS5336,2020,9800.0,288126
288126,GS5337,2020,7350.0,288127
288127,GS5338,2020,2000.0,288128
288128,GS5339,2020,4983.0,288129
288129,GS5340,2020,11625.0,288130
288130,GS5341,2020,11635.0,288131
288131,GS5342,2020,9820.0,288132
288132,GS5343,2020,9023.0,288133
288133,GS5344,2020,9902.0,288134
288139,GS5392,2020,4148.0,288140
288140,GS5393,2020,4942.0,288141
288141,GS5394,2020,2429.0,288142
288142,GS5395,2020,12629.0,288143
288143,GS5396,2020,3923.0,288144
288146,GS5417,2020,93887.0,288147
288147,GS5418,2020,52573.0,288148
288148,GS5434,2020,3401.0,288149
288149,GS5437,2020,13944.0,288150
288150,GS5438,2020,14741.0,288151
288151,GS5439,2020,11241.0,288152
288152,GS5440,2020,11017.0,288153
288153,GS5441,2020,10471.0,288154
288156,GS5444,2020,7050.0,288157
288158,GS5463,2020,14981.0,288159
288159,GS5519,2020,11112.0,288160
288160,GS5523,2020,10000.0,288161
288166,GS5614,2020,5669.0,288167
288178,GS5642,2020,110986.0,288179
288179,GS5643,2020,8912.0,288180
288184,GS5661,2020,15.0,288185
288188,GS5698,2020,3904.0,288189
288191,GS5780,2020,1021.0,288192
288192,GS5781,2020,4547.0,288193
288193,GS5782,2020,1569.0,288194
288194,GS5783,2020,12109.0,288195
288195,GS5796,2020,5000.0,288196
288196,GS5799,2020,1588.0,288197
288198,GS5801,2020,4070.0,288199
288201,GS5825,2020,400.0,288202
288210,GS5844,2020,21661.0,288211
288212,GS5866,2020,100121.0,288213
288217,GS5890,2020,1717.0,288218
288219,GS5892,2020,2686.0,288220
288223,GS5928,2020,58919.0,288224
288226,GS5952,2020,774.0,288227
288227,GS5953,2020,2553.0,288228
288228,GS5954,2020,5828.0,288229
288240,GS6037,2020,2148.0,288241
288247,GS6050,2020,5962.0,288248
288276,GS6155,2020,470.0,288277
288277,GS6189,2020,5482.0,288278
288279,GS6212,2020,6.0,288280
288284,GS6256,2020,15448.0,288285
288288,GS6275,2020,48030.0,288289
288291,GS6289,2020,184.0,288292
288292,GS6290,2020,350633.0,288293
288293,GS6301,2020,50619.0,288294
288295,GS6338,2020,19.0,288296
288298,GS6350,2020,2236.0,288299
288305,GS6411,2020,36.0,288306
288311,GS6445,2020,753.0,288312
288318,GS6518,2020,3951.0,288319
288320,GS6520,2020,182.0,288321
288321,GS6521,2020,4153.0,288322
288322,GS6522,2020,9639.0,288323
288323,GS6523,2020,9644.0,288324
288324,GS6566,2020,87.0,288325
288325,GS6586,2020,5506.0,288326
288327,GS6597,2020,1024.0,288328
288331,GS6604,2020,9968.0,288332
288334,GS6747,2020,25696.0,288335
288335,GS6748,2020,33874.0,288336
288343,GS6783,2020,771.0,288344
288344,GS6784,2020,11000.0,288345
288345,GS6786,2020,17626.0,288346
288346,GS6787,2020,10483.0,288347
288347,GS6788,2020,13959.0,288348
288348,GS6789,2020,10667.0,288349
288349,GS6790,2020,18333.0,288350
288351,GS6830,2020,288.0,288352
288354,GS6836,2020,1383.0,288355
288355,GS6837,2020,8861.0,288356
288356,GS6838,2020,10775.0,288357
288363,GS6858,2020,26500.0,288364
288369,GS6998,2020,1004.0,288370
288370,GS6999,2020,52950.0,288371
288372,GS7049,2020,35693.0,288373
288373,GS7071,2020,160527.0,288374
288395,GS7147,2020,1346.0,288396
288396,GS7148,2020,1301.0,288397
288397,GS7149,2020,1301.0,288398
288398,GS7150,2020,1301.0,288399
288412,GS7311,2020,6777.0,288413
288413,GS7312,2020,62.0,288414
288420,GS7334,2020,3833.0,288421
288422,GS7336,2020,11667.0,288423
288427,GS7361,2020,41769.0,288428
288435,GS7369,2020,2124.0,288436
288436,GS7370,2020,7671.0,288437
288437,GS7371,2020,7589.0,288438
288438,GS7372,2020,7616.0,288439
288476,GS7466,2020,25000.0,288477
288477,GS7467,2020,14850.0,288478
288478,GS7468,2020,30200.0,288479
288518,GS7510,2020,22223.0,288519
288581,GS7576,2020,40000.0,288582
288777,GS10220,2020,56529.0,288778
288778,GS10309,2020,17399.0,288779
288780,GS10355,2020,25677.0,288781
288781,GS10410,2020,39375.0,288782
288782,GS10411,2020,5775.0,288783
288785,GS10459,2020,500.0,288786
291119,VCS5,2020,4692.0,291120
291124,VCS10,2020,511533.0,291125
291127,VCS13,2020,160000.0,291128
291128,VCS14,2020,8642.0,291129
291130,VCS16,2020,77808.0,291131
291131,VCS17,2020,20000.0,291132
291144,VCS32,2020,1685.0,291145
291145,VCS33,2020,12048.0,291146
291151,VCS39,2020,3.0,291152
291163,VCS51,2020,72.0,291164
291165,VCS53,2020,71643.0,291166
291166,VCS54,2020,2757.0,291167
291168,VCS56,2020,56128.0,291169
291169,VCS57,2020,22795.0,291170
291172,VCS60,2020,6059.0,291173
291175,VCS63,2020,300.0,291176
291176,VCS64,2020,7776.0,291177
291188,VCS77,2020,146289.0,291189
291193,VCS82,2020,21206.0,291194
291194,VCS83,2020,10148.0,291195
291202,VCS91,2020,160.0,291203
291203,VCS92,2020,2170250.0,291204
291204,VCS93,2020,1050407.0,291205
291230,VCS120,2020,5350.0,291231
291241,VCS132,2020,34804.0,291242
291242,VCS133,2020,65337.0,291243
291247,VCS138,2020,76620.0,291248
291250,VCS141,2020,9.0,291251
291251,VCS142,2020,16.0,291252
291252,VCS143,2020,2505.0,291253
291253,VCS144,2020,95425.0,291254
291263,VCS154,2020,15761.0,291264
291267,VCS158,2020,6217.0,291268
291268,VCS159,2020,7446.0,291269
291269,VCS160,2020,5830.0,291270
291272,VCS163,2020,51560.0,291273
291274,VCS166,2020,4300.0,291275
291281,VCS173,2020,664422.0,291282
291285,VCS177,2020,2.0,291286
291289,VCS181,2020,143185.0,291290
291292,VCS184,2020,300.0,291293
291303,VCS197,2020,115.0,291304
291307,VCS201,2020,9639.0,291308
291309,VCS203,2020,2683.0,291310
291311,VCS205,2020,22373.0,291312
291317,VCS211,2020,14899.0,291318
291319,VCS213,2020,2594.0,291320
291320,VCS214,2020,57000.0,291321
291322,VCS216,2020,60250.0,291323
291323,VCS217,2020,12250.0,291324
291327,VCS221,2020,19731.0,291328
291331,VCS225,2020,7250.0,291332
291338,VCS232,2020,1.0,291339
291355,VCS249,2020,1881939.0,291356
291356,VCS250,2020,139.0,291357
291357,VCS251,2020,12602.0,291358
291370,VCS264,2020,6301.0,291371
291379,VCS273,2020,50401.0,291380
291384,VCS278,2020,24350.0,291385
291385,VCS279,2020,7000.0,291386
291386,VCS280,2020,51100.0,291387
291387,VCS281,2020,41818.0,291388
291389,VCS283,2020,214229.0,291390
291390,VCS284,2020,53774.0,291391
291396,VCS290,2020,165068.0,291397
291398,VCS292,2020,11084.0,291399
291410,VCS304,2020,390.0,291411
291422,VCS317,2020,6574.0,291423
291423,VCS318,2020,222861.0,291424
291427,VCS322,2020,33.0,291428
291435,VCS330,2020,12787.0,291436
291436,VCS331,2020,96048.0,291437
291437,VCS332,2020,17787.0,291438
291440,VCS335,2020,20263.0,291441
291442,VCS337,2020,11469.0,291443
291450,VCS345,2020,1337.0,291451
291452,VCS347,2020,37508.0,291453
291457,VCS352,2020,242298.0,291458
291458,VCS353,2020,25872.0,291459
291459,VCS354,2020,310.0,291460
291461,VCS356,2020,881.0,291462
291473,VCS368,2020,135400.0,291474
291475,VCS370,2020,7866.0,291476
291478,VCS373,2020,8000.0,291479
291481,VCS376,2020,2.0,291482
291485,VCS380,2020,64354.0,291486
291486,VCS381,2020,4395.0,291487
291489,VCS384,2020,8791.0,291490
291490,VCS385,2020,7820.0,291491
291496,VCS391,2020,23443.0,291497
291497,VCS392,2020,6336.0,291498
291508,VCS403,2020,241057.0,291509
291509,VCS404,2020,23254.0,291510
291510,VCS405,2020,707.0,291511
291512,VCS407,2020,115.0,291513
291516,VCS411,2020,55667.0,291517
291517,VCS412,2020,154863.0,291518
291520,VCS415,2020,1992.0,291521
291521,VCS416,2020,104425.0,291522
291522,VCS417,2020,45306.0,291523
291531,VCS426,2020,72.0,291532
291532,VCS427,2020,202636.0,291533
291533,VCS428,2020,18166.0,291534
291534,VCS429,2020,42293.0,291535
291535,VCS430,2020,64929.0,291536
291540,VCS435,2020,134408.0,291541
291543,VCS438,2020,1140431.0,291544
291544,VCS439,2020,807467.0,291545
291545,VCS440,2020,8155.0,291546
291546,VCS441,2020,93008.0,291547
291549,VCS444,2020,31000.0,291550
291553,VCS448,2020,53124.0,291554
291555,VCS450,2020,14333.0,291556
291558,VCS453,2020,98955.0,291559
291560,VCS455,2020,1268.0,291561
291562,VCS457,2020,50.0,291563
291573,VCS468,2020,48559.0,291574
291575,VCS470,2020,620.0,291576
291576,VCS471,2020,2437.0,291577
291585,VCS480,2020,160700.0,291586
291592,VCS487,2020,259442.0,291593
291593,VCS488,2020,68366.0,291594
291600,VCS495,2020,8570.0,291601
291601,VCS496,2020,2177.0,291602
291602,VCS497,2020,31.0,291603
291604,VCS499,2020,5648.0,291605
291606,VCS501,2020,4289.0,291607
291611,VCS506,2020,80.0,291612
291615,VCS510,2020,2781.0,291616
291616,VCS511,2020,100422.0,291617
291618,VCS513,2020,271051.0,291619
291627,VCS522,2020,1787.0,291628
291628,VCS523,2020,86000.0,291629
291639,VCS534,2020,70800.0,291640
291640,VCS535,2020,72370.0,291641
291641,VCS536,2020,63068.0,291642
291642,VCS537,2020,379821.0,291643
291646,VCS541,2020,9662.0,291647
291660,VCS555,2020,23196.0,291661
291663,VCS558,2020,22.0,291664
291664,VCS559,2020,2259.0,291665
291667,VCS562,2020,290505.0,291668
291668,VCS563,2020,38.0,291669
291678,VCS573,2020,37535.0,291679
291681,VCS576,2020,1001.0,291682
291684,VCS579,2020,26679.0,291685
291691,VCS586,2020,177.0,291692
291692,VCS587,2020,1556.0,291693
291694,VCS589,2020,11993.0,291695
291699,VCS594,2020,1899.0,291700
291700,VCS595,2020,166.0,291701
291701,VCS596,2020,10084.0,291702
291704,VCS599,2020,25.0,291705
291710,VCS605,2020,47.0,291711
291712,VCS607,2020,830138.0,291713
291717,VCS612,2020,615158.0,291718
291719,VCS614,2020,47211.0,291720
291723,VCS618,2020,127415.0,291724
291725,VCS620,2020,437683.0,291726
291727,VCS622,2020,44378.0,291728
291728,VCS623,2020,45393.0,291729
291735,VCS630,2020,24716.0,291736
291736,VCS631,2020,34041.0,291737
291739,VCS634,2020,6201.0,291740
291743,VCS638,2020,36109.0,291744
291745,VCS640,2020,19716.0,291746
291746,VCS641,2020,6397.0,291747
291752,VCS647,2020,1.0,291753
291754,VCS649,2020,156414.0,291755
291755,VCS650,2020,21120.0,291756
291761,VCS656,2020,130621.0,291762
291765,VCS660,2020,50000.0,291766
291768,VCS663,2020,49375.0,291769
291770,VCS665,2020,94578.0,291771
291771,VCS666,2020,33293.0,291772
291777,VCS672,2020,258.0,291778
291778,VCS673,2020,5507.0,291779
291779,VCS674,2020,1196677.0,291780
291785,VCS680,2020,25909.0,291786
291787,VCS682,2020,38028.0,291788
291788,VCS683,2020,313.0,291789
291790,VCS685,2020,1.0,291791
291793,VCS688,2020,465808.0,291794
291798,VCS693,2020,20241.0,291799
291804,VCS699,2020,58468.0,291805
291805,VCS700,2020,30300.0,291806
291811,VCS706,2020,68826.0,291812
291812,VCS707,2020,33443.0,291813
291814,VCS709,2020,1317.0,291815
291821,VCS717,2020,490857.0,291822
291826,VCS722,2020,700435.0,291827
291829,VCS725,2020,16464.0,291830
291831,VCS727,2020,52828.0,291832
291832,VCS728,2020,133042.0,291833
291835,VCS731,2020,298.0,291836
291841,VCS737,2020,102113.0,291842
291844,VCS740,2020,152245.0,291845
291854,VCS751,2020,1372.0,291855
291856,VCS753,2020,19558.0,291857
291857,VCS754,2020,415.0,291858
291859,VCS756,2020,138055.0,291860
291865,VCS762,2020,4000.0,291866
291867,VCS764,2020,65000.0,291868
291869,VCS766,2020,646112.0,291870
291871,VCS768,2020,115633.0,291872
291872,VCS769,2020,25087.0,291873
291880,VCS777,2020,22734.0,291881
291883,VCS780,2020,85662.0,291884
291887,VCS784,2020,98800.0,291888
291889,VCS786,2020,637706.0,291890
291893,VCS790,2020,200.0,291894
291895,VCS792,2020,2.0,291896
291899,VCS796,2020,38111.0,291900
291911,VCS808,2020,187962.0,291912
291915,VCS812,2020,741.0,291916
291917,VCS814,2020,193979.0,291918
291920,VCS817,2020,57804.0,291921
291926,VCS823,2020,88010.0,291927
291927,VCS824,2020,19741.0,291928
291930,VCS827,2020,1400.0,291931
291931,VCS828,2020,59.0,291932
291933,VCS830,2020,149.0,291934
291935,VCS832,2020,111093.0,291936
291936,VCS833,2020,24559.0,291937
291937,VCS834,2020,36300.0,291938
291938,VCS835,2020,820.0,291939
291939,VCS836,2020,2972.0,291940
291947,VCS844,2020,2107333.0,291948
291955,VCS852,2020,60397.0,291956
291959,VCS856,2020,23118.0,291960
291971,VCS868,2020,1575219.0,291972
291975,VCS872,2020,44664.0,291976
291978,VCS875,2020,67779.0,291979
291980,VCS877,2020,45728.0,291981
291985,VCS882,2020,112414.0,291986
291987,VCS884,2020,124280.0,291988
291995,VCS892,2020,1087441.0,291996
292003,VCS900,2020,30504.0,292004
292005,VCS902,2020,3237153.0,292006
292006,VCS903,2020,753309.0,292007
292007,VCS904,2020,1.0,292008
292011,VCS908,2020,2305.0,292012
292013,VCS910,2020,24358.0,292014
292014,VCS911,2020,62694.0,292015
292017,VCS914,2020,1666.0,292018
292018,VCS915,2020,14000.0,292019
292023,VCS920,2020,7031.0,292024
292032,VCS929,2020,14489.0,292033
292037,VCS934,2020,13951.0,292038
292038,VCS935,2020,120353.0,292039
292040,VCS937,2020,58306.0,292041
292044,VCS941,2020,26336.0,292045
292046,VCS943,2020,16.0,292047
292047,VCS944,2020,239165.0,292048
292048,VCS945,2020,207828.0,292049
292050,VCS947,2020,267404.0,292051
292060,VCS957,2020,37.0,292061
292061,VCS958,2020,1115.0,292062
292062,VCS959,2020,874585.0,292063
292063,VCS960,2020,311271.0,292064
292064,VCS961,2020,145718.0,292065
292065,VCS962,2020,5001.0,292066
292066,VCS963,2020,33449.0,292067
292067,VCS964,2020,1124.0,292068
292078,VCS975,2020,188729.0,292079
292080,VCS977,2020,2494420.0,292081
292084,VCS981,2020,116482.0,292085
292085,VCS982,2020,753060.0,292086
292088,VCS985,2020,1426518.0,292089
292089,VCS986,2020,6047.0,292090
292090,VCS987,2020,54461.0,292091
292096,VCS993,2020,208861.0,292097
292097,VCS994,2020,25083.0,292098
292099,VCS996,2020,4337.0,292100
292104,VCS1001,2020,113886.0,292105
292105,VCS1002,2020,846525.0,292106
292121,VCS1019,2020,6559.0,292122
292122,VCS1020,2020,24093.0,292123
292133,VCS1031,2020,1670.0,292134
292138,VCS1036,2020,48974.0,292139
292140,VCS1038,2020,15427.0,292141
292144,VCS1042,2020,186.0,292145
292165,VCS1063,2020,23274.0,292166
292169,VCS1067,2020,187277.0,292170
292172,VCS1070,2020,5120.0,292173
292179,VCS1077,2020,563.0,292180
292181,VCS1079,2020,11115.0,292182
292183,VCS1081,2020,69871.0,292184
292184,VCS1082,2020,2686.0,292185
292187,VCS1085,2020,34156.0,292188
292191,VCS1089,2020,850.0,292192
292196,VCS1094,2020,104709.0,292197
292213,VCS1111,2020,22402.0,292214
292214,VCS1112,2020,113759.0,292215
292215,VCS1113,2020,93545.0,292216
292217,VCS1115,2020,54374.0,292218
292228,VCS1126,2020,92174.0,292229
292237,VCS1135,2020,21652.0,292238
292239,VCS1137,2020,31579.0,292240
292240,VCS1138,2020,22773.0,292241
292241,VCS1139,2020,33382.0,292242
292243,VCS1141,2020,4206.0,292244
292244,VCS1142,2020,5396.0,292245
292246,VCS1144,2020,2693.0,292247
292249,VCS1147,2020,179000.0,292250
292263,VCS1162,2020,24070.0,292264
292264,VCS1163,2020,16165.0,292265
292269,VCS1168,2020,36386.0,292270
292276,VCS1175,2020,20866.0,292277
292282,VCS1181,2020,33462.0,292283
292283,VCS1182,2020,16127.0,292284
292286,VCS1185,2020,23202.0,292287
292287,VCS1186,2020,500.0,292288
292288,VCS1187,2020,5070.0,292289
292289,VCS1188,2020,61000.0,292290
292290,VCS1189,2020,3705.0,292291
292291,VCS1190,2020,86090.0,292292
292292,VCS1191,2020,16292.0,292293
292295,VCS1194,2020,11345.0,292296
292296,VCS1195,2020,10666.0,292297
292298,VCS1197,2020,62229.0,292299
292301,VCS1200,2020,395177.0,292302
292302,VCS1201,2020,249377.0,292303
292303,VCS1202,2020,209100.0,292304
292305,VCS1204,2020,25641.0,292306
292307,VCS1206,2020,173060.0,292308
292308,VCS1207,2020,44177.0,292309
292310,VCS1209,2020,12401.0,292311
292311,VCS1210,2020,132943.0,292312
292312,VCS1211,2020,236875.0,292313
292315,VCS1214,2020,2639.0,292316
292316,VCS1215,2020,16504.0,292317
292317,VCS1216,2020,131451.0,292318
292326,VCS1225,2020,59275.0,292327
292330,VCS1229,2020,143.0,292331
292334,VCS1233,2020,41346.0,292335
292339,VCS1238,2020,115832.0,292340
292342,VCS1241,2020,14110.0,292343
292358,VCS1257,2020,119298.0,292359
292359,VCS1258,2020,74246.0,292360
292360,VCS1259,2020,750.0,292361
292362,VCS1261,2020,58930.0,292363
292387,VCS1286,2020,26800.0,292388
292390,VCS1289,2020,19500.0,292391
292392,VCS1291,2020,38277.0,292393
292394,VCS1294,2020,11861.0,292395
292401,VCS1301,2020,250000.0,292402
292411,VCS1311,2020,11870.0,292412
292415,VCS1315,2020,2000.0,292416
292418,VCS1318,2020,31382.0,292419
292419,VCS1319,2020,5721.0,292420
292425,VCS1325,2020,217.0,292426
292428,VCS1328,2020,22827.0,292429
292429,VCS1329,2020,200.0,292430
292440,VCS1340,2020,2352078.0,292441
292449,VCS1349,2020,459.0,292450
292452,VCS1352,2020,145369.0,292453
292453,VCS1353,2020,230052.0,292454
292454,VCS1354,2020,34031.0,292455
292455,VCS1355,2020,12922.0,292456
292456,VCS1356,2020,1042727.0,292457
292459,VCS1359,2020,225706.0,292460
292460,VCS1360,2020,166682.0,292461
292464,VCS1364,2020,87372.0,292465
292478,VCS1378,2020,7933.0,292479
292482,VCS1382,2020,599438.0,292483
292486,VCS1386,2020,68517.0,292487
292489,VCS1389,2020,96227.0,292490
292490,VCS1390,2020,208436.0,292491
292491,VCS1391,2020,402093.0,292492
292492,VCS1392,2020,181418.0,292493
292495,VCS1395,2020,481139.0,292496
292496,VCS1396,2020,212865.0,292497
292499,VCS1399,2020,131712.0,292500
292500,VCS1400,2020,214745.0,292501
292506,VCS1406,2020,25000.0,292507
292507,VCS1407,2020,81979.0,292508
292508,VCS1408,2020,481604.0,292509
292513,VCS1413,2020,98609.0,292514
292517,VCS1417,2020,2441.0,292518
292518,VCS1418,2020,60654.0,292519
292523,VCS1423,2020,18732.0,292524
292524,VCS1424,2020,243371.0,292525
292535,VCS1436,2020,24.0,292536
292540,VCS1441,2020,110790.0,292541
292541,VCS1442,2020,11360.0,292542
292545,VCS1446,2020,44720.0,292546
292546,VCS1447,2020,47858.0,292547
292547,VCS1448,2020,1732.0,292548
292561,VCS1463,2020,16751.0,292562
292562,VCS1464,2020,283452.0,292563
292563,VCS1465,2020,124811.0,292564
292571,VCS1476,2020,14788.0,292572
292572,VCS1477,2020,2564202.0,292573
292573,VCS1478,2020,19699.0,292574
292574,VCS1479,2020,87148.0,292575
292575,VCS1480,2020,313005.0,292576
292576,VCS1481,2020,35789.0,292577
292577,VCS1482,2020,231820.0,292578
292578,VCS1483,2020,11947.0,292579
292581,VCS1486,2020,977.0,292582
292583,VCS1490,2020,135629.0,292584
292586,VCS1493,2020,57861.0,292587
292588,VCS1495,2020,56.0,292589
292589,VCS1496,2020,8553.0,292590
292590,VCS1497,2020,266585.0,292591
292596,VCS1503,2020,155441.0,292597
292597,VCS1504,2020,614.0,292598
292598,VCS1505,2020,93.0,292599
292600,VCS1507,2020,8694.0,292601
292601,VCS1508,2020,40.0,292602
292604,VCS1512,2020,60384.0,292605
292605,VCS1513,2020,10222.0,292606
292606,VCS1514,2020,1.0,292607
292611,VCS1519,2020,44057.0,292612
292612,VCS1520,2020,74546.0,292613
292613,VCS1521,2020,471817.0,292614
292615,VCS1523,2020,134940.0,292616
292617,VCS1525,2020,700.0,292618
292623,VCS1532,2020,22827.0,292624
292626,VCS1535,2020,6320.0,292627
292629,VCS1538,2020,23605.0,292630
292630,VCS1539,2020,20205.0,292631
292631,VCS1541,2020,884.0,292632
292636,VCS1546,2020,950.0,292637
292639,VCS1549,2020,20812.0,292640
292646,VCS1558,2020,8472.0,292647
292648,VCS1560,2020,147607.0,292649
292651,VCS1563,2020,6555.0,292652
292652,VCS1564,2020,4408.0,292653
292653,VCS1566,2020,573.0,292654
292654,VCS1567,2020,85715.0,292655
292657,VCS1570,2020,15210.0,292658
292658,VCS1571,2020,40891.0,292659
292664,VCS1580,2020,366253.0,292665
292665,VCS1582,2020,2612.0,292666
292670,VCS1622,2020,248085.0,292671
292674,VCS1644,2020,1000.0,292675
292675,VCS1650,2020,360129.0,292676
292678,VCS1654,2020,776570.0,292679
292679,VCS1656,2020,31961.0,292680
292681,VCS1658,2020,39980.0,292682
292683,VCS1660,2020,55143.0,292684
292684,VCS1661,2020,10000.0,292685
292686,VCS1663,2020,12464.0,292687
292691,VCS1669,2020,251315.0,292692
292692,VCS1670,2020,21279.0,292693
292693,VCS1671,2020,77006.0,292694
292697,VCS1675,2020,4015.0,292698
292701,VCS1679,2020,150622.0,292702
292706,VCS1684,2020,30334.0,292707
292708,VCS1686,2020,467825.0,292709
292712,VCS1691,2020,1048.0,292713
292714,VCS1693,2020,23192.0,292715
292717,VCS1697,2020,3741.0,292718
292719,VCS1699,2020,5100.0,292720
292727,VCS1709,2020,541292.0,292728
292729,VCS1712,2020,9831.0,292730
292730,VCS1715,2020,15000.0,292731
292731,VCS1716,2020,8986.0,292732
292732,VCS1718,2020,78690.0,292733
292733,VCS1719,2020,498.0,292734
292738,VCS1728,2020,212227.0,292739
292741,VCS1732,2020,1500.0,292742
292742,VCS1733,2020,71038.0,292743
292743,VCS1734,2020,12251.0,292744
292744,VCS1735,2020,29588.0,292745
292745,VCS1736,2020,13338.0,292746
292747,VCS1739,2020,4119.0,292748
292748,VCS1740,2020,72979.0,292749
292750,VCS1742,2020,2570417.0,292751
292753,VCS1745,2020,53.0,292754
292754,VCS1746,2020,70000.0,292755
292755,VCS1748,2020,117156.0,292756
292758,VCS1752,2020,43265.0,292759
292759,VCS1753,2020,52000.0,292760
292764,VCS1762,2020,604.0,292765
292765,VCS1764,2020,15607.0,292766
292767,VCS1766,2020,653.0,292768
292768,VCS1767,2020,430641.0,292769
292769,VCS1768,2020,42149.0,292770
292771,VCS1770,2020,370872.0,292772
292772,VCS1771,2020,10000.0,292773
292774,VCS1774,2020,33118.0,292775
292775,VCS1775,2020,1673516.0,292776
292778,VCS1781,2020,15858.0,292779
292779,VCS1782,2020,50000.0,292780
292781,VCS1784,2020,196683.0,292782
292783,VCS1787,2020,222759.0,292784
292784,VCS1788,2020,12612.0,292785
292788,VCS1792,2020,350059.0,292789
292789,VCS1793,2020,178561.0,292790
292790,VCS1794,2020,76438.0,292791
292797,VCS1803,2020,12208.0,292798
292804,VCS1811,2020,419760.0,292805
292805,VCS1812,2020,71929.0,292806
292807,VCS1815,2020,300000.0,292808
292809,VCS1817,2020,120832.0,292810
292814,VCS1823,2020,140301.0,292815
292815,VCS1824,2020,223192.0,292816
292816,VCS1825,2020,20000.0,292817
292817,VCS1826,2020,30105.0,292818
292822,VCS1831,2020,33706.0,292823
292823,VCS1832,2020,30000.0,292824
292828,VCS1839,2020,201543.0,292829
292840,VCS1851,2020,706034.0,292841
292842,VCS1853,2020,3698.0,292843
292843,VCS1854,2020,12345.0,292844
292846,VCS1857,2020,3647.0,292847
292847,VCS1859,2020,15073.0,292848
292848,VCS1860,2020,75155.0,292849
292851,VCS1863,2020,14301.0,292852
292853,VCS1865,2020,259.0,292854
292854,VCS1866,2020,99119.0,292855
292855,VCS1867,2020,583000.0,292856
292859,VCS1872,2020,151457.0,292860
292861,VCS1874,2020,127426.0,292862
292865,VCS1879,2020,5957.0,292866
292867,VCS1882,2020,71311.0,292868
292869,VCS1884,2020,240.0,292870
292870,VCS1885,2020,27500.0,292871
292871,VCS1886,2020,49341.0,292872
292872,VCS1887,2020,29943.0,292873
292873,VCS1888,2020,28303.0,292874
292874,VCS1890,2020,227500.0,292875
292880,VCS1897,2020,250.0,292881
292881,VCS1898,2020,170351.0,292882
292882,VCS1899,2020,637674.0,292883
292883,VCS1900,2020,2200.0,292884
292885,VCS1902,2020,253788.0,292886
292887,VCS1904,2020,25299.0,292888
292894,VCS1911,2020,26317.0,292895
292898,VCS1915,2020,900.0,292899
292901,VCS1918,2020,9460.0,292902
292912,VCS1931,2020,148468.0,292913
292914,VCS1934,2020,165682.0,292915
292918,VCS1939,2020,176508.0,292919
292922,VCS1943,2020,24464.0,292923
292926,VCS1947,2020,4926.0,292927
292932,VCS1953,2020,27000.0,292933
292961,VCS1983,2020,10000.0,292962
292963,VCS1985,2020,10666.0,292964
293021,VCS2043,2020,110000.0,293022
293043,VCS2065,2020,12000.0,293044
293055,VCS2079,2020,609.0,293056
293058,VCS2083,2020,2500.0,293059
293064,VCS2090,2020,75000.0,293065
293073,VCS2099,2020,81000.0,293074
293103,VCS2293,2020,100.0,293104
293115,VCS2306,2020,457.0,293116
293138,VCS2332,2020,300.0,293139
293139,VCS2333,2020,300.0,293140
293140,VCS2334,2020,276.0,293141
293191,VCS2388,2020,529767.0,293192
293197,VCS2394,2020,225056.0,293198
296399,VCSOPR10,2020,78497.0,296400
296410,ACR0114,2021,346341.0,296411
296412,ACR0117,2021,60842.0,296413
296414,ACR0119,2021,28750.0,296415
296416,ACR0121,2021,7466.0,296417
296417,ACR0122,2021,2404.0,296418
296421,ACR0126,2021,161585.0,296422
296425,ACR0130,2021,2992.0,296426
296426,ACR0131,2021,761.0,296427
296427,ACR0132,2021,649.0,296428
296429,ACR0134,2021,792.0,296430
296430,ACR0135,2021,3357.0,296431
296431,ACR0136,2021,3907.0,296432
296432,ACR0137,2021,1817.0,296433
296433,ACR0138,2021,4755.0,296434
296435,ACR0140,2021,4311.0,296436
296436,ACR0141,2021,200.0,296437
296437,ACR0142,2021,115.0,296438
296438,ACR0143,2021,166.0,296439
296439,ACR0144,2021,832.0,296440
296440,ACR0145,2021,1598.0,296441
296441,ACR0146,2021,568.0,296442
296442,ACR0147,2021,1236.0,296443
296443,ACR0148,2021,4043.0,296444
296444,ACR0149,2021,3687.0,296445
296446,ACR0151,2021,600.0,296447
296447,ACR0152,2021,1200.0,296448
296448,ACR0153,2021,430.0,296449
296449,ACR0154,2021,5456.0,296450
296450,ACR0155,2021,935.0,296451
296451,ACR0156,2021,1827.0,296452
296452,ACR0157,2021,4653.0,296453
296453,ACR0158,2021,2545.0,296454
296454,ACR0159,2021,582.0,296455
296459,ACR0164,2021,119.0,296460
296460,ACR0165,2021,5000.0,296461
296469,ACR0177,2021,22503.0,296470
296473,ACR0182,2021,27150.0,296474
296478,ACR0188,2021,775.0,296479
296499,ACR0212,2021,369528.0,296500
296503,ACR0222,2021,12251.0,296504
296543,ACR0263,2021,569.0,296544
296545,ACR0265,2021,2500.0,296546
296552,ACR0272,2021,27047.0,296553
296553,ACR0273,2021,169712.0,296554
296554,ACR0274,2021,233965.0,296555
296559,ACR0279,2021,15000.0,296560
296562,ACR0282,2021,10000.0,296563
296572,ACR0292,2021,20297.0,296573
296597,ACR0324,2021,239.0,296598
296618,ACR0367,2021,229.0,296619
296619,ACR0368,2021,7966.0,296620
296620,ACR0369,2021,3656.0,296621
296626,ACR0375,2021,26336.0,296627
296627,ACR0376,2021,45033.0,296628
296628,ACR0377,2021,2000.0,296629
296632,ACR0382,2021,12106.0,296633
296635,ACR0386,2021,31603.0,296636
296638,ACR0389,2021,239795.0,296639
296645,ACR0398,2021,38425.0,296646
296655,ACR0411,2021,50086.0,296656
296658,ACR0416,2021,288.0,296659
296665,ACR0424,2021,12456.0,296666
296679,ACR0439,2021,712.0,296680
296681,ACR0441,2021,23874.0,296682
296687,ACR0447,2021,18570.0,296688
296688,ACR0448,2021,500.0,296689
296689,ACR0449,2021,19730.0,296690
296692,ACR0454,2021,8480.0,296693
296693,ACR0455,2021,20817.0,296694
296695,ACR0457,2021,45604.0,296696
296697,ACR0459,2021,52447.0,296698
296699,ACR0462,2021,59019.0,296700
296700,ACR0463,2021,742.0,296701
296701,ACR0464,2021,55801.0,296702
296702,ACR0465,2021,38834.0,296703
296724,ACR0491,2021,24819.0,296725
296731,ACR0499,2021,162133.0,296732
296733,ACR0501,2021,22304.0,296734
296734,ACR0502,2021,26208.0,296735
296742,ACR0514,2021,3842.0,296743
296743,ACR0515,2021,8972.0,296744
296746,ACR0518,2021,66480.0,296747
296747,ACR0519,2021,1800.0,296748
296760,ACR0534,2021,97604.0,296761
296776,ACR0551,2021,15270.0,296777
296777,ACR0552,2021,56000.0,296778
296781,ACR0556,2021,27453.0,296782
296782,ACR0557,2021,15052.0,296783
296795,ACR0574,2021,18944.0,296796
296817,ACR0597,2021,729.0,296818
296840,ACR0622,2021,25000.0,296841
297429,CAR102,2021,21161.0,297430
297433,CAR398,2021,1000.0,297434
297434,CAR399,2021,10089.0,297435
297435,CAR400,2021,8100.0,297436
297437,CAR403,2021,13874.0,297438
297438,CAR406,2021,40967.0,297439
297439,CAR408,2021,100.0,297440
297444,CAR418,2021,4721.0,297445
297446,CAR422,2021,79899.0,297447
297450,CAR429,2021,20271.0,297451
297455,CAR436,2021,39232.0,297456
297457,CAR439,2021,6687.0,297458
297460,CAR443,2021,16176.0,297461
297461,CAR444,2021,37040.0,297462
297462,CAR445,2021,14000.0,297463
297464,CAR449,2021,74.0,297465
297466,CAR451,2021,10000.0,297467
297469,CAR455,2021,1045.0,297470
297472,CAR459,2021,850.0,297473
297473,CAR462,2021,13426.0,297474
297476,CAR465,2021,37943.0,297477
297477,CAR466,2021,149.0,297478
297478,CAR467,2021,5951.0,297479
297482,CAR473,2021,168254.0,297483
297484,CAR475,2021,9289.0,297485
297485,CAR476,2021,40613.0,297486
297490,CAR481,2021,5000.0,297491
297492,CAR483,2021,89.0,297493
297499,CAR491,2021,6798.0,297500
297500,CAR495,2021,21368.0,297501
297502,CAR497,2021,3270.0,297503
297503,CAR498,2021,201610.0,297504
297505,CAR502,2021,800.0,297506
297512,CAR512,2021,2057.0,297513
297515,CAR515,2021,218.0,297516
297518,CAR521,2021,55954.0,297519
297523,CAR535,2021,516.0,297524
297530,CAR560,2021,26389.0,297531
297531,CAR566,2021,10924.0,297532
297533,CAR575,2021,4298.0,297534
297543,CAR593,2021,88517.0,297544
297546,CAR599,2021,532.0,297547
297553,CAR612,2021,7840.0,297554
297554,CAR620,2021,9005.0,297555
297561,CAR635,2021,109852.0,297562
297562,CAR639,2021,891725.0,297563
297565,CAR646,2021,5190.0,297566
297574,CAR674,2021,42679.0,297575
297575,CAR676,2021,985.0,297576
297577,CAR683,2021,14778.0,297578
297578,CAR686,2021,11116.0,297579
297580,CAR691,2021,77022.0,297581
297582,CAR696,2021,14884.0,297583
297589,CAR766,2021,234611.0,297590
297590,CAR768,2021,117429.0,297591
297591,CAR769,2021,6607.0,297592
297615,CAR811,2021,83028.0,297616
297620,CAR817,2021,18726.0,297621
297622,CAR822,2021,18868.0,297623
297626,CAR829,2021,21902.0,297627
297634,CAR839,2021,64835.0,297635
297638,CAR866,2021,32985.0,297639
297645,CAR886,2021,15226.0,297646
297646,CAR887,2021,33057.0,297647
297647,CAR888,2021,37233.0,297648
297654,CAR911,2021,20870.0,297655
297659,CAR935,2021,3754.0,297660
297674,CAR969,2021,466.0,297675
297693,CAR998,2021,7934.0,297694
297701,CAR1008,2021,3118.0,297702
297706,CAR1013,2021,6451.0,297707
297708,CAR1015,2021,18943.0,297709
297711,CAR1019,2021,15584.0,297712
297717,CAR1027,2021,141930.0,297718
297720,CAR1032,2021,88000.0,297721
297770,CAR1096,2021,9534.0,297771
297772,CAR1098,2021,1500.0,297773
297774,CAR1100,2021,8.0,297775
297811,CAR1139,2021,16900.0,297812
297819,CAR1147,2021,128361.0,297820
297828,CAR1159,2021,76253.0,297829
297829,CAR1160,2021,43609.0,297830
297838,CAR1169,2021,120.0,297839
297881,CAR1215,2021,93696.0,297882
297887,CAR1232,2021,5000.0,297888
297892,CAR1237,2021,1885.0,297893
297893,CAR1238,2021,6346.0,297894
297902,CAR1247,2021,326.0,297903
297912,CAR1259,2021,3470.0,297913
297913,CAR1260,2021,1024.0,297914
297914,CAR1261,2021,8420.0,297915
297933,CAR1282,2021,8497.0,297934
297935,CAR1284,2021,1013.0,297936
297936,CAR1285,2021,14662.0,297937
297950,CAR1299,2021,2430.0,297951
297972,CAR1325,2021,3352.0,297973
297975,CAR1328,2021,20.0,297976
297980,CAR1333,2021,3972.0,297981
297982,CAR1335,2021,351953.0,297983
297990,CAR1345,2021,1959.0,297991
297991,CAR1347,2021,5280.0,297992
297992,CAR1348,2021,1638.0,297993
297993,CAR1350,2021,1442.0,297994
297994,CAR1351,2021,781.0,297995
297995,CAR1352,2021,4090.0,297996
297996,CAR1353,2021,1109.0,297997
297997,CAR1354,2021,3738.0,297998
297998,CAR1355,2021,1254.0,297999
297999,CAR1356,2021,1214.0,298000
298000,CAR1357,2021,1807.0,298001
298001,CAR1358,2021,852.0,298002
298002,CAR1359,2021,971.0,298003
298003,CAR1360,2021,1289.0,298004
298004,CAR1361,2021,2291.0,298005
298005,CAR1362,2021,3293.0,298006
298006,CAR1363,2021,2537.0,298007
298007,CAR1364,2021,768.0,298008
298009,CAR1366,2021,777.0,298010
298012,CAR1372,2021,55875.0,298013
298017,CAR1377,2021,1867.0,298018
298026,CAR1387,2021,530.0,298027
298027,CAR1388,2021,10876.0,298028
298030,CAR1392,2021,8438.0,298031
298032,CAR1396,2021,3476.0,298033
298034,CAR1399,2021,10740.0,298035
298044,CAR1411,2021,13784.0,298045
298047,CAR1415,2021,9540.0,298048
298063,CAR1443,2021,19992.0,298064
298074,CAR1455,2021,29.0,298075
298090,CAR1480,2021,216555.0,298091
298716,GS347,2021,4437.0,298717
298717,GS351,2021,272800.0,298718
298718,GS352,2021,145735.0,298719
298719,GS353,2021,25745.0,298720
298721,GS367,2021,8835.0,298722
298722,GS368,2021,20970.0,298723
298723,GS369,2021,39200.0,298724
298728,GS390,2021,11685.0,298729
298731,GS397,2021,88346.0,298732
298732,GS398,2021,124271.0,298733
298736,GS407,2021,315953.0,298737
298740,GS413,2021,69335.0,298741
298741,GS414,2021,32269.0,298742
298745,GS423,2021,2020.0,298746
298747,GS436,2021,23650.0,298748
298748,GS437,2021,40384.0,298749
298751,GS440,2021,10115.0,298752
298753,GS445,2021,11694.0,298754
298754,GS447,2021,840181.0,298755
298762,GS464,2021,375475.0,298763
298763,GS467,2021,145.0,298764
298765,GS472,2021,377192.0,298766
298766,GS474,2021,110785.0,298767
298768,GS481,2021,1715.0,298769
298772,GS500,2021,44477.0,298773
298774,GS504,2021,108162.0,298775
298790,GS566,2021,52883.0,298791
298796,GS576,2021,1514.0,298797
298797,GS577,2021,18644.0,298798
298798,GS578,2021,20538.0,298799
298803,GS601,2021,44829.0,298804
298804,GS605,2021,62066.0,298805
298806,GS608,2021,412475.0,298807
298809,GS612,2021,99721.0,298810
298810,GS613,2021,13396.0,298811
298814,GS617,2021,464024.0,298815
298821,GS633,2021,7153.0,298822
298822,GS634,2021,11348.0,298823
298823,GS635,2021,290.0,298824
298825,GS637,2021,1216.0,298826
298826,GS638,2021,4935.0,298827
298827,GS642,2021,7815.0,298828
298832,GS653,2021,280.0,298833
298833,GS655,2021,104249.0,298834
298837,GS663,2021,184.0,298838
298838,GS666,2021,10399.0,298839
298841,GS672,2021,150607.0,298842
298842,GS675,2021,2294.0,298843
298844,GS683,2021,72313.0,298845
298845,GS685,2021,40216.0,298846
298848,GS689,2021,110.0,298849
298849,GS690,2021,3344.0,298850
298852,GS702,2021,19857.0,298853
298853,GS707,2021,2237893.0,298854
298857,GS715,2021,3197.0,298858
298858,GS716,2021,251.0,298859
298863,GS730,2021,3481.0,298864
298864,GS733,2021,150807.0,298865
298868,GS744,2021,44622.0,298869
298869,GS745,2021,3110.0,298870
298871,GS748,2021,5273.0,298872
298873,GS750,2021,39218.0,298874
298874,GS751,2021,8033.0,298875
298875,GS753,2021,169347.0,298876
298878,GS764,2021,5754.0,298879
298880,GS768,2021,5054.0,298881
298881,GS769,2021,184570.0,298882
298887,GS778,2021,10.0,298888
298902,GS813,2021,151.0,298903
298903,GS814,2021,204.0,298904
298904,GS816,2021,229077.0,298905
298907,GS824,2021,17132.0,298908
298908,GS825,2021,3252.0,298909
298910,GS827,2021,1211.0,298911
298915,GS835,2021,30056.0,298916
298925,GS850,2021,22706.0,298926
298927,GS854,2021,51880.0,298928
298928,GS858,2021,1695.0,298929
298939,GS872,2021,16.0,298940
298944,GS879,2021,134100.0,298945
298945,GS880,2021,3272.0,298946
298946,GS883,2021,15.0,298947
298948,GS886,2021,7924.0,298949
298954,GS905,2021,205528.0,298955
298955,GS906,2021,45228.0,298956
298963,GS922,2021,1395.0,298964
298970,GS931,2021,47817.0,298971
298971,GS935,2021,114700.0,298972
298975,GS947,2021,45249.0,298976
298976,GS949,2021,156283.0,298977
298977,GS950,2021,72030.0,298978
298984,GS963,2021,25983.0,298985
298985,GS966,2021,174548.0,298986
298988,GS971,2021,419473.0,298989
298991,GS976,2021,57825.0,298992
298992,GS977,2021,505.0,298993
298993,GS978,2021,4345.0,298994
299004,GS993,2021,312.0,299005
299005,GS997,2021,393.0,299006
299008,GS1001,2021,267017.0,299009
299011,GS1006,2021,541.0,299012
299014,GS1013,2021,157519.0,299015
299016,GS1015,2021,48691.0,299017
299017,GS1016,2021,4000.0,299018
299020,GS1020,2021,198846.0,299021
299021,GS1021,2021,48286.0,299022
299030,GS1030,2021,301.0,299031
299031,GS1031,2021,2260.0,299032
299033,GS1033,2021,6592.0,299034
299034,GS1034,2021,29947.0,299035
299041,GS1042,2021,30397.0,299042
299046,GS1049,2021,92390.0,299047
299053,GS1061,2021,23384.0,299054
299057,GS1067,2021,29416.0,299058
299058,GS1068,2021,6000.0,299059
299060,GS1072,2021,22703.0,299061
299061,GS1073,2021,28241.0,299062
299062,GS1074,2021,16905.0,299063
299065,GS1078,2021,61428.0,299066
299067,GS1083,2021,736775.0,299068
299071,GS1091,2021,50.0,299072
299074,GS1094,2021,4621.0,299075
299075,GS1095,2021,6507.0,299076
299076,GS1096,2021,5516.0,299077
299077,GS1097,2021,7397.0,299078
299078,GS1098,2021,451.0,299079
299079,GS1100,2021,17163.0,299080
299080,GS1101,2021,2259.0,299081
299082,GS1103,2021,1045.0,299083
299083,GS1104,2021,9264.0,299084
299094,GS1124,2021,726.0,299095
299097,GS1134,2021,13497.0,299098
299104,GS1146,2021,7082.0,299105
299107,GS1161,2021,5486.0,299108
299115,GS1173,2021,39799.0,299116
299116,GS1174,2021,14996.0,299117
299118,GS1178,2021,74627.0,299119
299125,GS1190,2021,120934.0,299126
299126,GS1191,2021,1738.0,299127
299140,GS1208,2021,36636.0,299141
299143,GS1221,2021,3974.0,299144
299149,GS1228,2021,18364.0,299150
299150,GS1229,2021,2407.0,299151
299151,GS1230,2021,14811.0,299152
299156,GS1237,2021,24944.0,299157
299163,GS1244,2021,251.0,299164
299166,GS1248,2021,7734.0,299167
299169,GS1253,2021,10591.0,299170
299172,GS1267,2021,397.0,299173
299175,GS1286,2021,29736.0,299176
299180,GS1294,2021,110.0,299181
299181,GS1295,2021,71.0,299182
299182,GS1296,2021,11698.0,299183
299187,GS1303,2021,80046.0,299188
299189,GS1306,2021,12911.0,299190
299203,GS1321,2021,173957.0,299204
299204,GS1322,2021,53250.0,299205
299213,GS1334,2021,11772.0,299214
299224,GS1350,2021,63171.0,299225
299230,GS1359,2021,7424.0,299231
299232,GS1363,2021,46938.0,299233
299233,GS1364,2021,67700.0,299234
299234,GS1365,2021,30667.0,299235
299236,GS1367,2021,1889.0,299237
299237,GS1368,2021,121562.0,299238
299321,GS2094,2021,269160.0,299322
299322,GS2095,2021,5353.0,299323
299327,GS2290,2021,12891.0,299328
299329,GS2293,2021,2473.0,299330
299331,GS2295,2021,3526.0,299332
299332,GS2296,2021,62441.0,299333
299338,GS2394,2021,1482.0,299339
299339,GS2395,2021,895.0,299340
299340,GS2396,2021,9202.0,299341
299344,GS2402,2021,49.0,299345
299345,GS2403,2021,43.0,299346
299357,GS2421,2021,338.0,299358
299363,GS2429,2021,3386.0,299364
299367,GS2435,2021,6595.0,299368
299370,GS2439,2021,8058.0,299371
299371,GS2440,2021,600.0,299372
299372,GS2441,2021,9014.0,299373
299374,GS2444,2021,9671.0,299375
299376,GS2446,2021,15522.0,299377
299377,GS2447,2021,1313.0,299378
299381,GS2456,2021,3283.0,299382
299384,GS2460,2021,160857.0,299385
299386,GS2464,2021,59659.0,299387
299388,GS2468,2021,1979.0,299389
299395,GS2479,2021,7575.0,299396
299396,GS2480,2021,12492.0,299397
299397,GS2481,2021,3072.0,299398
299403,GS2487,2021,3272.0,299404
299404,GS2488,2021,18752.0,299405
299408,GS2497,2021,16491.0,299409
299410,GS2499,2021,16818.0,299411
299412,GS2501,2021,47194.0,299413
299413,GS2502,2021,210390.0,299414
299414,GS2503,2021,18551.0,299415
299422,GS2514,2021,1111.0,299423
299425,GS2519,2021,44162.0,299426
299426,GS2520,2021,31410.0,299427
299430,GS2528,2021,18709.0,299431
299437,GS2540,2021,5233.0,299438
299440,GS2543,2021,15107.0,299441
299441,GS2544,2021,53529.0,299442
299442,GS2545,2021,234441.0,299443
299443,GS2546,2021,31066.0,299444
299445,GS2553,2021,20520.0,299446
299477,GS2640,2021,67627.0,299478
299478,GS2641,2021,70200.0,299479
299481,GS2644,2021,55880.0,299482
299488,GS2664,2021,83585.0,299489
299489,GS2665,2021,47142.0,299490
299495,GS2679,2021,1518.0,299496
299496,GS2680,2021,2856.0,299497
299497,GS2681,2021,222.0,299498
299498,GS2682,2021,56420.0,299499
299501,GS2685,2021,2370.0,299502
299507,GS2691,2021,133121.0,299508
299511,GS2707,2021,8853.0,299512
299524,GS2750,2021,31263.0,299525
299525,GS2751,2021,16769.0,299526
299526,GS2758,2021,296116.0,299527
299527,GS2763,2021,124509.0,299528
299531,GS2767,2021,20252.0,299532
299534,GS2891,2021,2459.0,299535
299535,GS2892,2021,3654.0,299536
299536,GS2893,2021,8701.0,299537
299537,GS2894,2021,5473.0,299538
299538,GS2895,2021,1804.0,299539
299539,GS2896,2021,22715.0,299540
299540,GS2898,2021,173542.0,299541
299543,GS2913,2021,7064.0,299544
299544,GS2940,2021,371529.0,299545
299545,GS2951,2021,7771.0,299546
299546,GS2990,2021,80548.0,299547
299554,GS3023,2021,2667.0,299555
299555,GS3024,2021,19305.0,299556
299562,GS3039,2021,5065.0,299563
299565,GS3072,2021,75787.0,299566
299567,GS3078,2021,2109.0,299568
299569,GS3080,2021,2728.0,299570
299571,GS3105,2021,398.0,299572
299572,GS3106,2021,2690.0,299573
299573,GS3107,2021,2075.0,299574
299574,GS3108,2021,3996.0,299575
299586,GS3253,2021,77769.0,299587
299592,GS3262,2021,23184.0,299593
299594,GS3267,2021,1621.0,299595
299596,GS3306,2021,6978.0,299597
299604,GS3344,2021,21408.0,299605
299608,GS3363,2021,240.0,299609
299609,GS3364,2021,7984.0,299610
299610,GS3365,2021,7545.0,299611
299611,GS3366,2021,10.0,299612
299612,GS3367,2021,14487.0,299613
299620,GS3379,2021,41175.0,299621
299626,GS3409,2021,24025.0,299627
299627,GS3410,2021,3.0,299628
299630,GS3421,2021,6474.0,299631
299635,GS3430,2021,5464.0,299636
299636,GS3431,2021,6207.0,299637
299637,GS3432,2021,3205.0,299638
299638,GS3433,2021,4024.0,299639
299639,GS3434,2021,83810.0,299640
299640,GS3443,2021,1536.0,299641
299641,GS3444,2021,9800.0,299642
299642,GS3445,2021,17027.0,299643
299643,GS3446,2021,8499.0,299644
299644,GS3447,2021,16619.0,299645
299645,GS3448,2021,15982.0,299646
299646,GS3449,2021,20537.0,299647
299647,GS3450,2021,10767.0,299648
299648,GS3451,2021,11871.0,299649
299657,GS3509,2021,183.0,299658
299660,GS3512,2021,143808.0,299661
299665,GS3517,2021,6363.0,299666
299666,GS3518,2021,1502.0,299667
299667,GS3519,2021,5778.0,299668
299669,GS3521,2021,15734.0,299670
299670,GS3522,2021,3755.0,299671
299671,GS3523,2021,9689.0,299672
299672,GS3524,2021,13417.0,299673
299676,GS3547,2021,158253.0,299677
299677,GS3551,2021,23253.0,299678
299681,GS3560,2021,9864.0,299682
299682,GS3561,2021,11025.0,299683
299683,GS3563,2021,1505.0,299684
299684,GS3564,2021,9732.0,299685
299687,GS3567,2021,11903.0,299688
299706,GS3618,2021,1321.0,299707
299708,GS3620,2021,367.0,299709
299709,GS3626,2021,3887.0,299710
299716,GS3705,2021,52296.0,299717
299719,GS3901,2021,529.0,299720
299727,GS3945,2021,10739.0,299728
299728,GS3946,2021,11444.0,299729
299729,GS3947,2021,8498.0,299730
299738,GS3965,2021,30717.0,299739
299740,GS3969,2021,251201.0,299741
299741,GS3971,2021,47525.0,299742
299744,GS3976,2021,79898.0,299745
299745,GS3992,2021,56782.0,299746
299747,GS4014,2021,16410.0,299748
299749,GS4036,2021,10929.0,299750
299755,GS4195,2021,51969.0,299756
299757,GS4202,2021,4967.0,299758
299758,GS4203,2021,3578.0,299759
299759,GS4205,2021,13150.0,299760
299762,GS4210,2021,11522.0,299763
299764,GS4220,2021,17845.0,299765
299765,GS4221,2021,148841.0,299766
299766,GS4233,2021,22500.0,299767
299767,GS4236,2021,21085.0,299768
299768,GS4238,2021,28758.0,299769
299770,GS4240,2021,25497.0,299771
299774,GS4260,2021,19712.0,299775
299776,GS4264,2021,190487.0,299777
299781,GS4271,2021,10907.0,299782
299783,GS4273,2021,44275.0,299784
299784,GS4288,2021,33820.0,299785
299786,GS4290,2021,14290.0,299787
299787,GS4291,2021,5168.0,299788
299788,GS4296,2021,22805.0,299789
299793,GS4372,2021,4180.0,299794
299794,GS4373,2021,2198.0,299795
299795,GS4374,2021,213.0,299796
299796,GS4375,2021,1947.0,299797
299797,GS4376,2021,1530.0,299798
299798,GS4377,2021,2194.0,299799
299799,GS4378,2021,2629.0,299800
299800,GS4379,2021,557.0,299801
299801,GS4380,2021,3250.0,299802
299803,GS4382,2021,3207.0,299804
299804,GS4383,2021,9230.0,299805
299805,GS4384,2021,796.0,299806
299806,GS4385,2021,13080.0,299807
299811,GS4390,2021,8.0,299812
299818,GS4397,2021,5000.0,299819
299823,GS4422,2021,9534.0,299824
299824,GS4423,2021,10019.0,299825
299826,GS4425,2021,79709.0,299827
299831,GS4442,2021,2171.0,299832
299836,GS4518,2021,9196.0,299837
299837,GS4519,2021,210.0,299838
299838,GS4530,2021,2974.0,299839
299849,GS4553,2021,13208.0,299850
299850,GS4557,2021,398690.0,299851
299856,GS4596,2021,27399.0,299857
299859,GS4603,2021,90431.0,299860
299860,GS4611,2021,1212.0,299861
299861,GS4612,2021,9.0,299862
299871,GS4702,2021,200.0,299872
299872,GS4707,2021,106378.0,299873
299875,GS4797,2021,6814.0,299876
299876,GS4798,2021,216.0,299877
299878,GS4813,2021,71713.0,299879
299889,GS4897,2021,11431.0,299890
299890,GS4898,2021,3072.0,299891
299891,GS4899,2021,3163.0,299892
299892,GS4900,2021,8811.0,299893
299893,GS4901,2021,1033.0,299894
299895,GS4906,2021,16178.0,299896
299897,GS4962,2021,173593.0,299898
299902,GS5003,2021,39329.0,299903
299903,GS5007,2021,28164.0,299904
299912,GS5033,2021,20740.0,299913
299913,GS5034,2021,11798.0,299914
299914,GS5035,2021,17831.0,299915
299915,GS5036,2021,16420.0,299916
299917,GS5038,2021,23857.0,299918
299918,GS5039,2021,24068.0,299919
299919,GS5040,2021,21391.0,299920
299920,GS5041,2021,6771.0,299921
299921,GS5042,2021,3041.0,299922
299922,GS5043,2021,4072.0,299923
299923,GS5046,2021,2500.0,299924
299931,GS5099,2021,16060.0,299932
299932,GS5106,2021,7695.0,299933
299933,GS5107,2021,24783.0,299934
299937,GS5186,2021,9284.0,299938
299938,GS5187,2021,8848.0,299939
299939,GS5188,2021,7865.0,299940
299940,GS5189,2021,9146.0,299941
299941,GS5190,2021,5713.0,299942
299942,GS5191,2021,8180.0,299943
299943,GS5192,2021,7033.0,299944
299944,GS5193,2021,10677.0,299945
299945,GS5194,2021,6471.0,299946
299946,GS5195,2021,333.0,299947
299947,GS5196,2021,1537.0,299948
299948,GS5197,2021,6749.0,299949
299953,GS5229,2021,94346.0,299954
299954,GS5230,2021,14018.0,299955
299955,GS5244,2021,401.0,299956
299956,GS5245,2021,10641.0,299957
299960,GS5303,2021,1675.0,299961
299967,GS5314,2021,624.0,299968
299971,GS5322,2021,1294.0,299972
299972,GS5323,2021,1891.0,299973
299973,GS5324,2021,1874.0,299974
299974,GS5325,2021,20318.0,299975
299975,GS5326,2021,15932.0,299976
299976,GS5329,2021,405.0,299977
299977,GS5330,2021,14273.0,299978
299978,GS5331,2021,588.0,299979
299979,GS5332,2021,2497.0,299980
299980,GS5335,2021,372.0,299981
299981,GS5336,2021,3124.0,299982
299982,GS5337,2021,6240.0,299983
299983,GS5338,2021,324.0,299984
299984,GS5339,2021,1751.0,299985
299985,GS5340,2021,4478.0,299986
299986,GS5341,2021,2987.0,299987
299987,GS5342,2021,12614.0,299988
299988,GS5343,2021,12211.0,299989
299989,GS5344,2021,5368.0,299990
299995,GS5392,2021,9515.0,299996
299996,GS5393,2021,15470.0,299997
299997,GS5394,2021,17525.0,299998
299998,GS5395,2021,11904.0,299999
299999,GS5396,2021,17898.0,300000
300002,GS5417,2021,45232.0,300003
300003,GS5418,2021,39888.0,300004
300004,GS5434,2021,8263.0,300005
300005,GS5437,2021,3401.0,300006
300006,GS5438,2021,18172.0,300007
300007,GS5439,2021,13049.0,300008
300008,GS5440,2021,19617.0,300009
300009,GS5441,2021,11490.0,300010
300012,GS5444,2021,722.0,300013
300014,GS5463,2021,11824.0,300015
300015,GS5519,2021,26800.0,300016
300016,GS5523,2021,69809.0,300017
300022,GS5614,2021,282873.0,300023
300024,GS5617,2021,3140.0,300025
300026,GS5624,2021,6201.0,300027
300028,GS5633,2021,9952.0,300029
300029,GS5634,2021,4124.0,300030
300030,GS5635,2021,653.0,300031
300031,GS5636,2021,6925.0,300032
300032,GS5637,2021,9068.0,300033
300034,GS5642,2021,404985.0,300035
300035,GS5643,2021,26553.0,300036
300044,GS5698,2021,257219.0,300045
300047,GS5780,2021,2586.0,300048
300048,GS5781,2021,11781.0,300049
300049,GS5782,2021,5987.0,300050
300050,GS5783,2021,5580.0,300051
300051,GS5796,2021,5000.0,300052
300052,GS5799,2021,116336.0,300053
300054,GS5801,2021,3880.0,300055
300057,GS5825,2021,13620.0,300058
300058,GS5826,2021,9868.0,300059
300059,GS5827,2021,10075.0,300060
300066,GS5844,2021,3338.0,300067
300068,GS5866,2021,30132.0,300069
300072,GS5889,2021,702.0,300073
300073,GS5890,2021,4821.0,300074
300074,GS5891,2021,1926.0,300075
300075,GS5892,2021,5658.0,300076
300079,GS5928,2021,183465.0,300080
300081,GS5951,2021,18436.0,300082
300082,GS5952,2021,17891.0,300083
300083,GS5953,2021,14934.0,300084
300084,GS5954,2021,14144.0,300085
300085,GS5955,2021,19759.0,300086
300091,GS6008,2021,18000.0,300092
300096,GS6037,2021,472.0,300097
300097,GS6038,2021,367.0,300098
300098,GS6041,2021,707.0,300099
300104,GS6051,2021,7181.0,300105
300118,GS6101,2021,7012.0,300119
300132,GS6155,2021,3354.0,300133
300133,GS6189,2021,3798.0,300134
300135,GS6212,2021,24630.0,300136
300136,GS6235,2021,11371.0,300137
300137,GS6236,2021,11300.0,300138
300138,GS6237,2021,2315.0,300139
300144,GS6275,2021,24000.0,300145
300145,GS6279,2021,284.0,300146
300147,GS6289,2021,189.0,300148
300148,GS6290,2021,651584.0,300149
300149,GS6301,2021,50682.0,300150
300152,GS6344,2021,6584.0,300153
300153,GS6349,2021,13032.0,300154
300154,GS6350,2021,6691.0,300155
300155,GS6351,2021,4556.0,300156
300161,GS6411,2021,80627.0,300162
300165,GS6443,2021,25.0,300166
300167,GS6445,2021,3408.0,300168
300169,GS6498,2021,117502.0,300170
300173,GS6513,2021,18365.0,300174
300174,GS6518,2021,2839.0,300175
300175,GS6519,2021,2757.0,300176
300176,GS6520,2021,5007.0,300177
300177,GS6521,2021,4990.0,300178
300178,GS6522,2021,2477.0,300179
300179,GS6523,2021,190.0,300180
300180,GS6566,2021,445.0,300181
300181,GS6586,2021,8558.0,300182
300183,GS6597,2021,213.0,300184
300184,GS6598,2021,6000.0,300185
300187,GS6604,2021,9684.0,300188
300188,GS6607,2021,89890.0,300189
300190,GS6747,2021,178.0,300191
300191,GS6748,2021,51987.0,300192
300192,GS6749,2021,11397.0,300193
300195,GS6752,2021,3686.0,300196
300196,GS6753,2021,12714.0,300197
300198,GS6760,2021,211974.0,300199
300199,GS6783,2021,13366.0,300200
300200,GS6784,2021,4667.0,300201
300201,GS6786,2021,4078.0,300202
300202,GS6787,2021,7248.0,300203
300203,GS6788,2021,2836.0,300204
300204,GS6789,2021,1010.0,300205
300205,GS6790,2021,3685.0,300206
300207,GS6830,2021,1890.0,300208
300210,GS6836,2021,11967.0,300211
300211,GS6837,2021,8731.0,300212
300212,GS6838,2021,9674.0,300213
300214,GS6853,2021,34404.0,300215
300215,GS6854,2021,13032.0,300216
300216,GS6855,2021,29043.0,300217
300219,GS6858,2021,133.0,300220
300220,GS6861,2021,20.0,300221
300225,GS6998,2021,3583.0,300226
300226,GS6999,2021,23466.0,300227
300228,GS7049,2021,40067.0,300229
300229,GS7071,2021,598391.0,300230
300237,GS7128,2021,10524.0,300238
300238,GS7129,2021,11045.0,300239
300239,GS7130,2021,10613.0,300240
300240,GS7131,2021,10248.0,300241
300251,GS7147,2021,2102.0,300252
300252,GS7148,2021,7324.0,300253
300253,GS7149,2021,7324.0,300254
300254,GS7150,2021,7324.0,300255
300256,GS7152,2021,88177.0,300257
300257,GS7153,2021,14933.0,300258
300259,GS7164,2021,92946.0,300260
300266,GS7293,2021,11636.0,300267
300268,GS7311,2021,2451.0,300269
300269,GS7312,2021,221779.0,300270
300272,GS7330,2021,15722.0,300273
300273,GS7331,2021,15733.0,300274
300274,GS7332,2021,15918.0,300275
300275,GS7333,2021,15881.0,300276
300276,GS7334,2021,8835.0,300277
300277,GS7335,2021,15860.0,300278
300278,GS7336,2021,4055.0,300279
300280,GS7345,2021,683.0,300281
300284,GS7362,2021,4836.0,300285
300285,GS7363,2021,4003.0,300286
300286,GS7364,2021,4980.0,300287
300287,GS7365,2021,1636.0,300288
300288,GS7366,2021,3779.0,300289
300289,GS7367,2021,9534.0,300290
300290,GS7368,2021,4112.0,300291
300291,GS7369,2021,5575.0,300292
300295,GS7391,2021,4707.0,300296
300299,GS7395,2021,1623.0,300300
300300,GS7396,2021,1623.0,300301
300301,GS7397,2021,1623.0,300302
300302,GS7398,2021,1898.0,300303
300303,GS7399,2021,4268.0,300304
300304,GS7400,2021,5031.0,300305
300305,GS7401,2021,5522.0,300306
300306,GS7433,2021,23818.0,300307
300309,GS7436,2021,11978.0,300310
300310,GS7437,2021,973.0,300311
300314,GS7444,2021,214.0,300315
300315,GS7448,2021,5348.0,300316
300316,GS7449,2021,3010.0,300317
300317,GS7450,2021,8616.0,300318
300318,GS7451,2021,3040.0,300319
300319,GS7452,2021,1565.0,300320
300322,GS7456,2021,905.0,300323
300323,GS7457,2021,674.0,300324
300324,GS7458,2021,987.0,300325
300325,GS7459,2021,1651.0,300326
300326,GS7460,2021,836.0,300327
300332,GS7466,2021,39927.0,300333
300333,GS7467,2021,9251.0,300334
300334,GS7468,2021,39692.0,300335
300335,GS7469,2021,31471.0,300336
300340,GS7474,2021,1104.0,300341
300341,GS7475,2021,7147.0,300342
300342,GS7476,2021,3050.0,300343
300343,GS7477,2021,874.0,300344
300344,GS7478,2021,2274.0,300345
300345,GS7479,2021,3030.0,300346
300346,GS7480,2021,1895.0,300347
300347,GS7481,2021,1550.0,300348
300348,GS7482,2021,6909.0,300349
300349,GS7483,2021,1745.0,300350
300350,GS7484,2021,2849.0,300351
300359,GS7493,2021,3049.0,300360
300370,GS7506,2021,16776.0,300371
300371,GS7507,2021,13633.0,300372
300374,GS7510,2021,44168.0,300375
300387,GS7524,2021,1748.0,300388
300394,GS7531,2021,7000.0,300395
300395,GS7532,2021,67735.0,300396
300406,GS7544,2021,20665.0,300407
300418,GS7556,2021,8108.0,300419
300423,GS7561,2021,159.0,300424
300428,GS7566,2021,4921.0,300429
300437,GS7576,2021,3615.0,300438
300448,GS7587,2021,2500.0,300449
300465,GS7604,2021,31164.0,300466
300467,GS7606,2021,9000.0,300468
300610,GS7783,2021,10001.0,300611
300633,GS10220,2021,29880.0,300634
300634,GS10309,2021,13951.0,300635
300636,GS10355,2021,12992.0,300637
300637,GS10410,2021,34207.0,300638
300638,GS10411,2021,408.0,300639
300647,GS10656,2021,22.0,300648
300648,GS10657,2021,10000.0,300649
300649,GS10658,2021,3933.0,300650
300704,GS10782,2021,26359.0,300705
300754,GS10872,2021,6159.0,300755
300755,GS10873,2021,4966.0,300756
302975,VCS5,2021,21826.0,302976
302978,VCS8,2021,25990.0,302979
302980,VCS10,2021,1236799.0,302981
302982,VCS12,2021,549077.0,302983
302983,VCS13,2021,53929.0,302984
303000,VCS32,2021,2046.0,303001
303001,VCS33,2021,1434.0,303002
303006,VCS38,2021,39.0,303007
303013,VCS45,2021,1.0,303014
303019,VCS51,2021,279408.0,303020
303021,VCS53,2021,100.0,303022
303022,VCS54,2021,6095.0,303023
303028,VCS60,2021,2302.0,303029
303032,VCS64,2021,17349.0,303033
303033,VCS65,2021,2591.0,303034
303036,VCS68,2021,13.0,303037
303044,VCS77,2021,134003.0,303045
303049,VCS82,2021,2447.0,303050
303050,VCS83,2021,10014.0,303051
303059,VCS92,2021,2178589.0,303060
303060,VCS93,2021,245543.0,303061
303065,VCS98,2021,8612.0,303066
303078,VCS111,2021,31639.0,303079
303086,VCS120,2021,3250.0,303087
303096,VCS131,2021,11.0,303097
303097,VCS132,2021,79219.0,303098
303098,VCS133,2021,5964.0,303099
303103,VCS138,2021,75081.0,303104
303107,VCS142,2021,15987.0,303108
303108,VCS143,2021,220.0,303109
303109,VCS144,2021,265132.0,303110
303113,VCS148,2021,30992.0,303114
303123,VCS158,2021,11960.0,303124
303124,VCS159,2021,11780.0,303125
303137,VCS173,2021,1973291.0,303138
303142,VCS178,2021,3632.0,303143
303145,VCS181,2021,1529.0,303146
303148,VCS184,2021,30.0,303149
303149,VCS185,2021,14376.0,303150
303153,VCS191,2021,3000.0,303154
303154,VCS192,2021,150079.0,303155
303163,VCS201,2021,552.0,303164
303173,VCS211,2021,6510.0,303174
303175,VCS213,2021,991.0,303176
303176,VCS214,2021,15041.0,303177
303179,VCS217,2021,20131.0,303180
303183,VCS221,2021,5196.0,303184
303184,VCS222,2021,10867.0,303185
303211,VCS249,2021,766020.0,303212
303213,VCS251,2021,1647.0,303214
303215,VCS253,2021,88279.0,303216
303223,VCS261,2021,16081.0,303224
303226,VCS264,2021,74100.0,303227
303227,VCS265,2021,27293.0,303228
303228,VCS266,2021,32309.0,303229
303230,VCS268,2021,1800.0,303231
303231,VCS269,2021,9594.0,303232
303235,VCS273,2021,355.0,303236
303236,VCS274,2021,39492.0,303237
303243,VCS281,2021,28764.0,303244
303245,VCS283,2021,28250.0,303246
303250,VCS288,2021,60000.0,303251
303251,VCS289,2021,26382.0,303252
303252,VCS290,2021,15816.0,303253
303254,VCS292,2021,344378.0,303255
303255,VCS293,2021,23020.0,303256
303264,VCS302,2021,3989.0,303265
303266,VCS304,2021,5854.0,303267
303279,VCS318,2021,61073.0,303280
303281,VCS320,2021,449.0,303282
303285,VCS324,2021,88158.0,303286
303287,VCS326,2021,11345.0,303288
303291,VCS330,2021,65483.0,303292
303296,VCS335,2021,149750.0,303297
303298,VCS337,2021,1668.0,303299
303299,VCS338,2021,13458.0,303300
303305,VCS344,2021,76953.0,303306
303306,VCS345,2021,97175.0,303307
303310,VCS349,2021,60428.0,303311
303315,VCS354,2021,1703.0,303316
303331,VCS370,2021,4194.0,303332
303337,VCS376,2021,2609.0,303338
303341,VCS380,2021,3210.0,303342
303342,VCS381,2021,42758.0,303343
303345,VCS384,2021,17741.0,303346
303350,VCS389,2021,7656.0,303351
303352,VCS391,2021,246409.0,303353
303359,VCS398,2021,20097.0,303360
303361,VCS400,2021,93128.0,303362
303364,VCS403,2021,302673.0,303365
303365,VCS404,2021,20340.0,303366
303366,VCS405,2021,20110.0,303367
303370,VCS409,2021,215.0,303371
303372,VCS411,2021,32690.0,303373
303373,VCS412,2021,59844.0,303374
303375,VCS414,2021,112876.0,303376
303376,VCS415,2021,31729.0,303377
303377,VCS416,2021,26250.0,303378
303378,VCS417,2021,42187.0,303379
303386,VCS425,2021,397.0,303387
303387,VCS426,2021,21140.0,303388
303388,VCS427,2021,30914.0,303389
303389,VCS428,2021,126582.0,303390
303390,VCS429,2021,7574.0,303391
303391,VCS430,2021,15552.0,303392
303393,VCS432,2021,200.0,303394
303399,VCS438,2021,320918.0,303400
303400,VCS439,2021,877598.0,303401
303401,VCS440,2021,11088.0,303402
303402,VCS441,2021,27402.0,303403
303409,VCS448,2021,25103.0,303410
303416,VCS455,2021,17059.0,303417
303429,VCS468,2021,174949.0,303430
303432,VCS471,2021,3991.0,303433
303437,VCS476,2021,64512.0,303438
303445,VCS484,2021,2236.0,303446
303447,VCS486,2021,112000.0,303448
303448,VCS487,2021,689901.0,303449
303449,VCS488,2021,441352.0,303450
303450,VCS489,2021,16644.0,303451
303454,VCS493,2021,191068.0,303455
303455,VCS494,2021,308475.0,303456
303459,VCS498,2021,26236.0,303460
303460,VCS499,2021,9701.0,303461
303467,VCS506,2021,283.0,303468
303471,VCS510,2021,7014.0,303472
303474,VCS513,2021,1061538.0,303475
303483,VCS522,2021,6035.0,303484
303486,VCS525,2021,24659.0,303487
303489,VCS528,2021,21448.0,303490
303490,VCS529,2021,6020.0,303491
303496,VCS535,2021,241295.0,303497
303497,VCS536,2021,57175.0,303498
303498,VCS537,2021,140711.0,303499
303505,VCS544,2021,3610.0,303506
303519,VCS558,2021,20318.0,303520
303523,VCS562,2021,355358.0,303524
303524,VCS563,2021,572.0,303525
303527,VCS566,2021,49426.0,303528
303533,VCS572,2021,77.0,303534
303534,VCS573,2021,9216.0,303535
303539,VCS578,2021,2653.0,303540
303546,VCS585,2021,1807.0,303547
303547,VCS586,2021,220.0,303548
303548,VCS587,2021,55.0,303549
303550,VCS589,2021,3314.0,303551
303556,VCS595,2021,5420.0,303557
303557,VCS596,2021,29908.0,303558
303558,VCS597,2021,3731.0,303559
303559,VCS598,2021,42816.0,303560
303560,VCS599,2021,30756.0,303561
303564,VCS603,2021,4564.0,303565
303568,VCS607,2021,680881.0,303569
303573,VCS612,2021,924122.0,303574
303575,VCS614,2021,117415.0,303576
303579,VCS618,2021,155966.0,303580
303580,VCS619,2021,13018.0,303581
303585,VCS624,2021,15347.0,303586
303592,VCS631,2021,64308.0,303593
303599,VCS638,2021,1655.0,303600
303601,VCS640,2021,38109.0,303602
303602,VCS641,2021,462.0,303603
303608,VCS647,2021,131945.0,303609
303609,VCS648,2021,5736.0,303610
303614,VCS653,2021,613498.0,303615
303616,VCS655,2021,36251.0,303617
303617,VCS656,2021,39473.0,303618
303623,VCS662,2021,1928.0,303624
303626,VCS665,2021,59157.0,303627
303627,VCS666,2021,32711.0,303628
303628,VCS667,2021,22378.0,303629
303630,VCS669,2021,58608.0,303631
303631,VCS670,2021,41104.0,303632
303633,VCS672,2021,430.0,303634
303634,VCS673,2021,123564.0,303635
303635,VCS674,2021,8232421.0,303636
303643,VCS682,2021,119475.0,303644
303644,VCS683,2021,11291.0,303645
303649,VCS688,2021,48456.0,303650
303650,VCS689,2021,30.0,303651
303658,VCS697,2021,73805.0,303659
303660,VCS699,2021,18938.0,303661
303661,VCS700,2021,136101.0,303662
303662,VCS701,2021,17764.0,303663
303667,VCS706,2021,11095.0,303668
303669,VCS708,2021,94672.0,303670
303670,VCS709,2021,2809.0,303671
303673,VCS713,2021,216182.0,303674
303677,VCS717,2021,410294.0,303678
303679,VCS719,2021,25000.0,303680
303682,VCS722,2021,303892.0,303683
303685,VCS725,2021,32928.0,303686
303687,VCS727,2021,67050.0,303688
303688,VCS728,2021,310482.0,303689
303693,VCS733,2021,29617.0,303694
303696,VCS736,2021,83195.0,303697
303697,VCS737,2021,330511.0,303698
303700,VCS740,2021,109680.0,303701
303709,VCS750,2021,225.0,303710
303712,VCS753,2021,462976.0,303713
303714,VCS755,2021,77747.0,303715
303715,VCS756,2021,202809.0,303716
303717,VCS758,2021,52372.0,303718
303718,VCS759,2021,32175.0,303719
303719,VCS760,2021,2252.0,303720
303721,VCS762,2021,319868.0,303722
303723,VCS764,2021,4435.0,303724
303725,VCS766,2021,1029852.0,303726
303726,VCS767,2021,500.0,303727
303730,VCS771,2021,58310.0,303731
303732,VCS773,2021,97950.0,303733
303739,VCS780,2021,175862.0,303740
303743,VCS784,2021,23449.0,303744
303745,VCS786,2021,1167698.0,303746
303747,VCS788,2021,80911.0,303748
303749,VCS790,2021,22702.0,303750
303750,VCS791,2021,32811.0,303751
303751,VCS792,2021,49363.0,303752
303755,VCS796,2021,109450.0,303756
303757,VCS798,2021,200.0,303758
303758,VCS799,2021,49880.0,303759
303767,VCS808,2021,64372.0,303768
303769,VCS810,2021,48671.0,303770
303771,VCS812,2021,153862.0,303772
303773,VCS814,2021,30562.0,303774
303778,VCS819,2021,3555.0,303779
303782,VCS823,2021,422308.0,303783
303783,VCS824,2021,101706.0,303784
303784,VCS825,2021,12023.0,303785
303785,VCS826,2021,5258.0,303786
303786,VCS827,2021,34503.0,303787
303789,VCS830,2021,207241.0,303790
303790,VCS831,2021,24152.0,303791
303791,VCS832,2021,596097.0,303792
303792,VCS833,2021,36735.0,303793
303793,VCS834,2021,12000.0,303794
303794,VCS835,2021,49553.0,303795
303795,VCS836,2021,113393.0,303796
303796,VCS837,2021,774943.0,303797
303803,VCS844,2021,1126303.0,303804
303808,VCS849,2021,140533.0,303809
303809,VCS850,2021,380779.0,303810
303811,VCS852,2021,21643.0,303812
303815,VCS856,2021,37113.0,303816
303827,VCS868,2021,2813383.0,303828
303829,VCS870,2021,5084.0,303830
303830,VCS871,2021,5018.0,303831
303831,VCS872,2021,20370.0,303832
303834,VCS875,2021,1199507.0,303835
303835,VCS876,2021,45656.0,303836
303836,VCS877,2021,42544.0,303837
303838,VCS879,2021,79617.0,303839
303841,VCS882,2021,112204.0,303842
303842,VCS883,2021,39116.0,303843
303843,VCS884,2021,63872.0,303844
303846,VCS887,2021,26684.0,303847
303850,VCS891,2021,10842.0,303851
303851,VCS892,2021,294036.0,303852
303855,VCS896,2021,672423.0,303856
303858,VCS899,2021,152048.0,303859
303859,VCS900,2021,32538.0,303860
303861,VCS902,2021,5116239.0,303862
303862,VCS903,2021,366301.0,303863
303864,VCS905,2021,324426.0,303865
303867,VCS908,2021,1502.0,303868
303869,VCS910,2021,33287.0,303870
303870,VCS911,2021,134981.0,303871
303872,VCS913,2021,384.0,303873
303873,VCS914,2021,4535.0,303874
303874,VCS915,2021,1739.0,303875
303876,VCS917,2021,140100.0,303877
303879,VCS920,2021,18462.0,303880
303880,VCS921,2021,89606.0,303881
303883,VCS924,2021,546487.0,303884
303884,VCS925,2021,1824.0,303885
303885,VCS926,2021,11768.0,303886
303886,VCS927,2021,9863.0,303887
303888,VCS929,2021,210255.0,303889
303893,VCS934,2021,1334959.0,303894
303894,VCS935,2021,3147.0,303895
303895,VCS936,2021,27800.0,303896
303896,VCS937,2021,36648.0,303897
303899,VCS940,2021,2000.0,303900
303900,VCS941,2021,11366.0,303901
303903,VCS944,2021,259089.0,303904
303904,VCS945,2021,33518.0,303905
303906,VCS947,2021,17553.0,303907
303913,VCS954,2021,16230.0,303914
303917,VCS958,2021,240200.0,303918
303918,VCS959,2021,1310380.0,303919
303919,VCS960,2021,1003683.0,303920
303920,VCS961,2021,23801.0,303921
303921,VCS962,2021,62665.0,303922
303922,VCS963,2021,64262.0,303923
303934,VCS975,2021,169000.0,303935
303936,VCS977,2021,1755034.0,303937
303940,VCS981,2021,1454616.0,303941
303941,VCS982,2021,418423.0,303942
303942,VCS983,2021,2.0,303943
303944,VCS985,2021,5365972.0,303945
303945,VCS986,2021,47148.0,303946
303946,VCS987,2021,54656.0,303947
303952,VCS993,2021,219286.0,303953
303953,VCS994,2021,43129.0,303954
303954,VCS995,2021,23605.0,303955
303955,VCS996,2021,5462.0,303956
303960,VCS1001,2021,37950.0,303961
303961,VCS1002,2021,652476.0,303962
303977,VCS1019,2021,1818.0,303978
303979,VCS1021,2021,25.0,303980
303980,VCS1022,2021,828.0,303981
303981,VCS1023,2021,1839.0,303982
303982,VCS1024,2021,1026.0,303983
303994,VCS1036,2021,7206.0,303995
303995,VCS1037,2021,122728.0,303996
303996,VCS1038,2021,10.0,303997
304002,VCS1044,2021,21775.0,304003
304008,VCS1050,2021,46060.0,304009
304010,VCS1052,2021,55632.0,304011
304013,VCS1055,2021,157210.0,304014
304018,VCS1060,2021,32393.0,304019
304024,VCS1066,2021,70.0,304025
304025,VCS1067,2021,403000.0,304026
304026,VCS1068,2021,50685.0,304027
304028,VCS1070,2021,29982.0,304029
304035,VCS1077,2021,3356.0,304036
304036,VCS1078,2021,308.0,304037
304037,VCS1079,2021,1976.0,304038
304040,VCS1082,2021,1076.0,304041
304042,VCS1084,2021,1000.0,304043
304043,VCS1085,2021,67086.0,304044
304047,VCS1089,2021,12380.0,304048
304048,VCS1090,2021,90000.0,304049
304049,VCS1091,2021,100.0,304050
304052,VCS1094,2021,472075.0,304053
304058,VCS1100,2021,665355.0,304059
304069,VCS1111,2021,17808.0,304070
304070,VCS1112,2021,82947.0,304071
304071,VCS1113,2021,153158.0,304072
304072,VCS1114,2021,101.0,304073
304073,VCS1115,2021,233069.0,304074
304075,VCS1117,2021,255643.0,304076
304078,VCS1120,2021,4705.0,304079
304079,VCS1121,2021,232316.0,304080
304084,VCS1126,2021,195138.0,304085
304091,VCS1133,2021,20.0,304092
304093,VCS1135,2021,11326.0,304094
304095,VCS1137,2021,62666.0,304096
304096,VCS1138,2021,22430.0,304097
304097,VCS1139,2021,45056.0,304098
304098,VCS1140,2021,27182.0,304099
304099,VCS1141,2021,372910.0,304100
304100,VCS1142,2021,1743.0,304101
304101,VCS1143,2021,108763.0,304102
304102,VCS1144,2021,12807.0,304103
304104,VCS1146,2021,824861.0,304105
304105,VCS1147,2021,300.0,304106
304106,VCS1148,2021,2199.0,304107
304117,VCS1160,2021,111956.0,304118
304119,VCS1162,2021,156865.0,304120
304123,VCS1166,2021,85776.0,304124
304125,VCS1168,2021,241502.0,304126
304131,VCS1174,2021,85144.0,304132
304132,VCS1175,2021,7904.0,304133
304138,VCS1181,2021,26778.0,304139
304139,VCS1182,2021,4679.0,304140
304140,VCS1183,2021,1187.0,304141
304142,VCS1185,2021,22949.0,304143
304143,VCS1186,2021,185988.0,304144
304144,VCS1187,2021,368.0,304145
304145,VCS1188,2021,97205.0,304146
304146,VCS1189,2021,90225.0,304147
304147,VCS1190,2021,114992.0,304148
304148,VCS1191,2021,166573.0,304149
304151,VCS1194,2021,13297.0,304152
304152,VCS1195,2021,2789.0,304153
304154,VCS1197,2021,50334.0,304155
304156,VCS1199,2021,15674.0,304157
304157,VCS1200,2021,65000.0,304158
304158,VCS1201,2021,152808.0,304159
304159,VCS1202,2021,3336.0,304160
304160,VCS1203,2021,41003.0,304161
304161,VCS1204,2021,274533.0,304162
304162,VCS1205,2021,492345.0,304163
304164,VCS1207,2021,11000.0,304165
304166,VCS1209,2021,32114.0,304167
304168,VCS1211,2021,72682.0,304169
304171,VCS1214,2021,18305.0,304172
304172,VCS1215,2021,100221.0,304173
304173,VCS1216,2021,11621.0,304174
304175,VCS1218,2021,178737.0,304176
304178,VCS1221,2021,106182.0,304179
304182,VCS1225,2021,34807.0,304183
304190,VCS1233,2021,157718.0,304191
304195,VCS1238,2021,211635.0,304196
304197,VCS1240,2021,11286.0,304198
304204,VCS1247,2021,7526.0,304205
304209,VCS1252,2021,21022.0,304210
304211,VCS1254,2021,56930.0,304212
304214,VCS1257,2021,358365.0,304215
304215,VCS1258,2021,386307.0,304216
304216,VCS1259,2021,64078.0,304217
304218,VCS1261,2021,367752.0,304219
304243,VCS1286,2021,34636.0,304244
304248,VCS1291,2021,306849.0,304249
304250,VCS1294,2021,11660.0,304251
304257,VCS1301,2021,43289.0,304258
304266,VCS1310,2021,148224.0,304267
304267,VCS1311,2021,17594.0,304268
304274,VCS1318,2021,25333.0,304275
304275,VCS1319,2021,31705.0,304276
304281,VCS1325,2021,373.0,304282
304285,VCS1329,2021,287673.0,304286
304286,VCS1330,2021,2592.0,304287
304294,VCS1338,2021,6414.0,304295
304296,VCS1340,2021,1150330.0,304297
304298,VCS1342,2021,305.0,304299
304301,VCS1345,2021,98179.0,304302
304305,VCS1349,2021,228095.0,304306
304308,VCS1352,2021,37506.0,304309
304309,VCS1353,2021,830616.0,304310
304310,VCS1354,2021,48547.0,304311
304311,VCS1355,2021,1629.0,304312
304312,VCS1356,2021,249417.0,304313
304315,VCS1359,2021,257114.0,304316
304316,VCS1360,2021,304237.0,304317
304318,VCS1362,2021,9599.0,304319
304328,VCS1372,2021,1991.0,304329
304333,VCS1377,2021,26400.0,304334
304334,VCS1378,2021,55236.0,304335
304338,VCS1382,2021,1231827.0,304339
304342,VCS1386,2021,79212.0,304343
304345,VCS1389,2021,316360.0,304346
304346,VCS1390,2021,184792.0,304347
304347,VCS1391,2021,200723.0,304348
304348,VCS1392,2021,146500.0,304349
304351,VCS1395,2021,573165.0,304352
304352,VCS1396,2021,211491.0,304353
304355,VCS1399,2021,96369.0,304356
304356,VCS1400,2021,75937.0,304357
304360,VCS1404,2021,1865.0,304361
304362,VCS1406,2021,82800.0,304363
304363,VCS1407,2021,2.0,304364
304364,VCS1408,2021,441213.0,304365
304369,VCS1413,2021,21195.0,304370
304373,VCS1417,2021,8591.0,304374
304374,VCS1418,2021,15348.0,304375
304379,VCS1423,2021,11199.0,304380
304380,VCS1424,2021,454370.0,304381
304381,VCS1425,2021,316950.0,304382
304383,VCS1427,2021,166012.0,304384
304399,VCS1444,2021,106737.0,304400
304401,VCS1446,2021,95080.0,304402
304402,VCS1447,2021,517307.0,304403
304417,VCS1463,2021,23930.0,304418
304418,VCS1464,2021,637338.0,304419
304419,VCS1465,2021,129293.0,304420
304421,VCS1468,2021,377505.0,304422
304428,VCS1477,2021,5350989.0,304429
304429,VCS1478,2021,378.0,304430
304430,VCS1479,2021,100137.0,304431
304431,VCS1480,2021,87.0,304432
304432,VCS1481,2021,1371.0,304433
304434,VCS1483,2021,26504.0,304435
304437,VCS1486,2021,405.0,304438
304439,VCS1490,2021,27600.0,304440
304442,VCS1493,2021,59379.0,304443
304444,VCS1495,2021,37588.0,304445
304445,VCS1496,2021,143851.0,304446
304446,VCS1497,2021,171677.0,304447
304448,VCS1499,2021,93520.0,304449
304452,VCS1503,2021,138382.0,304453
304453,VCS1504,2021,178.0,304454
304454,VCS1505,2021,80947.0,304455
304455,VCS1506,2021,64446.0,304456
304457,VCS1508,2021,14380.0,304458
304459,VCS1510,2021,29.0,304460
304460,VCS1512,2021,490897.0,304461
304462,VCS1514,2021,154439.0,304463
304463,VCS1515,2021,20179.0,304464
304467,VCS1519,2021,10337.0,304468
304468,VCS1520,2021,8138.0,304469
304469,VCS1521,2021,235779.0,304470
304470,VCS1522,2021,83956.0,304471
304471,VCS1523,2021,191903.0,304472
304473,VCS1525,2021,104552.0,304474
304477,VCS1529,2021,130565.0,304478
304479,VCS1532,2021,101502.0,304480
304482,VCS1535,2021,5841.0,304483
304485,VCS1538,2021,10053.0,304486
304486,VCS1539,2021,28995.0,304487
304487,VCS1541,2021,123105.0,304488
304488,VCS1542,2021,109174.0,304489
304492,VCS1546,2021,16435.0,304493
304493,VCS1547,2021,57000.0,304494
304495,VCS1549,2021,18759.0,304496
304504,VCS1560,2021,300209.0,304505
304507,VCS1563,2021,8445.0,304508
304509,VCS1566,2021,1683992.0,304510
304510,VCS1567,2021,41248.0,304511
304513,VCS1570,2021,1608.0,304514
304517,VCS1577,2021,50000.0,304518
304518,VCS1578,2021,1936.0,304519
304520,VCS1580,2021,563731.0,304521
304521,VCS1582,2021,395.0,304522
304526,VCS1622,2021,812890.0,304527
304530,VCS1644,2021,2997.0,304531
304531,VCS1650,2021,7225023.0,304532
304532,VCS1651,2021,38161.0,304533
304534,VCS1654,2021,313009.0,304535
304535,VCS1656,2021,17037.0,304536
304539,VCS1660,2021,34649.0,304540
304540,VCS1661,2021,28060.0,304541
304542,VCS1663,2021,26870.0,304543
304544,VCS1665,2021,4646.0,304545
304547,VCS1669,2021,107936.0,304548
304548,VCS1670,2021,220798.0,304549
304549,VCS1671,2021,77726.0,304550
304551,VCS1673,2021,32455.0,304552
304557,VCS1679,2021,12880.0,304558
304562,VCS1684,2021,4000.0,304563
304563,VCS1685,2021,90131.0,304564
304564,VCS1686,2021,504902.0,304565
304570,VCS1693,2021,4390.0,304571
304572,VCS1696,2021,9661.0,304573
304575,VCS1699,2021,2592.0,304576
304578,VCS1702,2021,62343.0,304579
304581,VCS1706,2021,3754.0,304582
304583,VCS1709,2021,10000.0,304584
304585,VCS1712,2021,1300.0,304586
304586,VCS1715,2021,74843.0,304587
304587,VCS1716,2021,41349.0,304588
304588,VCS1718,2021,371267.0,304589
304589,VCS1719,2021,4153.0,304590
304590,VCS1720,2021,5375.0,304591
304591,VCS1721,2021,22065.0,304592
304592,VCS1723,2021,32000.0,304593
304594,VCS1728,2021,582791.0,304595
304596,VCS1731,2021,21583.0,304597
304597,VCS1732,2021,90803.0,304598
304598,VCS1733,2021,49957.0,304599
304599,VCS1734,2021,35572.0,304600
304600,VCS1735,2021,95634.0,304601
304601,VCS1736,2021,5869.0,304602
304603,VCS1739,2021,2000.0,304604
304604,VCS1740,2021,17421.0,304605
304606,VCS1742,2021,1596535.0,304607
304609,VCS1745,2021,91348.0,304610
304610,VCS1746,2021,115097.0,304611
304611,VCS1748,2021,1995519.0,304612
304614,VCS1752,2021,54204.0,304615
304615,VCS1753,2021,103797.0,304616
304617,VCS1758,2021,73824.0,304618
304618,VCS1759,2021,87183.0,304619
304620,VCS1762,2021,1450.0,304621
304621,VCS1764,2021,37386.0,304622
304623,VCS1766,2021,4996.0,304624
304624,VCS1767,2021,292283.0,304625
304625,VCS1768,2021,192220.0,304626
304626,VCS1769,2021,1000.0,304627
304627,VCS1770,2021,229991.0,304628
304628,VCS1771,2021,72547.0,304629
304630,VCS1774,2021,34615.0,304631
304631,VCS1775,2021,2261722.0,304632
304634,VCS1781,2021,34392.0,304635
304635,VCS1782,2021,1968.0,304636
304636,VCS1783,2021,18662.0,304637
304637,VCS1784,2021,25000.0,304638
304638,VCS1786,2021,121824.0,304639
304639,VCS1787,2021,6460.0,304640
304640,VCS1788,2021,294752.0,304641
304642,VCS1790,2021,257579.0,304643
304643,VCS1791,2021,17618.0,304644
304644,VCS1792,2021,433514.0,304645
304645,VCS1793,2021,359957.0,304646
304646,VCS1794,2021,49569.0,304647
304653,VCS1803,2021,13959.0,304654
304654,VCS1804,2021,30000.0,304655
304655,VCS1805,2021,104213.0,304656
304657,VCS1807,2021,31731.0,304658
304660,VCS1811,2021,281984.0,304661
304661,VCS1812,2021,10071.0,304662
304663,VCS1815,2021,255012.0,304664
304665,VCS1817,2021,41237.0,304666
304666,VCS1819,2021,14022.0,304667
304667,VCS1820,2021,34429.0,304668
304669,VCS1822,2021,21024.0,304670
304671,VCS1824,2021,375294.0,304672
304672,VCS1825,2021,23792.0,304673
304673,VCS1826,2021,45743.0,304674
304677,VCS1830,2021,65256.0,304678
304679,VCS1832,2021,7535.0,304680
304684,VCS1839,2021,78416.0,304685
304689,VCS1844,2021,52423.0,304690
304692,VCS1847,2021,132730.0,304693
304696,VCS1851,2021,1130000.0,304697
304698,VCS1853,2021,26428.0,304699
304699,VCS1854,2021,83.0,304700
304700,VCS1855,2021,60901.0,304701
304703,VCS1859,2021,104761.0,304704
304704,VCS1860,2021,65421.0,304705
304706,VCS1862,2021,42054.0,304707
304707,VCS1863,2021,6458.0,304708
304708,VCS1864,2021,70715.0,304709
304709,VCS1865,2021,316495.0,304710
304710,VCS1866,2021,164700.0,304711
304711,VCS1867,2021,358725.0,304712
304717,VCS1874,2021,14169.0,304718
304719,VCS1877,2021,30000.0,304720
304721,VCS1879,2021,10195.0,304722
304723,VCS1882,2021,63675.0,304724
304724,VCS1883,2021,24148.0,304725
304726,VCS1885,2021,10592.0,304727
304727,VCS1886,2021,29443.0,304728
304728,VCS1887,2021,17529.0,304729
304730,VCS1890,2021,227321.0,304731
304734,VCS1895,2021,4101.0,304735
304736,VCS1897,2021,86903.0,304737
304737,VCS1898,2021,1166.0,304738
304738,VCS1899,2021,149276.0,304739
304739,VCS1900,2021,93500.0,304740
304741,VCS1902,2021,263013.0,304742
304743,VCS1904,2021,5205.0,304744
304753,VCS1914,2021,847.0,304754
304754,VCS1915,2021,11488.0,304755
304757,VCS1918,2021,16514.0,304758
304768,VCS1931,2021,36299.0,304769
304771,VCS1935,2021,552.0,304772
304773,VCS1937,2021,112.0,304774
304774,VCS1939,2021,12359.0,304775
304775,VCS1940,2021,39535.0,304776
304776,VCS1941,2021,6000.0,304777
304778,VCS1943,2021,3370.0,304779
304782,VCS1947,2021,103157.0,304783
304784,VCS1949,2021,4895.0,304785
304785,VCS1950,2021,10000.0,304786
304788,VCS1953,2021,16604.0,304789
304792,VCS1958,2021,85900.0,304793
304793,VCS1959,2021,14667.0,304794
304798,VCS1964,2021,30000.0,304799
304799,VCS1965,2021,70935.0,304800
304805,VCS1971,2021,1000.0,304806
304806,VCS1972,2021,10813.0,304807
304808,VCS1974,2021,7523.0,304809
304809,VCS1975,2021,6973.0,304810
304817,VCS1983,2021,18813.0,304818
304819,VCS1985,2021,33370.0,304820
304821,VCS1987,2021,1800.0,304822
304824,VCS1990,2021,205377.0,304825
304827,VCS1993,2021,5000.0,304828
304831,VCS1997,2021,168398.0,304832
304833,VCS1999,2021,120730.0,304834
304834,VCS2000,2021,164613.0,304835
304835,VCS2001,2021,88500.0,304836
304836,VCS2002,2021,16905.0,304837
304851,VCS2017,2021,1100.0,304852
304860,VCS2026,2021,805898.0,304861
304877,VCS2043,2021,444559.0,304878
304893,VCS2059,2021,255.0,304894
304904,VCS2070,2021,5512.0,304905
304906,VCS2072,2021,106.0,304907
304909,VCS2076,2021,7574.0,304910
304911,VCS2079,2021,3386.0,304912
304913,VCS2082,2021,154429.0,304914
304914,VCS2083,2021,142668.0,304915
304916,VCS2085,2021,4767.0,304917
304917,VCS2087,2021,2367.0,304918
304919,VCS2089,2021,48750.0,304920
304922,VCS2092,2021,106865.0,304923
304925,VCS2095,2021,48090.0,304926
304927,VCS2097,2021,23064.0,304928
304928,VCS2098,2021,74090.0,304929
304929,VCS2099,2021,179066.0,304930
304945,VCS2249,2021,230605.0,304946
304948,VCS2252,2021,48550.0,304949
304951,VCS2260,2021,134848.0,304952
304954,VCS2263,2021,30557.0,304955
304956,VCS2290,2021,40000.0,304957
304957,VCS2291,2021,14.0,304958
304958,VCS2292,2021,70.0,304959
304959,VCS2293,2021,311095.0,304960
304971,VCS2306,2021,322.0,304972
304972,VCS2307,2021,1303.0,304973
304973,VCS2308,2021,29681.0,304974
304975,VCS2310,2021,277462.0,304976
304981,VCS2316,2021,3460.0,304982
304988,VCS2323,2021,31018.0,304989
304994,VCS2332,2021,75.0,304995
304995,VCS2333,2021,99522.0,304996
304996,VCS2334,2021,1556.0,304997
305001,VCS2339,2021,2675.0,305002
305040,VCS2381,2021,3245.0,305041
305043,VCS2384,2021,125001.0,305044
305047,VCS2388,2021,107524.0,305048
305048,VCS2389,2021,3008.0,305049
305052,VCS2393,2021,127098.0,305053
305053,VCS2394,2021,36143.0,305054
305090,VCS2432,2021,186734.0,305091
305091,VCS2433,2021,217566.0,305092
305107,VCS2449,2021,3000.0,305108
305117,VCS2463,2021,6745.0,305118
305118,VCS2464,2021,124000.0,305119
305131,VCS2478,2021,1200000.0,305132
305152,VCS2501,2021,24134.0,305153
305162,VCS2511,2021,11645.0,305163
305231,VCS2599,2021,500.0,305232
305334,VCS2716,2021,578.0,305335
308259,ACR0106,2022,14122.0,308260
308266,ACR0114,2022,506841.0,308267
308268,ACR0117,2022,2053891.0,308269
308271,ACR0120,2022,719748.0,308272
308272,ACR0121,2022,537731.0,308273
308273,ACR0122,2022,10978.0,308274
308277,ACR0126,2022,87094.0,308278
308279,ACR0128,2022,7895.0,308280
308282,ACR0131,2022,415.0,308283
308283,ACR0132,2022,3424.0,308284
308285,ACR0134,2022,189.0,308286
308286,ACR0135,2022,819.0,308287
308288,ACR0137,2022,55.0,308289
308289,ACR0138,2022,1100.0,308290
308290,ACR0139,2022,2014.0,308291
308291,ACR0140,2022,544.0,308292
308292,ACR0141,2022,323.0,308293
308293,ACR0142,2022,624.0,308294
308294,ACR0143,2022,415.0,308295
308295,ACR0144,2022,865.0,308296
308296,ACR0145,2022,1428.0,308297
308297,ACR0146,2022,950.0,308298
308299,ACR0148,2022,564.0,308300
308301,ACR0150,2022,393.0,308302
308302,ACR0151,2022,1068.0,308303
308303,ACR0152,2022,3272.0,308304
308304,ACR0153,2022,2002.0,308305
308307,ACR0156,2022,739.0,308308
308308,ACR0157,2022,2769.0,308309
308310,ACR0159,2022,20.0,308311
308312,ACR0161,2022,4172.0,308313
308315,ACR0164,2022,28946.0,308316
308321,ACR0173,2022,30854.0,308322
308337,ACR0191,2022,3640.0,308338
308343,ACR0199,2022,400000.0,308344
308345,ACR0202,2022,10993.0,308346
308354,ACR0211,2022,12304.0,308355
308355,ACR0212,2022,183153.0,308356
308359,ACR0222,2022,32665.0,308360
308360,ACR0223,2022,10670.0,308361
308369,ACR0233,2022,20668.0,308370
308378,ACR0242,2022,25000.0,308379
308391,ACR0255,2022,33426.0,308392
308398,ACR0262,2022,4000.0,308399
308403,ACR0267,2022,92767.0,308404
308404,ACR0268,2022,1870.0,308405
308405,ACR0269,2022,22516.0,308406
308408,ACR0272,2022,500.0,308409
308409,ACR0273,2022,38992.0,308410
308410,ACR0274,2022,208167.0,308411
308412,ACR0276,2022,3622.0,308413
308415,ACR0279,2022,54088.0,308416
308416,ACR0280,2022,15411.0,308417
308418,ACR0282,2022,30000.0,308419
308437,ACR0303,2022,348989.0,308438
308448,ACR0314,2022,83.0,308449
308453,ACR0324,2022,61453.0,308454
308457,ACR0349,2022,24693.0,308458
308468,ACR0360,2022,982.0,308469
308469,ACR0361,2022,18080.0,308470
308474,ACR0367,2022,1016.0,308475
308475,ACR0368,2022,49412.0,308476
308476,ACR0369,2022,21977.0,308477
308481,ACR0374,2022,123572.0,308482
308482,ACR0375,2022,26020.0,308483
308483,ACR0376,2022,271176.0,308484
308484,ACR0377,2022,51420.0,308485
308485,ACR0378,2022,37706.0,308486
308488,ACR0382,2022,38681.0,308489
308491,ACR0386,2022,66887.0,308492
308494,ACR0389,2022,49617.0,308495
308495,ACR0390,2022,4100.0,308496
308498,ACR0394,2022,7734.0,308499
308499,ACR0395,2022,18299.0,308500
308501,ACR0398,2022,127050.0,308502
308506,ACR0404,2022,5588.0,308507
308508,ACR0407,2022,1289.0,308509
308511,ACR0411,2022,62370.0,308512
308513,ACR0413,2022,1400.0,308514
308514,ACR0416,2022,68929.0,308515
308515,ACR0417,2022,10334.0,308516
308516,ACR0418,2022,23060.0,308517
308517,ACR0419,2022,5595.0,308518
308518,ACR0420,2022,24406.0,308519
308519,ACR0422,2022,11139.0,308520
308521,ACR0424,2022,3358.0,308522
308522,ACR0425,2022,14465.0,308523
308524,ACR0427,2022,28390.0,308525
308530,ACR0433,2022,914.0,308531
308533,ACR0437,2022,8646.0,308534
308537,ACR0441,2022,123341.0,308538
308540,ACR0444,2022,29110.0,308541
308542,ACR0446,2022,694.0,308543
308543,ACR0447,2022,21896.0,308544
308544,ACR0448,2022,500.0,308545
308548,ACR0454,2022,18517.0,308549
308552,ACR0458,2022,1.0,308553
308553,ACR0459,2022,4395.0,308554
308572,ACR0480,2022,3100.0,308573
308575,ACR0483,2022,34662.0,308576
308583,ACR0495,2022,24351.0,308584
308587,ACR0499,2022,40166.0,308588
308588,ACR0500,2022,3643.0,308589
308592,ACR0505,2022,10000.0,308593
308593,ACR0506,2022,12234.0,308594
308595,ACR0508,2022,5349.0,308596
308598,ACR0514,2022,46598.0,308599
308599,ACR0515,2022,36968.0,308600
308600,ACR0516,2022,8171.0,308601
308602,ACR0518,2022,26440.0,308603
308603,ACR0519,2022,31200.0,308604
308615,ACR0533,2022,2347.0,308616
308616,ACR0534,2022,67294.0,308617
308620,ACR0538,2022,7373.0,308621
308624,ACR0543,2022,4951.0,308625
308625,ACR0544,2022,32.0,308626
308628,ACR0547,2022,7066.0,308629
308630,ACR0549,2022,5613.0,308631
308631,ACR0550,2022,48053.0,308632
308632,ACR0551,2022,1000.0,308633
308633,ACR0552,2022,41000.0,308634
308637,ACR0556,2022,99875.0,308638
308638,ACR0557,2022,40133.0,308639
308642,ACR0562,2022,5730.0,308643
308643,ACR0564,2022,8005.0,308644
308644,ACR0566,2022,4844.0,308645
308650,ACR0573,2022,12601.0,308651
308651,ACR0574,2022,47551.0,308652
308661,ACR0585,2022,5000.0,308662
308662,ACR0586,2022,22638.0,308663
308663,ACR0587,2022,1000.0,308664
308664,ACR0588,2022,63500.0,308665
308665,ACR0589,2022,69486.0,308666
308666,ACR0590,2022,41175.0,308667
308667,ACR0591,2022,57243.0,308668
308668,ACR0592,2022,15000.0,308669
308671,ACR0595,2022,4000.0,308672
308672,ACR0596,2022,31840.0,308673
308673,ACR0597,2022,2409.0,308674
308674,ACR0598,2022,7110.0,308675
308681,ACR0606,2022,4697.0,308682
308694,ACR0620,2022,52294.0,308695
308695,ACR0621,2022,5000.0,308696
308696,ACR0622,2022,90403.0,308697
308702,ACR0629,2022,37969.0,308703
308704,ACR0631,2022,774.0,308705
308707,ACR0634,2022,16116.0,308708
308709,ACR0637,2022,9466.0,308710
308718,ACR0646,2022,31077.0,308719
308723,ACR0651,2022,4946.0,308724
308740,ACR0670,2022,9480.0,308741
308741,ACR0671,2022,18464.0,308742
308745,ACR0675,2022,1025.0,308746
308746,ACR0676,2022,35.0,308747
308748,ACR0678,2022,6190.0,308749
308756,ACR0686,2022,13617.0,308757
308788,ACR0736,2022,8692.0,308789
308806,ACR0758,2022,17067.0,308807
308810,ACR0762,2022,601.0,308811
308815,ACR0768,2022,25000.0,308816
308838,ACR0799,2022,3820.0,308839
309285,CAR102,2022,800.0,309286
309289,CAR398,2022,35294.0,309290
309290,CAR399,2022,65765.0,309291
309291,CAR400,2022,3660.0,309292
309292,CAR402,2022,27436.0,309293
309293,CAR403,2022,49488.0,309294
309294,CAR406,2022,48724.0,309295
309295,CAR408,2022,32655.0,309296
309297,CAR411,2022,348.0,309298
309299,CAR416,2022,9095.0,309300
309302,CAR422,2022,176739.0,309303
309305,CAR426,2022,185.0,309306
309306,CAR429,2022,28820.0,309307
309311,CAR436,2022,17627.0,309312
309312,CAR437,2022,824.0,309313
309317,CAR444,2022,83460.0,309318
309318,CAR445,2022,1961.0,309319
309320,CAR449,2022,16293.0,309321
309321,CAR450,2022,21045.0,309322
309322,CAR451,2022,25853.0,309323
309325,CAR455,2022,1000.0,309326
309329,CAR462,2022,80.0,309330
309330,CAR463,2022,3349.0,309331
309333,CAR466,2022,19426.0,309334
309334,CAR467,2022,15241.0,309335
309338,CAR473,2022,52110.0,309339
309340,CAR475,2022,248884.0,309341
309341,CAR476,2022,42461.0,309342
309343,CAR478,2022,5352.0,309344
309348,CAR483,2022,391.0,309349
309356,CAR495,2022,53421.0,309357
309358,CAR497,2022,500.0,309359
309359,CAR498,2022,48768.0,309360
309360,CAR501,2022,10169.0,309361
309361,CAR502,2022,607.0,309362
309362,CAR503,2022,4543.0,309363
309368,CAR512,2022,28656.0,309369
309369,CAR513,2022,1123.0,309370
309373,CAR517,2022,4896.0,309374
309374,CAR521,2022,118844.0,309375
309375,CAR522,2022,6253.0,309376
309376,CAR531,2022,8066.0,309377
309386,CAR560,2022,69159.0,309387
309387,CAR566,2022,24957.0,309388
309389,CAR575,2022,788.0,309390
309398,CAR592,2022,82592.0,309399
309399,CAR593,2022,260.0,309400
309409,CAR612,2022,908.0,309410
309410,CAR620,2022,10222.0,309411
309411,CAR621,2022,32500.0,309412
309417,CAR635,2022,98229.0,309418
309418,CAR639,2022,651984.0,309419
309421,CAR646,2022,2871.0,309422
309426,CAR659,2022,13737.0,309427
309430,CAR674,2022,138170.0,309431
309431,CAR676,2022,4847.0,309432
309433,CAR683,2022,58256.0,309434
309434,CAR686,2022,1471.0,309435
309435,CAR688,2022,4655.0,309436
309436,CAR691,2022,61916.0,309437
309437,CAR694,2022,1748.0,309438
309440,CAR730,2022,22171.0,309441
309445,CAR766,2022,184455.0,309446
309446,CAR768,2022,29.0,309447
309448,CAR772,2022,9400.0,309449
309452,CAR777,2022,217.0,309453
309457,CAR785,2022,26311.0,309458
309466,CAR802,2022,7235.0,309467
309471,CAR811,2022,131165.0,309472
309475,CAR815,2022,3.0,309476
309478,CAR822,2022,912.0,309479
309482,CAR829,2022,15581.0,309483
309489,CAR838,2022,105419.0,309490
309490,CAR839,2022,23198.0,309491
309491,CAR843,2022,5759.0,309492
309492,CAR844,2022,20412.0,309493
309494,CAR866,2022,43823.0,309495
309497,CAR880,2022,20178.0,309498
309498,CAR881,2022,95027.0,309499
309510,CAR911,2022,11026.0,309511
309515,CAR935,2022,3405.0,309516
309525,CAR956,2022,16362.0,309526
309529,CAR965,2022,7938.0,309530
309530,CAR969,2022,324.0,309531
309539,CAR982,2022,115.0,309540
309540,CAR988,2022,1083.0,309541
309544,CAR993,2022,10547.0,309545
309547,CAR996,2022,1760.0,309548
309562,CAR1013,2022,2395.0,309563
309569,CAR1022,2022,5809.0,309570
309573,CAR1027,2022,149983.0,309574
309576,CAR1032,2022,61873.0,309577
309577,CAR1033,2022,1311.0,309578
309578,CAR1035,2022,10386.0,309579
309579,CAR1036,2022,18005.0,309580
309581,CAR1041,2022,36491.0,309582
309584,CAR1046,2022,72063.0,309585
309587,CAR1050,2022,23878.0,309588
309607,CAR1076,2022,8430.0,309608
309609,CAR1078,2022,1020.0,309610
309624,CAR1094,2022,11601.0,309625
309628,CAR1098,2022,5359.0,309629
309629,CAR1099,2022,20568.0,309630
309630,CAR1100,2022,104502.0,309631
309632,CAR1102,2022,13353.0,309633
309633,CAR1103,2022,15613.0,309634
309634,CAR1104,2022,6122.0,309635
309635,CAR1105,2022,6320.0,309636
309636,CAR1106,2022,19940.0,309637
309637,CAR1108,2022,16047.0,309638
309649,CAR1120,2022,45921.0,309650
309653,CAR1124,2022,494.0,309654
309663,CAR1135,2022,19.0,309664
309667,CAR1139,2022,14393.0,309668
309669,CAR1141,2022,1371.0,309670
309673,CAR1145,2022,79.0,309674
309675,CAR1147,2022,11744.0,309676
309676,CAR1151,2022,1738.0,309677
309680,CAR1155,2022,15562.0,309681
309694,CAR1169,2022,72.0,309695
309702,CAR1178,2022,4819.0,309703
309707,CAR1183,2022,248184.0,309708
309715,CAR1191,2022,31509.0,309716
309720,CAR1197,2022,217669.0,309721
309730,CAR1208,2022,1394.0,309731
309735,CAR1213,2022,33274.0,309736
309737,CAR1215,2022,74077.0,309738
309749,CAR1238,2022,94.0,309750
309758,CAR1247,2022,9606.0,309759
309761,CAR1250,2022,1.0,309762
309766,CAR1257,2022,4885.0,309767
309768,CAR1259,2022,4719.0,309769
309769,CAR1260,2022,1624.0,309770
309770,CAR1261,2022,6094.0,309771
309771,CAR1262,2022,7158.0,309772
309773,CAR1264,2022,47607.0,309774
309774,CAR1265,2022,215.0,309775
309782,CAR1275,2022,164.0,309783
309789,CAR1282,2022,10082.0,309790
309791,CAR1284,2022,4830.0,309792
309792,CAR1285,2022,7666.0,309793
309802,CAR1295,2022,83431.0,309803
309804,CAR1297,2022,10987.0,309805
309807,CAR1300,2022,2002.0,309808
309810,CAR1303,2022,22700.0,309811
309815,CAR1310,2022,91.0,309816
309819,CAR1314,2022,12903.0,309820
309821,CAR1316,2022,17312.0,309822
309827,CAR1324,2022,1321.0,309828
309831,CAR1328,2022,50.0,309832
309832,CAR1329,2022,11840.0,309833
309833,CAR1330,2022,3802.0,309834
309838,CAR1335,2022,371917.0,309839
309841,CAR1339,2022,48781.0,309842
309848,CAR1348,2022,514.0,309849
309849,CAR1350,2022,305.0,309850
309850,CAR1351,2022,243.0,309851
309852,CAR1353,2022,228.0,309853
309854,CAR1355,2022,379.0,309855
309855,CAR1356,2022,423.0,309856
309856,CAR1357,2022,238.0,309857
309857,CAR1358,2022,334.0,309858
309858,CAR1359,2022,276.0,309859
309859,CAR1360,2022,249.0,309860
309860,CAR1361,2022,571.0,309861
309862,CAR1363,2022,502.0,309863
309867,CAR1368,2022,128850.0,309868
309868,CAR1372,2022,13459.0,309869
309882,CAR1387,2022,17603.0,309883
309883,CAR1388,2022,17831.0,309884
309886,CAR1392,2022,20149.0,309887
309890,CAR1399,2022,5872.0,309891
309900,CAR1411,2022,19442.0,309901
309902,CAR1413,2022,13940.0,309903
309903,CAR1415,2022,6251.0,309904
309904,CAR1418,2022,24687.0,309905
309906,CAR1425,2022,303.0,309907
309917,CAR1441,2022,18901.0,309918
309919,CAR1443,2022,8769.0,309920
309930,CAR1455,2022,21006.0,309931
309932,CAR1458,2022,84267.0,309933
309933,CAR1459,2022,15996.0,309934
309935,CAR1461,2022,50941.0,309936
309936,CAR1462,2022,6418.0,309937
309937,CAR1463,2022,28430.0,309938
309946,CAR1480,2022,479879.0,309947
309947,CAR1481,2022,22509.0,309948
309973,CAR1514,2022,4353.0,309974
309985,CAR1531,2022,9891.0,309986
309993,CAR1542,2022,39.0,309994
310568,GS338,2022,3.0,310569
310569,GS340,2022,17.0,310570
310573,GS351,2022,85198.0,310574
310574,GS352,2022,116758.0,310575
310575,GS353,2022,4058.0,310576
310577,GS367,2022,17035.0,310578
310579,GS369,2022,59890.0,310580
310584,GS390,2022,120827.0,310585
310586,GS395,2022,7764.0,310587
310587,GS397,2022,211486.0,310588
310588,GS398,2022,453014.0,310589
310592,GS407,2022,837017.0,310593
310596,GS413,2022,46599.0,310597
310597,GS414,2022,1337.0,310598
310601,GS423,2022,7724.0,310602
310603,GS436,2022,22362.0,310604
310606,GS439,2022,26576.0,310607
310607,GS440,2022,655429.0,310608
310609,GS445,2022,24609.0,310610
310610,GS447,2022,542231.0,310611
310611,GS449,2022,5473.0,310612
310618,GS464,2022,743389.0,310619
310619,GS467,2022,77.0,310620
310621,GS472,2022,177662.0,310622
310622,GS474,2022,547484.0,310623
310624,GS481,2022,143.0,310625
310628,GS500,2022,28285.0,310629
310629,GS503,2022,906.0,310630
310630,GS504,2022,102772.0,310631
310645,GS565,2022,12000.0,310646
310646,GS566,2022,70288.0,310647
310652,GS576,2022,156.0,310653
310659,GS601,2022,27614.0,310660
310660,GS605,2022,120283.0,310661
310662,GS608,2022,151363.0,310663
310665,GS612,2022,48760.0,310666
310666,GS613,2022,25016.0,310667
310670,GS617,2022,2761.0,310671
310677,GS633,2022,2354.0,310678
310678,GS634,2022,8454.0,310679
310682,GS638,2022,36221.0,310683
310688,GS653,2022,287.0,310689
310689,GS655,2022,3707.0,310690
310693,GS663,2022,544.0,310694
310694,GS666,2022,9749.0,310695
310697,GS672,2022,3479.0,310698
310698,GS675,2022,3077.0,310699
310700,GS683,2022,17157.0,310701
310701,GS685,2022,92069.0,310702
310704,GS689,2022,5312.0,310705
310705,GS690,2022,2750.0,310706
310708,GS702,2022,1478.0,310709
310709,GS707,2022,1351911.0,310710
310713,GS715,2022,285.0,310714
310714,GS716,2022,201.0,310715
310719,GS730,2022,4211.0,310720
310720,GS733,2022,61874.0,310721
310724,GS744,2022,103169.0,310725
310725,GS745,2022,7453.0,310726
310727,GS748,2022,3295.0,310728
310729,GS750,2022,93300.0,310730
310730,GS751,2022,43656.0,310731
310731,GS753,2022,97870.0,310732
310734,GS764,2022,4062.0,310735
310736,GS768,2022,4676.0,310737
310737,GS769,2022,238116.0,310738
310743,GS778,2022,4145.0,310744
310759,GS814,2022,45.0,310760
310760,GS816,2022,203432.0,310761
310761,GS817,2022,122.0,310762
310763,GS824,2022,29884.0,310764
310764,GS825,2022,53.0,310765
310766,GS827,2022,1036.0,310767
310769,GS832,2022,269.0,310770
310771,GS835,2022,12779.0,310772
310775,GS843,2022,4686.0,310776
310781,GS850,2022,2849.0,310782
310783,GS854,2022,14921.0,310784
310784,GS858,2022,2014.0,310785
310795,GS872,2022,3604.0,310796
310800,GS879,2022,181732.0,310801
310801,GS880,2022,3085.0,310802
310802,GS883,2022,3396.0,310803
310804,GS886,2022,7582.0,310805
310810,GS905,2022,207811.0,310811
310811,GS906,2022,1555.0,310812
310815,GS913,2022,24749.0,310816
310818,GS918,2022,3422.0,310819
310819,GS922,2022,10496.0,310820
310826,GS931,2022,18059.0,310827
310827,GS935,2022,114298.0,310828
310831,GS947,2022,17515.0,310832
310832,GS949,2022,36184.0,310833
310833,GS950,2022,38789.0,310834
310841,GS966,2022,18126.0,310842
310844,GS971,2022,38102.0,310845
310847,GS976,2022,888.0,310848
310848,GS977,2022,3368.0,310849
310860,GS993,2022,40.0,310861
310861,GS997,2022,12404.0,310862
310864,GS1001,2022,241419.0,310865
310865,GS1003,2022,20836.0,310866
310867,GS1006,2022,5.0,310868
310868,GS1011,2022,616.0,310869
310870,GS1013,2022,94952.0,310871
310872,GS1015,2022,108.0,310873
310873,GS1016,2022,709.0,310874
310874,GS1017,2022,886.0,310875
310875,GS1018,2022,749.0,310876
310876,GS1020,2022,95468.0,310877
310877,GS1021,2022,1761.0,310878
310884,GS1028,2022,4381.0,310885
310889,GS1033,2022,2453.0,310890
310890,GS1034,2022,5443.0,310891
310897,GS1042,2022,17105.0,310898
310898,GS1044,2022,66565.0,310899
310902,GS1049,2022,433743.0,310903
310905,GS1055,2022,1174.0,310906
310907,GS1059,2022,3788.0,310908
310909,GS1061,2022,119683.0,310910
310911,GS1064,2022,400.0,310912
310913,GS1067,2022,35312.0,310914
310914,GS1068,2022,11205.0,310915
310916,GS1072,2022,12594.0,310917
310917,GS1073,2022,14435.0,310918
310918,GS1074,2022,47554.0,310919
310921,GS1078,2022,27889.0,310922
310923,GS1083,2022,107732.0,310924
310926,GS1090,2022,2801.0,310927
310927,GS1091,2022,1479.0,310928
310930,GS1094,2022,4357.0,310931
310931,GS1095,2022,4568.0,310932
310932,GS1096,2022,5261.0,310933
310933,GS1097,2022,2083.0,310934
310934,GS1098,2022,2215.0,310935
310935,GS1100,2022,4249.0,310936
310936,GS1101,2022,218.0,310937
310938,GS1103,2022,568.0,310939
310939,GS1104,2022,8275.0,310940
310950,GS1124,2022,502.0,310951
310953,GS1134,2022,99482.0,310954
310960,GS1146,2022,19031.0,310961
310961,GS1147,2022,65.0,310962
310963,GS1161,2022,1804.0,310964
310971,GS1173,2022,600.0,310972
310972,GS1174,2022,66817.0,310973
310974,GS1178,2022,3037.0,310975
310981,GS1190,2022,25918.0,310982
310982,GS1191,2022,3429.0,310983
310995,GS1207,2022,30201.0,310996
310996,GS1208,2022,21515.0,310997
310999,GS1221,2022,10974.0,311000
311005,GS1228,2022,1101.0,311006
311006,GS1229,2022,2299.0,311007
311007,GS1230,2022,15382.0,311008
311012,GS1237,2022,74703.0,311013
311019,GS1244,2022,6361.0,311020
311020,GS1246,2022,50.0,311021
311025,GS1253,2022,35091.0,311026
311028,GS1267,2022,9817.0,311029
311031,GS1286,2022,12792.0,311032
311032,GS1288,2022,1571.0,311033
311036,GS1294,2022,599.0,311037
311037,GS1295,2022,6449.0,311038
311038,GS1296,2022,11258.0,311039
311043,GS1303,2022,5037.0,311044
311045,GS1306,2022,2206.0,311046
311059,GS1321,2022,110446.0,311060
311060,GS1322,2022,75127.0,311061
311066,GS1330,2022,72303.0,311067
311067,GS1332,2022,435.0,311068
311069,GS1334,2022,90.0,311070
311079,GS1348,2022,3915.0,311080
311080,GS1350,2022,10038.0,311081
311086,GS1359,2022,3255.0,311087
311088,GS1363,2022,437.0,311089
311089,GS1364,2022,93360.0,311090
311090,GS1365,2022,15601.0,311091
311092,GS1367,2022,8700.0,311093
311093,GS1368,2022,41250.0,311094
311103,GS1382,2022,15558.0,311104
311114,GS1693,2022,8528.0,311115
311162,GS1741,2022,1473.0,311163
311177,GS2094,2022,424251.0,311178
311178,GS2095,2022,56777.0,311179
311183,GS2290,2022,25674.0,311184
311185,GS2293,2022,3345.0,311186
311187,GS2295,2022,2249.0,311188
311188,GS2296,2022,67708.0,311189
311194,GS2394,2022,7393.0,311195
311195,GS2395,2022,3781.0,311196
311200,GS2402,2022,126.0,311201
311201,GS2403,2022,42.0,311202
311213,GS2421,2022,1694.0,311214
311219,GS2429,2022,6643.0,311220
311223,GS2435,2022,55.0,311224
311226,GS2439,2022,4621.0,311227
311228,GS2441,2022,6827.0,311229
311230,GS2444,2022,12.0,311231
311232,GS2446,2022,70592.0,311233
311233,GS2447,2022,52910.0,311234
311237,GS2456,2022,10568.0,311238
311240,GS2460,2022,100519.0,311241
311242,GS2464,2022,1595.0,311243
311244,GS2468,2022,580.0,311245
311251,GS2479,2022,2200.0,311252
311252,GS2480,2022,862.0,311253
311253,GS2481,2022,8113.0,311254
311259,GS2487,2022,10707.0,311260
311260,GS2488,2022,8044.0,311261
311262,GS2490,2022,11800.0,311263
311266,GS2499,2022,669.0,311267
311267,GS2500,2022,56.0,311268
311268,GS2501,2022,3933.0,311269
311269,GS2502,2022,16815.0,311270
311270,GS2503,2022,7991.0,311271
311274,GS2510,2022,49829.0,311275
311278,GS2514,2022,570.0,311279
311281,GS2519,2022,41784.0,311282
311282,GS2520,2022,507.0,311283
311284,GS2525,2022,74518.0,311285
311286,GS2528,2022,865.0,311287
311293,GS2540,2022,12753.0,311294
311295,GS2542,2022,15736.0,311296
311296,GS2543,2022,1947.0,311297
311297,GS2544,2022,58345.0,311298
311298,GS2545,2022,13712.0,311299
311299,GS2546,2022,7060.0,311300
311305,GS2564,2022,21259.0,311306
311328,GS2588,2022,1050.0,311329
311333,GS2640,2022,71841.0,311334
311334,GS2641,2022,49062.0,311335
311337,GS2644,2022,107998.0,311338
311344,GS2664,2022,141561.0,311345
311345,GS2665,2022,78897.0,311346
311351,GS2679,2022,43.0,311352
311353,GS2681,2022,56468.0,311354
311354,GS2682,2022,65658.0,311355
311356,GS2684,2022,8178.0,311357
311357,GS2685,2022,3450.0,311358
311358,GS2686,2022,11580.0,311359
311359,GS2687,2022,679.0,311360
311363,GS2691,2022,89938.0,311364
311367,GS2707,2022,14833.0,311368
311380,GS2750,2022,31.0,311381
311381,GS2751,2022,4118.0,311382
311382,GS2758,2022,385655.0,311383
311383,GS2763,2022,105157.0,311384
311386,GS2766,2022,38164.0,311387
311387,GS2767,2022,45898.0,311388
311390,GS2891,2022,3622.0,311391
311391,GS2892,2022,9981.0,311392
311392,GS2893,2022,11794.0,311393
311393,GS2894,2022,13241.0,311394
311394,GS2895,2022,1283.0,311395
311395,GS2896,2022,4710.0,311396
311396,GS2898,2022,150859.0,311397
311399,GS2913,2022,36625.0,311400
311400,GS2940,2022,480129.0,311401
311401,GS2951,2022,225.0,311402
311402,GS2990,2022,29251.0,311403
311409,GS3018,2022,36.0,311410
311410,GS3023,2022,2083.0,311411
311411,GS3024,2022,7605.0,311412
311418,GS3039,2022,12311.0,311419
311421,GS3072,2022,10080.0,311422
311422,GS3077,2022,871.0,311423
311423,GS3078,2022,1938.0,311424
311425,GS3080,2022,1448.0,311426
311427,GS3105,2022,7052.0,311428
311428,GS3106,2022,7074.0,311429
311430,GS3108,2022,7539.0,311431
311442,GS3253,2022,91328.0,311443
311448,GS3262,2022,9346.0,311449
311450,GS3267,2022,1418.0,311451
311451,GS3305,2022,566.0,311452
311452,GS3306,2022,2075.0,311453
311454,GS3326,2022,118.0,311455
311460,GS3344,2022,11211.0,311461
311464,GS3363,2022,3108.0,311465
311465,GS3364,2022,12901.0,311466
311466,GS3365,2022,21627.0,311467
311467,GS3366,2022,25453.0,311468
311468,GS3367,2022,34889.0,311469
311476,GS3379,2022,89274.0,311477
311478,GS3381,2022,500.0,311479
311479,GS3404,2022,9679.0,311480
311482,GS3409,2022,18676.0,311483
311483,GS3410,2022,1419.0,311484
311486,GS3421,2022,179.0,311487
311490,GS3429,2022,76935.0,311491
311491,GS3430,2022,1899.0,311492
311492,GS3431,2022,11710.0,311493
311493,GS3432,2022,8997.0,311494
311494,GS3433,2022,1071.0,311495
311495,GS3434,2022,196000.0,311496
311496,GS3443,2022,141.0,311497
311497,GS3444,2022,11462.0,311498
311498,GS3445,2022,5201.0,311499
311499,GS3446,2022,11053.0,311500
311500,GS3447,2022,6394.0,311501
311501,GS3448,2022,13772.0,311502
311502,GS3449,2022,5039.0,311503
311503,GS3450,2022,5851.0,311504
311504,GS3451,2022,2632.0,311505
311505,GS3482,2022,273.0,311506
311511,GS3493,2022,187802.0,311512
311513,GS3509,2022,248.0,311514
311515,GS3511,2022,35281.0,311516
311519,GS3515,2022,55.0,311520
311520,GS3516,2022,18883.0,311521
311521,GS3517,2022,3830.0,311522
311522,GS3518,2022,197.0,311523
311523,GS3519,2022,197.0,311524
311524,GS3520,2022,1962.0,311525
311525,GS3521,2022,3657.0,311526
311526,GS3522,2022,2049.0,311527
311527,GS3523,2022,10497.0,311528
311528,GS3524,2022,9267.0,311529
311531,GS3544,2022,273.0,311532
311532,GS3547,2022,75579.0,311533
311533,GS3551,2022,160783.0,311534
311537,GS3560,2022,1594.0,311538
311538,GS3561,2022,4737.0,311539
311539,GS3563,2022,1491.0,311540
311540,GS3564,2022,1316.0,311541
311543,GS3567,2022,312939.0,311544
311552,GS3595,2022,500.0,311553
311554,GS3597,2022,6956.0,311555
311555,GS3598,2022,8528.0,311556
311556,GS3599,2022,8457.0,311557
311557,GS3600,2022,8504.0,311558
311558,GS3601,2022,8556.0,311559
311562,GS3618,2022,273.0,311563
311563,GS3619,2022,273.0,311564
311564,GS3620,2022,273.0,311565
311565,GS3626,2022,198.0,311566
311572,GS3705,2022,90313.0,311573
311575,GS3901,2022,356.0,311576
311578,GS3906,2022,41914.0,311579
311583,GS3945,2022,5826.0,311584
311584,GS3946,2022,4485.0,311585
311585,GS3947,2022,4037.0,311586
311591,GS3958,2022,63606.0,311592
311594,GS3965,2022,40162.0,311595
311596,GS3969,2022,94028.0,311597
311597,GS3971,2022,1050.0,311598
311600,GS3976,2022,66247.0,311601
311601,GS3992,2022,25988.0,311602
311603,GS4014,2022,21.0,311604
311605,GS4036,2022,14858.0,311606
311611,GS4195,2022,3881.0,311612
311613,GS4202,2022,613.0,311614
311614,GS4203,2022,1194.0,311615
311615,GS4205,2022,231.0,311616
311618,GS4210,2022,24254.0,311619
311620,GS4220,2022,23737.0,311621
311621,GS4221,2022,113015.0,311622
311622,GS4233,2022,44713.0,311623
311623,GS4236,2022,17174.0,311624
311624,GS4238,2022,94632.0,311625
311626,GS4240,2022,12637.0,311627
311630,GS4260,2022,1880.0,311631
311632,GS4264,2022,46536.0,311633
311633,GS4265,2022,89582.0,311634
311636,GS4270,2022,240.0,311637
311637,GS4271,2022,9940.0,311638
311639,GS4273,2022,81114.0,311640
311640,GS4288,2022,6030.0,311641
311642,GS4290,2022,19869.0,311643
311643,GS4291,2022,51414.0,311644
311644,GS4296,2022,2768.0,311645
311645,GS4300,2022,13639.0,311646
311646,GS4364,2022,1535.0,311647
311649,GS4372,2022,9984.0,311650
311650,GS4373,2022,9687.0,311651
311651,GS4374,2022,10764.0,311652
311652,GS4375,2022,9751.0,311653
311653,GS4376,2022,6929.0,311654
311654,GS4377,2022,6811.0,311655
311655,GS4378,2022,9469.0,311656
311656,GS4379,2022,7351.0,311657
311657,GS4380,2022,6640.0,311658
311658,GS4381,2022,4153.0,311659
311659,GS4382,2022,6302.0,311660
311660,GS4383,2022,6120.0,311661
311661,GS4384,2022,3155.0,311662
311662,GS4385,2022,2350.0,311663
311663,GS4386,2022,11188.0,311664
311664,GS4387,2022,6067.0,311665
311665,GS4388,2022,3546.0,311666
311666,GS4389,2022,30.0,311667
311667,GS4390,2022,204.0,311668
311668,GS4391,2022,89.0,311669
311669,GS4392,2022,12118.0,311670
311670,GS4393,2022,10061.0,311671
311671,GS4394,2022,6048.0,311672
311672,GS4395,2022,11938.0,311673
311673,GS4396,2022,12711.0,311674
311674,GS4397,2022,7105.0,311675
311675,GS4398,2022,11909.0,311676
311676,GS4399,2022,11895.0,311677
311677,GS4400,2022,11487.0,311678
311678,GS4401,2022,11125.0,311679
311679,GS4422,2022,6772.0,311680
311680,GS4423,2022,14653.0,311681
311682,GS4425,2022,314980.0,311683
311683,GS4426,2022,252447.0,311684
311687,GS4442,2022,41380.0,311688
311689,GS4446,2022,366.0,311690
311692,GS4518,2022,8371.0,311693
311693,GS4519,2022,14915.0,311694
311694,GS4530,2022,3522.0,311695
311697,GS4533,2022,16621.0,311698
311700,GS4536,2022,1907.0,311701
311705,GS4553,2022,1520.0,311706
311706,GS4557,2022,23035.0,311707
311712,GS4596,2022,12122.0,311713
311715,GS4603,2022,129533.0,311716
311716,GS4611,2022,140.0,311717
311717,GS4612,2022,1800.0,311718
311727,GS4702,2022,1818.0,311728
311728,GS4707,2022,27736.0,311729
311731,GS4797,2022,13483.0,311732
311732,GS4798,2022,12418.0,311733
311734,GS4813,2022,105697.0,311735
311740,GS4824,2022,112.0,311741
311742,GS4875,2022,28284.0,311743
311745,GS4897,2022,6132.0,311746
311746,GS4898,2022,8816.0,311747
311747,GS4899,2022,5450.0,311748
311748,GS4900,2022,149.0,311749
311749,GS4901,2022,14225.0,311750
311751,GS4906,2022,2342.0,311752
311752,GS4922,2022,1458.0,311753
311753,GS4962,2022,197027.0,311754
311758,GS5003,2022,64297.0,311759
311759,GS5007,2022,53742.0,311760
311769,GS5034,2022,7330.0,311770
311771,GS5036,2022,12829.0,311772
311773,GS5038,2022,2861.0,311774
311774,GS5039,2022,2656.0,311775
311775,GS5040,2022,5316.0,311776
311776,GS5041,2022,16812.0,311777
311777,GS5042,2022,14028.0,311778
311778,GS5043,2022,12877.0,311779
311779,GS5046,2022,44139.0,311780
311787,GS5099,2022,11190.0,311788
311788,GS5106,2022,5167.0,311789
311789,GS5107,2022,1795.0,311790
311792,GS5125,2022,260686.0,311793
311793,GS5186,2022,3406.0,311794
311794,GS5187,2022,3409.0,311795
311795,GS5188,2022,7050.0,311796
311796,GS5189,2022,2016.0,311797
311797,GS5190,2022,1361.0,311798
311798,GS5191,2022,2990.0,311799
311799,GS5192,2022,7724.0,311800
311800,GS5193,2022,6381.0,311801
311801,GS5194,2022,4488.0,311802
311802,GS5195,2022,1295.0,311803
311803,GS5196,2022,6205.0,311804
311804,GS5197,2022,3622.0,311805
311809,GS5229,2022,197432.0,311810
311810,GS5230,2022,1306.0,311811
311811,GS5244,2022,11692.0,311812
311812,GS5245,2022,17268.0,311813
311813,GS5256,2022,3225.0,311814
311816,GS5303,2022,519.0,311817
311827,GS5322,2022,6017.0,311828
311828,GS5323,2022,5964.0,311829
311829,GS5324,2022,6017.0,311830
311830,GS5325,2022,3326.0,311831
311831,GS5326,2022,6415.0,311832
311832,GS5329,2022,3625.0,311833
311833,GS5330,2022,5200.0,311834
311834,GS5331,2022,9800.0,311835
311835,GS5332,2022,2500.0,311836
311836,GS5335,2022,7463.0,311837
311838,GS5337,2022,3402.0,311839
311842,GS5341,2022,4778.0,311843
311843,GS5342,2022,940.0,311844
311844,GS5343,2022,1381.0,311845
311845,GS5344,2022,11526.0,311846
311849,GS5383,2022,17116.0,311850
311850,GS5391,2022,319.0,311851
311851,GS5392,2022,7335.0,311852
311852,GS5393,2022,3.0,311853
311854,GS5395,2022,3466.0,311855
311858,GS5417,2022,884.0,311859
311859,GS5418,2022,3765.0,311860
311860,GS5434,2022,5039.0,311861
311861,GS5437,2022,1200.0,311862
311862,GS5438,2022,1713.0,311863
311863,GS5439,2022,713.0,311864
311864,GS5440,2022,101.0,311865
311865,GS5441,2022,310.0,311866
311868,GS5444,2022,10739.0,311869
311869,GS5447,2022,36764.0,311870
311870,GS5463,2022,12714.0,311871
311871,GS5519,2022,50570.0,311872
311872,GS5523,2022,28895.0,311873
311877,GS5575,2022,9064.0,311878
311878,GS5614,2022,391201.0,311879
311880,GS5617,2022,7213.0,311881
311882,GS5624,2022,23572.0,311883
311884,GS5633,2022,1.0,311885
311885,GS5634,2022,6022.0,311886
311886,GS5635,2022,1330.0,311887
311887,GS5636,2022,5996.0,311888
311888,GS5637,2022,342.0,311889
311890,GS5642,2022,425410.0,311891
311891,GS5643,2022,8839.0,311892
311895,GS5660,2022,2434.0,311896
311896,GS5661,2022,12499.0,311897
311897,GS5662,2022,18020.0,311898
311898,GS5673,2022,3171.0,311899
311900,GS5698,2022,15389.0,311901
311901,GS5699,2022,29867.0,311902
311903,GS5780,2022,51.0,311904
311904,GS5781,2022,8586.0,311905
311905,GS5782,2022,5798.0,311906
311906,GS5783,2022,4073.0,311907
311907,GS5796,2022,784.0,311908
311908,GS5799,2022,76362.0,311909
311910,GS5801,2022,28319.0,311911
311913,GS5825,2022,7202.0,311914
311914,GS5826,2022,8062.0,311915
311915,GS5827,2022,3338.0,311916
311916,GS5830,2022,1374.0,311917
311922,GS5844,2022,1156.0,311923
311923,GS5860,2022,1686.0,311924
311924,GS5866,2022,1788.0,311925
311928,GS5889,2022,4511.0,311929
311929,GS5890,2022,5419.0,311930
311930,GS5891,2022,4654.0,311931
311931,GS5892,2022,6410.0,311932
311934,GS5923,2022,1150.0,311935
311935,GS5928,2022,121276.0,311936
311937,GS5951,2022,341.0,311938
311946,GS6004,2022,2220.0,311947
311947,GS6008,2022,84.0,311948
311952,GS6037,2022,7524.0,311953
311953,GS6038,2022,4478.0,311954
311954,GS6041,2022,4252.0,311955
311955,GS6042,2022,2223.0,311956
311959,GS6050,2022,8929.0,311960
311960,GS6051,2022,220.0,311961
311974,GS6101,2022,18420.0,311975
311983,GS6129,2022,25026.0,311984
311987,GS6152,2022,4582.0,311988
311988,GS6155,2022,48069.0,311989
311989,GS6189,2022,1327.0,311990
311991,GS6212,2022,8112.0,311992
311992,GS6235,2022,4928.0,311993
311993,GS6236,2022,4882.0,311994
311994,GS6237,2022,9158.0,311995
311996,GS6256,2022,41536.0,311997
312000,GS6275,2022,36876.0,312001
312001,GS6279,2022,9650.0,312002
312003,GS6289,2022,6270.0,312004
312005,GS6301,2022,48629.0,312006
312007,GS6338,2022,15798.0,312008
312008,GS6344,2022,5378.0,312009
312009,GS6349,2022,3251.0,312010
312010,GS6350,2022,2902.0,312011
312011,GS6351,2022,4176.0,312012
312013,GS6393,2022,23824.0,312014
312014,GS6394,2022,32496.0,312015
312015,GS6395,2022,20039.0,312016
312017,GS6411,2022,345.0,312018
312021,GS6443,2022,1703.0,312022
312022,GS6444,2022,27142.0,312023
312023,GS6445,2022,22457.0,312024
312029,GS6513,2022,9516.0,312030
312030,GS6518,2022,6334.0,312031
312031,GS6519,2022,1548.0,312032
312032,GS6520,2022,7346.0,312033
312033,GS6521,2022,2018.0,312034
312034,GS6522,2022,623.0,312035
312035,GS6523,2022,2503.0,312036
312036,GS6566,2022,224.0,312037
312037,GS6586,2022,500.0,312038
312039,GS6597,2022,10255.0,312040
312040,GS6598,2022,24004.0,312041
312041,GS6599,2022,20848.0,312042
312042,GS6600,2022,20811.0,312043
312043,GS6604,2022,11089.0,312044
312044,GS6607,2022,6647.0,312045
312046,GS6747,2022,1166.0,312047
312047,GS6748,2022,8818.0,312048
312049,GS6750,2022,952.0,312050
312051,GS6752,2022,6830.0,312052
312052,GS6753,2022,123928.0,312053
312053,GS6756,2022,3928.0,312054
312054,GS6760,2022,105688.0,312055
312055,GS6783,2022,3094.0,312056
312056,GS6784,2022,1919.0,312057
312057,GS6786,2022,416.0,312058
312058,GS6787,2022,4023.0,312059
312059,GS6788,2022,231.0,312060
312060,GS6789,2022,3283.0,312061
312061,GS6790,2022,4431.0,312062
312063,GS6830,2022,1452.0,312064
312065,GS6832,2022,76.0,312066
312066,GS6836,2022,5437.0,312067
312068,GS6838,2022,374.0,312069
312070,GS6853,2022,31782.0,312071
312071,GS6854,2022,3426.0,312072
312072,GS6855,2022,12894.0,312073
312076,GS6861,2022,19304.0,312077
312081,GS6998,2022,68.0,312082
312082,GS6999,2022,939.0,312083
312084,GS7049,2022,267205.0,312085
312085,GS7071,2022,456656.0,312086
312089,GS7090,2022,20000.0,312090
312096,GS7131,2022,136.0,312097
312097,GS7132,2022,2920.0,312098
312098,GS7133,2022,2632.0,312099
312099,GS7134,2022,3747.0,312100
312100,GS7135,2022,6444.0,312101
312101,GS7136,2022,5273.0,312102
312107,GS7147,2022,9401.0,312108
312108,GS7148,2022,4221.0,312109
312109,GS7149,2022,4221.0,312110
312110,GS7150,2022,2059.0,312111
312112,GS7152,2022,37810.0,312113
312113,GS7153,2022,7959.0,312114
312115,GS7164,2022,105645.0,312116
312116,GS7287,2022,1347.0,312117
312117,GS7288,2022,1475.0,312118
312118,GS7289,2022,1521.0,312119
312119,GS7290,2022,1759.0,312120
312120,GS7291,2022,1491.0,312121
312121,GS7292,2022,2595.0,312122
312122,GS7293,2022,6552.0,312123
312123,GS7303,2022,4000.0,312124
312124,GS7311,2022,3749.0,312125
312125,GS7312,2022,771560.0,312126
312126,GS7317,2022,8798.0,312127
312127,GS7318,2022,13436.0,312128
312128,GS7330,2022,2411.0,312129
312129,GS7331,2022,267.0,312130
312130,GS7332,2022,2282.0,312131
312131,GS7333,2022,119.0,312132
312132,GS7334,2022,319.0,312133
312133,GS7335,2022,140.0,312134
312134,GS7336,2022,119.0,312135
312135,GS7343,2022,7597.0,312136
312136,GS7345,2022,3558.0,312137
312139,GS7361,2022,31.0,312140
312140,GS7362,2022,4846.0,312141
312141,GS7363,2022,5535.0,312142
312142,GS7364,2022,3028.0,312143
312143,GS7365,2022,7101.0,312144
312144,GS7366,2022,5289.0,312145
312146,GS7368,2022,2664.0,312147
312151,GS7391,2022,6554.0,312152
312154,GS7394,2022,18152.0,312155
312155,GS7395,2022,1961.0,312156
312156,GS7396,2022,3682.0,312157
312157,GS7397,2022,2582.0,312158
312158,GS7398,2022,4350.0,312159
312159,GS7399,2022,3888.0,312160
312160,GS7400,2022,4983.0,312161
312161,GS7401,2022,4129.0,312162
312162,GS7433,2022,22176.0,312163
312163,GS7434,2022,114241.0,312164
312167,GS7438,2022,42000.0,312168
312170,GS7444,2022,4377.0,312171
312171,GS7448,2022,7830.0,312172
312172,GS7449,2022,10774.0,312173
312173,GS7450,2022,11689.0,312174
312174,GS7451,2022,9447.0,312175
312175,GS7452,2022,6790.0,312176
312176,GS7453,2022,4214.0,312177
312177,GS7454,2022,5112.0,312178
312187,GS7465,2022,15566.0,312188
312188,GS7466,2022,41833.0,312189
312189,GS7467,2022,8445.0,312190
312190,GS7468,2022,336904.0,312191
312191,GS7469,2022,131126.0,312192
312192,GS7470,2022,5879.0,312193
312193,GS7471,2022,5080.0,312194
312194,GS7472,2022,4334.0,312195
312195,GS7473,2022,3069.0,312196
312196,GS7474,2022,1691.0,312197
312197,GS7475,2022,2987.0,312198
312198,GS7476,2022,6972.0,312199
312199,GS7477,2022,8757.0,312200
312200,GS7478,2022,5769.0,312201
312201,GS7479,2022,5071.0,312202
312202,GS7480,2022,5492.0,312203
312203,GS7481,2022,253.0,312204
312204,GS7482,2022,13.0,312205
312205,GS7483,2022,4088.0,312206
312206,GS7484,2022,2938.0,312207
312215,GS7493,2022,17089.0,312216
312216,GS7495,2022,37769.0,312217
312226,GS7506,2022,14587.0,312227
312227,GS7507,2022,10708.0,312228
312230,GS7510,2022,10129.0,312231
312231,GS7512,2022,12282.0,312232
312250,GS7531,2022,578.0,312251
312251,GS7532,2022,184267.0,312252
312252,GS7533,2022,59948.0,312253
312253,GS7534,2022,3000.0,312254
312256,GS7538,2022,307992.0,312257
312257,GS7539,2022,11298.0,312258
312262,GS7544,2022,5277.0,312263
312265,GS7547,2022,207904.0,312266
312267,GS7549,2022,720.0,312268
312271,GS7553,2022,941.0,312272
312274,GS7556,2022,10012.0,312275
312279,GS7561,2022,4297.0,312280
312284,GS7566,2022,931.0,312285
312285,GS7567,2022,1781.0,312286
312288,GS7570,2022,17607.0,312289
312289,GS7571,2022,19311.0,312290
312290,GS7572,2022,30132.0,312291
312293,GS7576,2022,39644.0,312294
312297,GS7580,2022,2604.0,312298
312298,GS7581,2022,3051.0,312299
312299,GS7582,2022,2607.0,312300
312300,GS7583,2022,2371.0,312301
312301,GS7584,2022,2702.0,312302
312302,GS7585,2022,2509.0,312303
312304,GS7587,2022,430.0,312305
312309,GS7592,2022,29570.0,312310
312310,GS7593,2022,3953.0,312311
312311,GS7594,2022,6055.0,312312
312321,GS7604,2022,24913.0,312322
312322,GS7605,2022,2289.0,312323
312323,GS7606,2022,19916.0,312324
312335,GS7620,2022,1382.0,312336
312343,GS7628,2022,70.0,312344
312344,GS7629,2022,57.0,312345
312352,GS7637,2022,22075.0,312353
312353,GS7638,2022,23077.0,312354
312354,GS7639,2022,84.0,312355
312356,GS7641,2022,15038.0,312357
312359,GS7644,2022,6291.0,312360
312373,GS7671,2022,2409.0,312374
312426,GS7724,2022,137701.0,312427
312428,GS7726,2022,19352.0,312429
312436,GS7737,2022,267.0,312437
312466,GS7783,2022,5000.0,312467
312489,GS10220,2022,9156.0,312490
312490,GS10309,2022,197.0,312491
312492,GS10355,2022,1011.0,312493
312493,GS10410,2022,1418.0,312494
312494,GS10411,2022,10266.0,312495
312503,GS10656,2022,104942.0,312504
312504,GS10657,2022,9518.0,312505
312505,GS10658,2022,8538.0,312506
312506,GS10659,2022,10517.0,312507
312507,GS10661,2022,104822.0,312508
312508,GS10662,2022,140236.0,312509
312531,GS10718,2022,1434.0,312532
312546,GS10735,2022,5.0,312547
312555,GS10777,2022,4540.0,312556
312556,GS10778,2022,8789.0,312557
312557,GS10779,2022,5740.0,312558
312558,GS10780,2022,2678.0,312559
312559,GS10781,2022,2344.0,312560
312560,GS10782,2022,29421.0,312561
312561,GS10783,2022,10000.0,312562
312562,GS10784,2022,9688.0,312563
312567,GS10790,2022,43736.0,312568
312576,GS10799,2022,1139.0,312577
312577,GS10800,2022,1115.0,312578
312578,GS10801,2022,246.0,312579
312579,GS10802,2022,4293.0,312580
312580,GS10803,2022,3056.0,312581
312581,GS10804,2022,5010.0,312582
312582,GS10805,2022,6068.0,312583
312610,GS10872,2022,9036.0,312611
312611,GS10873,2022,10000.0,312612
312620,GS10886,2022,51028.0,312621
312628,GS10899,2022,10291.0,312629
312629,GS10900,2022,465.0,312630
312630,GS10901,2022,465.0,312631
312631,GS10902,2022,465.0,312632
312632,GS10903,2022,19744.0,312633
312633,GS10904,2022,17337.0,312634
312634,GS10905,2022,465.0,312635
312635,GS10906,2022,465.0,312636
312636,GS10907,2022,465.0,312637
312637,GS10908,2022,765.0,312638
312638,GS10909,2022,465.0,312639
312639,GS10910,2022,13465.0,312640
312640,GS10911,2022,16845.0,312641
312641,GS10912,2022,18879.0,312642
312642,GS10913,2022,362.0,312643
312643,GS10914,2022,4402.0,312644
312644,GS10915,2022,18118.0,312645
312645,GS10916,2022,18118.0,312646
312646,GS10917,2022,14850.0,312647
312647,GS10918,2022,4528.0,312648
312650,GS10921,2022,1017.0,312651
312673,GS10976,2022,66830.0,312674
312674,GS10977,2022,40000.0,312675
312675,GS10978,2022,15000.0,312676
312679,GS10982,2022,30178.0,312680
312683,GS10987,2022,12450.0,312684
312853,GS11207,2022,27671.0,312854
312867,GS11222,2022,12235.0,312868
312882,GS11238,2022,50000.0,312883
312883,GS11239,2022,50000.0,312884
312900,GS11259,2022,52916.0,312901
312901,GS11260,2022,48909.0,312902
312902,GS11261,2022,51406.0,312903
312903,GS11262,2022,52130.0,312904
312904,GS11263,2022,52931.0,312905
312905,GS11264,2022,40821.0,312906
312906,GS11265,2022,57528.0,312907
312907,GS11266,2022,54549.0,312908
312908,GS11267,2022,52386.0,312909
312909,GS11268,2022,36424.0,312910
312919,GS11278,2022,14000.0,312920
312920,GS11279,2022,10000.0,312921
312923,GS11282,2022,52032.0,312924
312924,GS11283,2022,53954.0,312925
312925,GS11284,2022,53854.0,312926
312926,GS11285,2022,54250.0,312927
312927,GS11286,2022,43499.0,312928
312930,GS11289,2022,36738.0,312931
312931,GS11290,2022,50534.0,312932
312932,GS11291,2022,55139.0,312933
312933,GS11292,2022,5456.0,312934
312935,GS11294,2022,5190.0,312936
312942,GS11301,2022,14653.0,312943
312943,GS11302,2022,54633.0,312944
312944,GS11303,2022,55714.0,312945
312973,GS11334,2022,12499.0,312974
314831,VCS5,2022,12901.0,314832
314834,VCS8,2022,19958.0,314835
314836,VCS10,2022,1180745.0,314837
314838,VCS12,2022,43141.0,314839
314855,VCS30,2022,96.0,314856
314857,VCS33,2022,49807.0,314858
314858,VCS34,2022,38061.0,314859
314861,VCS37,2022,634.0,314862
314863,VCS39,2022,2.0,314864
314875,VCS51,2022,93387.0,314876
314877,VCS53,2022,104.0,314878
314878,VCS54,2022,72984.0,314879
314888,VCS64,2022,47978.0,314889
314889,VCS65,2022,4598.0,314890
314892,VCS68,2022,1093390.0,314893
314905,VCS82,2022,15048.0,314906
314906,VCS83,2022,907.0,314907
314907,VCS84,2022,160801.0,314908
314913,VCS90,2022,1000.0,314914
314914,VCS91,2022,33726.0,314915
314915,VCS92,2022,1910529.0,314916
314916,VCS93,2022,262624.0,314917
314920,VCS97,2022,71.0,314921
314921,VCS98,2022,6337.0,314922
314924,VCS101,2022,14.0,314925
314929,VCS106,2022,1.0,314930
314934,VCS111,2022,7000.0,314935
314942,VCS120,2022,107883.0,314943
314948,VCS127,2022,500.0,314949
314949,VCS128,2022,5297.0,314950
314954,VCS133,2022,25.0,314955
314959,VCS138,2022,21300.0,314960
314963,VCS142,2022,123445.0,314964
314964,VCS143,2022,38910.0,314965
314965,VCS144,2022,24207.0,314966
314969,VCS148,2022,4985.0,314970
314973,VCS152,2022,84.0,314974
314974,VCS153,2022,636.0,314975
314979,VCS158,2022,21514.0,314980
314980,VCS159,2022,792.0,314981
314986,VCS166,2022,403.0,314987
314993,VCS173,2022,759043.0,314994
314997,VCS177,2022,31.0,314998
315001,VCS181,2022,566.0,315002
315004,VCS184,2022,1.0,315005
315005,VCS185,2022,5666.0,315006
315009,VCS191,2022,3191377.0,315010
315010,VCS192,2022,759540.0,315011
315013,VCS195,2022,2446.0,315014
315016,VCS198,2022,52936.0,315017
315017,VCS199,2022,19.0,315018
315019,VCS201,2022,10526.0,315020
315020,VCS202,2022,21031.0,315021
315021,VCS203,2022,1527.0,315022
315029,VCS211,2022,2375.0,315030
315031,VCS213,2022,2651.0,315032
315035,VCS217,2022,430.0,315036
315039,VCS221,2022,2103.0,315040
315040,VCS222,2022,2446.0,315041
315043,VCS225,2022,9202.0,315044
315050,VCS232,2022,584.0,315051
315063,VCS245,2022,7002.0,315064
315067,VCS249,2022,137094.0,315068
315069,VCS251,2022,3692.0,315070
315071,VCS253,2022,1.0,315072
315073,VCS255,2022,15000.0,315074
315082,VCS264,2022,843.0,315083
315083,VCS265,2022,1056.0,315084
315084,VCS266,2022,24645.0,315085
315085,VCS267,2022,222.0,315086
315086,VCS268,2022,28506.0,315087
315087,VCS269,2022,3510.0,315088
315091,VCS273,2022,1429.0,315092
315102,VCS284,2022,1101.0,315103
315108,VCS290,2022,14859.0,315109
315110,VCS292,2022,307565.0,315111
315111,VCS293,2022,3112.0,315112
315114,VCS296,2022,1.0,315115
315116,VCS298,2022,28209.0,315117
315119,VCS301,2022,388.0,315120
315120,VCS302,2022,16128.0,315121
315122,VCS304,2022,153399.0,315123
315127,VCS309,2022,20089.0,315128
315135,VCS318,2022,31329.0,315136
315137,VCS320,2022,5173.0,315138
315141,VCS324,2022,35564.0,315142
315143,VCS326,2022,2000.0,315144
315146,VCS329,2022,783.0,315147
315149,VCS332,2022,4370.0,315150
315151,VCS334,2022,3329.0,315152
315152,VCS335,2022,17532.0,315153
315153,VCS336,2022,21484.0,315154
315154,VCS337,2022,71421.0,315155
315155,VCS338,2022,9234.0,315156
315162,VCS345,2022,51059.0,315163
315164,VCS347,2022,18133.0,315165
315166,VCS349,2022,4085.0,315167
315171,VCS354,2022,2525.0,315172
315187,VCS370,2022,60709.0,315188
315188,VCS371,2022,146.0,315189
315193,VCS376,2022,64.0,315194
315197,VCS380,2022,50814.0,315198
315198,VCS381,2022,2420.0,315199
315201,VCS384,2022,889.0,315202
315202,VCS385,2022,843.0,315203
315204,VCS387,2022,20705.0,315205
315208,VCS391,2022,76088.0,315209
315215,VCS398,2022,1926.0,315216
315217,VCS400,2022,498369.0,315218
315220,VCS403,2022,234796.0,315221
315221,VCS404,2022,8093.0,315222
315222,VCS405,2022,59890.0,315223
315226,VCS409,2022,1.0,315227
315228,VCS411,2022,48293.0,315229
315229,VCS412,2022,103633.0,315230
315230,VCS413,2022,297113.0,315231
315231,VCS414,2022,144007.0,315232
315232,VCS415,2022,64661.0,315233
315233,VCS416,2022,65122.0,315234
315234,VCS417,2022,20445.0,315235
315242,VCS425,2022,1860.0,315243
315243,VCS426,2022,46.0,315244
315244,VCS427,2022,40396.0,315245
315245,VCS428,2022,45683.0,315246
315246,VCS429,2022,11976.0,315247
315247,VCS430,2022,38106.0,315248
315249,VCS432,2022,408398.0,315250
315255,VCS438,2022,174322.0,315256
315256,VCS439,2022,2.0,315257
315258,VCS441,2022,73265.0,315259
315265,VCS448,2022,31322.0,315266
315267,VCS450,2022,2691.0,315268
315272,VCS455,2022,22824.0,315273
315273,VCS456,2022,45331.0,315274
315275,VCS458,2022,83191.0,315276
315285,VCS468,2022,68925.0,315286
315288,VCS471,2022,200.0,315289
315293,VCS476,2022,115007.0,315294
315300,VCS483,2022,3562.0,315301
315301,VCS484,2022,55.0,315302
315303,VCS486,2022,538954.0,315304
315304,VCS487,2022,908420.0,315305
315305,VCS488,2022,133381.0,315306
315306,VCS489,2022,22984.0,315307
315311,VCS494,2022,341408.0,315312
315312,VCS495,2022,13444.0,315313
315313,VCS496,2022,10698.0,315314
315315,VCS498,2022,390.0,315316
315316,VCS499,2022,590.0,315317
315317,VCS500,2022,14548.0,315318
315318,VCS501,2022,6301.0,315319
315321,VCS504,2022,53552.0,315322
315323,VCS506,2022,24858.0,315324
315330,VCS513,2022,45159.0,315331
315339,VCS522,2022,18606.0,315340
315352,VCS535,2022,134631.0,315353
315353,VCS536,2022,362969.0,315354
315357,VCS540,2022,115765.0,315358
315360,VCS543,2022,600.0,315361
315361,VCS544,2022,230482.0,315362
315363,VCS546,2022,29886.0,315364
315375,VCS558,2022,6374.0,315376
315379,VCS562,2022,216094.0,315380
315380,VCS563,2022,125.0,315381
315383,VCS566,2022,612.0,315384
315389,VCS572,2022,226.0,315390
315390,VCS573,2022,306.0,315391
315401,VCS584,2022,130238.0,315402
315404,VCS587,2022,749.0,315405
315406,VCS589,2022,1088.0,315407
315412,VCS595,2022,666.0,315413
315424,VCS607,2022,365653.0,315425
315429,VCS612,2022,1268424.0,315430
315435,VCS618,2022,114909.0,315436
315436,VCS619,2022,69211.0,315437
315437,VCS620,2022,56044.0,315438
315443,VCS626,2022,66645.0,315444
315448,VCS631,2022,16703.0,315449
315455,VCS638,2022,4047.0,315456
315456,VCS639,2022,728.0,315457
315457,VCS640,2022,67758.0,315458
315458,VCS641,2022,3.0,315459
315464,VCS647,2022,16588.0,315465
315470,VCS653,2022,270067.0,315471
315473,VCS656,2022,69.0,315474
315482,VCS665,2022,81342.0,315483
315483,VCS666,2022,112765.0,315484
315484,VCS667,2022,92469.0,315485
315486,VCS669,2022,401197.0,315487
315487,VCS670,2022,32212.0,315488
315490,VCS673,2022,59081.0,315491
315491,VCS674,2022,2828336.0,315492
315493,VCS676,2022,192520.0,315494
315495,VCS678,2022,47309.0,315496
315499,VCS682,2022,31127.0,315500
315505,VCS688,2022,25641.0,315506
315506,VCS689,2022,45.0,315507
315510,VCS693,2022,235.0,315511
315514,VCS697,2022,22208.0,315515
315516,VCS699,2022,64.0,315517
315517,VCS700,2022,20405.0,315518
315518,VCS701,2022,13415.0,315519
315520,VCS703,2022,5.0,315521
315523,VCS706,2022,47486.0,315524
315525,VCS708,2022,64679.0,315526
315526,VCS709,2022,54.0,315527
315529,VCS713,2022,9300.0,315530
315533,VCS717,2022,115820.0,315534
315538,VCS722,2022,34.0,315539
315540,VCS724,2022,16046.0,315541
315542,VCS726,2022,1036.0,315543
315543,VCS727,2022,124967.0,315544
315544,VCS728,2022,242826.0,315545
315549,VCS733,2022,2200.0,315550
315552,VCS736,2022,46416.0,315553
315553,VCS737,2022,242212.0,315554
315556,VCS740,2022,49242.0,315557
315564,VCS749,2022,1.0,315565
315565,VCS750,2022,8000.0,315566
315566,VCS751,2022,77986.0,315567
315568,VCS753,2022,42964.0,315569
315571,VCS756,2022,216046.0,315572
315575,VCS760,2022,20000.0,315576
315577,VCS762,2022,807.0,315578
315579,VCS764,2022,80000.0,315580
315581,VCS766,2022,1718270.0,315582
315588,VCS773,2022,6636.0,315589
315595,VCS780,2022,209618.0,315596
315599,VCS784,2022,42220.0,315600
315601,VCS786,2022,2613405.0,315602
315603,VCS788,2022,67625.0,315604
315605,VCS790,2022,25153.0,315606
315609,VCS794,2022,16253.0,315610
315611,VCS796,2022,95601.0,315612
315613,VCS798,2022,7960.0,315614
315614,VCS799,2022,105156.0,315615
315623,VCS808,2022,1684.0,315624
315625,VCS810,2022,50427.0,315626
315627,VCS812,2022,42730.0,315628
315629,VCS814,2022,109367.0,315630
315632,VCS817,2022,202119.0,315633
315638,VCS823,2022,142107.0,315639
315639,VCS824,2022,20958.0,315640
315640,VCS825,2022,57000.0,315641
315646,VCS831,2022,20000.0,315647
315647,VCS832,2022,149056.0,315648
315648,VCS833,2022,18776.0,315649
315649,VCS834,2022,1324.0,315650
315651,VCS836,2022,5004.0,315652
315652,VCS837,2022,11515.0,315653
315659,VCS844,2022,1262772.0,315660
315664,VCS849,2022,272090.0,315665
315665,VCS850,2022,232721.0,315666
315667,VCS852,2022,2091.0,315668
315671,VCS856,2022,772.0,315672
315683,VCS868,2022,558246.0,315684
315687,VCS872,2022,1904.0,315688
315690,VCS875,2022,408848.0,315691
315697,VCS882,2022,57473.0,315698
315702,VCS887,2022,63116.0,315703
315707,VCS892,2022,48017.0,315708
315711,VCS896,2022,445494.0,315712
315714,VCS899,2022,272363.0,315715
315715,VCS900,2022,47924.0,315716
315716,VCS901,2022,500.0,315717
315717,VCS902,2022,4752354.0,315718
315718,VCS903,2022,479243.0,315719
315720,VCS905,2022,17882.0,315721
315725,VCS910,2022,295732.0,315726
315726,VCS911,2022,273.0,315727
315727,VCS912,2022,13329.0,315728
315732,VCS917,2022,415238.0,315733
315735,VCS920,2022,1667.0,315736
315736,VCS921,2022,42774.0,315737
315739,VCS924,2022,90672.0,315740
315740,VCS925,2022,38040.0,315741
315741,VCS926,2022,50016.0,315742
315742,VCS927,2022,111406.0,315743
315743,VCS928,2022,302665.0,315744
315744,VCS929,2022,192970.0,315745
315749,VCS934,2022,463922.0,315750
315750,VCS935,2022,46175.0,315751
315751,VCS936,2022,3375.0,315752
315752,VCS937,2022,3739.0,315753
315753,VCS938,2022,1097.0,315754
315756,VCS941,2022,4024.0,315757
315759,VCS944,2022,276144.0,315760
315760,VCS945,2022,7104.0,315761
315762,VCS947,2022,49086.0,315763
315772,VCS957,2022,6.0,315773
315773,VCS958,2022,33172.0,315774
315774,VCS959,2022,1062519.0,315775
315775,VCS960,2022,85224.0,315776
315776,VCS961,2022,120675.0,315777
315777,VCS962,2022,84107.0,315778
315779,VCS964,2022,32344.0,315780
315783,VCS968,2022,4005.0,315784
315786,VCS971,2022,101744.0,315787
315789,VCS974,2022,38891.0,315790
315790,VCS975,2022,40242.0,315791
315792,VCS977,2022,644796.0,315793
315796,VCS981,2022,1559118.0,315797
315797,VCS982,2022,1552.0,315798
315800,VCS985,2022,2588234.0,315801
315801,VCS986,2022,2138.0,315802
315802,VCS987,2022,307099.0,315803
315808,VCS993,2022,15842.0,315809
315809,VCS994,2022,8469.0,315810
315810,VCS995,2022,5618.0,315811
315811,VCS996,2022,82000.0,315812
315816,VCS1001,2022,146593.0,315817
315817,VCS1002,2022,209593.0,315818
315834,VCS1020,2022,6254.0,315835
315835,VCS1021,2022,44627.0,315836
315836,VCS1022,2022,6920.0,315837
315837,VCS1023,2022,47848.0,315838
315838,VCS1024,2022,14155.0,315839
315840,VCS1026,2022,554.0,315841
315846,VCS1032,2022,11804.0,315847
315850,VCS1036,2022,36766.0,315851
315851,VCS1037,2022,1860895.0,315852
315852,VCS1038,2022,393.0,315853
315855,VCS1041,2022,4000.0,315856
315858,VCS1044,2022,1642.0,315859
315859,VCS1045,2022,173393.0,315860
315869,VCS1055,2022,508251.0,315870
315874,VCS1060,2022,38111.0,315875
315875,VCS1061,2022,6.0,315876
315877,VCS1063,2022,7405.0,315878
315881,VCS1067,2022,356108.0,315882
315882,VCS1068,2022,2236.0,315883
315884,VCS1070,2022,4589.0,315885
315891,VCS1077,2022,6736.0,315892
315893,VCS1079,2022,32.0,315894
315895,VCS1081,2022,3339.0,315896
315896,VCS1082,2022,3604.0,315897
315898,VCS1084,2022,649.0,315899
315899,VCS1085,2022,40179.0,315900
315902,VCS1088,2022,14622.0,315903
315903,VCS1089,2022,5049.0,315904
315908,VCS1094,2022,208863.0,315909
315914,VCS1100,2022,185406.0,315915
315925,VCS1111,2022,24188.0,315926
315926,VCS1112,2022,98584.0,315927
315927,VCS1113,2022,305426.0,315928
315928,VCS1114,2022,2638.0,315929
315929,VCS1115,2022,233994.0,315930
315935,VCS1121,2022,36867.0,315936
315941,VCS1127,2022,2857.0,315942
315942,VCS1128,2022,12263.0,315943
315947,VCS1133,2022,59916.0,315948
315949,VCS1135,2022,2692.0,315950
315951,VCS1137,2022,26.0,315952
315954,VCS1140,2022,26619.0,315955
315955,VCS1141,2022,156979.0,315956
315957,VCS1143,2022,94330.0,315958
315958,VCS1144,2022,2648.0,315959
315960,VCS1146,2022,2336441.0,315961
315966,VCS1152,2022,58993.0,315967
315973,VCS1160,2022,64738.0,315974
315975,VCS1162,2022,55837.0,315976
315976,VCS1163,2022,159845.0,315977
315979,VCS1166,2022,47827.0,315980
315981,VCS1168,2022,379545.0,315982
315988,VCS1175,2022,2322.0,315989
315994,VCS1181,2022,209014.0,315995
315995,VCS1182,2022,100.0,315996
315998,VCS1185,2022,7641.0,315999
315999,VCS1186,2022,275297.0,316000
316000,VCS1187,2022,175217.0,316001
316001,VCS1188,2022,384223.0,316002
316002,VCS1189,2022,427368.0,316003
316003,VCS1190,2022,143888.0,316004
316004,VCS1191,2022,243781.0,316005
316007,VCS1194,2022,360.0,316008
316008,VCS1195,2022,112229.0,316009
316010,VCS1197,2022,130413.0,316011
316011,VCS1198,2022,333982.0,316012
316012,VCS1199,2022,49860.0,316013
316013,VCS1200,2022,50000.0,316014
316014,VCS1201,2022,262065.0,316015
316015,VCS1202,2022,199261.0,316016
316016,VCS1203,2022,9395.0,316017
316017,VCS1204,2022,71330.0,316018
316018,VCS1205,2022,458501.0,316019
316020,VCS1207,2022,34850.0,316021
316021,VCS1208,2022,21208.0,316022
316022,VCS1209,2022,21571.0,316023
316023,VCS1210,2022,50123.0,316024
316024,VCS1211,2022,32148.0,316025
316027,VCS1214,2022,134277.0,316028
316028,VCS1215,2022,30028.0,316029
316029,VCS1216,2022,9485.0,316030
316030,VCS1217,2022,30258.0,316031
316031,VCS1218,2022,26436.0,316032
316034,VCS1221,2022,828.0,316035
316038,VCS1225,2022,28702.0,316039
316041,VCS1228,2022,9160.0,316042
316043,VCS1230,2022,2145.0,316044
316046,VCS1233,2022,8591.0,316047
316049,VCS1236,2022,35544.0,316050
316053,VCS1240,2022,275155.0,316054
316054,VCS1241,2022,27845.0,316055
316055,VCS1242,2022,86187.0,316056
316060,VCS1247,2022,13557.0,316061
316063,VCS1250,2022,247.0,316064
316065,VCS1252,2022,5552.0,316066
316066,VCS1253,2022,11634.0,316067
316070,VCS1257,2022,134758.0,316071
316071,VCS1258,2022,676893.0,316072
316072,VCS1259,2022,1810.0,316073
316074,VCS1261,2022,185049.0,316075
316102,VCS1289,2022,3643.0,316103
316104,VCS1291,2022,433033.0,316105
316109,VCS1297,2022,630.0,316110
316112,VCS1300,2022,29506.0,316113
316113,VCS1301,2022,84079.0,316114
316120,VCS1308,2022,4048.0,316121
316122,VCS1310,2022,193846.0,316123
316123,VCS1311,2022,806.0,316124
316130,VCS1318,2022,78075.0,316131
316131,VCS1319,2022,25520.0,316132
316134,VCS1322,2022,163988.0,316135
316137,VCS1325,2022,22182.0,316138
316140,VCS1328,2022,2202.0,316141
316141,VCS1329,2022,162937.0,316142
316142,VCS1330,2022,30055.0,316143
316150,VCS1338,2022,129798.0,316151
316152,VCS1340,2022,2118460.0,316153
316154,VCS1342,2022,17731.0,316155
316156,VCS1344,2022,50000.0,316157
316157,VCS1345,2022,292613.0,316158
316158,VCS1346,2022,141433.0,316159
316160,VCS1348,2022,42263.0,316161
316161,VCS1349,2022,21723.0,316162
316164,VCS1352,2022,157250.0,316165
316165,VCS1353,2022,925998.0,316166
316166,VCS1354,2022,926.0,316167
316167,VCS1355,2022,340.0,316168
316168,VCS1356,2022,205436.0,316169
316171,VCS1359,2022,88236.0,316172
316172,VCS1360,2022,81697.0,316173
316173,VCS1361,2022,94.0,316174
316174,VCS1362,2022,223962.0,316175
316180,VCS1368,2022,7898.0,316181
316189,VCS1377,2022,16109.0,316190
316190,VCS1378,2022,103159.0,316191
316194,VCS1382,2022,539757.0,316195
316198,VCS1386,2022,10000.0,316199
316199,VCS1387,2022,100.0,316200
316201,VCS1389,2022,174182.0,316202
316202,VCS1390,2022,49143.0,316203
316203,VCS1391,2022,433.0,316204
316204,VCS1392,2022,343.0,316205
316207,VCS1395,2022,90248.0,316208
316208,VCS1396,2022,50239.0,316209
316211,VCS1399,2022,39638.0,316212
316212,VCS1400,2022,4513.0,316213
316216,VCS1404,2022,172905.0,316217
316218,VCS1406,2022,359826.0,316219
316219,VCS1407,2022,85414.0,316220
316220,VCS1408,2022,297849.0,316221
316225,VCS1413,2022,99033.0,316226
316229,VCS1417,2022,2644.0,316230
316230,VCS1418,2022,1.0,316231
316231,VCS1419,2022,5795.0,316232
316235,VCS1423,2022,165435.0,316236
316236,VCS1424,2022,324737.0,316237
316237,VCS1425,2022,46886.0,316238
316253,VCS1442,2022,10595.0,316254
316255,VCS1444,2022,194166.0,316256
316257,VCS1446,2022,414462.0,316258
316258,VCS1447,2022,514117.0,316259
316264,VCS1453,2022,404826.0,316265
316272,VCS1461,2022,274375.0,316273
316273,VCS1463,2022,208.0,316274
316274,VCS1464,2022,616611.0,316275
316275,VCS1465,2022,6601.0,316276
316277,VCS1468,2022,484412.0,316278
316284,VCS1477,2022,3307923.0,316285
316285,VCS1478,2022,149.0,316286
316286,VCS1479,2022,99980.0,316287
316287,VCS1480,2022,109325.0,316288
316288,VCS1481,2022,264009.0,316289
316289,VCS1482,2022,75873.0,316290
316290,VCS1483,2022,8576.0,316291
316292,VCS1485,2022,5000.0,316293
316298,VCS1493,2022,56250.0,316299
316302,VCS1497,2022,325966.0,316303
316304,VCS1499,2022,10030.0,316305
316308,VCS1503,2022,34308.0,316309
316309,VCS1504,2022,203.0,316310
316310,VCS1505,2022,6129.0,316311
316311,VCS1506,2022,34725.0,316312
316313,VCS1508,2022,28051.0,316314
316315,VCS1510,2022,20211.0,316316
316320,VCS1516,2022,12957.0,316321
316321,VCS1517,2022,13438.0,316322
316323,VCS1519,2022,112048.0,316324
316324,VCS1520,2022,129579.0,316325
316325,VCS1521,2022,237850.0,316326
316326,VCS1522,2022,122436.0,316327
316327,VCS1523,2022,86714.0,316328
316329,VCS1525,2022,430.0,316330
316333,VCS1529,2022,63369.0,316334
316334,VCS1530,2022,117222.0,316335
316335,VCS1532,2022,81785.0,316336
316338,VCS1535,2022,9966.0,316339
316341,VCS1538,2022,28887.0,316342
316343,VCS1541,2022,36558.0,316344
316344,VCS1542,2022,64412.0,316345
316348,VCS1546,2022,145684.0,316349
316349,VCS1547,2022,6610.0,316350
316351,VCS1549,2022,24807.0,316352
316353,VCS1551,2022,12350.0,316354
316358,VCS1558,2022,1444.0,316359
316360,VCS1560,2022,794426.0,316361
316365,VCS1566,2022,278329.0,316366
316366,VCS1567,2022,103554.0,316367
316368,VCS1569,2022,21486.0,316369
316369,VCS1570,2022,10901.0,316370
316370,VCS1571,2022,58898.0,316371
316372,VCS1574,2022,356812.0,316373
316373,VCS1577,2022,59743.0,316374
316375,VCS1579,2022,49316.0,316376
316376,VCS1580,2022,698652.0,316377
316380,VCS1587,2022,27381.0,316381
316382,VCS1622,2022,710512.0,316383
316386,VCS1644,2022,959.0,316387
316387,VCS1650,2022,342706.0,316388
316390,VCS1654,2022,5586.0,316391
316391,VCS1656,2022,2147.0,316392
316395,VCS1660,2022,90697.0,316396
316396,VCS1661,2022,66239.0,316397
316398,VCS1663,2022,27112.0,316399
316399,VCS1664,2022,53701.0,316400
316403,VCS1669,2022,240113.0,316404
316404,VCS1670,2022,42048.0,316405
316405,VCS1671,2022,5460.0,316406
316409,VCS1675,2022,1672.0,316410
316419,VCS1685,2022,25269.0,316420
316420,VCS1686,2022,266949.0,316421
316422,VCS1689,2022,6715.0,316423
316423,VCS1690,2022,1500.0,316424
316428,VCS1696,2022,244.0,316429
316441,VCS1712,2022,3923.0,316442
316442,VCS1715,2022,189768.0,316443
316443,VCS1716,2022,12052.0,316444
316444,VCS1718,2022,130996.0,316445
316445,VCS1719,2022,810.0,316446
316446,VCS1720,2022,4095.0,316447
316447,VCS1721,2022,213753.0,316448
316448,VCS1723,2022,27178.0,316449
316450,VCS1728,2022,1100125.0,316451
316452,VCS1731,2022,20162.0,316453
316453,VCS1732,2022,350.0,316454
316454,VCS1733,2022,46605.0,316455
316455,VCS1734,2022,53630.0,316456
316456,VCS1735,2022,37581.0,316457
316457,VCS1736,2022,17400.0,316458
316459,VCS1739,2022,2964.0,316460
316460,VCS1740,2022,252937.0,316461
316461,VCS1741,2022,957.0,316462
316462,VCS1742,2022,1413123.0,316463
316466,VCS1746,2022,379096.0,316467
316467,VCS1748,2022,1154499.0,316468
316470,VCS1752,2022,19375.0,316471
316471,VCS1753,2022,150616.0,316472
316473,VCS1758,2022,35351.0,316474
316474,VCS1759,2022,19541.0,316475
316476,VCS1762,2022,66777.0,316477
316477,VCS1764,2022,43433.0,316478
316479,VCS1766,2022,5785.0,316480
316480,VCS1767,2022,138933.0,316481
316481,VCS1768,2022,406015.0,316482
316482,VCS1769,2022,9894.0,316483
316483,VCS1770,2022,2289.0,316484
316484,VCS1771,2022,58792.0,316485
316486,VCS1774,2022,28102.0,316487
316487,VCS1775,2022,1603137.0,316488
316488,VCS1776,2022,45000.0,316489
316490,VCS1781,2022,19516.0,316491
316491,VCS1782,2022,112143.0,316492
316492,VCS1783,2022,15000.0,316493
316493,VCS1784,2022,90076.0,316494
316494,VCS1786,2022,497670.0,316495
316495,VCS1787,2022,5000.0,316496
316496,VCS1788,2022,29808.0,316497
316498,VCS1790,2022,89619.0,316499
316499,VCS1791,2022,30582.0,316500
316500,VCS1792,2022,709302.0,316501
316501,VCS1793,2022,30020.0,316502
316504,VCS1797,2022,100000.0,316505
316507,VCS1800,2022,10.0,316508
316511,VCS1805,2022,3130410.0,316512
316516,VCS1811,2022,70255.0,316517
316517,VCS1812,2022,807581.0,316518
316519,VCS1815,2022,445751.0,316520
316520,VCS1816,2022,31449.0,316521
316522,VCS1819,2022,32451.0,316523
316523,VCS1820,2022,39153.0,316524
316525,VCS1822,2022,47430.0,316526
316526,VCS1823,2022,32951.0,316527
316527,VCS1824,2022,141911.0,316528
316528,VCS1825,2022,38133.0,316529
316529,VCS1826,2022,7500.0,316530
316533,VCS1830,2022,16118.0,316534
316534,VCS1831,2022,42708.0,316535
316535,VCS1832,2022,9097.0,316536
316540,VCS1839,2022,3145.0,316541
316543,VCS1842,2022,107152.0,316544
316545,VCS1844,2022,71174.0,316546
316548,VCS1847,2022,246522.0,316549
316552,VCS1851,2022,2698838.0,316553
316555,VCS1854,2022,24905.0,316556
316556,VCS1855,2022,168460.0,316557
316557,VCS1856,2022,65026.0,316558
316558,VCS1857,2022,5910.0,316559
316559,VCS1859,2022,71254.0,316560
316560,VCS1860,2022,27154.0,316561
316563,VCS1863,2022,2235.0,316564
316565,VCS1865,2022,116119.0,316566
316566,VCS1866,2022,84400.0,316567
316567,VCS1867,2022,366616.0,316568
316570,VCS1870,2022,27.0,316571
316574,VCS1875,2022,8621.0,316575
316577,VCS1879,2022,2542.0,316578
316579,VCS1882,2022,79823.0,316580
316580,VCS1883,2022,6165.0,316581
316581,VCS1884,2022,1238.0,316582
316582,VCS1885,2022,17201.0,316583
316583,VCS1886,2022,7813.0,316584
316585,VCS1888,2022,18869.0,316586
316586,VCS1890,2022,145000.0,316587
316591,VCS1896,2022,50519.0,316592
316592,VCS1897,2022,1783788.0,316593
316593,VCS1898,2022,5001.0,316594
316594,VCS1899,2022,404326.0,316595
316595,VCS1900,2022,27499.0,316596
316597,VCS1902,2022,271213.0,316598
316598,VCS1903,2022,297028.0,316599
316599,VCS1904,2022,31300.0,316600
316606,VCS1911,2022,12999.0,316607
316609,VCS1914,2022,74975.0,316610
316610,VCS1915,2022,25479.0,316611
316613,VCS1918,2022,59433.0,316614
316623,VCS1930,2022,164680.0,316624
316624,VCS1931,2022,320920.0,316625
316626,VCS1934,2022,63030.0,316627
316627,VCS1935,2022,63521.0,316628
316630,VCS1939,2022,13739.0,316631
316631,VCS1940,2022,98489.0,316632
316632,VCS1941,2022,12316.0,316633
316634,VCS1943,2022,193.0,316635
316636,VCS1945,2022,673.0,316637
316637,VCS1946,2022,102824.0,316638
316638,VCS1947,2022,163148.0,316639
316640,VCS1949,2022,22490.0,316641
316641,VCS1950,2022,218114.0,316642
316644,VCS1953,2022,32000.0,316645
316649,VCS1959,2022,17419.0,316650
316654,VCS1964,2022,13814.0,316655
316655,VCS1965,2022,13081.0,316656
316662,VCS1972,2022,47474.0,316663
316664,VCS1974,2022,57946.0,316665
316665,VCS1975,2022,84577.0,316666
316666,VCS1976,2022,83582.0,316667
316677,VCS1987,2022,147659.0,316678
316680,VCS1990,2022,1742.0,316681
316683,VCS1993,2022,307731.0,316684
316686,VCS1996,2022,185244.0,316687
316687,VCS1997,2022,35143.0,316688
316689,VCS1999,2022,2136.0,316690
316691,VCS2001,2022,1398.0,316692
316692,VCS2002,2022,13505.0,316693
316693,VCS2003,2022,25909.0,316694
316695,VCS2005,2022,109.0,316696
316697,VCS2007,2022,32000.0,316698
316707,VCS2017,2022,100.0,316708
316716,VCS2026,2022,38177.0,316717
316726,VCS2036,2022,15301.0,316727
316730,VCS2040,2022,5000.0,316731
316732,VCS2042,2022,7336.0,316733
316742,VCS2052,2022,200.0,316743
316749,VCS2059,2022,15468.0,316750
316750,VCS2060,2022,6809.0,316751
316755,VCS2065,2022,160280.0,316756
316760,VCS2070,2022,387772.0,316761
316762,VCS2072,2022,3.0,316763
316765,VCS2076,2022,11976.0,316766
316767,VCS2079,2022,30159.0,316768
316769,VCS2082,2022,96537.0,316770
316770,VCS2083,2022,97158.0,316771
316772,VCS2085,2022,600.0,316773
316773,VCS2087,2022,36133.0,316774
316779,VCS2093,2022,340.0,316780
316781,VCS2095,2022,480.0,316782
316784,VCS2098,2022,497192.0,316785
316785,VCS2099,2022,100000.0,316786
316794,VCS2242,2022,87916.0,316795
316795,VCS2243,2022,46040.0,316796
316796,VCS2244,2022,104980.0,316797
316800,VCS2248,2022,61265.0,316801
316802,VCS2250,2022,69441.0,316803
316804,VCS2252,2022,144416.0,316805
316807,VCS2260,2022,65320.0,316808
316808,VCS2261,2022,36146.0,316809
316812,VCS2290,2022,4725.0,316813
316813,VCS2291,2022,133.0,316814
316814,VCS2292,2022,35.0,316815
316815,VCS2293,2022,52538.0,316816
316817,VCS2296,2022,46475.0,316818
316824,VCS2303,2022,35552.0,316825
316828,VCS2307,2022,4638.0,316829
316830,VCS2309,2022,2532.0,316831
316831,VCS2310,2022,482541.0,316832
316837,VCS2316,2022,7800.0,316838
316843,VCS2322,2022,933.0,316844
316844,VCS2323,2022,32.0,316845
316845,VCS2324,2022,102643.0,316846
316851,VCS2333,2022,10097.0,316852
316853,VCS2335,2022,106000.0,316854
316854,VCS2336,2022,2272.0,316855
316855,VCS2337,2022,43641.0,316856
316856,VCS2338,2022,20771.0,316857
316857,VCS2339,2022,45.0,316858
316858,VCS2340,2022,2960.0,316859
316860,VCS2342,2022,3970.0,316861
316861,VCS2343,2022,326.0,316862
316875,VCS2358,2022,100730.0,316876
316878,VCS2361,2022,1567.0,316879
316879,VCS2362,2022,20862.0,316880
316882,VCS2366,2022,9603.0,316883
316885,VCS2370,2022,142205.0,316886
316886,VCS2371,2022,11454.0,316887
316887,VCS2372,2022,10329.0,316888
316893,VCS2378,2022,109520.0,316894
316896,VCS2381,2022,2437.0,316897
316901,VCS2386,2022,1530.0,316902
316902,VCS2387,2022,133778.0,316903
316904,VCS2389,2022,500.0,316905
316906,VCS2391,2022,1308.0,316907
316911,VCS2396,2022,115357.0,316912
316912,VCS2397,2022,48000.0,316913
316915,VCS2400,2022,295651.0,316916
316916,VCS2401,2022,27000.0,316917
316917,VCS2402,2022,33304.0,316918
316919,VCS2404,2022,43609.0,316920
316920,VCS2405,2022,2389.0,316921
316925,VCS2410,2022,21700.0,316926
316929,VCS2414,2022,162029.0,316930
316933,VCS2418,2022,8227.0,316934
316952,VCS2438,2022,1434.0,316953
316966,VCS2452,2022,10500.0,316967
316967,VCS2455,2022,110484.0,316968
316969,VCS2458,2022,341776.0,316970
316973,VCS2463,2022,1145.0,316974
316974,VCS2464,2022,14599.0,316975
316985,VCS2476,2022,56466.0,316986
316987,VCS2478,2022,1245935.0,316988
317005,VCS2498,2022,106803.0,317006
317011,VCS2504,2022,101775.0,317012
317012,VCS2505,2022,103847.0,317013
317013,VCS2506,2022,56871.0,317014
317015,VCS2508,2022,94005.0,317016
317019,VCS2512,2022,30.0,317020
317043,VCS2539,2022,56404.0,317044
317088,VCS2600,2022,252621.0,317089
317089,VCS2601,2022,76505.0,317090
317102,VCS2615,2022,604.0,317103
317116,VCS2631,2022,400.0,317117
317141,VCS2664,2022,7682.0,317142
317190,VCS2716,2022,69318.0,317191
317218,VCS2746,2022,682.0,317219
317421,VCS2965,2022,13700.0,317422
317435,VCS2982,2022,767.0,317436
317712,VCS3279,2022,2518.0,317713
320118,ACR0110,2023,52219.0,320119
320120,ACR0112,2023,22044.0,320121
320122,ACR0114,2023,437290.0,320123
320124,ACR0117,2023,258622.0,320125
320126,ACR0119,2023,2130.0,320127
320127,ACR0120,2023,363944.0,320128
320128,ACR0121,2023,971685.0,320129
320133,ACR0126,2023,72727.0,320134
320160,ACR0153,2023,53.0,320161
320168,ACR0161,2023,1609.0,320169
320171,ACR0164,2023,25339.0,320172
320177,ACR0173,2023,32430.0,320178
320190,ACR0188,2023,20492.0,320191
320193,ACR0191,2023,10360.0,320194
320199,ACR0199,2023,11236.0,320200
320200,ACR0200,2023,770.0,320201
320210,ACR0211,2023,6460.0,320211
320211,ACR0212,2023,279061.0,320212
320215,ACR0222,2023,43135.0,320216
320216,ACR0223,2023,57500.0,320217
320217,ACR0224,2023,172275.0,320218
320219,ACR0226,2023,36118.0,320220
320225,ACR0233,2023,22455.0,320226
320227,ACR0235,2023,637.0,320228
320231,ACR0239,2023,2636.0,320232
320240,ACR0248,2023,192000.0,320241
320247,ACR0255,2023,28056.0,320248
320254,ACR0262,2023,16317.0,320255
320258,ACR0266,2023,1.0,320259
320259,ACR0267,2023,1208.0,320260
320260,ACR0268,2023,57879.0,320261
320261,ACR0269,2023,2566.0,320262
320264,ACR0272,2023,12215.0,320265
320265,ACR0273,2023,15524.0,320266
320266,ACR0274,2023,120000.0,320267
320268,ACR0276,2023,75990.0,320269
320272,ACR0280,2023,27380.0,320273
320273,ACR0281,2023,26584.0,320274
320274,ACR0282,2023,80000.0,320275
320303,ACR0313,2023,19105.0,320304
320309,ACR0324,2023,11199.0,320310
320312,ACR0348,2023,2043.0,320313
320313,ACR0349,2023,30.0,320314
320317,ACR0353,2023,39.0,320318
320324,ACR0360,2023,9754.0,320325
320325,ACR0361,2023,19541.0,320326
320330,ACR0367,2023,903.0,320331
320331,ACR0368,2023,10354.0,320332
320332,ACR0369,2023,67213.0,320333
320339,ACR0376,2023,7493.0,320340
320340,ACR0377,2023,21833.0,320341
320341,ACR0378,2023,480.0,320342
320347,ACR0386,2023,43466.0,320348
320350,ACR0389,2023,66118.0,320351
320355,ACR0395,2023,3000.0,320356
320357,ACR0398,2023,154158.0,320358
320364,ACR0407,2023,1250.0,320365
320367,ACR0411,2023,57553.0,320368
320369,ACR0413,2023,10825.0,320370
320370,ACR0416,2023,102328.0,320371
320371,ACR0417,2023,2890.0,320372
320373,ACR0419,2023,6835.0,320374
320377,ACR0424,2023,11167.0,320378
320378,ACR0425,2023,16517.0,320379
320380,ACR0427,2023,29103.0,320381
320389,ACR0437,2023,235026.0,320390
320392,ACR0440,2023,127682.0,320393
320393,ACR0441,2023,19069.0,320394
320396,ACR0444,2023,8301.0,320397
320398,ACR0446,2023,27410.0,320399
320400,ACR0448,2023,6158.0,320401
320401,ACR0449,2023,15210.0,320402
320404,ACR0454,2023,291.0,320405
320405,ACR0455,2023,7051.0,320406
320408,ACR0458,2023,13507.0,320409
320409,ACR0459,2023,52636.0,320410
320413,ACR0464,2023,1788.0,320414
320414,ACR0465,2023,1810.0,320415
320415,ACR0466,2023,1860.0,320416
320427,ACR0479,2023,5000.0,320428
320428,ACR0480,2023,1860.0,320429
320432,ACR0485,2023,8200.0,320433
320437,ACR0492,2023,9621.0,320438
320438,ACR0493,2023,4476.0,320439
320439,ACR0495,2023,56112.0,320440
320443,ACR0499,2023,196068.0,320444
320444,ACR0500,2023,2263.0,320445
320448,ACR0505,2023,6619.0,320449
320449,ACR0506,2023,16466.0,320450
320450,ACR0507,2023,168471.0,320451
320451,ACR0508,2023,33489.0,320452
320452,ACR0509,2023,9823.0,320453
320455,ACR0515,2023,65212.0,320456
320456,ACR0516,2023,58217.0,320457
320458,ACR0518,2023,6063.0,320459
320459,ACR0519,2023,18765.0,320460
320462,ACR0522,2023,94565.0,320463
320466,ACR0528,2023,5276.0,320467
320467,ACR0529,2023,32468.0,320468
320469,ACR0531,2023,36311.0,320470
320471,ACR0533,2023,62.0,320472
320472,ACR0534,2023,59686.0,320473
320476,ACR0538,2023,3253.0,320477
320480,ACR0543,2023,4676.0,320481
320486,ACR0549,2023,5712.0,320487
320488,ACR0551,2023,469557.0,320489
320489,ACR0552,2023,223944.0,320490
320493,ACR0556,2023,91348.0,320494
320494,ACR0557,2023,10243.0,320495
320495,ACR0558,2023,2963.0,320496
320498,ACR0562,2023,160000.0,320499
320499,ACR0564,2023,2347.0,320500
320500,ACR0566,2023,4244.0,320501
320501,ACR0568,2023,539686.0,320502
320502,ACR0569,2023,463.0,320503
320506,ACR0573,2023,24903.0,320507
320507,ACR0574,2023,47362.0,320508
320511,ACR0579,2023,8498.0,320512
320514,ACR0582,2023,29157.0,320515
320515,ACR0583,2023,10299.0,320516
320517,ACR0585,2023,33153.0,320518
320518,ACR0586,2023,29498.0,320519
320519,ACR0587,2023,222832.0,320520
320520,ACR0588,2023,45350.0,320521
320521,ACR0589,2023,33793.0,320522
320522,ACR0590,2023,7245.0,320523
320523,ACR0591,2023,129611.0,320524
320524,ACR0592,2023,123433.0,320525
320525,ACR0593,2023,1800.0,320526
320527,ACR0595,2023,6052.0,320528
320528,ACR0596,2023,36136.0,320529
320529,ACR0597,2023,2566.0,320530
320530,ACR0598,2023,232890.0,320531
320535,ACR0603,2023,3900.0,320536
320536,ACR0604,2023,44149.0,320537
320537,ACR0606,2023,73295.0,320538
320539,ACR0608,2023,5709.0,320540
320544,ACR0614,2023,87.0,320545
320547,ACR0617,2023,1000.0,320548
320550,ACR0620,2023,119117.0,320551
320551,ACR0621,2023,182498.0,320552
320552,ACR0622,2023,206241.0,320553
320553,ACR0623,2023,219572.0,320554
320554,ACR0624,2023,260119.0,320555
320558,ACR0629,2023,41787.0,320559
320560,ACR0631,2023,2500.0,320561
320561,ACR0632,2023,2293.0,320562
320563,ACR0634,2023,47455.0,320564
320564,ACR0636,2023,93745.0,320565
320565,ACR0637,2023,50466.0,320566
320571,ACR0643,2023,523.0,320572
320573,ACR0645,2023,26528.0,320574
320574,ACR0646,2023,144695.0,320575
320576,ACR0648,2023,122425.0,320577
320578,ACR0650,2023,362.0,320579
320579,ACR0651,2023,3952.0,320580
320583,ACR0656,2023,172420.0,320584
320585,ACR0658,2023,67896.0,320586
320587,ACR0660,2023,291477.0,320588
320588,ACR0661,2023,8523.0,320589
320590,ACR0663,2023,34201.0,320591
320596,ACR0670,2023,2379.0,320597
320597,ACR0671,2023,27.0,320598
320599,ACR0673,2023,24310.0,320600
320601,ACR0675,2023,178.0,320602
320602,ACR0676,2023,1459985.0,320603
320604,ACR0678,2023,31251.0,320605
320612,ACR0686,2023,1249.0,320613
320622,ACR0701,2023,5617.0,320623
320634,ACR0721,2023,31754.0,320635
320637,ACR0729,2023,22456.0,320638
320638,ACR0730,2023,9500.0,320639
320640,ACR0732,2023,31248.0,320641
320641,ACR0733,2023,4878.0,320642
320644,ACR0736,2023,4399.0,320645
320650,ACR0742,2023,22764.0,320651
320655,ACR0747,2023,19622.0,320656
320660,ACR0755,2023,569.0,320661
320662,ACR0758,2023,7227.0,320663
320664,ACR0760,2023,4.0,320665
320666,ACR0762,2023,2461.0,320667
320667,ACR0764,2023,17200.0,320668
320668,ACR0765,2023,41845.0,320669
320669,ACR0766,2023,90186.0,320670
320670,ACR0767,2023,399831.0,320671
320674,ACR0773,2023,414237.0,320675
320675,ACR0774,2023,23770.0,320676
320676,ACR0775,2023,21262.0,320677
320678,ACR0777,2023,2055.0,320679
320680,ACR0780,2023,57880.0,320681
320687,ACR0791,2023,13360.0,320688
320694,ACR0799,2023,27284.0,320695
320709,ACR0814,2023,13206.0,320710
320713,ACR0818,2023,1500.0,320714
320719,ACR0824,2023,3.0,320720
320720,ACR0826,2023,27101.0,320721
320721,ACR0827,2023,332.0,320722
320724,ACR0830,2023,14521.0,320725
320732,ACR0839,2023,23364.0,320733
320737,ACR0844,2023,37051.0,320738
320742,ACR0849,2023,15943.0,320743
320761,ACR0872,2023,647.0,320762
320764,ACR0875,2023,10878.0,320765
321111,ART0102,2023,1408.0,321112
321141,CAR102,2023,23.0,321142
321143,CAR396,2023,234.0,321144
321146,CAR399,2023,2075.0,321147
321147,CAR400,2023,18640.0,321148
321149,CAR403,2023,28499.0,321150
321150,CAR406,2023,42592.0,321151
321151,CAR408,2023,32003.0,321152
321154,CAR412,2023,685.0,321155
321155,CAR416,2023,2209.0,321156
321156,CAR418,2023,1038.0,321157
321158,CAR422,2023,63378.0,321159
321162,CAR429,2023,804.0,321163
321167,CAR436,2023,93500.0,321168
321168,CAR437,2023,921.0,321169
321172,CAR443,2023,260810.0,321173
321173,CAR444,2023,30.0,321174
321174,CAR445,2023,1097.0,321175
321185,CAR462,2023,147.0,321186
321188,CAR465,2023,49073.0,321189
321189,CAR466,2023,3700.0,321190
321190,CAR467,2023,9109.0,321191
321194,CAR473,2023,12911.0,321195
321196,CAR475,2023,4765.0,321197
321197,CAR476,2023,47742.0,321198
321212,CAR495,2023,77806.0,321213
321215,CAR498,2023,66664.0,321216
321229,CAR517,2023,20243.0,321230
321230,CAR521,2023,79457.0,321231
321231,CAR522,2023,114267.0,321232
321232,CAR531,2023,16588.0,321233
321242,CAR560,2023,23708.0,321243
321243,CAR566,2023,10243.0,321244
321245,CAR575,2023,2717.0,321246
321247,CAR578,2023,3575.0,321248
321254,CAR592,2023,14779.0,321255
321255,CAR593,2023,55117.0,321256
321258,CAR599,2023,15.0,321259
321265,CAR612,2023,3059.0,321266
321266,CAR620,2023,2818.0,321267
321268,CAR627,2023,12407.0,321269
321273,CAR635,2023,108850.0,321274
321274,CAR639,2023,637000.0,321275
321282,CAR659,2023,4100.0,321283
321283,CAR660,2023,2354.0,321284
321286,CAR674,2023,248244.0,321287
321287,CAR676,2023,500.0,321288
321289,CAR683,2023,19857.0,321290
321290,CAR686,2023,733.0,321291
321291,CAR688,2023,110.0,321292
321292,CAR691,2023,2868.0,321293
321301,CAR766,2023,1587015.0,321302
321302,CAR768,2023,1180879.0,321303
321304,CAR772,2023,3980.0,321305
321313,CAR785,2023,1500.0,321314
321321,CAR801,2023,1969.0,321322
321322,CAR802,2023,514.0,321323
321326,CAR807,2023,16922.0,321327
321327,CAR811,2023,147126.0,321328
321331,CAR815,2023,571.0,321332
321334,CAR822,2023,2788.0,321335
321336,CAR825,2023,20145.0,321337
321338,CAR829,2023,5.0,321339
321346,CAR839,2023,33110.0,321347
321347,CAR843,2023,19612.0,321348
321350,CAR866,2023,25574.0,321351
321353,CAR880,2023,10725.0,321354
321357,CAR886,2023,3970.0,321358
321358,CAR887,2023,53778.0,321359
321359,CAR888,2023,58700.0,321360
321366,CAR911,2023,2351.0,321367
321371,CAR935,2023,2273.0,321372
321385,CAR965,2023,1810.0,321386
321396,CAR988,2023,12153.0,321397
321403,CAR996,2023,19184.0,321404
321408,CAR1002,2023,570.0,321409
321413,CAR1008,2023,15642.0,321414
321418,CAR1013,2023,22887.0,321419
321420,CAR1015,2023,50.0,321421
321423,CAR1019,2023,11963.0,321424
321429,CAR1027,2023,114288.0,321430
321432,CAR1032,2023,799.0,321433
321433,CAR1033,2023,1284.0,321434
321437,CAR1041,2023,20477.0,321438
321443,CAR1050,2023,96536.0,321444
321451,CAR1063,2023,13933.0,321452
321474,CAR1088,2023,17160.0,321475
321484,CAR1098,2023,4742.0,321485
321485,CAR1099,2023,23989.0,321486
321486,CAR1100,2023,24380.0,321487
321488,CAR1102,2023,9000.0,321489
321491,CAR1105,2023,39840.0,321492
321492,CAR1106,2023,945.0,321493
321508,CAR1123,2023,13040.0,321509
321515,CAR1130,2023,18332.0,321516
321523,CAR1139,2023,2337.0,321524
321524,CAR1140,2023,445.0,321525
321529,CAR1145,2023,1482.0,321530
321550,CAR1169,2023,165.0,321551
321553,CAR1173,2023,15234.0,321554
321560,CAR1180,2023,500.0,321561
321563,CAR1183,2023,4909.0,321564
321571,CAR1191,2023,1752.0,321572
321576,CAR1197,2023,23252.0,321577
321586,CAR1208,2023,33793.0,321587
321593,CAR1215,2023,286423.0,321594
321595,CAR1217,2023,6998.0,321596
321604,CAR1237,2023,3530.0,321605
321605,CAR1238,2023,12211.0,321606
321614,CAR1247,2023,11294.0,321615
321624,CAR1259,2023,50.0,321625
321626,CAR1261,2023,1515.0,321627
321629,CAR1264,2023,1395.0,321630
321630,CAR1265,2023,1767.0,321631
321645,CAR1282,2023,4360.0,321646
321648,CAR1285,2023,2865.0,321649
321656,CAR1293,2023,1751.0,321657
321658,CAR1295,2023,2461.0,321659
321662,CAR1299,2023,4713.0,321663
321671,CAR1310,2023,872.0,321672
321675,CAR1314,2023,25564.0,321676
321684,CAR1325,2023,4259.0,321685
321687,CAR1328,2023,35.0,321688
321688,CAR1329,2023,7644.0,321689
321689,CAR1330,2023,6650.0,321690
321692,CAR1333,2023,9690.0,321693
321694,CAR1335,2023,156274.0,321695
321696,CAR1337,2023,9970.0,321697
321697,CAR1339,2023,153797.0,321698
321702,CAR1345,2023,520.0,321703
321704,CAR1348,2023,61.0,321705
321705,CAR1350,2023,25.0,321706
321707,CAR1352,2023,1420.0,321708
321708,CAR1353,2023,25.0,321709
321712,CAR1357,2023,434.0,321713
321714,CAR1359,2023,15.0,321715
321717,CAR1362,2023,997.0,321718
321718,CAR1363,2023,258.0,321719
321721,CAR1366,2023,117.0,321722
321723,CAR1368,2023,109731.0,321724
321724,CAR1372,2023,66368.0,321725
321727,CAR1375,2023,3381.0,321728
321729,CAR1377,2023,8969.0,321730
321733,CAR1381,2023,2570.0,321734
321738,CAR1387,2023,15626.0,321739
321739,CAR1388,2023,14000.0,321740
321741,CAR1391,2023,236.0,321742
321742,CAR1392,2023,13207.0,321743
321745,CAR1398,2023,10632.0,321746
321746,CAR1399,2023,2813.0,321747
321756,CAR1411,2023,7452.0,321757
321759,CAR1415,2023,3291.0,321760
321763,CAR1428,2023,10368.0,321764
321765,CAR1432,2023,2158.0,321766
321766,CAR1433,2023,4027.0,321767
321767,CAR1434,2023,1580.0,321768
321768,CAR1435,2023,2684.0,321769
321770,CAR1437,2023,798.0,321771
321771,CAR1438,2023,2117.0,321772
321773,CAR1441,2023,4881.0,321774
321775,CAR1443,2023,5113.0,321776
321776,CAR1445,2023,881.0,321777
321777,CAR1446,2023,1430.0,321778
321778,CAR1447,2023,1403.0,321779
321779,CAR1448,2023,7572.0,321780
321780,CAR1449,2023,6984.0,321781
321781,CAR1450,2023,6125.0,321782
321782,CAR1451,2023,3018.0,321783
321783,CAR1452,2023,605.0,321784
321784,CAR1453,2023,2977.0,321785
321785,CAR1454,2023,4886.0,321786
321786,CAR1455,2023,50000.0,321787
321789,CAR1459,2023,71014.0,321790
321791,CAR1461,2023,15604.0,321792
321792,CAR1462,2023,6033.0,321793
321793,CAR1463,2023,44710.0,321794
321794,CAR1464,2023,8780.0,321795
321795,CAR1465,2023,29873.0,321796
321802,CAR1480,2023,1315627.0,321803
321803,CAR1481,2023,1288.0,321804
321814,CAR1494,2023,2447.0,321815
321817,CAR1497,2023,17791.0,321818
321823,CAR1507,2023,9637.0,321824
321829,CAR1514,2023,26641.0,321830
321832,CAR1521,2023,6707.0,321833
321833,CAR1522,2023,2827.0,321834
321834,CAR1523,2023,2951.0,321835
321835,CAR1524,2023,2388.0,321836
321836,CAR1525,2023,1034.0,321837
321837,CAR1526,2023,483.0,321838
321838,CAR1527,2023,516.0,321839
321839,CAR1528,2023,194.0,321840
321840,CAR1529,2023,326.0,321841
321841,CAR1531,2023,3284.0,321842
321842,CAR1532,2023,36740.0,321843
321843,CAR1535,2023,90.0,321844
321844,CAR1536,2023,101.0,321845
321845,CAR1537,2023,842.0,321846
321846,CAR1538,2023,46.0,321847
321848,CAR1540,2023,22.0,321849
321849,CAR1542,2023,5153.0,321850
321850,CAR1543,2023,969.0,321851
321851,CAR1544,2023,3492.0,321852
321852,CAR1545,2023,28320.0,321853
321865,CAR1559,2023,588.0,321866
321868,CAR1564,2023,6696.0,321869
321869,CAR1565,2023,87504.0,321870
321870,CAR1566,2023,31981.0,321871
321871,CAR1567,2023,29000.0,321872
321873,CAR1569,2023,7454.0,321874
321893,CAR1593,2023,18042.0,321894
321904,CAR1606,2023,2219.0,321905
321905,CAR1607,2023,2500.0,321906
321906,CAR1608,2023,2500.0,321907
321934,CAR1641,2023,30.0,321935
321953,CAR1663,2023,75000.0,321954
321975,CAR1710,2023,6317.0,321976
322001,CAR1744,2023,43646.0,322002
322429,GS351,2023,890.0,322430
322430,GS352,2023,113976.0,322431
322431,GS353,2023,1582.0,322432
322433,GS367,2023,35602.0,322434
322434,GS368,2023,390.0,322435
322435,GS369,2023,3601.0,322436
322440,GS390,2023,142587.0,322441
322442,GS395,2023,12236.0,322443
322443,GS397,2023,42307.0,322444
322444,GS398,2023,337709.0,322445
322445,GS399,2023,263.0,322446
322448,GS407,2023,712193.0,322449
322452,GS413,2023,9555.0,322453
322453,GS414,2023,10884.0,322454
322457,GS423,2023,95.0,322458
322459,GS436,2023,38713.0,322460
322462,GS439,2023,16967.0,322463
322463,GS440,2023,7263.0,322464
322465,GS445,2023,33901.0,322466
322466,GS447,2023,1020893.0,322467
322467,GS449,2023,6825.0,322468
322469,GS455,2023,26.0,322470
322474,GS464,2023,546582.0,322475
322475,GS467,2023,108.0,322476
322477,GS472,2023,10259.0,322478
322478,GS474,2023,462612.0,322479
322480,GS481,2023,536.0,322481
322484,GS500,2023,4090.0,322485
322486,GS504,2023,356628.0,322487
322502,GS566,2023,91549.0,322503
322503,GS567,2023,96689.0,322504
322508,GS576,2023,342.0,322509
322515,GS601,2023,17760.0,322516
322516,GS605,2023,272753.0,322517
322518,GS608,2023,146471.0,322519
322521,GS612,2023,28203.0,322522
322522,GS613,2023,2686.0,322523
322533,GS633,2023,535.0,322534
322534,GS634,2023,17187.0,322535
322537,GS637,2023,244.0,322538
322538,GS638,2023,50538.0,322539
322544,GS653,2023,15159.0,322545
322545,GS655,2023,51.0,322546
322549,GS663,2023,2591.0,322550
322550,GS666,2023,269.0,322551
322553,GS672,2023,2209.0,322554
322554,GS675,2023,84121.0,322555
322556,GS683,2023,23124.0,322557
322557,GS685,2023,42664.0,322558
322561,GS690,2023,100.0,322562
322564,GS702,2023,21317.0,322565
322565,GS707,2023,1316263.0,322566
322569,GS715,2023,372360.0,322570
322570,GS716,2023,7506.0,322571
322575,GS730,2023,718.0,322576
322576,GS733,2023,9204.0,322577
322577,GS735,2023,2600.0,322578
322580,GS744,2023,37734.0,322581
322581,GS745,2023,58027.0,322582
322583,GS748,2023,62.0,322584
322585,GS750,2023,16464.0,322586
322586,GS751,2023,43797.0,322587
322587,GS753,2023,45031.0,322588
322590,GS764,2023,18634.0,322591
322592,GS768,2023,19877.0,322593
322593,GS769,2023,303442.0,322594
322599,GS778,2023,2131.0,322600
322614,GS813,2023,46.0,322615
322615,GS814,2023,47.0,322616
322616,GS816,2023,45687.0,322617
322617,GS817,2023,175.0,322618
322619,GS824,2023,7713.0,322620
322620,GS825,2023,343.0,322621
322623,GS828,2023,27190.0,322624
322627,GS835,2023,18796.0,322628
322636,GS849,2023,9841.0,322637
322637,GS850,2023,2043.0,322638
322639,GS854,2023,15161.0,322640
322640,GS858,2023,2878.0,322641
322651,GS872,2023,1644.0,322652
322656,GS879,2023,250316.0,322657
322657,GS880,2023,2141.0,322658
322658,GS883,2023,1.0,322659
322660,GS886,2023,45958.0,322661
322661,GS887,2023,1.0,322662
322666,GS905,2023,241172.0,322667
322667,GS906,2023,19882.0,322668
322671,GS913,2023,567.0,322672
322675,GS922,2023,5229.0,322676
322682,GS931,2023,28111.0,322683
322683,GS935,2023,34475.0,322684
322687,GS947,2023,43316.0,322688
322688,GS949,2023,23159.0,322689
322689,GS950,2023,26645.0,322690
322697,GS966,2023,47882.0,322698
322700,GS971,2023,1007.0,322701
322703,GS976,2023,78.0,322704
322705,GS978,2023,630.0,322706
322707,GS980,2023,4574.0,322708
322711,GS988,2023,205.0,322712
322712,GS989,2023,65.0,322713
322715,GS992,2023,34.0,322716
322716,GS993,2023,150.0,322717
322717,GS997,2023,10.0,322718
322720,GS1001,2023,112381.0,322721
322723,GS1006,2023,147.0,322724
322724,GS1011,2023,6849.0,322725
322726,GS1013,2023,45859.0,322727
322728,GS1015,2023,73275.0,322729
322729,GS1016,2023,182481.0,322730
322730,GS1017,2023,150.0,322731
322732,GS1020,2023,71396.0,322733
322733,GS1021,2023,72042.0,322734
322740,GS1028,2023,192.0,322741
322742,GS1030,2023,4.0,322743
322745,GS1033,2023,8127.0,322746
322746,GS1034,2023,63.0,322747
322753,GS1042,2023,20111.0,322754
322754,GS1044,2023,85620.0,322755
322758,GS1049,2023,173457.0,322759
322763,GS1059,2023,483.0,322764
322765,GS1061,2023,56840.0,322766
322769,GS1067,2023,55599.0,322770
322770,GS1068,2023,101887.0,322771
322772,GS1072,2023,26274.0,322773
322773,GS1073,2023,50.0,322774
322774,GS1074,2023,1074.0,322775
322777,GS1078,2023,37055.0,322778
322779,GS1083,2023,90672.0,322780
322783,GS1091,2023,10999.0,322784
322786,GS1094,2023,3140.0,322787
322787,GS1095,2023,2065.0,322788
322788,GS1096,2023,427.0,322789
322789,GS1097,2023,1822.0,322790
322790,GS1098,2023,5809.0,322791
322791,GS1100,2023,375.0,322792
322792,GS1101,2023,7152.0,322793
322794,GS1103,2023,9997.0,322795
322795,GS1104,2023,5480.0,322796
322806,GS1124,2023,46.0,322807
322808,GS1128,2023,1858.0,322809
322809,GS1134,2023,252871.0,322810
322810,GS1138,2023,48789.0,322811
322816,GS1146,2023,51.0,322817
322817,GS1147,2023,35.0,322818
322819,GS1161,2023,2259.0,322820
322827,GS1173,2023,341.0,322828
322828,GS1174,2023,4966.0,322829
322837,GS1190,2023,185844.0,322838
322838,GS1191,2023,18885.0,322839
322843,GS1199,2023,9262.0,322844
322851,GS1207,2023,27663.0,322852
322852,GS1208,2023,10708.0,322853
322855,GS1221,2023,3325.0,322856
322862,GS1229,2023,928.0,322863
322863,GS1230,2023,13167.0,322864
322868,GS1237,2023,20089.0,322869
322875,GS1244,2023,19533.0,322876
322876,GS1246,2023,224.0,322877
322881,GS1253,2023,26917.0,322882
322884,GS1267,2023,49.0,322885
322887,GS1286,2023,130147.0,322888
322888,GS1288,2023,283.0,322889
322892,GS1294,2023,332.0,322893
322894,GS1296,2023,5958.0,322895
322899,GS1303,2023,1983.0,322900
322901,GS1306,2023,52761.0,322902
322915,GS1321,2023,113845.0,322916
322916,GS1322,2023,178273.0,322917
322922,GS1330,2023,4674.0,322923
322923,GS1332,2023,281.0,322924
322925,GS1334,2023,4388.0,322926
322935,GS1348,2023,1923.0,322936
322936,GS1350,2023,45896.0,322937
322946,GS1365,2023,9640.0,322947
322948,GS1367,2023,3768.0,322949
322949,GS1368,2023,300.0,322950
322959,GS1382,2023,68558.0,322960
322971,GS1694,2023,8528.0,322972
322972,GS1695,2023,8528.0,322973
322973,GS1696,2023,8528.0,322974
322974,GS1697,2023,8528.0,322975
322975,GS1698,2023,8528.0,322976
322976,GS1699,2023,8528.0,322977
322977,GS1700,2023,8528.0,322978
322978,GS1701,2023,8524.0,322979
322979,GS1702,2023,8528.0,322980
322982,GS1705,2023,8291.0,322983
322983,GS1706,2023,7373.0,322984
322984,GS1707,2023,8291.0,322985
322985,GS1708,2023,8291.0,322986
322986,GS1709,2023,8291.0,322987
322987,GS1710,2023,8291.0,322988
322988,GS1711,2023,8291.0,322989
322989,GS1712,2023,8291.0,322990
322990,GS1713,2023,8291.0,322991
322991,GS1714,2023,8291.0,322992
322992,GS1715,2023,8291.0,322993
322993,GS1716,2023,8291.0,322994
322994,GS1717,2023,8291.0,322995
322995,GS1718,2023,4196.0,322996
322996,GS1719,2023,540.0,322997
322997,GS1720,2023,497.0,322998
322998,GS1721,2023,8291.0,322999
322999,GS1722,2023,8291.0,323000
323000,GS1723,2023,8291.0,323001
323001,GS1724,2023,4630.0,323002
323033,GS2094,2023,232886.0,323034
323034,GS2095,2023,20717.0,323035
323039,GS2290,2023,35755.0,323040
323041,GS2293,2023,53370.0,323042
323044,GS2296,2023,245845.0,323045
323050,GS2394,2023,45.0,323051
323051,GS2395,2023,5770.0,323052
323052,GS2396,2023,21.0,323053
323053,GS2397,2023,100.0,323054
323059,GS2405,2023,369.0,323060
323069,GS2421,2023,18.0,323070
323075,GS2429,2023,7247.0,323076
323079,GS2435,2023,1179.0,323080
323082,GS2439,2023,977.0,323083
323084,GS2441,2023,3161.0,323085
323086,GS2444,2023,2364.0,323087
323087,GS2445,2023,2877.0,323088
323088,GS2446,2023,7859.0,323089
323093,GS2456,2023,700.0,323094
323094,GS2457,2023,35513.0,323095
323096,GS2460,2023,36254.0,323097
323098,GS2464,2023,388.0,323099
323100,GS2468,2023,40.0,323101
323103,GS2475,2023,71983.0,323104
323108,GS2480,2023,2331.0,323109
323109,GS2481,2023,301.0,323110
323111,GS2483,2023,13473.0,323112
323115,GS2487,2023,742.0,323116
323116,GS2488,2023,3750.0,323117
323120,GS2497,2023,1581.0,323121
323122,GS2499,2023,22138.0,323123
323123,GS2500,2023,200.0,323124
323124,GS2501,2023,51825.0,323125
323125,GS2502,2023,82101.0,323126
323126,GS2503,2023,19138.0,323127
323130,GS2510,2023,3471.0,323131
323134,GS2514,2023,6700.0,323135
323137,GS2519,2023,12550.0,323138
323138,GS2520,2023,9895.0,323139
323140,GS2525,2023,51482.0,323141
323142,GS2528,2023,183.0,323143
323151,GS2542,2023,832.0,323152
323152,GS2543,2023,332.0,323153
323153,GS2544,2023,13686.0,323154
323154,GS2545,2023,15617.0,323155
323155,GS2546,2023,26275.0,323156
323161,GS2564,2023,29801.0,323162
323183,GS2587,2023,12428.0,323184
323187,GS2596,2023,10000.0,323188
323189,GS2640,2023,4625.0,323190
323190,GS2641,2023,961.0,323191
323193,GS2644,2023,5218.0,323194
323200,GS2664,2023,7511.0,323201
323201,GS2665,2023,66096.0,323202
323206,GS2678,2023,9889.0,323207
323207,GS2679,2023,331.0,323208
323208,GS2680,2023,82.0,323209
323209,GS2681,2023,26036.0,323210
323210,GS2682,2023,42567.0,323211
323212,GS2684,2023,21999.0,323213
323213,GS2685,2023,12.0,323214
323214,GS2686,2023,6421.0,323215
323215,GS2687,2023,1081.0,323216
323219,GS2691,2023,3935.0,323220
323223,GS2707,2023,24979.0,323224
323236,GS2750,2023,473.0,323237
323237,GS2751,2023,4346.0,323238
323238,GS2758,2023,173484.0,323239
323239,GS2763,2023,39809.0,323240
323242,GS2766,2023,24736.0,323243
323243,GS2767,2023,23.0,323244
323246,GS2891,2023,4041.0,323247
323247,GS2892,2023,451.0,323248
323248,GS2893,2023,5110.0,323249
323249,GS2894,2023,9020.0,323250
323251,GS2896,2023,192.0,323252
323252,GS2898,2023,144972.0,323253
323255,GS2913,2023,25057.0,323256
323256,GS2940,2023,338179.0,323257
323257,GS2951,2023,1449.0,323258
323258,GS2990,2023,21885.0,323259
323259,GS3007,2023,45301.0,323260
323265,GS3018,2023,23.0,323266
323266,GS3023,2023,1590.0,323267
323267,GS3024,2023,9817.0,323268
323274,GS3039,2023,1885.0,323275
323277,GS3072,2023,47652.0,323278
323278,GS3077,2023,32494.0,323279
323279,GS3078,2023,1002.0,323280
323281,GS3080,2023,285.0,323282
323283,GS3105,2023,842.0,323284
323284,GS3106,2023,4199.0,323285
323285,GS3107,2023,6026.0,323286
323286,GS3108,2023,2029.0,323287
323298,GS3253,2023,211484.0,323299
323302,GS3260,2023,800.0,323303
323304,GS3262,2023,10876.0,323305
323306,GS3267,2023,1390.0,323307
323307,GS3305,2023,24.0,323308
323308,GS3306,2023,3798.0,323309
323310,GS3326,2023,50.0,323311
323316,GS3344,2023,42711.0,323317
323320,GS3363,2023,355.0,323321
323321,GS3364,2023,2038.0,323322
323322,GS3365,2023,20989.0,323323
323323,GS3366,2023,50954.0,323324
323324,GS3367,2023,57193.0,323325
323332,GS3379,2023,29966.0,323333
323334,GS3381,2023,284.0,323335
323335,GS3404,2023,303.0,323336
323337,GS3407,2023,20074.0,323338
323338,GS3409,2023,15412.0,323339
323339,GS3410,2023,181.0,323340
323342,GS3421,2023,15.0,323343
323347,GS3430,2023,7882.0,323348
323348,GS3431,2023,864.0,323349
323349,GS3432,2023,3339.0,323350
323350,GS3433,2023,944.0,323351
323351,GS3434,2023,362121.0,323352
323352,GS3443,2023,667.0,323353
323353,GS3444,2023,5391.0,323354
323354,GS3445,2023,3805.0,323355
323355,GS3446,2023,1988.0,323356
323356,GS3447,2023,1609.0,323357
323357,GS3448,2023,758.0,323358
323359,GS3450,2023,5545.0,323360
323360,GS3451,2023,5846.0,323361
323361,GS3482,2023,7222.0,323362
323367,GS3493,2023,74248.0,323368
323371,GS3511,2023,17366.0,323372
323372,GS3512,2023,18892.0,323373
323375,GS3515,2023,408.0,323376
323376,GS3516,2023,2961.0,323377
323377,GS3517,2023,4762.0,323378
323378,GS3518,2023,9710.0,323379
323379,GS3519,2023,6638.0,323380
323380,GS3520,2023,2352.0,323381
323381,GS3521,2023,355.0,323382
323382,GS3522,2023,10271.0,323383
323383,GS3523,2023,9791.0,323384
323384,GS3524,2023,9800.0,323385
323387,GS3544,2023,7562.0,323388
323388,GS3547,2023,31439.0,323389
323389,GS3551,2023,172.0,323390
323393,GS3560,2023,60.0,323394
323394,GS3561,2023,4101.0,323395
323396,GS3564,2023,1493.0,323397
323399,GS3567,2023,124623.0,323400
323418,GS3618,2023,7350.0,323419
323419,GS3619,2023,7607.0,323420
323420,GS3620,2023,3991.0,323421
323421,GS3626,2023,14804.0,323422
323428,GS3705,2023,1913.0,323429
323431,GS3901,2023,521.0,323432
323439,GS3945,2023,317.0,323440
323440,GS3946,2023,6496.0,323441
323441,GS3947,2023,6047.0,323442
323447,GS3958,2023,1556.0,323448
323450,GS3965,2023,37711.0,323451
323452,GS3969,2023,75337.0,323453
323453,GS3971,2023,35953.0,323454
323456,GS3976,2023,15928.0,323457
323459,GS4014,2023,155.0,323460
323461,GS4036,2023,14352.0,323462
323467,GS4195,2023,2704.0,323468
323469,GS4202,2023,4369.0,323470
323470,GS4203,2023,10552.0,323471
323471,GS4205,2023,141.0,323472
323476,GS4220,2023,9973.0,323477
323477,GS4221,2023,75849.0,323478
323478,GS4233,2023,57643.0,323479
323479,GS4236,2023,33490.0,323480
323480,GS4238,2023,142768.0,323481
323482,GS4240,2023,316.0,323483
323486,GS4260,2023,480.0,323487
323488,GS4264,2023,47028.0,323489
323489,GS4265,2023,45858.0,323490
323492,GS4270,2023,115.0,323493
323493,GS4271,2023,4181.0,323494
323495,GS4273,2023,36093.0,323496
323496,GS4288,2023,23894.0,323497
323498,GS4290,2023,11042.0,323499
323499,GS4291,2023,84215.0,323500
323500,GS4296,2023,4443.0,323501
323501,GS4300,2023,7344.0,323502
323502,GS4364,2023,1606.0,323503
323505,GS4372,2023,1343.0,323506
323506,GS4373,2023,14.0,323507
323507,GS4374,2023,9.0,323508
323508,GS4375,2023,2443.0,323509
323509,GS4376,2023,2811.0,323510
323510,GS4377,2023,8491.0,323511
323511,GS4378,2023,5043.0,323512
323512,GS4379,2023,10034.0,323513
323513,GS4380,2023,6130.0,323514
323514,GS4381,2023,5243.0,323515
323515,GS4382,2023,7122.0,323516
323516,GS4383,2023,6243.0,323517
323517,GS4384,2023,4393.0,323518
323518,GS4385,2023,5484.0,323519
323519,GS4386,2023,10673.0,323520
323520,GS4387,2023,14879.0,323521
323521,GS4388,2023,17658.0,323522
323522,GS4389,2023,21447.0,323523
323523,GS4390,2023,7620.0,323524
323524,GS4391,2023,22157.0,323525
323525,GS4392,2023,4248.0,323526
323526,GS4393,2023,5708.0,323527
323527,GS4394,2023,11970.0,323528
323528,GS4395,2023,8312.0,323529
323529,GS4396,2023,9631.0,323530
323530,GS4397,2023,4833.0,323531
323531,GS4398,2023,1061.0,323532
323532,GS4399,2023,171.0,323533
323533,GS4400,2023,5455.0,323534
323534,GS4401,2023,13455.0,323535
323535,GS4422,2023,3131.0,323536
323536,GS4423,2023,3131.0,323537
323538,GS4425,2023,42064.0,323539
323545,GS4446,2023,717.0,323546
323548,GS4518,2023,3131.0,323549
323549,GS4519,2023,3131.0,323550
323553,GS4533,2023,10000.0,323554
323556,GS4536,2023,1426.0,323557
323558,GS4539,2023,2783.0,323559
323561,GS4553,2023,1550.0,323562
323562,GS4557,2023,972.0,323563
323568,GS4596,2023,186.0,323569
323571,GS4603,2023,16012.0,323572
323572,GS4611,2023,92.0,323573
323574,GS4613,2023,27059.0,323575
323575,GS4614,2023,25488.0,323576
323576,GS4615,2023,27142.0,323577
323583,GS4702,2023,933.0,323584
323584,GS4707,2023,19588.0,323585
323587,GS4797,2023,217.0,323588
323588,GS4798,2023,1798.0,323589
323589,GS4799,2023,9661.0,323590
323590,GS4813,2023,91589.0,323591
323594,GS4822,2023,1507.0,323595
323596,GS4824,2023,9913.0,323597
323598,GS4875,2023,96.0,323599
323601,GS4897,2023,1418.0,323602
323602,GS4898,2023,420.0,323603
323604,GS4900,2023,1013.0,323605
323605,GS4901,2023,353.0,323606
323607,GS4906,2023,1977.0,323608
323608,GS4922,2023,107243.0,323609
323609,GS4962,2023,61943.0,323610
323614,GS5003,2023,49628.0,323615
323615,GS5007,2023,29269.0,323616
323616,GS5009,2023,99.0,323617
323625,GS5034,2023,1010.0,323626
323626,GS5035,2023,1039.0,323627
323627,GS5036,2023,1682.0,323628
323630,GS5039,2023,1942.0,323631
323631,GS5040,2023,3612.0,323632
323632,GS5041,2023,8087.0,323633
323633,GS5042,2023,10526.0,323634
323634,GS5043,2023,10821.0,323635
323635,GS5046,2023,69143.0,323636
323643,GS5099,2023,72012.0,323644
323644,GS5106,2023,2864.0,323645
323645,GS5107,2023,148.0,323646
323648,GS5125,2023,46259.0,323649
323649,GS5186,2023,3715.0,323650
323654,GS5191,2023,749.0,323655
323657,GS5194,2023,558.0,323658
323658,GS5195,2023,1302.0,323659
323664,GS5228,2023,10834.0,323665
323665,GS5229,2023,91537.0,323666
323666,GS5230,2023,6804.0,323667
323667,GS5244,2023,92.0,323668
323668,GS5245,2023,57.0,323669
323669,GS5256,2023,35840.0,323670
323672,GS5303,2023,2427.0,323673
323679,GS5314,2023,70413.0,323680
323680,GS5315,2023,13969.0,323681
323682,GS5317,2023,32966.0,323683
323686,GS5325,2023,15937.0,323687
323687,GS5326,2023,13144.0,323688
323688,GS5329,2023,1100.0,323689
323689,GS5330,2023,1026.0,323690
323690,GS5331,2023,9206.0,323691
323691,GS5332,2023,774.0,323692
323692,GS5335,2023,8450.0,323693
323694,GS5337,2023,49.0,323695
323696,GS5339,2023,248.0,323697
323697,GS5340,2023,1285.0,323698
323699,GS5342,2023,316.0,323700
323700,GS5343,2023,100.0,323701
323701,GS5344,2023,1662.0,323702
323705,GS5383,2023,20776.0,323706
323706,GS5391,2023,1186.0,323707
323707,GS5392,2023,3212.0,323708
323708,GS5393,2023,3630.0,323709
323709,GS5394,2023,70.0,323710
323712,GS5404,2023,2916.0,323713
323714,GS5417,2023,19257.0,323715
323715,GS5418,2023,70527.0,323716
323716,GS5434,2023,3003.0,323717
323717,GS5437,2023,6462.0,323718
323718,GS5438,2023,165.0,323719
323719,GS5439,2023,656.0,323720
323720,GS5440,2023,1278.0,323721
323721,GS5441,2023,2633.0,323722
323724,GS5444,2023,6175.0,323725
323726,GS5463,2023,6626.0,323727
323727,GS5519,2023,42644.0,323728
323728,GS5523,2023,106525.0,323729
323733,GS5575,2023,936.0,323734
323734,GS5614,2023,5216.0,323735
323736,GS5617,2023,12787.0,323737
323738,GS5624,2023,11066.0,323739
323741,GS5634,2023,8104.0,323742
323742,GS5635,2023,14985.0,323743
323743,GS5636,2023,9022.0,323744
323744,GS5637,2023,15593.0,323745
323746,GS5642,2023,512548.0,323747
323747,GS5643,2023,8342.0,323748
323751,GS5660,2023,31.0,323752
323752,GS5661,2023,478.0,323753
323753,GS5662,2023,117.0,323754
323754,GS5673,2023,7087.0,323755
323756,GS5698,2023,32208.0,323757
323757,GS5699,2023,30920.0,323758
323759,GS5780,2023,1132.0,323760
323760,GS5781,2023,4579.0,323761
323761,GS5782,2023,10477.0,323762
323762,GS5783,2023,3029.0,323763
323763,GS5796,2023,3210.0,323764
323764,GS5799,2023,116567.0,323765
323766,GS5801,2023,8556.0,323767
323769,GS5825,2023,7587.0,323770
323770,GS5826,2023,8906.0,323771
323771,GS5827,2023,6706.0,323772
323772,GS5830,2023,27249.0,323773
323779,GS5860,2023,4281.0,323780
323780,GS5866,2023,1977.0,323781
323784,GS5889,2023,4290.0,323785
323785,GS5890,2023,3702.0,323786
323786,GS5891,2023,2835.0,323787
323787,GS5892,2023,4362.0,323788
323790,GS5923,2023,1698.0,323791
323791,GS5928,2023,10340.0,323792
323793,GS5951,2023,4766.0,323794
323794,GS5952,2023,3844.0,323795
323795,GS5953,2023,3821.0,323796
323796,GS5954,2023,6541.0,323797
323797,GS5955,2023,3062.0,323798
323802,GS6004,2023,30569.0,323803
323803,GS6008,2023,161.0,323804
323809,GS6038,2023,48.0,323810
323810,GS6041,2023,751.0,323811
323811,GS6042,2023,1717.0,323812
323831,GS6108,2023,13152.0,323832
323832,GS6109,2023,13134.0,323833
323833,GS6111,2023,31764.0,323834
323834,GS6112,2023,8229.0,323835
323838,GS6116,2023,7438.0,323839
323839,GS6129,2023,79.0,323840
323841,GS6139,2023,30319.0,323842
323843,GS6152,2023,19300.0,323844
323844,GS6155,2023,16998.0,323845
323845,GS6189,2023,9510.0,323846
323847,GS6212,2023,41214.0,323848
323850,GS6237,2023,817.0,323851
323852,GS6256,2023,81348.0,323853
323856,GS6275,2023,6470.0,323857
323857,GS6279,2023,6022.0,323858
323859,GS6289,2023,1459.0,323860
323860,GS6290,2023,38796.0,323861
323861,GS6301,2023,27939.0,323862
323864,GS6344,2023,3651.0,323865
323865,GS6349,2023,424.0,323866
323868,GS6356,2023,32206.0,323869
323869,GS6393,2023,1680.0,323870
323871,GS6395,2023,43259.0,323872
323873,GS6411,2023,64498.0,323874
323874,GS6414,2023,282.0,323875
323875,GS6419,2023,17373.0,323876
323876,GS6420,2023,6946.0,323877
323877,GS6443,2023,6043.0,323878
323879,GS6445,2023,4.0,323880
323887,GS6519,2023,8397.0,323888
323891,GS6523,2023,1062.0,323892
323892,GS6566,2023,975.0,323893
323893,GS6586,2023,505.0,323894
323895,GS6597,2023,39556.0,323896
323896,GS6598,2023,88.0,323897
323898,GS6600,2023,735.0,323899
323899,GS6604,2023,25743.0,323900
323900,GS6607,2023,20032.0,323901
323902,GS6747,2023,606.0,323903
323903,GS6748,2023,2295.0,323904
323904,GS6749,2023,6028.0,323905
323905,GS6750,2023,157.0,323906
323908,GS6753,2023,70899.0,323909
323909,GS6756,2023,13105.0,323910
323910,GS6760,2023,30915.0,323911
323911,GS6783,2023,2714.0,323912
323912,GS6784,2023,2853.0,323913
323913,GS6786,2023,2704.0,323914
323914,GS6787,2023,1124.0,323915
323915,GS6788,2023,1984.0,323916
323916,GS6789,2023,2838.0,323917
323917,GS6790,2023,2226.0,323918
323918,GS6793,2023,15015.0,323919
323919,GS6830,2023,1703.0,323920
323922,GS6836,2023,2290.0,323923
323924,GS6838,2023,820.0,323925
323926,GS6853,2023,88920.0,323927
323927,GS6854,2023,2387.0,323928
323928,GS6855,2023,46031.0,323929
323932,GS6861,2023,60.0,323933
323937,GS6998,2023,9425.0,323938
323938,GS6999,2023,5.0,323939
323939,GS7002,2023,1067.0,323940
323940,GS7049,2023,72350.0,323941
323941,GS7071,2023,354639.0,323942
323945,GS7090,2023,10421.0,323946
323948,GS7112,2023,127.0,323949
323949,GS7128,2023,11296.0,323950
323950,GS7129,2023,10.0,323951
323951,GS7130,2023,10.0,323952
323952,GS7131,2023,11.0,323953
323953,GS7132,2023,34.0,323954
323954,GS7133,2023,960.0,323955
323955,GS7134,2023,9184.0,323956
323956,GS7135,2023,8495.0,323957
323957,GS7136,2023,5533.0,323958
323963,GS7147,2023,8356.0,323964
323964,GS7148,2023,6194.0,323965
323965,GS7149,2023,2046.0,323966
323966,GS7150,2023,6198.0,323967
323968,GS7152,2023,110943.0,323969
323969,GS7153,2023,13181.0,323970
323971,GS7164,2023,45447.0,323972
323972,GS7287,2023,1876.0,323973
323973,GS7288,2023,1882.0,323974
323974,GS7289,2023,1882.0,323975
323975,GS7290,2023,1882.0,323976
323976,GS7291,2023,1882.0,323977
323977,GS7292,2023,1894.0,323978
323978,GS7293,2023,13024.0,323979
323979,GS7303,2023,4000.0,323980
323980,GS7311,2023,151.0,323981
323981,GS7312,2023,749034.0,323982
323982,GS7317,2023,6564.0,323983
323983,GS7318,2023,20374.0,323984
323984,GS7330,2023,4199.0,323985
323985,GS7331,2023,3377.0,323986
323986,GS7332,2023,3027.0,323987
323987,GS7333,2023,4353.0,323988
323988,GS7334,2023,6206.0,323989
323989,GS7335,2023,6296.0,323990
323990,GS7336,2023,5703.0,323991
323992,GS7345,2023,931.0,323993
323994,GS7356,2023,89.0,323995
323995,GS7361,2023,284.0,323996
323997,GS7363,2023,621.0,323998
323998,GS7364,2023,3856.0,323999
323999,GS7365,2023,3145.0,324000
324002,GS7368,2023,40.0,324003
324007,GS7391,2023,15304.0,324008
324011,GS7395,2023,8778.0,324012
324012,GS7396,2023,7299.0,324013
324013,GS7397,2023,8670.0,324014
324014,GS7398,2023,8751.0,324015
324015,GS7399,2023,6659.0,324016
324016,GS7400,2023,4741.0,324017
324017,GS7401,2023,6963.0,324018
324018,GS7433,2023,136210.0,324019
324019,GS7434,2023,104333.0,324020
324020,GS7435,2023,728.0,324021
324021,GS7436,2023,5472.0,324022
324022,GS7437,2023,19648.0,324023
324023,GS7438,2023,82226.0,324024
324026,GS7444,2023,38.0,324027
324030,GS7451,2023,3.0,324031
324031,GS7452,2023,252.0,324032
324034,GS7456,2023,288.0,324035
324035,GS7457,2023,18.0,324036
324036,GS7458,2023,81.0,324037
324037,GS7459,2023,40.0,324038
324038,GS7460,2023,43.0,324039
324044,GS7466,2023,13780.0,324045
324045,GS7467,2023,71816.0,324046
324046,GS7468,2023,233894.0,324047
324047,GS7469,2023,2699.0,324048
324048,GS7470,2023,4279.0,324049
324049,GS7471,2023,6520.0,324050
324050,GS7472,2023,5911.0,324051
324051,GS7473,2023,5496.0,324052
324052,GS7474,2023,7107.0,324053
324053,GS7475,2023,1917.0,324054
324054,GS7476,2023,1766.0,324055
324055,GS7477,2023,1892.0,324056
324056,GS7478,2023,744.0,324057
324057,GS7479,2023,422.0,324058
324058,GS7480,2023,2696.0,324059
324059,GS7481,2023,2330.0,324060
324060,GS7482,2023,4495.0,324061
324061,GS7483,2023,3942.0,324062
324062,GS7484,2023,1926.0,324063
324071,GS7493,2023,172.0,324072
324072,GS7495,2023,37826.0,324073
324082,GS7506,2023,5093.0,324083
324083,GS7507,2023,14859.0,324084
324086,GS7510,2023,40523.0,324087
324100,GS7525,2023,338238.0,324101
324101,GS7526,2023,106.0,324102
324106,GS7531,2023,9055.0,324107
324107,GS7532,2023,81334.0,324108
324108,GS7533,2023,18656.0,324109
324109,GS7534,2023,106241.0,324110
324112,GS7538,2023,636198.0,324113
324113,GS7539,2023,833.0,324114
324118,GS7544,2023,40528.0,324119
324121,GS7547,2023,57903.0,324122
324124,GS7550,2023,13115.0,324125
324125,GS7551,2023,7913.0,324126
324127,GS7553,2023,64947.0,324128
324130,GS7556,2023,10000.0,324131
324131,GS7557,2023,10590.0,324132
324135,GS7561,2023,1161.0,324136
324140,GS7566,2023,5791.0,324141
324144,GS7570,2023,1254.0,324145
324146,GS7572,2023,137356.0,324147
324149,GS7576,2023,123.0,324150
324155,GS7582,2023,3345.0,324156
324156,GS7583,2023,5170.0,324157
324157,GS7584,2023,4002.0,324158
324160,GS7587,2023,18722.0,324161
324165,GS7592,2023,26578.0,324166
324166,GS7593,2023,27823.0,324167
324167,GS7594,2023,3140.0,324168
324175,GS7602,2023,8000.0,324176
324177,GS7604,2023,29145.0,324178
324178,GS7605,2023,18972.0,324179
324179,GS7606,2023,39059.0,324180
324183,GS7610,2023,1.0,324184
324188,GS7615,2023,20705.0,324189
324191,GS7620,2023,100473.0,324192
324199,GS7628,2023,1260.0,324200
324200,GS7629,2023,1000.0,324201
324201,GS7630,2023,70950.0,324202
324203,GS7632,2023,1250.0,324204
324204,GS7633,2023,1669.0,324205
324208,GS7637,2023,79719.0,324209
324209,GS7638,2023,79114.0,324210
324210,GS7639,2023,43924.0,324211
324211,GS7640,2023,27882.0,324212
324212,GS7641,2023,22325.0,324213
324213,GS7642,2023,1047.0,324214
324214,GS7643,2023,413.0,324215
324215,GS7644,2023,497.0,324216
324216,GS7645,2023,23.0,324217
324227,GS7668,2023,2135.0,324228
324229,GS7671,2023,2321.0,324230
324230,GS7672,2023,1226.0,324231
324245,GS7687,2023,46296.0,324246
324246,GS7688,2023,33988.0,324247
324247,GS7689,2023,6694.0,324248
324282,GS7724,2023,23098.0,324283
324284,GS7726,2023,537099.0,324285
324299,GS7744,2023,15421.0,324300
324300,GS7745,2023,62693.0,324301
324308,GS7754,2023,2143.0,324309
324315,GS7762,2023,14723.0,324316
324322,GS7783,2023,4517.0,324323
324345,GS10220,2023,3938.0,324346
324346,GS10309,2023,9.0,324347
324350,GS10411,2023,12.0,324351
324351,GS10457,2023,14409.0,324352
324360,GS10657,2023,2673.0,324361
324361,GS10658,2023,5338.0,324362
324362,GS10659,2023,7000.0,324363
324379,GS10710,2023,79755.0,324380
324385,GS10716,2023,43750.0,324386
324402,GS10735,2023,1382.0,324403
324403,GS10736,2023,1856.0,324404
324405,GS10738,2023,24747.0,324406
324408,GS10741,2023,1000.0,324409
324410,GS10776,2023,965.0,324411
324412,GS10778,2023,8813.0,324413
324413,GS10779,2023,5585.0,324414
324414,GS10780,2023,9835.0,324415
324415,GS10781,2023,9734.0,324416
324416,GS10782,2023,36374.0,324417
324417,GS10783,2023,6882.0,324418
324418,GS10784,2023,8268.0,324419
324421,GS10788,2023,43.0,324422
324423,GS10790,2023,53172.0,324424
324432,GS10799,2023,2212.0,324433
324433,GS10800,2023,3355.0,324434
324434,GS10801,2023,2628.0,324435
324435,GS10802,2023,2705.0,324436
324436,GS10803,2023,3646.0,324437
324437,GS10804,2023,854.0,324438
324439,GS10806,2023,2368.0,324440
324440,GS10807,2023,2779.0,324441
324449,GS10821,2023,53637.0,324450
324453,GS10825,2023,49281.0,324454
324454,GS10826,2023,8670.0,324455
324455,GS10827,2023,6205.0,324456
324456,GS10828,2023,3699.0,324457
324466,GS10872,2023,9680.0,324467
324467,GS10873,2023,10000.0,324468
324473,GS10879,2023,72310.0,324474
324476,GS10886,2023,42714.0,324477
324478,GS10888,2023,8.0,324479
324479,GS10889,2023,10.0,324480
324480,GS10890,2023,164.0,324481
324482,GS10897,2023,2827.0,324483
324486,GS10901,2023,14889.0,324487
324487,GS10902,2023,22801.0,324488
324488,GS10903,2023,11382.0,324489
324489,GS10904,2023,23176.0,324490
324490,GS10905,2023,23176.0,324491
324491,GS10906,2023,24917.0,324492
324493,GS10908,2023,7602.0,324494
324494,GS10909,2023,23570.0,324495
324496,GS10911,2023,23699.0,324497
324497,GS10912,2023,15331.0,324498
324498,GS10913,2023,29426.0,324499
324499,GS10914,2023,20956.0,324500
324500,GS10915,2023,13723.0,324501
324501,GS10916,2023,6733.0,324502
324502,GS10917,2023,5000.0,324503
324503,GS10918,2023,16177.0,324504
324506,GS10921,2023,8611.0,324507
324521,GS10967,2023,106342.0,324522
324522,GS10968,2023,16.0,324523
324527,GS10974,2023,29.0,324528
324531,GS10978,2023,1561.0,324532
324532,GS10979,2023,44439.0,324533
324533,GS10980,2023,16912.0,324534
324534,GS10981,2023,18015.0,324535
324535,GS10982,2023,14838.0,324536
324539,GS10987,2023,3002.0,324540
324540,GS10988,2023,8516.0,324541
324541,GS10989,2023,5344.0,324542
324542,GS10990,2023,1861.0,324543
324543,GS10991,2023,333.0,324544
324547,GS10995,2023,175.0,324548
324562,GS11010,2023,8685.0,324563
324589,GS11041,2023,115.0,324590
324615,GS11068,2023,1963.0,324616
324620,GS11074,2023,2599.0,324621
324645,GS11133,2023,8.0,324646
324646,GS11134,2023,100.0,324647
324652,GS11140,2023,18798.0,324653
324657,GS11145,2023,3511.0,324658
324659,GS11147,2023,6378.0,324660
324662,GS11150,2023,10.0,324663
324664,GS11152,2023,3065.0,324665
324665,GS11153,2023,521.0,324666
324666,GS11154,2023,3854.0,324667
324673,GS11167,2023,17050.0,324674
324692,GS11190,2023,9300.0,324693
324694,GS11192,2023,24376.0,324695
324695,GS11193,2023,42637.0,324696
324696,GS11194,2023,19739.0,324697
324698,GS11196,2023,199.0,324699
324699,GS11197,2023,7182.0,324700
324709,GS11207,2023,76969.0,324710
324711,GS11209,2023,991.0,324712
324714,GS11212,2023,320.0,324715
324720,GS11218,2023,37309.0,324721
324723,GS11222,2023,121217.0,324724
324738,GS11238,2023,122496.0,324739
324739,GS11239,2023,12414.0,324740
324754,GS11255,2023,108469.0,324755
324755,GS11256,2023,389603.0,324756
324765,GS11268,2023,20325.0,324766
324766,GS11269,2023,53989.0,324767
324767,GS11270,2023,54621.0,324768
324768,GS11271,2023,45026.0,324769
324769,GS11272,2023,51237.0,324770
324770,GS11273,2023,57042.0,324771
324771,GS11274,2023,418.0,324772
324772,GS11275,2023,93.0,324773
324773,GS11276,2023,30350.0,324774
324775,GS11278,2023,13762.0,324776
324778,GS11281,2023,41208.0,324779
324783,GS11286,2023,1080.0,324784
324785,GS11288,2023,22000.0,324786
324786,GS11289,2023,1033.0,324787
324789,GS11292,2023,49.0,324790
324790,GS11293,2023,50000.0,324791
324791,GS11294,2023,3368.0,324792
324792,GS11295,2023,25200.0,324793
324795,GS11298,2023,743.0,324796
324797,GS11300,2023,34480.0,324798
324798,GS11301,2023,35082.0,324799
324801,GS11304,2023,20753.0,324802
324802,GS11305,2023,14363.0,324803
324806,GS11309,2023,37309.0,324807
324807,GS11310,2023,26820.0,324808
324827,GS11331,2023,6044.0,324828
324829,GS11334,2023,274997.0,324830
324830,GS11335,2023,190109.0,324831
324831,GS11336,2023,25150.0,324832
324832,GS11337,2023,339195.0,324833
324855,GS11400,2023,407822.0,324856
324860,GS11405,2023,184148.0,324861
324871,GS11417,2023,27965.0,324872
324872,GS11418,2023,14301.0,324873
324873,GS11419,2023,11591.0,324874
324874,GS11420,2023,1201.0,324875
324878,GS11424,2023,81407.0,324879
324881,GS11427,2023,63917.0,324882
324887,GS11437,2023,40880.0,324888
324890,GS11440,2023,21697.0,324891
324899,GS11455,2023,10475.0,324900
324915,GS11483,2023,8695.0,324916
324942,GS11514,2023,8114.0,324943
324943,GS11515,2023,29436.0,324944
324944,GS11516,2023,29165.0,324945
324945,GS11517,2023,28800.0,324946
324946,GS11518,2023,28529.0,324947
324947,GS11519,2023,18261.0,324948
324948,GS11520,2023,194.0,324949
324978,GS11556,2023,2413.0,324979
324980,GS11558,2023,688.0,324981
324981,GS11559,2023,44936.0,324982
324982,GS11560,2023,317.0,324983
325008,GS11595,2023,1064.0,325009
325009,GS11596,2023,1015.0,325010
325053,GS11655,2023,2071.0,325054
325108,GS11728,2023,269612.0,325109
325118,GS11744,2023,1261.0,325119
325119,GS11745,2023,1261.0,325120
325120,GS11747,2023,456.0,325121
325121,GS11748,2023,456.0,325122
325122,GS11749,2023,456.0,325123
325123,GS11750,2023,456.0,325124
325124,GS11751,2023,456.0,325125
325125,GS11752,2023,456.0,325126
325126,GS11753,2023,71.0,325127
325170,GS11807,2023,640.0,325171
325181,GS11835,2023,1415.0,325182
325182,GS11836,2023,4941.0,325183
325183,GS11837,2023,4710.0,325184
325184,GS11838,2023,4108.0,325185
325185,GS11839,2023,4108.0,325186
325186,GS11840,2023,4107.0,325187
325187,GS11841,2023,4108.0,325188
325188,GS11842,2023,4109.0,325189
325189,GS11843,2023,4108.0,325190
325190,GS11844,2023,3401.0,325191
325191,GS11845,2023,3302.0,325192
325192,GS11846,2023,3303.0,325193
325193,GS11847,2023,3303.0,325194
325194,GS11848,2023,44.0,325195
325195,GS11849,2023,26.0,325196
325196,GS11850,2023,26.0,325197
325197,GS11851,2023,26.0,325198
325198,GS11852,2023,26.0,325199
325199,GS11853,2023,26.0,325200
326687,VCS5,2023,49928.0,326688
326690,VCS8,2023,21695.0,326691
326692,VCS10,2023,636543.0,326693
326693,VCS11,2023,30000.0,326694
326694,VCS12,2023,43935.0,326695
326707,VCS26,2023,638.0,326708
326711,VCS30,2023,346550.0,326712
326712,VCS32,2023,120.0,326713
326713,VCS33,2023,5364.0,326714
326714,VCS34,2023,2000.0,326715
326729,VCS49,2023,38322.0,326730
326733,VCS53,2023,100.0,326734
326734,VCS54,2023,70077.0,326735
326740,VCS60,2023,25.0,326741
326743,VCS63,2023,1505.0,326744
326745,VCS65,2023,218.0,326746
326746,VCS66,2023,10501.0,326747
326748,VCS68,2023,134612.0,326749
326756,VCS77,2023,399.0,326757
326758,VCS79,2023,1700.0,326759
326759,VCS80,2023,25.0,326760
326761,VCS82,2023,12464.0,326762
326768,VCS89,2023,56437.0,326769
326770,VCS91,2023,53006.0,326771
326771,VCS92,2023,1013365.0,326772
326772,VCS93,2023,120879.0,326773
326776,VCS97,2023,74721.0,326777
326777,VCS98,2023,6897.0,326778
326782,VCS103,2023,107795.0,326783
326795,VCS117,2023,108508.0,326796
326798,VCS120,2023,15500.0,326799
326804,VCS127,2023,5621.0,326805
326805,VCS128,2023,12943.0,326806
326812,VCS135,2023,2950.0,326813
326815,VCS138,2023,41045.0,326816
326819,VCS142,2023,98079.0,326820
326820,VCS143,2023,25898.0,326821
326821,VCS144,2023,12163.0,326822
326825,VCS148,2023,1024.0,326826
326835,VCS158,2023,51.0,326836
326842,VCS166,2023,22766.0,326843
326849,VCS173,2023,565672.0,326850
326853,VCS177,2023,111.0,326854
326857,VCS181,2023,23444.0,326858
326861,VCS185,2023,3852.0,326862
326865,VCS191,2023,344166.0,326866
326866,VCS192,2023,3385.0,326867
326869,VCS195,2023,38228.0,326870
326875,VCS201,2023,6273.0,326876
326876,VCS202,2023,1148.0,326877
326885,VCS211,2023,1683.0,326886
326887,VCS213,2023,2636.0,326888
326891,VCS217,2023,3564.0,326892
326895,VCS221,2023,851.0,326896
326896,VCS222,2023,3478.0,326897
326899,VCS225,2023,879.0,326900
326906,VCS232,2023,1268.0,326907
326919,VCS245,2023,1000.0,326920
326923,VCS249,2023,160218.0,326924
326925,VCS251,2023,6947.0,326926
326927,VCS253,2023,3003.0,326928
326929,VCS255,2023,37218.0,326930
326938,VCS264,2023,422.0,326939
326942,VCS268,2023,3464.0,326943
326943,VCS269,2023,32107.0,326944
326947,VCS273,2023,1655.0,326948
326955,VCS281,2023,202.0,326956
326958,VCS284,2023,1246.0,326959
326962,VCS288,2023,35094.0,326963
326964,VCS290,2023,2000.0,326965
326966,VCS292,2023,354474.0,326967
326967,VCS293,2023,8951.0,326968
326972,VCS298,2023,9917.0,326973
326978,VCS304,2023,5926.0,326979
326982,VCS308,2023,17390.0,326983
326983,VCS309,2023,5710.0,326984
326990,VCS317,2023,13103.0,326991
326991,VCS318,2023,132972.0,326992
326992,VCS319,2023,1000.0,326993
326995,VCS322,2023,1050.0,326996
326998,VCS325,2023,10533.0,326999
327007,VCS334,2023,53727.0,327008
327008,VCS335,2023,26838.0,327009
327009,VCS336,2023,102584.0,327010
327010,VCS337,2023,48218.0,327011
327011,VCS338,2023,7828.0,327012
327017,VCS344,2023,179.0,327018
327020,VCS347,2023,9961.0,327021
327026,VCS353,2023,14114.0,327027
327027,VCS354,2023,3207.0,327028
327036,VCS363,2023,14000.0,327037
327041,VCS368,2023,6050.0,327042
327043,VCS370,2023,22982.0,327044
327044,VCS371,2023,3623.0,327045
327048,VCS375,2023,10919.0,327049
327049,VCS376,2023,420.0,327050
327053,VCS380,2023,9129.0,327054
327054,VCS381,2023,41107.0,327055
327057,VCS384,2023,12.0,327058
327058,VCS385,2023,2137.0,327059
327060,VCS387,2023,11739.0,327061
327064,VCS391,2023,223864.0,327065
327068,VCS395,2023,18655.0,327069
327072,VCS399,2023,7915.0,327073
327076,VCS403,2023,43370.0,327077
327077,VCS404,2023,5915.0,327078
327078,VCS405,2023,25320.0,327079
327084,VCS411,2023,15272.0,327085
327085,VCS412,2023,129253.0,327086
327086,VCS413,2023,10565.0,327087
327087,VCS414,2023,114894.0,327088
327088,VCS415,2023,10228.0,327089
327089,VCS416,2023,76381.0,327090
327090,VCS417,2023,62471.0,327091
327094,VCS421,2023,600.0,327095
327095,VCS422,2023,82000.0,327096
327098,VCS425,2023,2268.0,327099
327099,VCS426,2023,27.0,327100
327100,VCS427,2023,749.0,327101
327101,VCS428,2023,13006.0,327102
327102,VCS429,2023,12298.0,327103
327103,VCS430,2023,11545.0,327104
327105,VCS432,2023,504.0,327106
327111,VCS438,2023,110194.0,327112
327112,VCS439,2023,30592.0,327113
327114,VCS441,2023,56726.0,327115
327119,VCS446,2023,1598.0,327120
327121,VCS448,2023,1096.0,327122
327123,VCS450,2023,8254.0,327124
327126,VCS453,2023,15296.0,327127
327129,VCS456,2023,2000.0,327130
327131,VCS458,2023,19145.0,327132
327141,VCS468,2023,96623.0,327142
327143,VCS470,2023,15.0,327144
327144,VCS471,2023,1500.0,327145
327149,VCS476,2023,15.0,327150
327159,VCS486,2023,666238.0,327160
327160,VCS487,2023,1018409.0,327161
327161,VCS488,2023,247319.0,327162
327162,VCS489,2023,171606.0,327163
327168,VCS495,2023,1680.0,327169
327169,VCS496,2023,971.0,327170
327171,VCS498,2023,2000.0,327172
327175,VCS502,2023,15000.0,327176
327177,VCS504,2023,26114.0,327178
327178,VCS505,2023,1900.0,327179
327179,VCS506,2023,29442.0,327180
327186,VCS513,2023,273781.0,327187
327195,VCS522,2023,29.0,327196
327208,VCS535,2023,54360.0,327209
327209,VCS536,2023,214359.0,327210
327210,VCS537,2023,2.0,327211
327212,VCS539,2023,2641.0,327213
327213,VCS540,2023,125150.0,327214
327214,VCS541,2023,99426.0,327215
327216,VCS543,2023,234.0,327217
327217,VCS544,2023,53221.0,327218
327219,VCS546,2023,31949.0,327220
327221,VCS548,2023,502.0,327222
327225,VCS552,2023,1673.0,327226
327226,VCS553,2023,65825.0,327227
327230,VCS557,2023,44263.0,327231
327231,VCS558,2023,15592.0,327232
327232,VCS559,2023,2358.0,327233
327235,VCS562,2023,282675.0,327236
327236,VCS563,2023,30514.0,327237
327237,VCS564,2023,2.0,327238
327239,VCS566,2023,6271.0,327240
327240,VCS567,2023,333975.0,327241
327249,VCS576,2023,11666.0,327250
327257,VCS584,2023,37169.0,327258
327259,VCS586,2023,1.0,327260
327260,VCS587,2023,418.0,327261
327263,VCS590,2023,2124.0,327264
327276,VCS603,2023,46319.0,327277
327280,VCS607,2023,216726.0,327281
327285,VCS612,2023,1644737.0,327286
327290,VCS617,2023,10390.0,327291
327291,VCS618,2023,83468.0,327292
327292,VCS619,2023,45770.0,327293
327293,VCS620,2023,651760.0,327294
327300,VCS627,2023,50000.0,327301
327309,VCS636,2023,202047.0,327310
327311,VCS638,2023,19526.0,327312
327312,VCS639,2023,4859.0,327313
327313,VCS640,2023,37156.0,327314
327316,VCS643,2023,129.0,327317
327317,VCS644,2023,2000.0,327318
327320,VCS647,2023,2895.0,327321
327326,VCS653,2023,198591.0,327327
327329,VCS656,2023,12393.0,327330
327333,VCS660,2023,1284.0,327334
327335,VCS662,2023,1521.0,327336
327338,VCS665,2023,28106.0,327339
327339,VCS666,2023,32774.0,327340
327340,VCS667,2023,11652.0,327341
327342,VCS669,2023,55882.0,327343
327346,VCS673,2023,31807.0,327347
327347,VCS674,2023,2839710.0,327348
327349,VCS676,2023,17313.0,327350
327351,VCS678,2023,154381.0,327352
327355,VCS682,2023,5541.0,327356
327356,VCS683,2023,31314.0,327357
327361,VCS688,2023,4012.0,327362
327366,VCS693,2023,533.0,327367
327370,VCS697,2023,55671.0,327371
327372,VCS699,2023,28250.0,327373
327373,VCS700,2023,50668.0,327374
327374,VCS701,2023,10000.0,327375
327376,VCS703,2023,19.0,327377
327379,VCS706,2023,6149.0,327380
327381,VCS708,2023,19743.0,327382
327385,VCS713,2023,62195.0,327386
327389,VCS717,2023,128326.0,327390
327394,VCS722,2023,45461.0,327395
327396,VCS724,2023,309699.0,327397
327397,VCS725,2023,55037.0,327398
327398,VCS726,2023,83310.0,327399
327399,VCS727,2023,33073.0,327400
327400,VCS728,2023,317476.0,327401
327405,VCS733,2023,7938.0,327406
327406,VCS734,2023,88657.0,327407
327408,VCS736,2023,45478.0,327409
327409,VCS737,2023,106604.0,327410
327412,VCS740,2023,47773.0,327413
327420,VCS749,2023,9798.0,327421
327422,VCS751,2023,132052.0,327423
327424,VCS753,2023,51871.0,327425
327426,VCS755,2023,16931.0,327427
327427,VCS756,2023,235373.0,327428
327430,VCS759,2023,32647.0,327431
327433,VCS762,2023,110277.0,327434
327434,VCS763,2023,2956.0,327435
327435,VCS764,2023,9815.0,327436
327437,VCS766,2023,341733.0,327438
327442,VCS771,2023,4380.0,327443
327451,VCS780,2023,116512.0,327452
327453,VCS782,2023,230386.0,327454
327455,VCS784,2023,64029.0,327456
327457,VCS786,2023,516267.0,327458
327459,VCS788,2023,26766.0,327460
327464,VCS793,2023,25000.0,327465
327467,VCS796,2023,1225.0,327468
327469,VCS798,2023,34479.0,327470
327470,VCS799,2023,10580.0,327471
327478,VCS807,2023,412000.0,327479
327479,VCS808,2023,66283.0,327480
327481,VCS810,2023,61172.0,327482
327483,VCS812,2023,9579.0,327484
327484,VCS813,2023,111488.0,327485
327485,VCS814,2023,16352.0,327486
327486,VCS815,2023,8928.0,327487
327488,VCS817,2023,6875.0,327489
327494,VCS823,2023,14831.0,327495
327495,VCS824,2023,1010.0,327496
327501,VCS830,2023,114872.0,327502
327502,VCS831,2023,28292.0,327503
327503,VCS832,2023,138587.0,327504
327504,VCS833,2023,60054.0,327505
327505,VCS834,2023,11787.0,327506
327506,VCS835,2023,103507.0,327507
327507,VCS836,2023,50.0,327508
327508,VCS837,2023,286185.0,327509
327511,VCS840,2023,103467.0,327512
327515,VCS844,2023,555123.0,327516
327520,VCS849,2023,158147.0,327521
327521,VCS850,2023,239004.0,327522
327523,VCS852,2023,10000.0,327524
327539,VCS868,2023,519122.0,327540
327543,VCS872,2023,31657.0,327544
327546,VCS875,2023,325158.0,327547
327547,VCS876,2023,7505.0,327548
327548,VCS877,2023,2709.0,327549
327549,VCS878,2023,4000.0,327550
327553,VCS882,2023,44.0,327554
327554,VCS883,2023,33391.0,327555
327555,VCS884,2023,51576.0,327556
327558,VCS887,2023,4635.0,327559
327562,VCS891,2023,16305.0,327563
327563,VCS892,2023,89015.0,327564
327564,VCS893,2023,19195.0,327565
327567,VCS896,2023,73602.0,327568
327570,VCS899,2023,86769.0,327571
327571,VCS900,2023,2497.0,327572
327572,VCS901,2023,12794.0,327573
327573,VCS902,2023,513250.0,327574
327574,VCS903,2023,229587.0,327575
327576,VCS905,2023,36119.0,327577
327581,VCS910,2023,36064.0,327582
327582,VCS911,2023,135003.0,327583
327583,VCS912,2023,10316.0,327584
327588,VCS917,2023,124120.0,327589
327591,VCS920,2023,6983.0,327592
327592,VCS921,2023,86960.0,327593
327595,VCS924,2023,24251.0,327596
327596,VCS925,2023,1366.0,327597
327597,VCS926,2023,739.0,327598
327598,VCS927,2023,10136.0,327599
327599,VCS928,2023,7098.0,327600
327600,VCS929,2023,207063.0,327601
327605,VCS934,2023,626059.0,327606
327606,VCS935,2023,13816.0,327607
327607,VCS936,2023,4333.0,327608
327609,VCS938,2023,168.0,327610
327611,VCS940,2023,1287.0,327612
327612,VCS941,2023,841.0,327613
327614,VCS943,2023,11991.0,327615
327615,VCS944,2023,1755257.0,327616
327616,VCS945,2023,11369.0,327617
327618,VCS947,2023,68159.0,327619
327625,VCS954,2023,132768.0,327626
327629,VCS958,2023,153242.0,327630
327630,VCS959,2023,666358.0,327631
327631,VCS960,2023,93559.0,327632
327632,VCS961,2023,222240.0,327633
327633,VCS962,2023,36818.0,327634
327634,VCS963,2023,239445.0,327635
327635,VCS964,2023,92232.0,327636
327640,VCS969,2023,46743.0,327641
327642,VCS971,2023,112.0,327643
327644,VCS973,2023,97027.0,327645
327645,VCS974,2023,32.0,327646
327647,VCS976,2023,10946.0,327648
327648,VCS977,2023,272934.0,327649
327652,VCS981,2023,1636115.0,327653
327653,VCS982,2023,1318.0,327654
327656,VCS985,2023,5361273.0,327657
327657,VCS986,2023,57924.0,327658
327658,VCS987,2023,150936.0,327659
327664,VCS993,2023,4814.0,327665
327665,VCS994,2023,28340.0,327666
327666,VCS995,2023,6800.0,327667
327667,VCS996,2023,17804.0,327668
327668,VCS997,2023,239795.0,327669
327672,VCS1001,2023,8991.0,327673
327673,VCS1002,2023,125234.0,327674
327688,VCS1018,2023,805.0,327689
327689,VCS1019,2023,390268.0,327690
327690,VCS1020,2023,6661.0,327691
327692,VCS1022,2023,19478.0,327693
327693,VCS1023,2023,50830.0,327694
327694,VCS1024,2023,32121.0,327695
327696,VCS1026,2023,2069.0,327697
327698,VCS1028,2023,9244.0,327699
327701,VCS1031,2023,10814.0,327702
327702,VCS1032,2023,64.0,327703
327705,VCS1035,2023,7659.0,327706
327706,VCS1036,2023,26984.0,327707
327707,VCS1037,2023,4344.0,327708
327709,VCS1039,2023,109.0,327710
327711,VCS1041,2023,74340.0,327712
327714,VCS1044,2023,26602.0,327715
327715,VCS1045,2023,8743.0,327716
327725,VCS1055,2023,409340.0,327726
327731,VCS1061,2023,126.0,327732
327736,VCS1066,2023,164257.0,327737
327737,VCS1067,2023,2009990.0,327738
327738,VCS1068,2023,10542.0,327739
327739,VCS1069,2023,37500.0,327740
327747,VCS1077,2023,3058.0,327748
327748,VCS1078,2023,27519.0,327749
327751,VCS1081,2023,54857.0,327752
327752,VCS1082,2023,3724.0,327753
327754,VCS1084,2023,847.0,327755
327755,VCS1085,2023,71186.0,327756
327758,VCS1088,2023,16353.0,327759
327759,VCS1089,2023,850.0,327760
327764,VCS1094,2023,187608.0,327765
327770,VCS1100,2023,162177.0,327771
327781,VCS1111,2023,11899.0,327782
327782,VCS1112,2023,102935.0,327783
327783,VCS1113,2023,29429.0,327784
327784,VCS1114,2023,81365.0,327785
327785,VCS1115,2023,393570.0,327786
327791,VCS1121,2023,26463.0,327792
327792,VCS1122,2023,16250.0,327793
327797,VCS1127,2023,26839.0,327798
327798,VCS1128,2023,40230.0,327799
327803,VCS1133,2023,641.0,327804
327804,VCS1134,2023,36671.0,327805
327805,VCS1135,2023,24247.0,327806
327806,VCS1136,2023,56268.0,327807
327810,VCS1140,2023,708.0,327811
327811,VCS1141,2023,239632.0,327812
327813,VCS1143,2023,17329.0,327814
327816,VCS1146,2023,1659087.0,327817
327822,VCS1152,2023,24203.0,327823
327829,VCS1160,2023,22001.0,327830
327831,VCS1162,2023,65540.0,327832
327835,VCS1166,2023,32715.0,327836
327836,VCS1167,2023,18434.0,327837
327837,VCS1168,2023,851982.0,327838
327850,VCS1181,2023,63074.0,327851
327851,VCS1182,2023,7888.0,327852
327853,VCS1184,2023,1493.0,327854
327855,VCS1186,2023,20633.0,327856
327856,VCS1187,2023,22848.0,327857
327857,VCS1188,2023,61699.0,327858
327858,VCS1189,2023,63036.0,327859
327859,VCS1190,2023,5926.0,327860
327860,VCS1191,2023,65211.0,327861
327863,VCS1194,2023,138857.0,327864
327864,VCS1195,2023,47552.0,327865
327865,VCS1196,2023,3363.0,327866
327866,VCS1197,2023,6076.0,327867
327867,VCS1198,2023,100008.0,327868
327868,VCS1199,2023,104747.0,327869
327869,VCS1200,2023,3965.0,327870
327870,VCS1201,2023,91758.0,327871
327871,VCS1202,2023,3156.0,327872
327872,VCS1203,2023,16366.0,327873
327873,VCS1204,2023,42599.0,327874
327874,VCS1205,2023,100.0,327875
327876,VCS1207,2023,7009.0,327877
327877,VCS1208,2023,4105.0,327878
327878,VCS1209,2023,190.0,327879
327879,VCS1210,2023,3850.0,327880
327883,VCS1214,2023,96156.0,327884
327884,VCS1215,2023,44522.0,327885
327885,VCS1216,2023,2845.0,327886
327886,VCS1217,2023,2563.0,327887
327887,VCS1218,2023,15905.0,327888
327890,VCS1221,2023,14953.0,327891
327894,VCS1225,2023,13368.0,327895
327897,VCS1228,2023,1498.0,327898
327899,VCS1230,2023,1473.0,327900
327902,VCS1233,2023,79.0,327903
327905,VCS1236,2023,7712.0,327906
327910,VCS1241,2023,13898.0,327911
327916,VCS1247,2023,20.0,327917
327920,VCS1251,2023,960.0,327921
327922,VCS1253,2023,14.0,327923
327923,VCS1254,2023,56050.0,327924
327926,VCS1257,2023,358026.0,327927
327927,VCS1258,2023,98854.0,327928
327928,VCS1259,2023,252.0,327929
327930,VCS1261,2023,123164.0,327931
327958,VCS1289,2023,184191.0,327959
327960,VCS1291,2023,191484.0,327961
327962,VCS1294,2023,7376.0,327963
327968,VCS1300,2023,8000.0,327969
327969,VCS1301,2023,107703.0,327970
327976,VCS1308,2023,74350.0,327977
327978,VCS1310,2023,144794.0,327979
327979,VCS1311,2023,20.0,327980
327983,VCS1315,2023,14165.0,327984
327986,VCS1318,2023,41076.0,327987
327990,VCS1322,2023,3459.0,327991
327993,VCS1325,2023,161.0,327994
327994,VCS1326,2023,1976297.0,327995
327997,VCS1329,2023,36479.0,327998
327998,VCS1330,2023,16495.0,327999
328006,VCS1338,2023,1296.0,328007
328008,VCS1340,2023,1884692.0,328009
328012,VCS1344,2023,203502.0,328013
328013,VCS1345,2023,101027.0,328014
328014,VCS1346,2023,5000.0,328015
328016,VCS1348,2023,21218.0,328017
328017,VCS1349,2023,7911.0,328018
328020,VCS1352,2023,6905.0,328021
328021,VCS1353,2023,234684.0,328022
328022,VCS1354,2023,1500.0,328023
328024,VCS1356,2023,39004.0,328025
328027,VCS1359,2023,39065.0,328028
328028,VCS1360,2023,905350.0,328029
328029,VCS1361,2023,1.0,328030
328030,VCS1362,2023,44307.0,328031
328032,VCS1364,2023,7191.0,328033
328046,VCS1378,2023,10057.0,328047
328048,VCS1380,2023,1485.0,328049
328050,VCS1382,2023,2465104.0,328051
328053,VCS1385,2023,730.0,328054
328057,VCS1389,2023,20574.0,328058
328058,VCS1390,2023,12901.0,328059
328059,VCS1391,2023,9903.0,328060
328060,VCS1392,2023,173.0,328061
328063,VCS1395,2023,130489.0,328064
328067,VCS1399,2023,6587.0,328068
328068,VCS1400,2023,22360.0,328069
328072,VCS1404,2023,261936.0,328073
328074,VCS1406,2023,140522.0,328075
328075,VCS1407,2023,34579.0,328076
328076,VCS1408,2023,1111936.0,328077
328081,VCS1413,2023,66451.0,328082
328085,VCS1417,2023,437.0,328086
328091,VCS1423,2023,81530.0,328092
328092,VCS1424,2023,80000.0,328093
328093,VCS1425,2023,42597.0,328094
328104,VCS1437,2023,63123.0,328105
328105,VCS1438,2023,103546.0,328106
328106,VCS1439,2023,96856.0,328107
328108,VCS1441,2023,1409.0,328109
328111,VCS1444,2023,28855.0,328112
328113,VCS1446,2023,218522.0,328114
328114,VCS1447,2023,297070.0,328115
328115,VCS1448,2023,184.0,328116
328120,VCS1453,2023,55.0,328121
328128,VCS1461,2023,51195.0,328129
328130,VCS1464,2023,654387.0,328131
328131,VCS1465,2023,181.0,328132
328132,VCS1467,2023,7563.0,328133
328133,VCS1468,2023,316709.0,328134
328134,VCS1469,2023,1.0,328135
328138,VCS1473,2023,39577.0,328139
328140,VCS1477,2023,9081967.0,328141
328142,VCS1479,2023,74543.0,328143
328144,VCS1481,2023,114038.0,328145
328146,VCS1483,2023,2281.0,328147
328148,VCS1485,2023,80058.0,328149
328149,VCS1486,2023,2075.0,328150
328158,VCS1497,2023,186335.0,328159
328160,VCS1499,2023,172462.0,328161
328164,VCS1503,2023,98634.0,328165
328166,VCS1505,2023,1711.0,328167
328167,VCS1506,2023,130336.0,328168
328169,VCS1508,2023,1100.0,328170
328171,VCS1510,2023,17868.0,328172
328179,VCS1519,2023,6826.0,328180
328180,VCS1520,2023,32798.0,328181
328181,VCS1521,2023,124231.0,328182
328182,VCS1522,2023,33716.0,328183
328183,VCS1523,2023,54041.0,328184
328185,VCS1525,2023,770.0,328186
328189,VCS1529,2023,138569.0,328190
328190,VCS1530,2023,64717.0,328191
328191,VCS1532,2023,5676.0,328192
328194,VCS1535,2023,1134.0,328195
328197,VCS1538,2023,58579.0,328198
328198,VCS1539,2023,9976.0,328199
328199,VCS1541,2023,6546.0,328200
328200,VCS1542,2023,120118.0,328201
328201,VCS1543,2023,22582.0,328202
328204,VCS1546,2023,100815.0,328205
328205,VCS1547,2023,1903.0,328206
328207,VCS1549,2023,15650.0,328208
328214,VCS1558,2023,66276.0,328215
328216,VCS1560,2023,434364.0,328217
328221,VCS1566,2023,309181.0,328222
328222,VCS1567,2023,271.0,328223
328224,VCS1569,2023,20654.0,328225
328225,VCS1570,2023,3000.0,328226
328226,VCS1571,2023,262186.0,328227
328229,VCS1577,2023,363.0,328230
328231,VCS1579,2023,8393.0,328232
328232,VCS1580,2023,593585.0,328233
328233,VCS1582,2023,107959.0,328234
328236,VCS1587,2023,923.0,328237
328238,VCS1622,2023,1375796.0,328239
328242,VCS1644,2023,106136.0,328243
328243,VCS1650,2023,2143837.0,328244
328246,VCS1654,2023,28139.0,328247
328251,VCS1660,2023,49947.0,328252
328254,VCS1663,2023,7440.0,328255
328255,VCS1664,2023,62153.0,328256
328256,VCS1665,2023,8580.0,328257
328259,VCS1669,2023,116001.0,328260
328260,VCS1670,2023,48521.0,328261
328261,VCS1671,2023,102742.0,328262
328265,VCS1675,2023,1800.0,328266
328269,VCS1679,2023,10555.0,328270
328275,VCS1685,2023,10353.0,328276
328276,VCS1686,2023,135065.0,328277
328278,VCS1689,2023,2690.0,328279
328283,VCS1695,2023,262.0,328284
328284,VCS1696,2023,188.0,328285
328295,VCS1709,2023,1500.0,328296
328297,VCS1712,2023,6883.0,328298
328298,VCS1715,2023,92926.0,328299
328299,VCS1716,2023,1273.0,328300
328300,VCS1718,2023,14313.0,328301
328301,VCS1719,2023,1.0,328302
328302,VCS1720,2023,18586.0,328303
328303,VCS1721,2023,62462.0,328304
328304,VCS1723,2023,3465.0,328305
328306,VCS1728,2023,529742.0,328307
328308,VCS1731,2023,34957.0,328309
328309,VCS1732,2023,19674.0,328310
328310,VCS1733,2023,40620.0,328311
328311,VCS1734,2023,75726.0,328312
328312,VCS1735,2023,3290.0,328313
328313,VCS1736,2023,125609.0,328314
328315,VCS1739,2023,873.0,328316
328316,VCS1740,2023,38065.0,328317
328317,VCS1741,2023,19502.0,328318
328318,VCS1742,2023,1175238.0,328319
328320,VCS1744,2023,500.0,328321
328322,VCS1746,2023,46229.0,328323
328323,VCS1748,2023,2205926.0,328324
328327,VCS1753,2023,1997077.0,328328
328329,VCS1758,2023,149780.0,328330
328330,VCS1759,2023,130.0,328331
328332,VCS1762,2023,79531.0,328333
328333,VCS1764,2023,26383.0,328334
328335,VCS1766,2023,9309.0,328336
328336,VCS1767,2023,45956.0,328337
328337,VCS1768,2023,7281.0,328338
328339,VCS1770,2023,9260.0,328340
328340,VCS1771,2023,51735.0,328341
328342,VCS1774,2023,27461.0,328343
328343,VCS1775,2023,108862.0,328344
328344,VCS1776,2023,3689.0,328345
328346,VCS1781,2023,2049.0,328347
328347,VCS1782,2023,90000.0,328348
328348,VCS1783,2023,27639.0,328349
328349,VCS1784,2023,352266.0,328350
328350,VCS1786,2023,57831.0,328351
328352,VCS1788,2023,24192.0,328353
328354,VCS1790,2023,20888.0,328355
328355,VCS1791,2023,5906.0,328356
328356,VCS1792,2023,550856.0,328357
328357,VCS1793,2023,6910.0,328358
328358,VCS1794,2023,19828.0,328359
328360,VCS1797,2023,1000.0,328361
328363,VCS1800,2023,96.0,328364
328365,VCS1803,2023,2500.0,328366
328366,VCS1804,2023,45.0,328367
328367,VCS1805,2023,1507526.0,328368
328372,VCS1811,2023,63370.0,328373
328373,VCS1812,2023,404102.0,328374
328375,VCS1815,2023,1382387.0,328376
328376,VCS1816,2023,2813.0,328377
328379,VCS1820,2023,62140.0,328380
328381,VCS1822,2023,9651.0,328382
328383,VCS1824,2023,12867.0,328384
328384,VCS1825,2023,1867.0,328385
328389,VCS1830,2023,9277.0,328390
328391,VCS1832,2023,40903.0,328392
328397,VCS1840,2023,2295.0,328398
328399,VCS1842,2023,39307.0,328400
328401,VCS1844,2023,17580.0,328402
328404,VCS1847,2023,43006.0,328405
328408,VCS1851,2023,2715618.0,328409
328410,VCS1853,2023,29088.0,328411
328411,VCS1854,2023,5222.0,328412
328412,VCS1855,2023,300688.0,328413
328413,VCS1856,2023,108999.0,328414
328415,VCS1859,2023,9800.0,328416
328416,VCS1860,2023,2218.0,328417
328417,VCS1861,2023,29477.0,328418
328419,VCS1863,2023,463.0,328420
328420,VCS1864,2023,100000.0,328421
328421,VCS1865,2023,100000.0,328422
328423,VCS1867,2023,38731.0,328424
328426,VCS1870,2023,2483.0,328427
328430,VCS1875,2023,5722.0,328431
328435,VCS1882,2023,77224.0,328436
328436,VCS1883,2023,2927.0,328437
328437,VCS1884,2023,656.0,328438
328438,VCS1885,2023,28008.0,328439
328441,VCS1888,2023,37738.0,328442
328442,VCS1890,2023,220505.0,328443
328445,VCS1893,2023,2690.0,328446
328446,VCS1895,2023,131.0,328447
328447,VCS1896,2023,1171.0,328448
328448,VCS1897,2023,430130.0,328449
328449,VCS1898,2023,4365.0,328450
328450,VCS1899,2023,103678.0,328451
328451,VCS1900,2023,14701.0,328452
328454,VCS1903,2023,433637.0,328455
328455,VCS1904,2023,315683.0,328456
328457,VCS1906,2023,5500.0,328458
328462,VCS1911,2023,9069.0,328463
328465,VCS1914,2023,107920.0,328466
328466,VCS1915,2023,17237.0,328467
328469,VCS1918,2023,163094.0,328470
328478,VCS1929,2023,2396.0,328479
328479,VCS1930,2023,17831.0,328480
328480,VCS1931,2023,105617.0,328481
328481,VCS1933,2023,11795.0,328482
328482,VCS1934,2023,28404.0,328483
328483,VCS1935,2023,394223.0,328484
328487,VCS1940,2023,57064.0,328488
328488,VCS1941,2023,532.0,328489
328490,VCS1943,2023,1848.0,328491
328492,VCS1945,2023,1217.0,328493
328493,VCS1946,2023,57176.0,328494
328494,VCS1947,2023,177290.0,328495
328496,VCS1949,2023,111920.0,328497
328497,VCS1950,2023,140273.0,328498
328500,VCS1953,2023,140889.0,328501
328501,VCS1954,2023,14036.0,328502
328504,VCS1958,2023,107198.0,328505
328505,VCS1959,2023,11498.0,328506
328506,VCS1960,2023,24280.0,328507
328510,VCS1964,2023,12793.0,328511
328511,VCS1965,2023,70891.0,328512
328516,VCS1970,2023,62774.0,328517
328518,VCS1972,2023,35473.0,328519
328520,VCS1974,2023,86057.0,328521
328521,VCS1975,2023,157478.0,328522
328522,VCS1976,2023,45249.0,328523
328527,VCS1981,2023,189411.0,328528
328533,VCS1987,2023,372959.0,328534
328539,VCS1993,2023,3302.0,328540
328542,VCS1996,2023,3841.0,328543
328543,VCS1997,2023,28521.0,328544
328544,VCS1998,2023,187756.0,328545
328545,VCS1999,2023,4057.0,328546
328546,VCS2000,2023,9000.0,328547
328547,VCS2001,2023,20426.0,328548
328548,VCS2002,2023,88389.0,328549
328549,VCS2003,2023,16276.0,328550
328550,VCS2004,2023,10000.0,328551
328551,VCS2005,2023,44003.0,328552
328553,VCS2007,2023,18569.0,328554
328554,VCS2008,2023,15428.0,328555
328563,VCS2017,2023,61063.0,328564
328566,VCS2020,2023,7126.0,328567
328572,VCS2026,2023,236385.0,328573
328582,VCS2036,2023,41924.0,328583
328584,VCS2038,2023,656.0,328585
328586,VCS2040,2023,14939.0,328587
328588,VCS2042,2023,149279.0,328589
328589,VCS2043,2023,56500.0,328590
328598,VCS2052,2023,157244.0,328599
328603,VCS2057,2023,88884.0,328604
328605,VCS2059,2023,31251.0,328606
328611,VCS2065,2023,226940.0,328612
328615,VCS2069,2023,200000.0,328616
328616,VCS2070,2023,549695.0,328617
328618,VCS2072,2023,1000.0,328619
328619,VCS2073,2023,2416.0,328620
328621,VCS2076,2023,10450.0,328622
328623,VCS2079,2023,43654.0,328624
328625,VCS2082,2023,243198.0,328626
328626,VCS2083,2023,223133.0,328627
328629,VCS2087,2023,41993.0,328630
328635,VCS2093,2023,437.0,328636
328637,VCS2095,2023,60673.0,328638
328640,VCS2098,2023,552.0,328641
328650,VCS2242,2023,39799.0,328651
328652,VCS2244,2023,1635.0,328653
328656,VCS2248,2023,234012.0,328657
328658,VCS2250,2023,814017.0,328659
328660,VCS2252,2023,686480.0,328661
328662,VCS2259,2023,99613.0,328663
328664,VCS2261,2023,13688.0,328665
328667,VCS2278,2023,2636365.0,328668
328668,VCS2290,2023,12037.0,328669
328669,VCS2291,2023,407507.0,328670
328670,VCS2292,2023,11744.0,328671
328671,VCS2293,2023,51469.0,328672
328673,VCS2296,2023,14468.0,328674
328676,VCS2299,2023,26612.0,328677
328679,VCS2302,2023,183195.0,328680
328680,VCS2303,2023,2010.0,328681
328684,VCS2307,2023,27637.0,328685
328685,VCS2308,2023,44093.0,328686
328686,VCS2309,2023,6882.0,328687
328687,VCS2310,2023,68155.0,328688
328693,VCS2316,2023,4149.0,328694
328699,VCS2322,2023,14524.0,328700
328700,VCS2323,2023,35000.0,328701
328701,VCS2324,2023,28426.0,328702
328703,VCS2327,2023,2818.0,328704
328707,VCS2333,2023,25411.0,328708
328709,VCS2335,2023,139553.0,328710
328710,VCS2336,2023,32133.0,328711
328711,VCS2337,2023,100000.0,328712
328713,VCS2339,2023,80000.0,328714
328714,VCS2340,2023,16399.0,328715
328716,VCS2342,2023,20006.0,328717
328721,VCS2348,2023,115.0,328722
328722,VCS2349,2023,4054.0,328723
328730,VCS2357,2023,4754.0,328731
328731,VCS2358,2023,12001.0,328732
328734,VCS2361,2023,53518.0,328735
328737,VCS2365,2023,3000.0,328738
328738,VCS2366,2023,22938.0,328739
328741,VCS2370,2023,37244.0,328742
328742,VCS2371,2023,2676.0,328743
328743,VCS2372,2023,298912.0,328744
328746,VCS2375,2023,15611.0,328747
328749,VCS2378,2023,77199.0,328750
328750,VCS2379,2023,127742.0,328751
328755,VCS2384,2023,80299.0,328756
328757,VCS2386,2023,2276.0,328758
328758,VCS2387,2023,38439.0,328759
328762,VCS2391,2023,24204.0,328763
328767,VCS2396,2023,821.0,328768
328771,VCS2400,2023,170086.0,328772
328772,VCS2401,2023,72799.0,328773
328773,VCS2402,2023,397757.0,328774
328775,VCS2404,2023,529154.0,328776
328776,VCS2405,2023,60693.0,328777
328780,VCS2409,2023,1087.0,328781
328781,VCS2410,2023,29519.0,328782
328783,VCS2412,2023,9803.0,328784
328785,VCS2414,2023,16706.0,328786
328786,VCS2415,2023,54137.0,328787
328787,VCS2416,2023,2917.0,328788
328793,VCS2423,2023,1000.0,328794
328794,VCS2424,2023,4.0,328795
328795,VCS2425,2023,1500.0,328796
328797,VCS2427,2023,44674.0,328798
328808,VCS2438,2023,5000.0,328809
328812,VCS2442,2023,5000.0,328813
328822,VCS2452,2023,94990.0,328823
328823,VCS2455,2023,30627.0,328824
328825,VCS2458,2023,205459.0,328826
328830,VCS2464,2023,166512.0,328831
328831,VCS2465,2023,380.0,328832
328834,VCS2468,2023,119518.0,328835
328835,VCS2469,2023,1872.0,328836
328838,VCS2473,2023,125012.0,328839
328843,VCS2478,2023,1046013.0,328844
328845,VCS2481,2023,2644.0,328846
328861,VCS2498,2023,60187.0,328862
328862,VCS2499,2023,60081.0,328863
328865,VCS2502,2023,322.0,328866
328866,VCS2503,2023,39109.0,328867
328867,VCS2504,2023,71198.0,328868
328868,VCS2505,2023,918187.0,328869
328871,VCS2508,2023,317175.0,328872
328875,VCS2512,2023,294127.0,328876
328883,VCS2521,2023,1.0,328884
328884,VCS2522,2023,100.0,328885
328886,VCS2525,2023,400.0,328887
328892,VCS2532,2023,82119.0,328893
328897,VCS2537,2023,2.0,328898
328899,VCS2539,2023,247363.0,328900
328900,VCS2540,2023,41433.0,328901
328905,VCS2551,2023,208959.0,328906
328911,VCS2557,2023,4701.0,328912
328912,VCS2558,2023,17899.0,328913
328915,VCS2565,2023,34.0,328916
328916,VCS2566,2023,42030.0,328917
328927,VCS2581,2023,19439.0,328928
328943,VCS2599,2023,365.0,328944
328944,VCS2600,2023,1088.0,328945
328949,VCS2606,2023,60453.0,328950
328951,VCS2608,2023,186000.0,328952
328954,VCS2611,2023,4270.0,328955
328958,VCS2615,2023,1854.0,328959
328959,VCS2616,2023,41082.0,328960
328970,VCS2629,2023,159.0,328971
328972,VCS2631,2023,27299.0,328973
328976,VCS2635,2023,70430.0,328977
328993,VCS2659,2023,700821.0,328994
328997,VCS2664,2023,432774.0,328998
329021,VCS2691,2023,29741.0,329022
329023,VCS2693,2023,16933.0,329024
329026,VCS2696,2023,177776.0,329027
329036,VCS2706,2023,117238.0,329037
329041,VCS2711,2023,180000.0,329042
329046,VCS2716,2023,4595.0,329047
329051,VCS2723,2023,26988.0,329052
329056,VCS2728,2023,15277.0,329057
329064,VCS2736,2023,100.0,329065
329065,VCS2737,2023,26.0,329066
329066,VCS2738,2023,31.0,329067
329067,VCS2739,2023,8.0,329068
329073,VCS2745,2023,1110.0,329074
329074,VCS2746,2023,2096.0,329075
329075,VCS2748,2023,140825.0,329076
329076,VCS2749,2023,15735.0,329077
329089,VCS2762,2023,3329.0,329090
329151,VCS2828,2023,2319.0,329152
329159,VCS2837,2023,21491.0,329160
329161,VCS2839,2023,3000.0,329162
329168,VCS2846,2023,188226.0,329169
329186,VCS2864,2023,80.0,329187
329201,VCS2879,2023,13163.0,329202
329218,VCS2897,2023,71300.0,329219
329235,VCS2917,2023,130.0,329236
329240,VCS2923,2023,65702.0,329241
329254,VCS2938,2023,20000.0,329255
329255,VCS2939,2023,53000.0,329256
329267,VCS2951,2023,80000.0,329268
329272,VCS2957,2023,1744.0,329273
329277,VCS2965,2023,8700.0,329278
329291,VCS2982,2023,4411.0,329292
329299,VCS2992,2023,1.0,329300
329304,VCS2998,2023,501.0,329305
329311,VCS3005,2023,118309.0,329312
329316,VCS3010,2023,162849.0,329317
329324,VCS3018,2023,352864.0,329325
329355,VCS3056,2023,294.0,329356
329406,VCS3109,2023,7659.0,329407
329424,VCS3128,2023,8000.0,329425
329452,VCS3158,2023,43104.0,329453
329454,VCS3160,2023,44871.0,329455
329455,VCS3161,2023,283.0,329456
329499,VCS3207,2023,4190.0,329500
329634,VCS3350,2023,21854.0,329635
329868,VCS3613,2023,6550.0,329869
329912,VCS3662,2023,146.0,329913
330112,VCS3889,2023,30821.0,330113
330791,VCS4657,2023,400.0,330792
331976,ACR0112,2024,3607.0,331977
331978,ACR0114,2024,413387.0,331979
331983,ACR0120,2024,260055.0,331984
331985,ACR0122,2024,13.0,331986
331989,ACR0126,2024,155.0,331990
331991,ACR0128,2024,1206.0,331992
331993,ACR0130,2024,226.0,331994
331994,ACR0131,2024,925.0,331995
331998,ACR0135,2024,250.0,331999
331999,ACR0136,2024,305.0,332000
332000,ACR0137,2024,108.0,332001
332004,ACR0141,2024,1300.0,332005
332005,ACR0142,2024,1868.0,332006
332010,ACR0147,2024,1482.0,332011
332011,ACR0148,2024,1200.0,332012
332014,ACR0151,2024,93.0,332015
332016,ACR0153,2024,759.0,332017
332018,ACR0155,2024,1801.0,332019
332019,ACR0156,2024,5550.0,332020
332020,ACR0157,2024,199.0,332021
332024,ACR0161,2024,1150.0,332025
332027,ACR0164,2024,575.0,332028
332033,ACR0173,2024,34939.0,332034
332041,ACR0182,2024,4331.0,332042
332043,ACR0184,2024,1791.0,332044
332047,ACR0189,2024,11761.0,332048
332048,ACR0190,2024,75052.0,332049
332055,ACR0199,2024,584739.0,332056
332056,ACR0200,2024,51746.0,332057
332057,ACR0202,2024,52214.0,332058
332065,ACR0210,2024,590588.0,332066
332066,ACR0211,2024,279592.0,332067
332067,ACR0212,2024,109226.0,332068
332071,ACR0222,2024,2432.0,332072
332073,ACR0224,2024,14035.0,332074
332075,ACR0226,2024,509141.0,332076
332080,ACR0232,2024,25296.0,332081
332081,ACR0233,2024,121547.0,332082
332082,ACR0234,2024,16323.0,332083
332083,ACR0235,2024,19551.0,332084
332084,ACR0236,2024,19252.0,332085
332086,ACR0238,2024,42633.0,332087
332087,ACR0239,2024,1790.0,332088
332088,ACR0240,2024,39700.0,332089
332089,ACR0241,2024,56994.0,332090
332090,ACR0242,2024,105854.0,332091
332091,ACR0243,2024,153538.0,332092
332096,ACR0248,2024,814685.0,332097
332097,ACR0249,2024,238243.0,332098
332103,ACR0255,2024,2448522.0,332104
332104,ACR0256,2024,20010.0,332105
332105,ACR0257,2024,2379.0,332106
332107,ACR0259,2024,15152.0,332108
332108,ACR0260,2024,1244751.0,332109
332110,ACR0262,2024,370336.0,332111
332111,ACR0263,2024,284.0,332112
332113,ACR0265,2024,78849.0,332114
332114,ACR0266,2024,300636.0,332115
332115,ACR0267,2024,770056.0,332116
332116,ACR0268,2024,731561.0,332117
332117,ACR0269,2024,275433.0,332118
332120,ACR0272,2024,1332.0,332121
332121,ACR0273,2024,141492.0,332122
332122,ACR0274,2024,107590.0,332123
332123,ACR0275,2024,29221.0,332124
332124,ACR0276,2024,89425.0,332125
332127,ACR0279,2024,100633.0,332128
332128,ACR0280,2024,287680.0,332129
332129,ACR0281,2024,263915.0,332130
332130,ACR0282,2024,289485.0,332131
332131,ACR0283,2024,29410.0,332132
332132,ACR0284,2024,28713.0,332133
332135,ACR0287,2024,73705.0,332136
332136,ACR0288,2024,18683.0,332137
332140,ACR0292,2024,14841.0,332141
332149,ACR0303,2024,511166.0,332150
332158,ACR0312,2024,28000.0,332159
332159,ACR0313,2024,64458.0,332160
332160,ACR0314,2024,1706.0,332161
332165,ACR0324,2024,2173267.0,332166
332169,ACR0349,2024,23053.0,332170
332171,ACR0351,2024,28562.0,332172
332172,ACR0352,2024,68637.0,332173
332175,ACR0355,2024,35316.0,332176
332177,ACR0357,2024,7210.0,332178
332179,ACR0359,2024,97813.0,332180
332180,ACR0360,2024,1654268.0,332181
332181,ACR0361,2024,580910.0,332182
332186,ACR0367,2024,316814.0,332187
332187,ACR0368,2024,470.0,332188
332190,ACR0371,2024,129229.0,332191
332192,ACR0373,2024,309649.0,332193
332193,ACR0374,2024,80413.0,332194
332194,ACR0375,2024,4000.0,332195
332195,ACR0376,2024,26622.0,332196
332196,ACR0377,2024,233244.0,332197
332197,ACR0378,2024,159839.0,332198
332198,ACR0379,2024,77963.0,332199
332200,ACR0382,2024,49875.0,332201
332203,ACR0386,2024,5780.0,332204
332205,ACR0388,2024,527638.0,332206
332206,ACR0389,2024,18954.0,332207
332207,ACR0390,2024,31204.0,332208
332209,ACR0393,2024,49783.0,332210
332210,ACR0394,2024,8500.0,332211
332211,ACR0395,2024,52010.0,332212
332213,ACR0398,2024,60409.0,332214
332217,ACR0403,2024,37385.0,332218
332220,ACR0407,2024,1023753.0,332221
332223,ACR0411,2024,65753.0,332224
332225,ACR0413,2024,921785.0,332226
332226,ACR0416,2024,773193.0,332227
332227,ACR0417,2024,460870.0,332228
332228,ACR0418,2024,9142.0,332229
332229,ACR0419,2024,20904.0,332230
332230,ACR0420,2024,108784.0,332231
332232,ACR0423,2024,23112.0,332233
332233,ACR0424,2024,55601.0,332234
332234,ACR0425,2024,276823.0,332235
332236,ACR0427,2024,737922.0,332237
332241,ACR0432,2024,2498.0,332242
332243,ACR0435,2024,38107.0,332244
332244,ACR0436,2024,96146.0,332245
332245,ACR0437,2024,4671797.0,332246
332247,ACR0439,2024,369508.0,332248
332251,ACR0443,2024,114871.0,332252
332252,ACR0444,2024,11367.0,332253
332253,ACR0445,2024,12891.0,332254
332255,ACR0447,2024,12500.0,332256
332256,ACR0448,2024,78632.0,332257
332260,ACR0454,2024,17097.0,332261
332261,ACR0455,2024,25325.0,332262
332263,ACR0457,2024,1263.0,332264
332265,ACR0459,2024,18362.0,332266
332266,ACR0461,2024,12853.0,332267
332267,ACR0462,2024,1635.0,332268
332268,ACR0463,2024,524.0,332269
332272,ACR0467,2024,37316.0,332273
332273,ACR0468,2024,72433.0,332274
332274,ACR0469,2024,44551.0,332275
332275,ACR0470,2024,58539.0,332276
332276,ACR0471,2024,10.0,332277
332277,ACR0472,2024,33232.0,332278
332279,ACR0474,2024,25238.0,332280
332280,ACR0475,2024,90023.0,332281
332284,ACR0480,2024,225541.0,332285
332285,ACR0481,2024,248218.0,332286
332286,ACR0482,2024,30000.0,332287
332288,ACR0485,2024,8000.0,332289
332291,ACR0488,2024,83226.0,332292
332292,ACR0491,2024,2.0,332293
332293,ACR0492,2024,75210.0,332294
332294,ACR0493,2024,113744.0,332295
332295,ACR0495,2024,4379.0,332296
332296,ACR0496,2024,49622.0,332297
332299,ACR0499,2024,11597.0,332300
332300,ACR0500,2024,8353.0,332301
332303,ACR0503,2024,59813.0,332304
332304,ACR0505,2024,20000.0,332305
332305,ACR0506,2024,4851.0,332306
332307,ACR0508,2024,3858.0,332308
332308,ACR0509,2024,6611.0,332309
332311,ACR0515,2024,9641.0,332312
332312,ACR0516,2024,41783.0,332313
332313,ACR0517,2024,13730.0,332314
332314,ACR0518,2024,14240.0,332315
332315,ACR0519,2024,33736.0,332316
332317,ACR0521,2024,12285.0,332318
332321,ACR0527,2024,3179.0,332322
332327,ACR0533,2024,283.0,332328
332328,ACR0534,2024,15899.0,332329
332329,ACR0535,2024,50000.0,332330
332331,ACR0537,2024,68151.0,332332
332332,ACR0538,2024,24227.0,332333
332335,ACR0542,2024,44187.0,332336
332336,ACR0543,2024,42844.0,332337
332337,ACR0544,2024,95276.0,332338
332339,ACR0546,2024,40944.0,332340
332340,ACR0547,2024,33068.0,332341
332342,ACR0549,2024,188611.0,332343
332344,ACR0551,2024,1.0,332345
332345,ACR0552,2024,600.0,332346
332347,ACR0554,2024,93396.0,332348
332349,ACR0556,2024,21064.0,332350
332350,ACR0557,2024,99731.0,332351
332352,ACR0560,2024,99056.0,332353
332354,ACR0562,2024,6272.0,332355
332356,ACR0566,2024,2298.0,332357
332357,ACR0568,2024,441.0,332358
332358,ACR0569,2024,1788.0,332359
332360,ACR0571,2024,20350.0,332361
332361,ACR0572,2024,94831.0,332362
332362,ACR0573,2024,36630.0,332363
332363,ACR0574,2024,27241.0,332364
332364,ACR0576,2024,24860.0,332365
332365,ACR0577,2024,30122.0,332366
332366,ACR0578,2024,82012.0,332367
332367,ACR0579,2024,47965.0,332368
332370,ACR0582,2024,21504.0,332371
332371,ACR0583,2024,9903.0,332372
332372,ACR0584,2024,2954.0,332373
332373,ACR0585,2024,19303.0,332374
332374,ACR0586,2024,17402.0,332375
332375,ACR0587,2024,15637.0,332376
332376,ACR0588,2024,25494.0,332377
332377,ACR0589,2024,9022.0,332378
332378,ACR0590,2024,4363.0,332379
332379,ACR0591,2024,5893.0,332380
332380,ACR0592,2024,170854.0,332381
332381,ACR0593,2024,611.0,332382
332382,ACR0594,2024,990.0,332383
332383,ACR0595,2024,9263.0,332384
332384,ACR0596,2024,247045.0,332385
332386,ACR0598,2024,8021.0,332387
332392,ACR0604,2024,127283.0,332393
332393,ACR0606,2024,40069.0,332394
332394,ACR0607,2024,104787.0,332395
332395,ACR0608,2024,4891.0,332396
332396,ACR0609,2024,68421.0,332397
332397,ACR0610,2024,7351.0,332398
332398,ACR0611,2024,84953.0,332399
332403,ACR0617,2024,133309.0,332404
332405,ACR0619,2024,54751.0,332406
332406,ACR0620,2024,135001.0,332407
332407,ACR0621,2024,503.0,332408
332408,ACR0622,2024,308646.0,332409
332409,ACR0623,2024,1.0,332410
332410,ACR0624,2024,100000.0,332411
332412,ACR0627,2024,4520.0,332413
332413,ACR0628,2024,105633.0,332414
332414,ACR0629,2024,144582.0,332415
332415,ACR0630,2024,66313.0,332416
332417,ACR0632,2024,39517.0,332418
332418,ACR0633,2024,4899.0,332419
332419,ACR0634,2024,38716.0,332420
332420,ACR0636,2024,10.0,332421
332421,ACR0637,2024,47264.0,332422
332422,ACR0638,2024,1381929.0,332423
332423,ACR0639,2024,857.0,332424
332427,ACR0643,2024,3503.0,332428
332428,ACR0644,2024,88009.0,332429
332429,ACR0645,2024,17719.0,332430
332430,ACR0646,2024,154286.0,332431
332431,ACR0647,2024,8000.0,332432
332432,ACR0648,2024,20783.0,332433
332433,ACR0649,2024,44080.0,332434
332434,ACR0650,2024,76026.0,332435
332435,ACR0651,2024,45202.0,332436
332439,ACR0656,2024,133805.0,332440
332441,ACR0658,2024,30958.0,332442
332442,ACR0659,2024,10533.0,332443
332445,ACR0662,2024,5087.0,332446
332446,ACR0663,2024,39242.0,332447
332449,ACR0666,2024,9327.0,332450
332451,ACR0669,2024,112158.0,332452
332453,ACR0671,2024,50826.0,332454
332455,ACR0673,2024,1360.0,332456
332456,ACR0674,2024,128592.0,332457
332457,ACR0675,2024,61826.0,332458
332458,ACR0676,2024,157887.0,332459
332460,ACR0678,2024,42346.0,332461
332462,ACR0680,2024,61528.0,332463
332467,ACR0685,2024,40000.0,332468
332468,ACR0686,2024,38340.0,332469
332469,ACR0687,2024,1000.0,332470
332470,ACR0690,2024,3055.0,332471
332474,ACR0694,2024,24947.0,332475
332475,ACR0695,2024,30830.0,332476
332476,ACR0698,2024,753582.0,332477
332477,ACR0699,2024,45641.0,332478
332478,ACR0701,2024,54917.0,332479
332479,ACR0702,2024,30331.0,332480
332481,ACR0705,2024,12000.0,332482
332487,ACR0716,2024,28485.0,332488
332490,ACR0721,2024,50245.0,332491
332494,ACR0730,2024,250.0,332495
332496,ACR0732,2024,7500.0,332497
332497,ACR0733,2024,17292.0,332498
332498,ACR0734,2024,2500.0,332499
332500,ACR0736,2024,3504.0,332501
332501,ACR0737,2024,26598.0,332502
332505,ACR0741,2024,6211.0,332506
332506,ACR0742,2024,17117.0,332507
332507,ACR0743,2024,15841.0,332508
332508,ACR0744,2024,683.0,332509
332510,ACR0746,2024,43770.0,332511
332511,ACR0747,2024,560.0,332512
332512,ACR0751,2024,187216.0,332513
332513,ACR0752,2024,71539.0,332514
332515,ACR0754,2024,5475.0,332516
332516,ACR0755,2024,30372.0,332517
332520,ACR0760,2024,6.0,332521
332521,ACR0761,2024,384423.0,332522
332522,ACR0762,2024,33048.0,332523
332525,ACR0766,2024,114033.0,332526
332526,ACR0767,2024,10000.0,332527
332527,ACR0768,2024,109500.0,332528
332528,ACR0771,2024,42693.0,332529
332529,ACR0772,2024,50342.0,332530
332530,ACR0773,2024,233036.0,332531
332531,ACR0774,2024,34436.0,332532
332532,ACR0775,2024,52623.0,332533
332533,ACR0776,2024,46517.0,332534
332534,ACR0777,2024,360.0,332535
332535,ACR0778,2024,73600.0,332536
332536,ACR0780,2024,71591.0,332537
332538,ACR0782,2024,61645.0,332539
332539,ACR0783,2024,33727.0,332540
332542,ACR0790,2024,88486.0,332543
332550,ACR0799,2024,5438.0,332551
332551,ACR0800,2024,37712.0,332552
332557,ACR0806,2024,102417.0,332558
332558,ACR0807,2024,91787.0,332559
332559,ACR0808,2024,85699.0,332560
332561,ACR0810,2024,20262.0,332562
332562,ACR0811,2024,46286.0,332563
332564,ACR0813,2024,253515.0,332565
332565,ACR0814,2024,8701.0,332566
332566,ACR0815,2024,11924.0,332567
332569,ACR0818,2024,136251.0,332570
332570,ACR0819,2024,3225.0,332571
332571,ACR0820,2024,26898.0,332572
332574,ACR0823,2024,1113.0,332575
332575,ACR0824,2024,4.0,332576
332576,ACR0826,2024,100903.0,332577
332577,ACR0827,2024,59194.0,332578
332579,ACR0829,2024,10000.0,332580
332580,ACR0830,2024,13223.0,332581
332582,ACR0832,2024,113.0,332583
332583,ACR0833,2024,62001.0,332584
332585,ACR0835,2024,239150.0,332586
332588,ACR0839,2024,3000.0,332589
332590,ACR0841,2024,118003.0,332591
332591,ACR0842,2024,2182.0,332592
332593,ACR0844,2024,151000.0,332594
332594,ACR0845,2024,31128.0,332595
332596,ACR0847,2024,45535.0,332597
332613,ACR0866,2024,57.0,332614
332615,ACR0868,2024,20230.0,332616
332616,ACR0869,2024,123740.0,332617
332617,ACR0872,2024,982.0,332618
332618,ACR0873,2024,10782.0,332619
332620,ACR0875,2024,57029.0,332621
332621,ACR0876,2024,47020.0,332622
332622,ACR0877,2024,16328.0,332623
332629,ACR0884,2024,42364.0,332630
332631,ACR0886,2024,15000.0,332632
332634,ACR0889,2024,500.0,332635
332635,ACR0890,2024,52993.0,332636
332638,ACR0893,2024,4175.0,332639
332640,ACR0895,2024,39414.0,332641
332643,ACR0899,2024,27306.0,332644
332647,ACR0903,2024,136345.0,332648
332648,ACR0904,2024,75652.0,332649
332649,ACR0905,2024,553351.0,332650
332651,ACR0908,2024,264653.0,332652
332654,ACR0911,2024,23653.0,332655
332658,ACR0915,2024,60278.0,332659
332661,ACR0919,2024,159251.0,332662
332665,ACR0923,2024,440.0,332666
332666,ACR0924,2024,9072.0,332667
332671,ACR0929,2024,6006.0,332672
332674,ACR0933,2024,21498.0,332675
332676,ACR0935,2024,545694.0,332677
332677,ACR0936,2024,27459.0,332678
332678,ACR0937,2024,135834.0,332679
332682,ACR0941,2024,51865.0,332683
332707,ACR0977,2024,472.0,332708
332732,ACR1007,2024,79565.0,332733
332739,ACR1014,2024,11845.0,332740
332744,ACR1021,2024,3720.0,332745
332762,ACR1040,2024,42649.0,332763
332989,ART0126,2024,100000.0,332990
332996,CAR101,2024,61927.0,332997
332997,CAR102,2024,20000.0,332998
333003,CAR400,2024,274526.0,333004
333005,CAR403,2024,77401.0,333006
333006,CAR406,2024,37920.0,333007
333007,CAR408,2024,132572.0,333008
333011,CAR416,2024,5123.0,333012
333014,CAR422,2024,77532.0,333015
333018,CAR429,2024,74.0,333019
333023,CAR436,2024,72019.0,333024
333024,CAR437,2024,660.0,333025
333028,CAR443,2024,141889.0,333029
333029,CAR444,2024,54217.0,333030
333030,CAR445,2024,7997.0,333031
333032,CAR449,2024,9033.0,333033
333037,CAR455,2024,7276.0,333038
333041,CAR462,2024,624.0,333042
333045,CAR466,2024,47979.0,333046
333046,CAR467,2024,7416.0,333047
333047,CAR468,2024,5.0,333048
333050,CAR473,2024,122413.0,333051
333052,CAR475,2024,30539.0,333053
333053,CAR476,2024,166281.0,333054
333055,CAR478,2024,503.0,333056
333056,CAR479,2024,11311.0,333057
333065,CAR489,2024,13129.0,333066
333068,CAR495,2024,43746.0,333069
333070,CAR497,2024,200000.0,333071
333071,CAR498,2024,5874.0,333072
333073,CAR502,2024,5762.0,333074
333079,CAR509,2024,38513.0,333080
333080,CAR512,2024,93389.0,333081
333082,CAR514,2024,40897.0,333083
333083,CAR515,2024,13037.0,333084
333084,CAR516,2024,12722.0,333085
333085,CAR517,2024,93975.0,333086
333086,CAR521,2024,42326.0,333087
333087,CAR522,2024,42225.0,333088
333088,CAR531,2024,16512.0,333089
333097,CAR558,2024,23552.0,333098
333098,CAR560,2024,85211.0,333099
333099,CAR566,2024,3377.0,333100
333101,CAR575,2024,758.0,333102
333103,CAR578,2024,1011.0,333104
333110,CAR592,2024,61124.0,333111
333114,CAR599,2024,3864.0,333115
333116,CAR601,2024,12146.0,333117
333121,CAR612,2024,13458.0,333122
333122,CAR620,2024,511.0,333123
333123,CAR621,2024,164674.0,333124
333124,CAR627,2024,18999.0,333125
333129,CAR635,2024,108320.0,333130
333138,CAR659,2024,29625.0,333139
333141,CAR672,2024,48595.0,333142
333142,CAR674,2024,235000.0,333143
333143,CAR676,2024,30000.0,333144
333145,CAR683,2024,2621.0,333146
333146,CAR686,2024,563.0,333147
333147,CAR688,2024,4674.0,333148
333151,CAR697,2024,12539.0,333152
333152,CAR730,2024,180548.0,333153
333159,CAR769,2024,31645.0,333160
333160,CAR772,2024,656.0,333161
333164,CAR777,2024,49497.0,333165
333169,CAR785,2024,122851.0,333170
333171,CAR790,2024,88133.0,333172
333178,CAR802,2024,346.0,333179
333190,CAR822,2024,13893.0,333191
333192,CAR825,2024,22618.0,333193
333194,CAR829,2024,9675.0,333195
333201,CAR838,2024,25133.0,333202
333202,CAR839,2024,2225.0,333203
333203,CAR843,2024,1085.0,333204
333206,CAR866,2024,39965.0,333207
333209,CAR880,2024,70895.0,333210
333210,CAR881,2024,24896.0,333211
333214,CAR887,2024,16160.0,333215
333215,CAR888,2024,30894.0,333216
333216,CAR891,2024,966.0,333217
333219,CAR901,2024,49621.0,333220
333222,CAR911,2024,653.0,333223
333227,CAR935,2024,198.0,333228
333237,CAR956,2024,1854.0,333238
333241,CAR965,2024,1811.0,333242
333242,CAR969,2024,85909.0,333243
333244,CAR973,2024,343431.0,333245
333248,CAR978,2024,9897.0,333249
333251,CAR982,2024,10483.0,333252
333252,CAR988,2024,8800.0,333253
333256,CAR993,2024,35593.0,333257
333259,CAR996,2024,19987.0,333260
333260,CAR997,2024,4570.0,333261
333264,CAR1002,2024,10674.0,333265
333269,CAR1008,2024,443.0,333270
333271,CAR1010,2024,8642.0,333272
333274,CAR1013,2024,292993.0,333275
333279,CAR1019,2024,4015.0,333280
333281,CAR1022,2024,33602.0,333282
333288,CAR1032,2024,78667.0,333289
333289,CAR1033,2024,765.0,333290
333290,CAR1035,2024,59447.0,333291
333291,CAR1036,2024,40404.0,333292
333293,CAR1041,2024,277672.0,333294
333296,CAR1046,2024,212543.0,333297
333299,CAR1050,2024,40063.0,333300
333301,CAR1055,2024,4857.0,333302
333303,CAR1057,2024,3210.0,333304
333307,CAR1063,2024,82702.0,333308
333310,CAR1066,2024,50000.0,333311
333314,CAR1070,2024,530545.0,333315
333319,CAR1076,2024,72.0,333320
333321,CAR1078,2024,13506.0,333322
333325,CAR1083,2024,16679.0,333326
333328,CAR1086,2024,4879.0,333329
333330,CAR1088,2024,30681.0,333331
333337,CAR1095,2024,112230.0,333338
333338,CAR1096,2024,28506.0,333339
333339,CAR1097,2024,5277.0,333340
333340,CAR1098,2024,209591.0,333341
333341,CAR1099,2024,118055.0,333342
333342,CAR1100,2024,150416.0,333343
333344,CAR1102,2024,150115.0,333345
333345,CAR1103,2024,61509.0,333346
333346,CAR1104,2024,178411.0,333347
333347,CAR1105,2024,815522.0,333348
333348,CAR1106,2024,59350.0,333349
333349,CAR1108,2024,32279.0,333350
333350,CAR1109,2024,15627.0,333351
333361,CAR1120,2024,11598.0,333362
333363,CAR1122,2024,41331.0,333364
333365,CAR1124,2024,44009.0,333366
333371,CAR1130,2024,69504.0,333372
333372,CAR1132,2024,30634.0,333373
333373,CAR1133,2024,14521.0,333374
333375,CAR1135,2024,30666.0,333376
333376,CAR1136,2024,64473.0,333377
333378,CAR1138,2024,86973.0,333379
333379,CAR1139,2024,708135.0,333380
333380,CAR1140,2024,60748.0,333381
333381,CAR1141,2024,27423.0,333382
333383,CAR1143,2024,15789.0,333384
333385,CAR1145,2024,41484.0,333386
333388,CAR1151,2024,18331.0,333389
333389,CAR1152,2024,54095.0,333390
333390,CAR1153,2024,7054.0,333391
333391,CAR1154,2024,18484.0,333392
333392,CAR1155,2024,7866.0,333393
333393,CAR1156,2024,7403.0,333394
333406,CAR1169,2024,21442.0,333407
333407,CAR1171,2024,1518.0,333408
333409,CAR1173,2024,32482.0,333410
333410,CAR1174,2024,32631.0,333411
333411,CAR1175,2024,35154.0,333412
333413,CAR1177,2024,3000.0,333414
333414,CAR1178,2024,16485.0,333415
333416,CAR1180,2024,113008.0,333417
333419,CAR1183,2024,332125.0,333420
333420,CAR1184,2024,11869.0,333421
333427,CAR1191,2024,597721.0,333428
333432,CAR1197,2024,661427.0,333433
333438,CAR1204,2024,18835.0,333439
333439,CAR1205,2024,928552.0,333440
333442,CAR1208,2024,526221.0,333443
333443,CAR1209,2024,65915.0,333444
333447,CAR1213,2024,526951.0,333448
333449,CAR1215,2024,460471.0,333450
333451,CAR1217,2024,6097.0,333452
333460,CAR1237,2024,41.0,333461
333461,CAR1238,2024,175.0,333462
333468,CAR1245,2024,3310.0,333469
333469,CAR1246,2024,58935.0,333470
333471,CAR1248,2024,8793.0,333472
333472,CAR1249,2024,4796.0,333473
333473,CAR1250,2024,48002.0,333474
333475,CAR1252,2024,1000.0,333476
333476,CAR1253,2024,14775.0,333477
333478,CAR1257,2024,261023.0,333479
333479,CAR1258,2024,2606.0,333480
333480,CAR1259,2024,70.0,333481
333481,CAR1260,2024,2224.0,333482
333482,CAR1261,2024,1437.0,333483
333484,CAR1263,2024,50000.0,333485
333485,CAR1264,2024,1461748.0,333486
333486,CAR1265,2024,8989.0,333487
333493,CAR1274,2024,12920.0,333494
333494,CAR1275,2024,10855.0,333495
333500,CAR1281,2024,14452.0,333501
333501,CAR1282,2024,9.0,333502
333502,CAR1283,2024,13364.0,333503
333503,CAR1284,2024,4621.0,333504
333504,CAR1285,2024,2678.0,333505
333511,CAR1292,2024,1076009.0,333512
333512,CAR1293,2024,947272.0,333513
333513,CAR1294,2024,14632.0,333514
333514,CAR1295,2024,4428.0,333515
333516,CAR1297,2024,100080.0,333517
333517,CAR1298,2024,36496.0,333518
333519,CAR1300,2024,74378.0,333520
333520,CAR1301,2024,50473.0,333521
333526,CAR1309,2024,24696.0,333527
333527,CAR1310,2024,24849.0,333528
333528,CAR1311,2024,21497.0,333529
333529,CAR1312,2024,50218.0,333530
333530,CAR1313,2024,370976.0,333531
333531,CAR1314,2024,1147068.0,333532
333532,CAR1315,2024,25185.0,333533
333533,CAR1316,2024,16994.0,333534
333534,CAR1317,2024,62324.0,333535
333535,CAR1318,2024,38241.0,333536
333537,CAR1321,2024,6843.0,333538
333539,CAR1324,2024,2063.0,333540
333540,CAR1325,2024,1566.0,333541
333541,CAR1326,2024,29420.0,333542
333544,CAR1329,2024,185001.0,333545
333545,CAR1330,2024,11938.0,333546
333550,CAR1335,2024,203691.0,333551
333551,CAR1336,2024,5000.0,333552
333552,CAR1337,2024,15734.0,333553
333553,CAR1339,2024,1193410.0,333554
333554,CAR1340,2024,17627.0,333555
333558,CAR1345,2024,5.0,333559
333560,CAR1348,2024,238.0,333561
333561,CAR1350,2024,46.0,333562
333564,CAR1353,2024,42.0,333565
333568,CAR1357,2024,230.0,333569
333569,CAR1358,2024,14.0,333570
333572,CAR1361,2024,24.0,333573
333574,CAR1363,2024,45.0,333575
333579,CAR1368,2024,122727.0,333580
333580,CAR1372,2024,113653.0,333581
333581,CAR1373,2024,23529.0,333582
333582,CAR1374,2024,28592.0,333583
333585,CAR1377,2024,2179.0,333586
333589,CAR1381,2024,860279.0,333590
333590,CAR1382,2024,76861.0,333591
333591,CAR1384,2024,174534.0,333592
333596,CAR1389,2024,3.0,333597
333597,CAR1391,2024,237357.0,333598
333598,CAR1392,2024,140759.0,333599
333601,CAR1398,2024,11174.0,333602
333602,CAR1399,2024,2768.0,333603
333603,CAR1401,2024,19.0,333604
333610,CAR1408,2024,150241.0,333611
333612,CAR1411,2024,4291.0,333613
333615,CAR1415,2024,2531.0,333616
333616,CAR1418,2024,25000.0,333617
333619,CAR1428,2024,1999.0,333620
333620,CAR1429,2024,2168.0,333621
333621,CAR1432,2024,454.0,333622
333622,CAR1433,2024,833.0,333623
333625,CAR1436,2024,41564.0,333626
333627,CAR1438,2024,480.0,333628
333629,CAR1441,2024,11287.0,333630
333631,CAR1443,2024,5830.0,333632
333645,CAR1459,2024,141728.0,333646
333647,CAR1461,2024,21040.0,333648
333649,CAR1463,2024,869.0,333650
333650,CAR1464,2024,41165.0,333651
333658,CAR1480,2024,2026762.0,333659
333659,CAR1481,2024,56.0,333660
333662,CAR1486,2024,1665.0,333663
333669,CAR1493,2024,6183.0,333670
333670,CAR1494,2024,35391.0,333671
333674,CAR1498,2024,60731.0,333675
333675,CAR1499,2024,1765.0,333676
333677,CAR1505,2024,2960.0,333678
333678,CAR1506,2024,1300.0,333679
333680,CAR1508,2024,7490.0,333681
333688,CAR1521,2024,6634.0,333689
333697,CAR1531,2024,3111.0,333698
333698,CAR1532,2024,33348.0,333699
333722,CAR1560,2024,59147.0,333723
333725,CAR1565,2024,4675.0,333726
333726,CAR1566,2024,1498.0,333727
333727,CAR1567,2024,24207.0,333728
333728,CAR1568,2024,11365.0,333729
333729,CAR1569,2024,20008.0,333730
333737,CAR1578,2024,75000.0,333738
333741,CAR1584,2024,351230.0,333742
333743,CAR1586,2024,320.0,333744
333744,CAR1587,2024,4631.0,333745
333745,CAR1588,2024,7924.0,333746
333746,CAR1589,2024,4077.0,333747
333747,CAR1590,2024,5107.0,333748
333748,CAR1591,2024,2352.0,333749
333760,CAR1606,2024,675.0,333761
333761,CAR1607,2024,3996.0,333762
333762,CAR1608,2024,4405.0,333763
333775,CAR1621,2024,4140.0,333776
333776,CAR1622,2024,5300.0,333777
333777,CAR1623,2024,5300.0,333778
333778,CAR1624,2024,185096.0,333779
333779,CAR1625,2024,1277.0,333780
333780,CAR1626,2024,7103.0,333781
333795,CAR1648,2024,24400.0,333796
333803,CAR1657,2024,24146.0,333804
333804,CAR1658,2024,22144.0,333805
333805,CAR1659,2024,10064.0,333806
333806,CAR1660,2024,125930.0,333807
333807,CAR1661,2024,22905.0,333808
333808,CAR1662,2024,32777.0,333809
333809,CAR1663,2024,115314.0,333810
333810,CAR1664,2024,8246.0,333811
333815,CAR1674,2024,301009.0,333816
333816,CAR1675,2024,8908.0,333817
333829,CAR1696,2024,24627.0,333830
333830,CAR1704,2024,21033.0,333831
333831,CAR1710,2024,20494.0,333832
333847,CAR1728,2024,3144.0,333848
333849,CAR1731,2024,2000.0,333850
333851,CAR1735,2024,10450.0,333852
333852,CAR1736,2024,4455.0,333853
333853,CAR1737,2024,4173.0,333854
333854,CAR1739,2024,119.0,333855
333900,CAR1817,2024,2300.0,333901
333903,CAR1820,2024,91.0,333904
333911,CAR1829,2024,48296.0,333912
333932,CAR1860,2024,45265.0,333933
333935,CAR1863,2024,1000.0,333936
333937,CAR1865,2024,10.0,333938
334280,GS338,2024,526.0,334281
334285,GS351,2024,890.0,334286
334286,GS352,2024,52355.0,334287
334287,GS353,2024,336.0,334288
334289,GS367,2024,22760.0,334290
334291,GS369,2024,22140.0,334292
334296,GS390,2024,67470.0,334297
334299,GS397,2024,193226.0,334300
334300,GS398,2024,332337.0,334301
334304,GS407,2024,437281.0,334305
334305,GS410,2024,1000.0,334306
334308,GS413,2024,12697.0,334309
334309,GS414,2024,32243.0,334310
334313,GS423,2024,9463.0,334314
334315,GS436,2024,3174.0,334316
334318,GS439,2024,1185.0,334319
334321,GS445,2024,342.0,334322
334322,GS447,2024,815501.0,334323
334323,GS449,2024,33716.0,334324
334330,GS464,2024,78001.0,334331
334333,GS472,2024,20150.0,334334
334334,GS474,2024,87546.0,334335
334336,GS481,2024,24.0,334337
334340,GS500,2024,50120.0,334341
334342,GS504,2024,44129.0,334343
334353,GS554,2024,3699.0,334354
334357,GS565,2024,40250.0,334358
334358,GS566,2024,39268.0,334359
334359,GS567,2024,8050.0,334360
334364,GS576,2024,927.0,334365
334371,GS601,2024,40875.0,334372
334372,GS605,2024,42314.0,334373
334374,GS608,2024,125477.0,334375
334377,GS612,2024,10739.0,334378
334382,GS617,2024,54628.0,334383
334389,GS633,2024,423.0,334390
334390,GS634,2024,8523.0,334391
334393,GS637,2024,1.0,334394
334400,GS653,2024,7206.0,334401
334406,GS666,2024,3652.0,334407
334407,GS670,2024,16974.0,334408
334409,GS672,2024,71707.0,334410
334410,GS675,2024,29405.0,334411
334412,GS683,2024,14568.0,334413
334413,GS685,2024,58876.0,334414
334420,GS702,2024,30300.0,334421
334421,GS707,2024,394752.0,334422
334425,GS715,2024,2207.0,334426
334426,GS716,2024,12101.0,334427
334429,GS726,2024,25000.0,334430
334431,GS730,2024,1228.0,334432
334432,GS733,2024,5674.0,334433
334436,GS744,2024,17560.0,334437
334437,GS745,2024,37875.0,334438
334441,GS750,2024,9916.0,334442
334442,GS751,2024,76521.0,334443
334443,GS753,2024,77907.0,334444
334446,GS764,2024,424.0,334447
334448,GS768,2024,9786.0,334449
334449,GS769,2024,263950.0,334450
334455,GS778,2024,1310.0,334456
334470,GS813,2024,3911.0,334471
334471,GS814,2024,5118.0,334472
334472,GS816,2024,13515.0,334473
334475,GS824,2024,1840.0,334476
334476,GS825,2024,1386.0,334477
334478,GS827,2024,118.0,334479
334479,GS828,2024,81164.0,334480
334483,GS835,2024,67.0,334484
334487,GS843,2024,3959.0,334488
334492,GS849,2024,7813.0,334493
334495,GS854,2024,25714.0,334496
334512,GS879,2024,267326.0,334513
334513,GS880,2024,79.0,334514
334516,GS886,2024,123.0,334517
334522,GS905,2024,282653.0,334523
334523,GS906,2024,1424.0,334524
334531,GS922,2024,11170.0,334532
334538,GS931,2024,7164.0,334539
334539,GS935,2024,40948.0,334540
334543,GS947,2024,11566.0,334544
334544,GS949,2024,135.0,334545
334545,GS950,2024,3806.0,334546
334548,GS955,2024,11165.0,334549
334553,GS966,2024,6621.0,334554
334556,GS971,2024,2862.0,334557
334561,GS978,2024,892.0,334562
334563,GS980,2024,9077.0,334564
334576,GS1001,2024,74036.0,334577
334577,GS1003,2024,3181.0,334578
334580,GS1011,2024,36.0,334581
334582,GS1013,2024,11960.0,334583
334584,GS1015,2024,27815.0,334585
334585,GS1016,2024,5586.0,334586
334586,GS1017,2024,25000.0,334587
334588,GS1020,2024,84635.0,334589
334589,GS1021,2024,182.0,334590
334596,GS1028,2024,110.0,334597
334601,GS1033,2024,38.0,334602
334602,GS1034,2024,119.0,334603
334609,GS1042,2024,16548.0,334610
334610,GS1044,2024,144517.0,334611
334614,GS1049,2024,67601.0,334615
334619,GS1059,2024,27.0,334620
334620,GS1060,2024,10750.0,334621
334621,GS1061,2024,121833.0,334622
334625,GS1067,2024,41423.0,334626
334626,GS1068,2024,114005.0,334627
334628,GS1072,2024,38135.0,334629
334629,GS1073,2024,264.0,334630
334630,GS1074,2024,8998.0,334631
334633,GS1078,2024,9963.0,334634
334635,GS1083,2024,148650.0,334636
334639,GS1091,2024,72975.0,334640
334642,GS1094,2024,7770.0,334643
334643,GS1095,2024,8659.0,334644
334644,GS1096,2024,8561.0,334645
334645,GS1097,2024,9862.0,334646
334646,GS1098,2024,11527.0,334647
334647,GS1100,2024,4903.0,334648
334648,GS1101,2024,6103.0,334649
334650,GS1103,2024,5835.0,334651
334651,GS1104,2024,5523.0,334652
334655,GS1109,2024,8934.0,334656
334659,GS1117,2024,9129.0,334660
334662,GS1124,2024,16.0,334663
334664,GS1128,2024,79992.0,334665
334665,GS1134,2024,51111.0,334666
334666,GS1138,2024,195914.0,334667
334673,GS1147,2024,2482.0,334674
334675,GS1161,2024,990.0,334676
334683,GS1173,2024,625.0,334684
334684,GS1174,2024,24246.0,334685
334686,GS1178,2024,99.0,334687
334693,GS1190,2024,44332.0,334694
334694,GS1191,2024,13954.0,334695
334707,GS1207,2024,1216.0,334708
334708,GS1208,2024,881.0,334709
334711,GS1221,2024,906.0,334712
334718,GS1229,2024,2364.0,334719
334719,GS1230,2024,2880.0,334720
334724,GS1237,2024,91696.0,334725
334731,GS1244,2024,4042.0,334732
334732,GS1246,2024,40.0,334733
334737,GS1253,2024,39375.0,334738
334740,GS1267,2024,3248.0,334741
334743,GS1286,2024,1080.0,334744
334744,GS1288,2024,1846.0,334745
334749,GS1295,2024,97.0,334750
334755,GS1303,2024,12169.0,334756
334757,GS1306,2024,4404.0,334758
334771,GS1321,2024,108606.0,334772
334772,GS1322,2024,102614.0,334773
334778,GS1330,2024,122562.0,334779
334792,GS1350,2024,13338.0,334793
334798,GS1359,2024,3643.0,334799
334800,GS1363,2024,883.0,334801
334801,GS1364,2024,48217.0,334802
334802,GS1365,2024,1946.0,334803
334804,GS1367,2024,3548.0,334805
334805,GS1368,2024,5592.0,334806
334815,GS1382,2024,13239.0,334816
334826,GS1693,2024,6525.0,334827
334827,GS1694,2024,8495.0,334828
334828,GS1695,2024,8495.0,334829
334829,GS1696,2024,8495.0,334830
334830,GS1697,2024,8495.0,334831
334831,GS1698,2024,1179.0,334832
334832,GS1699,2024,1600.0,334833
334834,GS1701,2024,2805.0,334835
334835,GS1702,2024,8495.0,334836
334836,GS1703,2024,11388.0,334837
334837,GS1704,2024,7971.0,334838
334838,GS1705,2024,661.0,334839
334839,GS1706,2024,918.0,334840
334851,GS1718,2024,4095.0,334852
334852,GS1719,2024,7751.0,334853
334853,GS1720,2024,7794.0,334854
334857,GS1724,2024,3898.0,334858
334858,GS1725,2024,8528.0,334859
334859,GS1726,2024,8528.0,334860
334860,GS1727,2024,8528.0,334861
334861,GS1728,2024,8528.0,334862
334863,GS1730,2024,8528.0,334864
334864,GS1731,2024,8528.0,334865
334865,GS1732,2024,8528.0,334866
334866,GS1733,2024,8528.0,334867
334867,GS1734,2024,8528.0,334868
334868,GS1735,2024,8528.0,334869
334869,GS1736,2024,8528.0,334870
334870,GS1737,2024,8528.0,334871
334871,GS1738,2024,8528.0,334872
334872,GS1739,2024,3528.0,334873
334873,GS1740,2024,1854.0,334874
334882,GS1890,2024,80271.0,334883
334889,GS2094,2024,332968.0,334890
334890,GS2095,2024,7588.0,334891
334895,GS2290,2024,12068.0,334896
334897,GS2293,2024,33115.0,334898
334900,GS2296,2024,245897.0,334901
334907,GS2395,2024,2230.0,334908
334908,GS2396,2024,229.0,334909
334909,GS2397,2024,88488.0,334910
334915,GS2405,2024,2000.0,334916
334925,GS2421,2024,286.0,334926
334935,GS2435,2024,5499.0,334936
334938,GS2439,2024,411.0,334939
334940,GS2441,2024,1921.0,334941
334942,GS2444,2024,23327.0,334943
334943,GS2445,2024,2.0,334944
334944,GS2446,2024,27551.0,334945
334945,GS2447,2024,30072.0,334946
334950,GS2457,2024,7995.0,334951
334952,GS2460,2024,25755.0,334953
334954,GS2464,2024,1289.0,334955
334956,GS2468,2024,26027.0,334957
334963,GS2479,2024,3264.0,334964
334964,GS2480,2024,1306.0,334965
334965,GS2481,2024,1600.0,334966
334967,GS2483,2024,99050.0,334968
334971,GS2487,2024,14793.0,334972
334972,GS2488,2024,5192.0,334973
334978,GS2499,2024,397278.0,334979
334979,GS2500,2024,12587.0,334980
334980,GS2501,2024,37526.0,334981
334981,GS2502,2024,4687.0,334982
334982,GS2503,2024,15933.0,334983
334993,GS2519,2024,16816.0,334994
334994,GS2520,2024,7879.0,334995
334996,GS2525,2024,146998.0,334997
334998,GS2528,2024,13012.0,334999
335000,GS2534,2024,125.0,335001
335001,GS2535,2024,9138.0,335002
335005,GS2540,2024,5186.0,335006
335007,GS2542,2024,977.0,335008
335008,GS2543,2024,20793.0,335009
335009,GS2544,2024,12596.0,335010
335011,GS2546,2024,76525.0,335012
335013,GS2553,2024,117430.0,335014
335017,GS2564,2024,4068.0,335018
335039,GS2587,2024,194433.0,335040
335040,GS2588,2024,148521.0,335041
335043,GS2596,2024,5782.0,335044
335045,GS2640,2024,953.0,335046
335049,GS2644,2024,36390.0,335050
335056,GS2664,2024,22666.0,335057
335057,GS2665,2024,4195.0,335058
335062,GS2678,2024,695.0,335063
335065,GS2681,2024,54.0,335066
335066,GS2682,2024,23268.0,335067
335069,GS2685,2024,935.0,335070
335070,GS2686,2024,120.0,335071
335071,GS2687,2024,131.0,335072
335075,GS2691,2024,1597.0,335076
335079,GS2707,2024,6537.0,335080
335092,GS2750,2024,50.0,335093
335093,GS2751,2024,1091.0,335094
335094,GS2758,2024,286173.0,335095
335095,GS2763,2024,25375.0,335096
335102,GS2891,2024,4132.0,335103
335103,GS2892,2024,415.0,335104
335104,GS2893,2024,819.0,335105
335105,GS2894,2024,395.0,335106
335107,GS2896,2024,43.0,335108
335108,GS2898,2024,58429.0,335109
335111,GS2913,2024,82675.0,335112
335112,GS2940,2024,173788.0,335113
335114,GS2990,2024,18224.0,335115
335115,GS3007,2024,4340.0,335116
335122,GS3023,2024,153.0,335123
335130,GS3039,2024,4632.0,335131
335131,GS3041,2024,13036.0,335132
335133,GS3072,2024,122323.0,335134
335134,GS3077,2024,36159.0,335135
335139,GS3105,2024,271.0,335140
335140,GS3106,2024,97.0,335141
335142,GS3108,2024,380.0,335143
335143,GS3109,2024,3635.0,335144
335154,GS3253,2024,49413.0,335155
335160,GS3262,2024,7422.0,335161
335162,GS3267,2024,736.0,335163
335163,GS3305,2024,10.0,335164
335164,GS3306,2024,582.0,335165
335172,GS3344,2024,1.0,335173
335177,GS3364,2024,1465.0,335178
335178,GS3365,2024,4762.0,335179
335179,GS3366,2024,360.0,335180
335180,GS3367,2024,373.0,335181
335188,GS3379,2024,56859.0,335189
335190,GS3381,2024,237.0,335191
335191,GS3404,2024,2148.0,335192
335193,GS3407,2024,9350.0,335194
335194,GS3409,2024,15388.0,335195
335195,GS3410,2024,49.0,335196
335198,GS3421,2024,320.0,335199
335202,GS3429,2024,700.0,335203
335203,GS3430,2024,4193.0,335204
335204,GS3431,2024,1932.0,335205
335205,GS3432,2024,1094.0,335206
335206,GS3433,2024,13225.0,335207
335207,GS3434,2024,20235.0,335208
335209,GS3444,2024,18.0,335210
335210,GS3445,2024,1745.0,335211
335211,GS3446,2024,2851.0,335212
335212,GS3447,2024,2629.0,335213
335213,GS3448,2024,5075.0,335214
335214,GS3449,2024,1079.0,335215
335215,GS3450,2024,1130.0,335216
335216,GS3451,2024,5051.0,335217
335217,GS3482,2024,1361.0,335218
335223,GS3493,2024,112772.0,335224
335227,GS3511,2024,3415.0,335228
335228,GS3512,2024,56383.0,335229
335230,GS3514,2024,3600.0,335231
335231,GS3515,2024,171.0,335232
335234,GS3518,2024,86.0,335235
335236,GS3520,2024,599.0,335237
335237,GS3521,2024,147.0,335238
335238,GS3522,2024,69.0,335239
335243,GS3544,2024,2489.0,335244
335244,GS3547,2024,1699.0,335245
335245,GS3551,2024,285.0,335246
335249,GS3560,2024,5376.0,335250
335250,GS3561,2024,1310.0,335251
335252,GS3564,2024,1321.0,335253
335255,GS3567,2024,299224.0,335256
335274,GS3618,2024,1565.0,335275
335276,GS3620,2024,7964.0,335277
335277,GS3626,2024,11852.0,335278
335284,GS3705,2024,22769.0,335285
335286,GS3852,2024,10300.0,335287
335287,GS3901,2024,421.0,335288
335290,GS3906,2024,17209.0,335291
335295,GS3945,2024,617.0,335296
335296,GS3946,2024,2825.0,335297
335297,GS3947,2024,1236.0,335298
335303,GS3958,2024,76652.0,335304
335306,GS3965,2024,3070.0,335307
335308,GS3969,2024,1968.0,335309
335309,GS3971,2024,19599.0,335310
335312,GS3976,2024,77553.0,335313
335315,GS4014,2024,4000.0,335316
335317,GS4036,2024,7161.0,335318
335323,GS4195,2024,5702.0,335324
335325,GS4202,2024,935.0,335326
335326,GS4203,2024,1567.0,335327
335330,GS4210,2024,57341.0,335331
335332,GS4220,2024,5482.0,335333
335333,GS4221,2024,220787.0,335334
335334,GS4233,2024,46831.0,335335
335335,GS4236,2024,11894.0,335336
335336,GS4238,2024,149711.0,335337
335338,GS4240,2024,6905.0,335339
335342,GS4260,2024,3158.0,335343
335343,GS4261,2024,20223.0,335344
335344,GS4264,2024,910.0,335345
335345,GS4265,2024,40286.0,335346
335347,GS4269,2024,1400.0,335348
335351,GS4273,2024,17542.0,335352
335352,GS4288,2024,13801.0,335353
335354,GS4290,2024,220.0,335355
335355,GS4291,2024,13723.0,335356
335356,GS4296,2024,21417.0,335357
335357,GS4300,2024,17804.0,335358
335358,GS4364,2024,5246.0,335359
335361,GS4372,2024,630.0,335362
335362,GS4373,2024,2508.0,335363
335363,GS4374,2024,1448.0,335364
335364,GS4375,2024,1225.0,335365
335365,GS4376,2024,1227.0,335366
335367,GS4378,2024,638.0,335368
335368,GS4379,2024,2185.0,335369
335369,GS4380,2024,583.0,335370
335370,GS4381,2024,371.0,335371
335371,GS4382,2024,3714.0,335372
335374,GS4385,2024,32.0,335375
335375,GS4386,2024,1202.0,335376
335376,GS4387,2024,1690.0,335377
335377,GS4388,2024,955.0,335378
335378,GS4389,2024,756.0,335379
335379,GS4390,2024,8213.0,335380
335380,GS4391,2024,1285.0,335381
335381,GS4392,2024,186.0,335382
335382,GS4393,2024,489.0,335383
335383,GS4394,2024,3867.0,335384
335384,GS4395,2024,953.0,335385
335385,GS4396,2024,19.0,335386
335387,GS4398,2024,3.0,335388
335388,GS4399,2024,523.0,335389
335389,GS4400,2024,5047.0,335390
335390,GS4401,2024,180.0,335391
335391,GS4422,2024,1635.0,335392
335392,GS4423,2024,3740.0,335393
335394,GS4425,2024,48936.0,335395
335395,GS4426,2024,42145.0,335396
335399,GS4442,2024,38304.0,335400
335401,GS4446,2024,6200.0,335402
335404,GS4518,2024,4490.0,335405
335405,GS4519,2024,4843.0,335406
335407,GS4531,2024,61649.0,335408
335409,GS4533,2024,18360.0,335410
335412,GS4536,2024,697.0,335413
335414,GS4539,2024,16843.0,335415
335417,GS4553,2024,100.0,335418
335418,GS4557,2024,1381.0,335419
335423,GS4593,2024,8266.0,335424
335427,GS4603,2024,41415.0,335428
335428,GS4611,2024,263.0,335429
335430,GS4613,2024,22422.0,335431
335431,GS4614,2024,4635.0,335432
335434,GS4634,2024,2604.0,335435
335439,GS4702,2024,10449.0,335440
335440,GS4707,2024,77317.0,335441
335443,GS4797,2024,8184.0,335444
335444,GS4798,2024,8051.0,335445
335445,GS4799,2024,51282.0,335446
335446,GS4813,2024,39949.0,335447
335450,GS4822,2024,36989.0,335451
335452,GS4824,2024,10562.0,335453
335457,GS4897,2024,1248.0,335458
335459,GS4899,2024,5062.0,335460
335460,GS4900,2024,1925.0,335461
335461,GS4901,2024,2770.0,335462
335463,GS4906,2024,3686.0,335464
335465,GS4962,2024,13903.0,335466
335470,GS5003,2024,79122.0,335471
335471,GS5007,2024,21058.0,335472
335472,GS5009,2024,3971.0,335473
335480,GS5033,2024,1558.0,335481
335481,GS5034,2024,1558.0,335482
335482,GS5035,2024,1601.0,335483
335483,GS5036,2024,1948.0,335484
335487,GS5040,2024,1412.0,335488
335489,GS5042,2024,1453.0,335490
335490,GS5043,2024,1567.0,335491
335491,GS5046,2024,38356.0,335492
335499,GS5099,2024,18502.0,335500
335500,GS5106,2024,202.0,335501
335501,GS5107,2024,20798.0,335502
335504,GS5125,2024,120641.0,335505
335505,GS5186,2024,810.0,335506
335506,GS5187,2024,6371.0,335507
335507,GS5188,2024,1756.0,335508
335508,GS5189,2024,3109.0,335509
335509,GS5190,2024,2168.0,335510
335510,GS5191,2024,2517.0,335511
335511,GS5192,2024,714.0,335512
335513,GS5194,2024,25.0,335514
335514,GS5195,2024,973.0,335515
335515,GS5196,2024,1565.0,335516
335516,GS5197,2024,1608.0,335517
335517,GS5199,2024,96.0,335518
335520,GS5228,2024,33007.0,335521
335521,GS5229,2024,100577.0,335522
335522,GS5230,2024,2776.0,335523
335523,GS5244,2024,3736.0,335524
335524,GS5245,2024,655.0,335525
335525,GS5256,2024,404.0,335526
335528,GS5303,2024,22490.0,335529
335535,GS5314,2024,88899.0,335536
335536,GS5315,2024,24149.0,335537
335538,GS5317,2024,47744.0,335539
335539,GS5322,2024,1951.0,335540
335540,GS5323,2024,1935.0,335541
335541,GS5324,2024,1951.0,335542
335543,GS5326,2024,2426.0,335544
335544,GS5329,2024,70.0,335545
335545,GS5330,2024,4434.0,335546
335546,GS5331,2024,485.0,335547
335547,GS5332,2024,5887.0,335548
335548,GS5335,2024,221.0,335549
335549,GS5336,2024,200.0,335550
335550,GS5337,2024,170.0,335551
335552,GS5339,2024,828.0,335553
335553,GS5340,2024,2121.0,335554
335554,GS5341,2024,12551.0,335555
335555,GS5342,2024,1630.0,335556
335556,GS5343,2024,6896.0,335557
335557,GS5344,2024,1926.0,335558
335563,GS5392,2024,420.0,335564
335564,GS5393,2024,434.0,335565
335565,GS5394,2024,3559.0,335566
335566,GS5395,2024,2072.0,335567
335567,GS5396,2024,2099.0,335568
335572,GS5434,2024,3260.0,335573
335573,GS5437,2024,245.0,335574
335574,GS5438,2024,50.0,335575
335575,GS5439,2024,740.0,335576
335576,GS5440,2024,499.0,335577
335577,GS5441,2024,4054.0,335578
335580,GS5444,2024,7788.0,335581
335582,GS5463,2024,24560.0,335583
335583,GS5519,2024,40516.0,335584
335584,GS5523,2024,47695.0,335585
335590,GS5614,2024,3365.0,335591
335592,GS5617,2024,2554.0,335593
335594,GS5624,2024,1385.0,335595
335596,GS5633,2024,1907.0,335597
335597,GS5634,2024,5664.0,335598
335598,GS5635,2024,8599.0,335599
335599,GS5636,2024,3115.0,335600
335600,GS5637,2024,2941.0,335601
335602,GS5642,2024,559745.0,335603
335603,GS5643,2024,8106.0,335604
335610,GS5673,2024,22053.0,335611
335612,GS5698,2024,2265.0,335613
335613,GS5699,2024,37319.0,335614
335615,GS5780,2024,644.0,335616
335616,GS5781,2024,1207.0,335617
335617,GS5782,2024,5233.0,335618
335618,GS5783,2024,7030.0,335619
335619,GS5796,2024,489.0,335620
335620,GS5799,2024,44737.0,335621
335622,GS5801,2024,4671.0,335623
335625,GS5825,2024,2196.0,335626
335626,GS5826,2024,1881.0,335627
335627,GS5827,2024,4808.0,335628
335628,GS5830,2024,42625.0,335629
335633,GS5842,2024,7950.0,335634
335635,GS5860,2024,9949.0,335636
335636,GS5866,2024,59021.0,335637
335640,GS5889,2024,5900.0,335641
335641,GS5890,2024,5008.0,335642
335642,GS5891,2024,6044.0,335643
335643,GS5892,2024,5902.0,335644
335646,GS5923,2024,2690.0,335647
335647,GS5928,2024,26759.0,335648
335649,GS5951,2024,1035.0,335650
335650,GS5952,2024,469.0,335651
335651,GS5953,2024,1577.0,335652
335652,GS5954,2024,1974.0,335653
335653,GS5955,2024,3288.0,335654
335655,GS5988,2024,4509.0,335656
335658,GS6004,2024,46224.0,335659
335659,GS6008,2024,12810.0,335660
335664,GS6037,2024,2061.0,335665
335665,GS6038,2024,1953.0,335666
335666,GS6041,2024,4421.0,335667
335667,GS6042,2024,4147.0,335668
335687,GS6108,2024,20138.0,335688
335688,GS6109,2024,30268.0,335689
335689,GS6111,2024,14261.0,335690
335691,GS6113,2024,32929.0,335692
335692,GS6114,2024,7680.0,335693
335693,GS6115,2024,180.0,335694
335694,GS6116,2024,11270.0,335695
335697,GS6139,2024,12751.0,335698
335699,GS6152,2024,10636.0,335700
335700,GS6155,2024,743.0,335701
335701,GS6189,2024,7626.0,335702
335703,GS6212,2024,4279.0,335704
335704,GS6235,2024,2535.0,335705
335705,GS6236,2024,2365.0,335706
335706,GS6237,2024,3128.0,335707
335708,GS6256,2024,85219.0,335709
335710,GS6271,2024,2124.0,335711
335712,GS6275,2024,11237.0,335713
335713,GS6279,2024,1398.0,335714
335715,GS6289,2024,5500.0,335716
335716,GS6290,2024,161312.0,335717
335717,GS6301,2024,35120.0,335718
335720,GS6344,2024,4332.0,335721
335721,GS6349,2024,1639.0,335722
335722,GS6350,2024,1484.0,335723
335723,GS6351,2024,2106.0,335724
335724,GS6356,2024,5429.0,335725
335725,GS6393,2024,2124.0,335726
335727,GS6395,2024,55588.0,335728
335729,GS6411,2024,28552.0,335730
335730,GS6414,2024,4648.0,335731
335731,GS6419,2024,593.0,335732
335732,GS6420,2024,4726.0,335733
335733,GS6443,2024,2092.0,335734
335736,GS6460,2024,314.0,335737
335742,GS6518,2024,5224.0,335743
335743,GS6519,2024,3505.0,335744
335744,GS6520,2024,4917.0,335745
335745,GS6521,2024,5689.0,335746
335746,GS6522,2024,4501.0,335747
335747,GS6523,2024,369.0,335748
335748,GS6566,2024,258.0,335749
335749,GS6586,2024,5.0,335750
335751,GS6597,2024,14665.0,335752
335752,GS6598,2024,12233.0,335753
335754,GS6600,2024,576.0,335755
335755,GS6604,2024,14902.0,335756
335756,GS6607,2024,22458.0,335757
335758,GS6747,2024,2470.0,335759
335759,GS6748,2024,23107.0,335760
335760,GS6749,2024,4721.0,335761
335761,GS6750,2024,9931.0,335762
335763,GS6752,2024,5164.0,335764
335764,GS6753,2024,36197.0,335765
335765,GS6756,2024,88484.0,335766
335766,GS6760,2024,20714.0,335767
335769,GS6786,2024,3849.0,335770
335770,GS6787,2024,3369.0,335771
335771,GS6788,2024,3204.0,335772
335772,GS6789,2024,5466.0,335773
335773,GS6790,2024,214.0,335774
335774,GS6793,2024,17525.0,335775
335775,GS6830,2024,1755.0,335776
335776,GS6831,2024,2490.0,335777
335778,GS6836,2024,1870.0,335779
335779,GS6837,2024,4355.0,335780
335780,GS6838,2024,219.0,335781
335782,GS6853,2024,11244.0,335783
335783,GS6854,2024,8701.0,335784
335784,GS6855,2024,3974.0,335785
335791,GS6887,2024,7766.0,335792
335793,GS6998,2024,2355.0,335794
335794,GS6999,2024,44963.0,335795
335795,GS7002,2024,1685.0,335796
335796,GS7049,2024,6463.0,335797
335797,GS7071,2024,335708.0,335798
335801,GS7090,2024,1444.0,335802
335804,GS7112,2024,3418.0,335805
335805,GS7128,2024,16492.0,335806
335809,GS7132,2024,6475.0,335810
335810,GS7133,2024,6555.0,335811
335811,GS7134,2024,5283.0,335812
335812,GS7135,2024,132.0,335813
335813,GS7136,2024,2003.0,335814
335819,GS7147,2024,8855.0,335820
335820,GS7148,2024,11023.0,335821
335821,GS7149,2024,12428.0,335822
335822,GS7150,2024,13337.0,335823
335824,GS7152,2024,247044.0,335825
335825,GS7153,2024,786.0,335826
335827,GS7164,2024,13910.0,335828
335828,GS7287,2024,1951.0,335829
335829,GS7288,2024,1951.0,335830
335830,GS7289,2024,1951.0,335831
335831,GS7290,2024,5608.0,335832
335832,GS7291,2024,2986.0,335833
335833,GS7292,2024,430.0,335834
335836,GS7311,2024,2629.0,335837
335837,GS7312,2024,364744.0,335838
335838,GS7317,2024,2870.0,335839
335839,GS7318,2024,349.0,335840
335840,GS7330,2024,1814.0,335841
335841,GS7331,2024,2966.0,335842
335842,GS7332,2024,5015.0,335843
335843,GS7333,2024,3688.0,335844
335844,GS7334,2024,1567.0,335845
335845,GS7335,2024,2461.0,335846
335846,GS7336,2024,3278.0,335847
335848,GS7345,2024,6089.0,335849
335852,GS7362,2024,354.0,335853
335853,GS7363,2024,2174.0,335854
335854,GS7364,2024,333.0,335855
335856,GS7366,2024,2305.0,335857
335867,GS7395,2024,13789.0,335868
335868,GS7396,2024,14823.0,335869
335869,GS7397,2024,12267.0,335870
335870,GS7398,2024,14129.0,335871
335871,GS7399,2024,12780.0,335872
335872,GS7400,2024,12816.0,335873
335873,GS7401,2024,12581.0,335874
335874,GS7433,2024,50511.0,335875
335877,GS7436,2024,5979.0,335878
335878,GS7437,2024,92.0,335879
335879,GS7438,2024,50131.0,335880
335882,GS7444,2024,4662.0,335883
335885,GS7450,2024,73.0,335886
335886,GS7451,2024,1886.0,335887
335887,GS7452,2024,72.0,335888
335888,GS7453,2024,37.0,335889
335889,GS7454,2024,37.0,335890
335890,GS7456,2024,2403.0,335891
335891,GS7457,2024,2674.0,335892
335892,GS7458,2024,908.0,335893
335893,GS7459,2024,4849.0,335894
335894,GS7460,2024,570.0,335895
335900,GS7466,2024,817.0,335901
335901,GS7467,2024,9806.0,335902
335902,GS7468,2024,694474.0,335903
335903,GS7469,2024,110526.0,335904
335904,GS7470,2024,2314.0,335905
335905,GS7471,2024,1543.0,335906
335906,GS7472,2024,146.0,335907
335907,GS7473,2024,457.0,335908
335908,GS7474,2024,5065.0,335909
335909,GS7475,2024,4954.0,335910
335910,GS7476,2024,6026.0,335911
335911,GS7477,2024,5682.0,335912
335912,GS7478,2024,4936.0,335913
335913,GS7479,2024,4912.0,335914
335914,GS7480,2024,2962.0,335915
335915,GS7481,2024,3313.0,335916
335916,GS7482,2024,1123.0,335917
335917,GS7483,2024,2736.0,335918
335918,GS7484,2024,2986.0,335919
335927,GS7493,2024,80.0,335928
335928,GS7495,2024,4460.0,335929
335929,GS7496,2024,14554.0,335930
335938,GS7506,2024,6725.0,335939
335939,GS7507,2024,16958.0,335940
335942,GS7510,2024,41026.0,335943
335944,GS7513,2024,7292.0,335945
335955,GS7524,2024,1377.0,335956
335956,GS7525,2024,602347.0,335957
335957,GS7526,2024,40389.0,335958
335962,GS7531,2024,257.0,335963
335963,GS7532,2024,151512.0,335964
335964,GS7533,2024,22081.0,335965
335965,GS7534,2024,303476.0,335966
335968,GS7538,2024,108995.0,335969
335969,GS7539,2024,1268.0,335970
335970,GS7540,2024,4820.0,335971
335971,GS7541,2024,4180.0,335972
335974,GS7544,2024,20067.0,335975
335977,GS7547,2024,24728.0,335978
335979,GS7549,2024,5566.0,335980
335980,GS7550,2024,30879.0,335981
335981,GS7551,2024,83747.0,335982
335983,GS7553,2024,20051.0,335984
335987,GS7557,2024,10412.0,335988
335991,GS7561,2024,6375.0,335992
335996,GS7566,2024,13978.0,335997
335997,GS7567,2024,14925.0,335998
336000,GS7570,2024,654.0,336001
336002,GS7572,2024,87195.0,336003
336005,GS7576,2024,8913.0,336006
336009,GS7580,2024,1806.0,336010
336010,GS7581,2024,246.0,336011
336012,GS7583,2024,2315.0,336013
336013,GS7584,2024,5647.0,336014
336014,GS7585,2024,10382.0,336015
336016,GS7587,2024,13091.0,336017
336021,GS7592,2024,12865.0,336022
336022,GS7593,2024,33427.0,336023
336023,GS7594,2024,17217.0,336024
336031,GS7602,2024,20513.0,336032
336033,GS7604,2024,293441.0,336034
336034,GS7605,2024,205799.0,336035
336035,GS7606,2024,181112.0,336036
336043,GS7614,2024,381.0,336044
336044,GS7615,2024,242.0,336045
336047,GS7620,2024,20964.0,336048
336054,GS7627,2024,67826.0,336055
336056,GS7629,2024,962.0,336057
336057,GS7630,2024,695.0,336058
336059,GS7632,2024,92.0,336060
336060,GS7633,2024,292.0,336061
336064,GS7637,2024,20449.0,336065
336065,GS7638,2024,21575.0,336066
336066,GS7639,2024,43630.0,336067
336067,GS7640,2024,36811.0,336068
336068,GS7641,2024,17103.0,336069
336069,GS7642,2024,33370.0,336070
336070,GS7643,2024,1703.0,336071
336073,GS7646,2024,232.0,336074
336074,GS7647,2024,1573.0,336075
336085,GS7671,2024,4182.0,336086
336086,GS7672,2024,4151.0,336087
336093,GS7679,2024,5000.0,336094
336101,GS7687,2024,83629.0,336102
336102,GS7688,2024,76586.0,336103
336103,GS7689,2024,122.0,336104
336106,GS7692,2024,206.0,336107
336138,GS7724,2024,10175.0,336139
336140,GS7726,2024,526492.0,336141
336141,GS7727,2024,202428.0,336142
336145,GS7734,2024,370.0,336146
336150,GS7739,2024,379990.0,336151
336155,GS7744,2024,143296.0,336156
336156,GS7745,2024,138610.0,336157
336157,GS7746,2024,2193.0,336158
336164,GS7754,2024,74366.0,336165
336169,GS7760,2024,67000.0,336170
336171,GS7762,2024,25384.0,336172
336178,GS7783,2024,26148.0,336179
336195,GS7801,2024,650.0,336196
336201,GS10220,2024,36212.0,336202
336202,GS10309,2024,9.0,336203
336206,GS10411,2024,3.0,336207
336207,GS10457,2024,1813.0,336208
336216,GS10657,2024,13032.0,336217
336217,GS10658,2024,6968.0,336218
336218,GS10659,2024,2707.0,336219
336235,GS10710,2024,77865.0,336236
336241,GS10716,2024,480851.0,336242
336248,GS10725,2024,6867.0,336249
336249,GS10726,2024,7061.0,336250
336258,GS10735,2024,1032.0,336259
336259,GS10736,2024,1924.0,336260
336261,GS10738,2024,31915.0,336262
336263,GS10740,2024,12575.0,336264
336264,GS10741,2024,8858.0,336265
336265,GS10742,2024,8685.0,336266
336266,GS10776,2024,1175.0,336267
336267,GS10777,2024,2460.0,336268
336268,GS10778,2024,9601.0,336269
336269,GS10779,2024,13369.0,336270
336270,GS10780,2024,9113.0,336271
336271,GS10781,2024,9800.0,336272
336272,GS10782,2024,24624.0,336273
336273,GS10783,2024,4088.0,336274
336274,GS10784,2024,2616.0,336275
336277,GS10788,2024,172.0,336278
336279,GS10790,2024,297789.0,336280
336283,GS10794,2024,30000.0,336284
336287,GS10798,2024,19038.0,336288
336288,GS10799,2024,2958.0,336289
336290,GS10801,2024,3761.0,336291
336291,GS10802,2024,2783.0,336292
336292,GS10803,2024,2723.0,336293
336293,GS10804,2024,3388.0,336294
336294,GS10805,2024,30.0,336295
336295,GS10806,2024,6051.0,336296
336297,GS10808,2024,29736.0,336298
336298,GS10809,2024,32101.0,336299
336301,GS10812,2024,63922.0,336302
336302,GS10813,2024,53901.0,336303
336305,GS10821,2024,44808.0,336306
336309,GS10825,2024,37315.0,336310
336310,GS10826,2024,835.0,336311
336311,GS10827,2024,790.0,336312
336312,GS10828,2024,790.0,336313
336314,GS10830,2024,7500.0,336315
336329,GS10879,2024,26069.0,336330
336331,GS10885,2024,84.0,336332
336332,GS10886,2024,31214.0,336333
336334,GS10888,2024,13911.0,336335
336336,GS10890,2024,39261.0,336337
336341,GS10900,2024,34531.0,336342
336342,GS10901,2024,39910.0,336343
336343,GS10902,2024,48494.0,336344
336344,GS10903,2024,42345.0,336345
336345,GS10904,2024,30735.0,336346
336346,GS10905,2024,57186.0,336347
336347,GS10906,2024,51897.0,336348
336348,GS10907,2024,36812.0,336349
336349,GS10908,2024,36069.0,336350
336350,GS10909,2024,51030.0,336351
336351,GS10910,2024,58117.0,336352
336352,GS10911,2024,28846.0,336353
336353,GS10912,2024,30692.0,336354
336354,GS10913,2024,45185.0,336355
336355,GS10914,2024,26783.0,336356
336356,GS10915,2024,16205.0,336357
336357,GS10916,2024,31808.0,336358
336358,GS10917,2024,215.0,336359
336359,GS10918,2024,35546.0,336360
336360,GS10919,2024,28920.0,336361
336361,GS10920,2024,29056.0,336362
336362,GS10921,2024,19871.0,336363
336363,GS10922,2024,529.0,336364
336364,GS10923,2024,7264.0,336365
336365,GS10924,2024,2559.0,336366
336377,GS10967,2024,296332.0,336378
336378,GS10968,2024,91.0,336379
336380,GS10970,2024,17427.0,336381
336383,GS10974,2024,44422.0,336384
336385,GS10976,2024,57.0,336386
336386,GS10977,2024,1275.0,336387
336387,GS10978,2024,21583.0,336388
336388,GS10979,2024,1445.0,336389
336389,GS10980,2024,1435.0,336390
336390,GS10981,2024,6404.0,336391
336391,GS10982,2024,18968.0,336392
336396,GS10988,2024,9868.0,336397
336397,GS10989,2024,9731.0,336398
336398,GS10990,2024,724.0,336399
336399,GS10991,2024,1024.0,336400
336400,GS10992,2024,724.0,336401
336401,GS10993,2024,2472.0,336402
336402,GS10994,2024,1762.0,336403
336403,GS10995,2024,1172.0,336404
336418,GS11010,2024,27408.0,336419
336419,GS11011,2024,8456.0,336420
336420,GS11012,2024,6870.0,336421
336421,GS11013,2024,6010.0,336422
336422,GS11014,2024,3667.0,336423
336423,GS11015,2024,2145.0,336424
336424,GS11016,2024,2194.0,336425
336445,GS11041,2024,4286.0,336446
336446,GS11042,2024,1758.0,336447
336450,GS11047,2024,1100.0,336451
336471,GS11068,2024,12331.0,336472
336473,GS11071,2024,288.0,336474
336476,GS11074,2024,9631.0,336477
336477,GS11075,2024,72.0,336478
336499,GS11098,2024,18689.0,336500
336501,GS11133,2024,9794.0,336502
336502,GS11134,2024,937.0,336503
336504,GS11136,2024,502.0,336505
336508,GS11140,2024,346101.0,336509
336513,GS11145,2024,123074.0,336514
336515,GS11147,2024,30212.0,336516
336516,GS11148,2024,18322.0,336517
336517,GS11149,2024,27216.0,336518
336518,GS11150,2024,14533.0,336519
336519,GS11151,2024,19268.0,336520
336520,GS11152,2024,6450.0,336521
336521,GS11153,2024,1653.0,336522
336522,GS11154,2024,2183.0,336523
336529,GS11167,2024,51016.0,336530
336530,GS11169,2024,9866.0,336531
336551,GS11193,2024,3467.0,336552
336552,GS11194,2024,24692.0,336553
336553,GS11195,2024,696.0,336554
336555,GS11197,2024,6990.0,336556
336558,GS11200,2024,4713.0,336559
336563,GS11205,2024,3658.0,336564
336565,GS11207,2024,78734.0,336566
336567,GS11209,2024,54746.0,336568
336570,GS11212,2024,6177.0,336571
336571,GS11213,2024,4400.0,336572
336576,GS11218,2024,47706.0,336577
336579,GS11222,2024,269751.0,336580
336583,GS11227,2024,55074.0,336584
336584,GS11228,2024,53050.0,336585
336585,GS11229,2024,46379.0,336586
336586,GS11230,2024,47582.0,336587
336587,GS11231,2024,51088.0,336588
336588,GS11232,2024,22922.0,336589
336589,GS11233,2024,3460.0,336590
336590,GS11234,2024,3310.0,336591
336591,GS11235,2024,1425.0,336592
336592,GS11236,2024,21610.0,336593
336594,GS11238,2024,155259.0,336595
336595,GS11239,2024,2015.0,336596
336602,GS11246,2024,6678.0,336603
336607,GS11251,2024,147756.0,336608
336610,GS11255,2024,91755.0,336611
336611,GS11256,2024,204329.0,336612
336612,GS11259,2024,40669.0,336613
336613,GS11260,2024,40719.0,336614
336614,GS11261,2024,39327.0,336615
336615,GS11262,2024,38645.0,336616
336616,GS11263,2024,46674.0,336617
336617,GS11264,2024,34607.0,336618
336618,GS11265,2024,35359.0,336619
336622,GS11269,2024,520.0,336623
336623,GS11270,2024,17423.0,336624
336625,GS11272,2024,5406.0,336626
336627,GS11274,2024,63725.0,336628
336628,GS11275,2024,69323.0,336629
336629,GS11276,2024,3529.0,336630
336630,GS11277,2024,71617.0,336631
336631,GS11278,2024,11097.0,336632
336632,GS11279,2024,15763.0,336633
336633,GS11280,2024,52870.0,336634
336634,GS11281,2024,30520.0,336635
336635,GS11282,2024,44688.0,336636
336636,GS11283,2024,52228.0,336637
336637,GS11284,2024,49099.0,336638
336638,GS11285,2024,49346.0,336639
336639,GS11286,2024,21750.0,336640
336640,GS11287,2024,18172.0,336641
336641,GS11288,2024,29009.0,336642
336642,GS11289,2024,29698.0,336643
336643,GS11290,2024,22141.0,336644
336644,GS11291,2024,23661.0,336645
336645,GS11292,2024,27345.0,336646
336646,GS11293,2024,18871.0,336647
336647,GS11294,2024,26679.0,336648
336648,GS11295,2024,55216.0,336649
336649,GS11296,2024,49930.0,336650
336650,GS11297,2024,25571.0,336651
336651,GS11298,2024,67764.0,336652
336652,GS11299,2024,57650.0,336653
336653,GS11300,2024,20383.0,336654
336656,GS11303,2024,24575.0,336657
336660,GS11307,2024,2787.0,336661
336662,GS11309,2024,47706.0,336663
336663,GS11310,2024,54979.0,336664
336664,GS11311,2024,70360.0,336665
336665,GS11312,2024,67567.0,336666
336666,GS11313,2024,51916.0,336667
336677,GS11325,2024,10000.0,336678
336683,GS11331,2024,251464.0,336684
336685,GS11334,2024,527080.0,336686
336686,GS11335,2024,2566.0,336687
336688,GS11337,2024,605997.0,336689
336689,GS11338,2024,158866.0,336690
336697,GS11352,2024,4763.0,336698
336703,GS11358,2024,30459.0,336704
336707,GS11394,2024,16376.0,336708
336711,GS11400,2024,128675.0,336712
336712,GS11401,2024,203576.0,336713
336713,GS11402,2024,60131.0,336714
336714,GS11403,2024,5919.0,336715
336715,GS11404,2024,104446.0,336716
336716,GS11405,2024,15400.0,336717
336727,GS11417,2024,1345.0,336728
336728,GS11418,2024,13568.0,336729
336729,GS11419,2024,3198.0,336730
336730,GS11420,2024,3952.0,336731
336731,GS11421,2024,2860.0,336732
336734,GS11424,2024,13847.0,336735
336736,GS11426,2024,38117.0,336737
336737,GS11427,2024,45809.0,336738
336738,GS11432,2024,86651.0,336739
336739,GS11433,2024,1559.0,336740
336740,GS11434,2024,2744.0,336741
336743,GS11437,2024,39999.0,336744
336746,GS11440,2024,82413.0,336747
336747,GS11441,2024,13.0,336748
336749,GS11447,2024,1630.0,336750
336750,GS11448,2024,10048.0,336751
336755,GS11455,2024,33271.0,336756
336762,GS11474,2024,10018.0,336763
336767,GS11479,2024,10860.0,336768
336769,GS11481,2024,20633.0,336770
336770,GS11482,2024,18010.0,336771
336771,GS11483,2024,21072.0,336772
336772,GS11484,2024,62.0,336773
336777,GS11490,2024,19475.0,336778
336778,GS11491,2024,87688.0,336779
336788,GS11501,2024,60000.0,336789
336791,GS11504,2024,1050.0,336792
336792,GS11505,2024,20702.0,336793
336794,GS11507,2024,4751.0,336795
336803,GS11519,2024,10006.0,336804
336804,GS11520,2024,27869.0,336805
336805,GS11521,2024,27884.0,336806
336806,GS11522,2024,27825.0,336807
336807,GS11523,2024,27615.0,336808
336808,GS11524,2024,27402.0,336809
336809,GS11525,2024,27160.0,336810
336810,GS11526,2024,26869.0,336811
336811,GS11527,2024,26625.0,336812
336812,GS11528,2024,26422.0,336813
336813,GS11529,2024,26307.0,336814
336814,GS11530,2024,26096.0,336815
336815,GS11531,2024,25565.0,336816
336816,GS11532,2024,24804.0,336817
336817,GS11533,2024,24215.0,336818
336818,GS11534,2024,23652.0,336819
336822,GS11539,2024,15942.0,336823
336832,GS11551,2024,10000.0,336833
336834,GS11556,2024,38531.0,336835
336836,GS11558,2024,129092.0,336837
336837,GS11559,2024,2200.0,336838
336838,GS11560,2024,92786.0,336839
336839,GS11561,2024,96551.0,336840
336841,GS11564,2024,180.0,336842
336848,GS11571,2024,300.0,336849
336862,GS11593,2024,321998.0,336863
336864,GS11595,2024,39994.0,336865
336865,GS11596,2024,446134.0,336866
336868,GS11603,2024,39888.0,336869
336869,GS11604,2024,6096.0,336870
336873,GS11608,2024,429.0,336874
336888,GS11627,2024,147.0,336889
336889,GS11628,2024,46677.0,336890
336890,GS11629,2024,40475.0,336891
336891,GS11630,2024,6193.0,336892
336892,GS11631,2024,2842.0,336893
336893,GS11632,2024,205.0,336894
336909,GS11655,2024,76356.0,336910
336910,GS11656,2024,74092.0,336911
336917,GS11664,2024,33.0,336918
336921,GS11671,2024,242988.0,336922
336924,GS11674,2024,344148.0,336925
336959,GS11722,2024,54877.0,336960
336964,GS11728,2024,217911.0,336965
336974,GS11744,2024,8536.0,336975
336975,GS11745,2024,8537.0,336976
336976,GS11747,2024,6169.0,336977
336986,GS11757,2024,1389.0,336987
336988,GS11759,2024,7310.0,336989
336989,GS11760,2024,7591.0,336990
336990,GS11761,2024,7329.0,336991
336991,GS11762,2024,7329.0,336992
336994,GS11765,2024,15.0,336995
337000,GS11771,2024,1557.0,337001
337002,GS11773,2024,6578.0,337003
337004,GS11775,2024,4.0,337005
337005,GS11776,2024,322.0,337006
337006,GS11777,2024,5745.0,337007
337007,GS11778,2024,5745.0,337008
337008,GS11779,2024,5747.0,337009
337009,GS11780,2024,5746.0,337010
337010,GS11781,2024,5746.0,337011
337011,GS11782,2024,4836.0,337012
337013,GS11784,2024,1376.0,337014
337026,GS11807,2024,8537.0,337027
337032,GS11813,2024,60.0,337033
337037,GS11835,2024,2929.0,337038
337046,GS11844,2024,950.0,337047
337049,GS11847,2024,1002.0,337050
337050,GS11848,2024,16.0,337051
337051,GS11849,2024,10.0,337052
337052,GS11850,2024,10.0,337053
337053,GS11851,2024,10.0,337054
337054,GS11852,2024,10.0,337055
337055,GS11853,2024,10.0,337056
337057,GS11855,2024,27630.0,337058
337061,GS11861,2024,4222.0,337062
337074,GS11879,2024,2500.0,337075
337075,GS11880,2024,14068.0,337076
337076,GS11881,2024,12197.0,337077
337077,GS11882,2024,26.0,337078
337115,GS11921,2024,2236.0,337116
337136,GS11947,2024,16728.0,337137
337139,GS11950,2024,6509.0,337140
337160,GS11988,2024,32988.0,337161
337166,GS11994,2024,400.0,337167
337168,GS11996,2024,31528.0,337169
337169,GS11998,2024,20731.0,337170
337170,GS11999,2024,12024.0,337171
337171,GS12000,2024,9740.0,337172
337172,GS12001,2024,7020.0,337173
337173,GS12002,2024,8081.0,337174
337174,GS12003,2024,7249.0,337175
337191,GS12023,2024,1066.0,337192
337200,GS12033,2024,2455.0,337201
337212,GS12045,2024,308.0,337213
337214,GS12047,2024,327027.0,337215
337225,GS12062,2024,37863.0,337226
337227,GS12064,2024,3409.0,337228
337266,GS12114,2024,1688.0,337267
337279,GS12127,2024,4057.0,337280
337297,GS12147,2024,131201.0,337298
337364,GS12227,2024,1265.0,337365
337428,GS12302,2024,246699.0,337429
337474,GS12357,2024,21589.0,337475
337475,GS12358,2024,5537.0,337476
338470,ISOprj_1HHYZFVGW1S044ZY,2024,3375.0,338471
338471,ISOprj_1HZSSWBQM1S08H83,2024,70.04,338472
338472,ISOprj_1J4P33N6W1S0RKE2,2024,500.0,338473
338543,VCS5,2024,13705.0,338544
338546,VCS8,2024,6560.0,338547
338548,VCS10,2024,979080.0,338549
338550,VCS12,2024,5618.0,338551
338551,VCS13,2024,319068.0,338552
338567,VCS30,2024,617945.0,338568
338569,VCS33,2024,3525.0,338570
338575,VCS39,2024,3470.0,338576
338587,VCS51,2024,42394.0,338588
338589,VCS53,2024,485.0,338590
338590,VCS54,2024,150458.0,338591
338599,VCS63,2024,312.0,338600
338600,VCS64,2024,388.0,338601
338601,VCS65,2024,2744.0,338602
338604,VCS68,2024,47.0,338605
338612,VCS77,2024,13282.0,338613
338617,VCS82,2024,8130.0,338618
338621,VCS86,2024,25833.0,338622
338626,VCS91,2024,58692.0,338627
338627,VCS92,2024,606315.0,338628
338628,VCS93,2024,48964.0,338629
338632,VCS97,2024,11224.0,338633
338654,VCS120,2024,20941.0,338655
338658,VCS124,2024,37648.0,338659
338665,VCS132,2024,5423.0,338666
338671,VCS138,2024,90980.0,338672
338675,VCS142,2024,101194.0,338676
338676,VCS143,2024,18.0,338677
338677,VCS144,2024,7074.0,338678
338681,VCS148,2024,44983.0,338682
338698,VCS166,2024,978.0,338699
338705,VCS173,2024,432559.0,338706
338709,VCS177,2024,84.0,338710
338713,VCS181,2024,2910.0,338714
338717,VCS185,2024,113.0,338718
338721,VCS191,2024,6702.0,338722
338722,VCS192,2024,1995.0,338723
338732,VCS202,2024,872.0,338733
338733,VCS203,2024,136.0,338734
338741,VCS211,2024,2363.0,338742
338743,VCS213,2024,5477.0,338744
338744,VCS214,2024,1464.0,338745
338751,VCS221,2024,2569.0,338752
338752,VCS222,2024,150.0,338753
338755,VCS225,2024,390.0,338756
338762,VCS232,2024,1049.0,338763
338783,VCS253,2024,33042.0,338784
338785,VCS255,2024,15138.0,338786
338790,VCS260,2024,4.0,338791
338794,VCS264,2024,1499.0,338795
338799,VCS269,2024,2965.0,338800
338802,VCS272,2024,326.0,338803
338803,VCS273,2024,37678.0,338804
338811,VCS281,2024,95.0,338812
338814,VCS284,2024,2256.0,338815
338819,VCS289,2024,35.0,338820
338820,VCS290,2024,18175.0,338821
338822,VCS292,2024,88717.0,338823
338828,VCS298,2024,20020.0,338829
338834,VCS304,2024,3986.0,338835
338847,VCS318,2024,151307.0,338848
338853,VCS324,2024,2129.0,338854
338858,VCS329,2024,10.0,338859
338861,VCS332,2024,8.0,338862
338863,VCS334,2024,3864.0,338864
338864,VCS335,2024,14426.0,338865
338865,VCS336,2024,14004.0,338866
338866,VCS337,2024,103827.0,338867
338867,VCS338,2024,3688.0,338868
338878,VCS349,2024,4353.0,338879
338883,VCS354,2024,1434.0,338884
338884,VCS355,2024,60000.0,338885
338899,VCS370,2024,3885.0,338900
338900,VCS371,2024,21523.0,338901
338909,VCS380,2024,32964.0,338910
338910,VCS381,2024,923.0,338911
338915,VCS386,2024,515.0,338916
338920,VCS391,2024,3000.0,338921
338924,VCS395,2024,123183.0,338925
338925,VCS396,2024,6641.0,338926
338928,VCS399,2024,7128.0,338929
338932,VCS403,2024,14855.0,338933
338933,VCS404,2024,2478.0,338934
338934,VCS405,2024,1010.0,338935
338941,VCS412,2024,78742.0,338942
338942,VCS413,2024,88592.0,338943
338943,VCS414,2024,271317.0,338944
338944,VCS415,2024,4427.0,338945
338945,VCS416,2024,14854.0,338946
338946,VCS417,2024,51074.0,338947
338951,VCS422,2024,10000.0,338952
338954,VCS425,2024,1000.0,338955
338955,VCS426,2024,1000.0,338956
338956,VCS427,2024,47.0,338957
338959,VCS430,2024,1269.0,338960
338961,VCS432,2024,285329.0,338962
338967,VCS438,2024,174024.0,338968
338968,VCS439,2024,112513.0,338969
338969,VCS440,2024,1200.0,338970
338970,VCS441,2024,16967.0,338971
338976,VCS447,2024,46.0,338977
338977,VCS448,2024,34359.0,338978
338979,VCS450,2024,6875.0,338980
338982,VCS453,2024,14549.0,338983
338987,VCS458,2024,12533.0,338988
338997,VCS468,2024,88295.0,338998
338999,VCS470,2024,32860.0,339000
339000,VCS471,2024,11279.0,339001
339005,VCS476,2024,297856.0,339006
339013,VCS484,2024,2.0,339014
339015,VCS486,2024,137897.0,339016
339016,VCS487,2024,854811.0,339017
339017,VCS488,2024,429212.0,339018
339018,VCS489,2024,15132.0,339019
339024,VCS495,2024,662.0,339025
339025,VCS496,2024,271.0,339026
339028,VCS499,2024,49.0,339029
339033,VCS504,2024,74509.0,339034
339034,VCS505,2024,252.0,339035
339035,VCS506,2024,10861.0,339036
339039,VCS510,2024,3605.0,339040
339042,VCS513,2024,31700.0,339043
339051,VCS522,2024,1241.0,339052
339063,VCS534,2024,16460.0,339064
339064,VCS535,2024,126931.0,339065
339065,VCS536,2024,304420.0,339066
339068,VCS539,2024,15075.0,339069
339072,VCS543,2024,74948.0,339073
339073,VCS544,2024,71381.0,339074
339075,VCS546,2024,127064.0,339076
339077,VCS548,2024,14693.0,339078
339087,VCS558,2024,10890.0,339088
339091,VCS562,2024,4122.0,339092
339092,VCS563,2024,15046.0,339093
339094,VCS565,2024,55203.0,339095
339095,VCS566,2024,3062.0,339096
339105,VCS576,2024,4614.0,339106
339111,VCS582,2024,46.0,339112
339113,VCS584,2024,968.0,339114
339115,VCS586,2024,46.0,339116
339132,VCS603,2024,255.0,339133
339136,VCS607,2024,84000.0,339137
339141,VCS612,2024,745114.0,339142
339146,VCS617,2024,3712.0,339147
339148,VCS619,2024,51388.0,339149
339149,VCS620,2024,115721.0,339150
339165,VCS636,2024,6684.0,339166
339167,VCS638,2024,4235.0,339168
339169,VCS640,2024,41632.0,339170
339176,VCS647,2024,13800.0,339177
339177,VCS648,2024,10406.0,339178
339182,VCS653,2024,18002.0,339183
339184,VCS655,2024,37024.0,339185
339185,VCS656,2024,14314.0,339186
339189,VCS660,2024,8467.0,339190
339191,VCS662,2024,8129.0,339192
339194,VCS665,2024,10711.0,339195
339195,VCS666,2024,4130.0,339196
339196,VCS667,2024,1365.0,339197
339198,VCS669,2024,75575.0,339199
339202,VCS673,2024,60435.0,339203
339203,VCS674,2024,1296759.0,339204
339205,VCS676,2024,17199.0,339206
339211,VCS682,2024,14120.0,339212
339217,VCS688,2024,232368.0,339218
339218,VCS689,2024,10000.0,339219
339226,VCS697,2024,337980.0,339227
339228,VCS699,2024,1500.0,339229
339230,VCS701,2024,1746.0,339231
339232,VCS703,2024,9.0,339233
339235,VCS706,2024,5999.0,339236
339237,VCS708,2024,77327.0,339238
339238,VCS709,2024,49.0,339239
339241,VCS713,2024,343097.0,339242
339243,VCS715,2024,1000.0,339244
339244,VCS716,2024,121081.0,339245
339245,VCS717,2024,140577.0,339246
339250,VCS722,2024,1397.0,339251
339254,VCS726,2024,70830.0,339255
339255,VCS727,2024,10317.0,339256
339256,VCS728,2024,91189.0,339257
339261,VCS733,2024,339.0,339262
339262,VCS734,2024,16414.0,339263
339264,VCS736,2024,97665.0,339265
339265,VCS737,2024,66496.0,339266
339268,VCS740,2024,43335.0,339269
339274,VCS747,2024,24773.0,339275
339276,VCS749,2024,57700.0,339277
339278,VCS751,2024,31909.0,339279
339280,VCS753,2024,66748.0,339281
339282,VCS755,2024,241602.0,339283
339283,VCS756,2024,108492.0,339284
339289,VCS762,2024,97266.0,339290
339290,VCS763,2024,51094.0,339291
339291,VCS764,2024,60010.0,339292
339293,VCS766,2024,20766.0,339294
339298,VCS771,2024,393.0,339299
339307,VCS780,2024,57010.0,339308
339311,VCS784,2024,54829.0,339312
339313,VCS786,2024,164599.0,339314
339315,VCS788,2024,122884.0,339316
339320,VCS793,2024,50346.0,339321
339325,VCS798,2024,39104.0,339326
339326,VCS799,2024,6240.0,339327
339334,VCS807,2024,52238.0,339335
339335,VCS808,2024,105450.0,339336
339336,VCS809,2024,1.0,339337
339337,VCS810,2024,20000.0,339338
339339,VCS812,2024,2698.0,339340
339340,VCS813,2024,7016.0,339341
339341,VCS814,2024,7158.0,339342
339344,VCS817,2024,11571.0,339345
339346,VCS819,2024,22694.0,339347
339350,VCS823,2024,6787.0,339351
339351,VCS824,2024,307.0,339352
339357,VCS830,2024,602628.0,339358
339359,VCS832,2024,148127.0,339360
339360,VCS833,2024,35225.0,339361
339361,VCS834,2024,21743.0,339362
339362,VCS835,2024,260785.0,339363
339363,VCS836,2024,1392.0,339364
339364,VCS837,2024,30496.0,339365
339367,VCS840,2024,101041.0,339368
339371,VCS844,2024,504285.0,339372
339376,VCS849,2024,40991.0,339377
339377,VCS850,2024,13816.0,339378
339395,VCS868,2024,647166.0,339396
339396,VCS869,2024,9.0,339397
339399,VCS872,2024,40495.0,339400
339400,VCS873,2024,295699.0,339401
339402,VCS875,2024,225485.0,339403
339409,VCS882,2024,9680.0,339410
339410,VCS883,2024,1471199.0,339411
339411,VCS884,2024,33619.0,339412
339414,VCS887,2024,849.0,339415
339419,VCS892,2024,40214.0,339420
339420,VCS893,2024,13718.0,339421
339422,VCS895,2024,2.0,339423
339423,VCS896,2024,89132.0,339424
339426,VCS899,2024,103365.0,339427
339427,VCS900,2024,6205.0,339428
339428,VCS901,2024,18219.0,339429
339429,VCS902,2024,266643.0,339430
339430,VCS903,2024,279113.0,339431
339432,VCS905,2024,12748.0,339433
339436,VCS909,2024,43858.0,339437
339437,VCS910,2024,510.0,339438
339438,VCS911,2024,2233.0,339439
339439,VCS912,2024,5707.0,339440
339441,VCS914,2024,4.0,339442
339444,VCS917,2024,43847.0,339445
339447,VCS920,2024,3.0,339448
339448,VCS921,2024,207611.0,339449
339451,VCS924,2024,64753.0,339452
339452,VCS925,2024,6342.0,339453
339453,VCS926,2024,600.0,339454
339455,VCS928,2024,66917.0,339456
339456,VCS929,2024,163660.0,339457
339461,VCS934,2024,9140556.0,339462
339463,VCS936,2024,488.0,339464
339465,VCS938,2024,295.0,339466
339467,VCS940,2024,30.0,339468
339468,VCS941,2024,2773.0,339469
339471,VCS944,2024,766198.0,339472
339472,VCS945,2024,10105.0,339473
339474,VCS947,2024,45773.0,339475
339481,VCS954,2024,17232.0,339482
339483,VCS956,2024,6390.0,339484
339486,VCS959,2024,916064.0,339487
339487,VCS960,2024,252902.0,339488
339488,VCS961,2024,222581.0,339489
339489,VCS962,2024,50133.0,339490
339490,VCS963,2024,42972.0,339491
339491,VCS964,2024,46935.0,339492
339496,VCS969,2024,1767.0,339497
339498,VCS971,2024,363.0,339499
339500,VCS973,2024,66605.0,339501
339501,VCS974,2024,11389.0,339502
339502,VCS975,2024,3660.0,339503
339504,VCS977,2024,157258.0,339505
339508,VCS981,2024,2035670.0,339509
339509,VCS982,2024,28154.0,339510
339512,VCS985,2024,166718.0,339513
339513,VCS986,2024,113641.0,339514
339514,VCS987,2024,166096.0,339515
339520,VCS993,2024,11868.0,339521
339521,VCS994,2024,33245.0,339522
339522,VCS995,2024,4454.0,339523
339523,VCS996,2024,20345.0,339524
339524,VCS997,2024,279834.0,339525
339528,VCS1001,2024,142547.0,339529
339529,VCS1002,2024,9230.0,339530
339541,VCS1015,2024,9526.0,339542
339545,VCS1019,2024,385172.0,339546
339546,VCS1020,2024,9382.0,339547
339550,VCS1024,2024,5853.0,339551
339552,VCS1026,2024,16380.0,339553
339557,VCS1031,2024,205145.0,339558
339558,VCS1032,2024,2035.0,339559
339562,VCS1036,2024,48891.0,339563
339563,VCS1037,2024,48711.0,339564
339567,VCS1041,2024,90504.0,339568
339568,VCS1042,2024,44042.0,339569
339569,VCS1043,2024,137244.0,339570
339570,VCS1044,2024,2732.0,339571
339571,VCS1045,2024,30070.0,339572
339576,VCS1050,2024,486.0,339577
339581,VCS1055,2024,126583.0,339582
339586,VCS1060,2024,656.0,339587
339587,VCS1061,2024,130.0,339588
339592,VCS1066,2024,34759.0,339593
339593,VCS1067,2024,758356.0,339594
339594,VCS1068,2024,151.0,339595
339603,VCS1077,2024,38661.0,339604
339604,VCS1078,2024,9663.0,339605
339607,VCS1081,2024,26653.0,339608
339608,VCS1082,2024,1388.0,339609
339609,VCS1083,2024,48091.0,339610
339611,VCS1085,2024,34090.0,339612
339614,VCS1088,2024,2.0,339615
339615,VCS1089,2024,850.0,339616
339617,VCS1091,2024,52.0,339618
339618,VCS1092,2024,2000.0,339619
339620,VCS1094,2024,333805.0,339621
339626,VCS1100,2024,351142.0,339627
339629,VCS1103,2024,18261.0,339630
339637,VCS1111,2024,9873.0,339638
339638,VCS1112,2024,79683.0,339639
339639,VCS1113,2024,19694.0,339640
339640,VCS1114,2024,6541.0,339641
339641,VCS1115,2024,261348.0,339642
339647,VCS1121,2024,40186.0,339648
339648,VCS1122,2024,285105.0,339649
339653,VCS1127,2024,11442.0,339654
339654,VCS1128,2024,134721.0,339655
339659,VCS1133,2024,336.0,339660
339660,VCS1134,2024,27814.0,339661
339667,VCS1141,2024,11408.0,339668
339669,VCS1143,2024,22857.0,339670
339672,VCS1146,2024,517735.0,339673
339673,VCS1147,2024,1650.0,339674
339678,VCS1152,2024,23515.0,339679
339685,VCS1160,2024,5954.0,339686
339687,VCS1162,2024,29515.0,339688
339691,VCS1166,2024,186.0,339692
339693,VCS1168,2024,796510.0,339694
339699,VCS1174,2024,2389.0,339700
339706,VCS1181,2024,18995.0,339707
339707,VCS1182,2024,53443.0,339708
339708,VCS1183,2024,65.0,339709
339709,VCS1184,2024,9983.0,339710
339711,VCS1186,2024,9528.0,339712
339712,VCS1187,2024,17496.0,339713
339713,VCS1188,2024,10992.0,339714
339714,VCS1189,2024,50843.0,339715
339715,VCS1190,2024,11144.0,339716
339716,VCS1191,2024,46792.0,339717
339719,VCS1194,2024,82583.0,339720
339720,VCS1195,2024,14242.0,339721
339721,VCS1196,2024,39297.0,339722
339722,VCS1197,2024,13798.0,339723
339723,VCS1198,2024,279602.0,339724
339724,VCS1199,2024,19019.0,339725
339725,VCS1200,2024,163580.0,339726
339726,VCS1201,2024,1251870.0,339727
339727,VCS1202,2024,213455.0,339728
339728,VCS1203,2024,2964.0,339729
339729,VCS1204,2024,357294.0,339730
339730,VCS1205,2024,13819.0,339731
339733,VCS1208,2024,8236.0,339734
339734,VCS1209,2024,9431.0,339735
339735,VCS1210,2024,15212.0,339736
339736,VCS1211,2024,13532.0,339737
339739,VCS1214,2024,60087.0,339740
339740,VCS1215,2024,35000.0,339741
339741,VCS1216,2024,2785.0,339742
339742,VCS1217,2024,10369.0,339743
339743,VCS1218,2024,62357.0,339744
339746,VCS1221,2024,13905.0,339747
339755,VCS1230,2024,2.0,339756
339757,VCS1232,2024,10000.0,339758
339761,VCS1236,2024,48281.0,339762
339765,VCS1240,2024,476043.0,339766
339766,VCS1241,2024,2231.0,339767
339767,VCS1242,2024,19958.0,339768
339777,VCS1252,2024,814.0,339778
339779,VCS1254,2024,31919.0,339780
339782,VCS1257,2024,82803.0,339783
339783,VCS1258,2024,428120.0,339784
339786,VCS1261,2024,121254.0,339787
339811,VCS1286,2024,300.0,339812
339814,VCS1289,2024,102389.0,339815
339816,VCS1291,2024,5336.0,339817
339824,VCS1300,2024,16201.0,339825
339825,VCS1301,2024,39157.0,339826
339832,VCS1308,2024,65394.0,339833
339834,VCS1310,2024,16854.0,339835
339839,VCS1315,2024,44280.0,339840
339841,VCS1317,2024,369.0,339842
339842,VCS1318,2024,5526.0,339843
339843,VCS1319,2024,865.0,339844
339846,VCS1322,2024,143.0,339847
339849,VCS1325,2024,786.0,339850
339853,VCS1329,2024,5654.0,339854
339854,VCS1330,2024,663.0,339855
339864,VCS1340,2024,76499.0,339865
339868,VCS1344,2024,192679.0,339869
339869,VCS1345,2024,10293.0,339870
339870,VCS1346,2024,396791.0,339871
339872,VCS1348,2024,12331.0,339873
339873,VCS1349,2024,16900.0,339874
339876,VCS1352,2024,4216.0,339877
339877,VCS1353,2024,147842.0,339878
339878,VCS1354,2024,2000.0,339879
339879,VCS1355,2024,1981.0,339880
339880,VCS1356,2024,107197.0,339881
339883,VCS1359,2024,4071.0,339884
339884,VCS1360,2024,742129.0,339885
339886,VCS1362,2024,34268.0,339887
339888,VCS1364,2024,78791.0,339889
339892,VCS1368,2024,3883.0,339893
339902,VCS1378,2024,16706.0,339903
339904,VCS1380,2024,12000.0,339905
339906,VCS1382,2024,2665252.0,339907
339909,VCS1385,2024,2108.0,339910
339910,VCS1386,2024,1034.0,339911
339911,VCS1387,2024,79.0,339912
339913,VCS1389,2024,96038.0,339914
339914,VCS1390,2024,13946.0,339915
339915,VCS1391,2024,491.0,339916
339916,VCS1392,2024,37.0,339917
339917,VCS1393,2024,24793.0,339918
339919,VCS1395,2024,2912.0,339920
339923,VCS1399,2024,1450.0,339924
339924,VCS1400,2024,1287.0,339925
339928,VCS1404,2024,83020.0,339929
339930,VCS1406,2024,44477.0,339931
339931,VCS1407,2024,2369.0,339932
339932,VCS1408,2024,1071132.0,339933
339933,VCS1409,2024,29742.0,339934
339937,VCS1413,2024,1372.0,339938
339941,VCS1417,2024,1054.0,339942
339947,VCS1423,2024,8015.0,339948
339948,VCS1424,2024,2369.0,339949
339949,VCS1425,2024,23142.0,339950
339960,VCS1437,2024,69667.0,339961
339962,VCS1439,2024,23987.0,339963
339964,VCS1441,2024,1245.0,339965
339967,VCS1444,2024,726.0,339968
339969,VCS1446,2024,324092.0,339970
339970,VCS1447,2024,215542.0,339971
339976,VCS1453,2024,4457.0,339977
339984,VCS1461,2024,41454.0,339985
339985,VCS1463,2024,60158.0,339986
339986,VCS1464,2024,672899.0,339987
339987,VCS1465,2024,7421.0,339988
339989,VCS1468,2024,406000.0,339990
339996,VCS1477,2024,8854608.0,339997
339999,VCS1480,2024,85363.0,340000
340000,VCS1481,2024,38219.0,340001
340001,VCS1482,2024,4173.0,340002
340002,VCS1483,2024,24082.0,340003
340004,VCS1485,2024,208721.0,340005
340014,VCS1497,2024,160025.0,340015
340016,VCS1499,2024,236583.0,340017
340017,VCS1500,2024,12725.0,340018
340020,VCS1503,2024,169704.0,340021
340022,VCS1505,2024,16292.0,340023
340023,VCS1506,2024,114957.0,340024
340025,VCS1508,2024,215.0,340026
340029,VCS1513,2024,28.0,340030
340035,VCS1519,2024,58453.0,340036
340036,VCS1520,2024,79369.0,340037
340037,VCS1521,2024,76842.0,340038
340038,VCS1522,2024,62471.0,340039
340039,VCS1523,2024,75990.0,340040
340045,VCS1529,2024,36707.0,340046
340046,VCS1530,2024,9964.0,340047
340047,VCS1532,2024,881570.0,340048
340050,VCS1535,2024,20516.0,340051
340053,VCS1538,2024,58762.0,340054
340054,VCS1539,2024,13305.0,340055
340056,VCS1542,2024,319.0,340057
340057,VCS1543,2024,233351.0,340058
340060,VCS1546,2024,8442.0,340061
340061,VCS1547,2024,164.0,340062
340063,VCS1549,2024,51971.0,340064
340064,VCS1550,2024,40090.0,340065
340070,VCS1558,2024,10103.0,340071
340071,VCS1559,2024,417782.0,340072
340072,VCS1560,2024,128486.0,340073
340077,VCS1566,2024,524837.0,340078
340080,VCS1569,2024,1206.0,340081
340082,VCS1571,2024,416204.0,340083
340085,VCS1577,2024,42832.0,340086
340088,VCS1580,2024,6374.0,340089
340089,VCS1582,2024,93543.0,340090
340094,VCS1622,2024,1001973.0,340095
340098,VCS1644,2024,99969.0,340099
340099,VCS1650,2024,1241793.0,340100
340102,VCS1654,2024,28249.0,340103
340103,VCS1656,2024,11270.0,340104
340107,VCS1660,2024,41104.0,340108
340108,VCS1661,2024,8845.0,340109
340110,VCS1663,2024,59842.0,340111
340111,VCS1664,2024,14485.0,340112
340115,VCS1669,2024,608.0,340116
340116,VCS1670,2024,37987.0,340117
340117,VCS1671,2024,51179.0,340118
340125,VCS1679,2024,55778.0,340126
340129,VCS1683,2024,63961.0,340130
340131,VCS1685,2024,36431.0,340132
340132,VCS1686,2024,118895.0,340133
340134,VCS1689,2024,7156.0,340135
340140,VCS1696,2024,189.0,340141
340151,VCS1709,2024,37486.0,340152
340154,VCS1715,2024,9861.0,340155
340155,VCS1716,2024,22630.0,340156
340156,VCS1718,2024,49303.0,340157
340158,VCS1720,2024,84375.0,340159
340159,VCS1721,2024,65179.0,340160
340160,VCS1723,2024,145.0,340161
340162,VCS1728,2024,48206.0,340163
340164,VCS1731,2024,381.0,340165
340165,VCS1732,2024,11310.0,340166
340166,VCS1733,2024,82617.0,340167
340167,VCS1734,2024,62330.0,340168
340168,VCS1735,2024,2019.0,340169
340169,VCS1736,2024,70611.0,340170
340172,VCS1740,2024,41036.0,340173
340173,VCS1741,2024,6051.0,340174
340174,VCS1742,2024,1473262.0,340175
340177,VCS1745,2024,15104.0,340178
340178,VCS1746,2024,22017.0,340179
340179,VCS1748,2024,467133.0,340180
340183,VCS1753,2024,1505191.0,340184
340185,VCS1758,2024,155151.0,340186
340186,VCS1759,2024,10370.0,340187
340188,VCS1762,2024,193939.0,340189
340189,VCS1764,2024,22081.0,340190
340191,VCS1766,2024,3900.0,340192
340192,VCS1767,2024,50190.0,340193
340193,VCS1768,2024,429.0,340194
340195,VCS1770,2024,134476.0,340196
340196,VCS1771,2024,21265.0,340197
340198,VCS1774,2024,25000.0,340199
340199,VCS1775,2024,252033.0,340200
340200,VCS1776,2024,433.0,340201
340202,VCS1781,2024,1257.0,340203
340204,VCS1783,2024,9287.0,340205
340205,VCS1784,2024,104230.0,340206
340206,VCS1786,2024,78711.0,340207
340207,VCS1787,2024,250.0,340208
340209,VCS1789,2024,10340.0,340210
340211,VCS1791,2024,217475.0,340212
340212,VCS1792,2024,579985.0,340213
340213,VCS1793,2024,10193.0,340214
340216,VCS1797,2024,49772.0,340217
340219,VCS1800,2024,47725.0,340220
340222,VCS1804,2024,678.0,340223
340223,VCS1805,2024,733390.0,340224
340225,VCS1807,2024,100.0,340226
340229,VCS1812,2024,495411.0,340230
340231,VCS1815,2024,222832.0,340232
340233,VCS1817,2024,98293.0,340234
340235,VCS1820,2024,100479.0,340236
340237,VCS1822,2024,7847.0,340238
340238,VCS1823,2024,12214.0,340239
340239,VCS1824,2024,1788.0,340240
340245,VCS1830,2024,7716.0,340246
340246,VCS1831,2024,6407.0,340247
340253,VCS1840,2024,13449.0,340254
340255,VCS1842,2024,51719.0,340256
340257,VCS1844,2024,74102.0,340258
340260,VCS1847,2024,362522.0,340261
340264,VCS1851,2024,1367687.0,340265
340266,VCS1853,2024,52.0,340267
340267,VCS1854,2024,67540.0,340268
340268,VCS1855,2024,170165.0,340269
340269,VCS1856,2024,62989.0,340270
340271,VCS1859,2024,27592.0,340272
340272,VCS1860,2024,3532.0,340273
340274,VCS1862,2024,3544.0,340275
340275,VCS1863,2024,66.0,340276
340277,VCS1865,2024,96093.0,340278
340279,VCS1867,2024,59484.0,340280
340282,VCS1870,2024,4220.0,340283
340286,VCS1875,2024,12747.0,340287
340288,VCS1878,2024,380.0,340289
340289,VCS1879,2024,1117.0,340290
340291,VCS1882,2024,17311.0,340292
340292,VCS1883,2024,8443.0,340293
340293,VCS1884,2024,94.0,340294
340294,VCS1885,2024,28886.0,340295
340298,VCS1890,2024,191877.0,340299
340299,VCS1891,2024,18684.0,340300
340301,VCS1893,2024,132.0,340302
340302,VCS1895,2024,246606.0,340303
340303,VCS1896,2024,96648.0,340304
340304,VCS1897,2024,742323.0,340305
340305,VCS1898,2024,1070.0,340306
340306,VCS1899,2024,232913.0,340307
340307,VCS1900,2024,64529.0,340308
340310,VCS1903,2024,159317.0,340311
340311,VCS1904,2024,223946.0,340312
340312,VCS1905,2024,13.0,340313
340315,VCS1908,2024,829.0,340316
340316,VCS1909,2024,44.0,340317
340317,VCS1910,2024,466.0,340318
340318,VCS1911,2024,8451.0,340319
340321,VCS1914,2024,56072.0,340322
340322,VCS1915,2024,34579.0,340323
340323,VCS1916,2024,7981.0,340324
340325,VCS1918,2024,1348.0,340326
340335,VCS1930,2024,8493.0,340336
340336,VCS1931,2024,350424.0,340337
340337,VCS1933,2024,14001.0,340338
340339,VCS1935,2024,60847.0,340340
340341,VCS1937,2024,7000.0,340342
340342,VCS1939,2024,90564.0,340343
340343,VCS1940,2024,244369.0,340344
340344,VCS1941,2024,7603.0,340345
340346,VCS1943,2024,191.0,340347
340348,VCS1945,2024,28644.0,340349
340349,VCS1946,2024,15512.0,340350
340350,VCS1947,2024,74060.0,340351
340352,VCS1949,2024,718699.0,340353
340353,VCS1950,2024,466305.0,340354
340356,VCS1953,2024,26986.0,340357
340357,VCS1954,2024,14036.0,340358
340360,VCS1958,2024,36697.0,340361
340361,VCS1959,2024,4203.0,340362
340362,VCS1960,2024,12008.0,340363
340366,VCS1964,2024,9156.0,340367
340367,VCS1965,2024,66929.0,340368
340372,VCS1970,2024,28289.0,340373
340374,VCS1972,2024,12293.0,340375
340376,VCS1974,2024,44971.0,340377
340377,VCS1975,2024,22809.0,340378
340378,VCS1976,2024,238698.0,340379
340383,VCS1981,2024,278.0,340384
340389,VCS1987,2024,256742.0,340390
340391,VCS1989,2024,50000.0,340392
340398,VCS1996,2024,7742.0,340399
340399,VCS1997,2024,82301.0,340400
340401,VCS1999,2024,36189.0,340402
340404,VCS2002,2024,27629.0,340405
340406,VCS2004,2024,120014.0,340407
340407,VCS2005,2024,42253.0,340408
340409,VCS2007,2024,8680.0,340410
340410,VCS2008,2024,202.0,340411
340416,VCS2014,2024,20595.0,340417
340419,VCS2017,2024,39427.0,340420
340422,VCS2020,2024,26290.0,340423
340425,VCS2023,2024,4502.0,340426
340428,VCS2026,2024,220846.0,340429
340435,VCS2033,2024,18205.0,340436
340438,VCS2036,2024,1742.0,340439
340442,VCS2040,2024,35855.0,340443
340444,VCS2042,2024,399135.0,340445
340445,VCS2043,2024,632.0,340446
340454,VCS2052,2024,296995.0,340455
340459,VCS2057,2024,54564.0,340460
340461,VCS2059,2024,67576.0,340462
340467,VCS2065,2024,12272.0,340468
340471,VCS2069,2024,340441.0,340472
340472,VCS2070,2024,434134.0,340473
340475,VCS2073,2024,2760.0,340476
340478,VCS2077,2024,172.0,340479
340479,VCS2079,2024,30459.0,340480
340481,VCS2082,2024,332862.0,340482
340482,VCS2083,2024,147505.0,340483
340485,VCS2087,2024,316244.0,340486
340490,VCS2092,2024,1213.0,340491
340491,VCS2093,2024,7948.0,340492
340493,VCS2095,2024,134146.0,340494
340496,VCS2098,2024,1453.0,340497
340506,VCS2242,2024,64304.0,340507
340507,VCS2243,2024,16545.0,340508
340508,VCS2244,2024,87761.0,340509
340509,VCS2245,2024,54223.0,340510
340514,VCS2250,2024,1244403.0,340515
340516,VCS2252,2024,107880.0,340517
340519,VCS2260,2024,6491.0,340520
340520,VCS2261,2024,68876.0,340521
340523,VCS2278,2024,366395.0,340524
340524,VCS2290,2024,607.0,340525
340526,VCS2292,2024,29002.0,340527
340527,VCS2293,2024,66208.0,340528
340529,VCS2296,2024,467.0,340530
340535,VCS2302,2024,3862.0,340536
340536,VCS2303,2024,785.0,340537
340540,VCS2307,2024,4673.0,340541
340542,VCS2309,2024,8886.0,340543
340543,VCS2310,2024,33541.0,340544
340544,VCS2311,2024,53.0,340545
340550,VCS2317,2024,3197.0,340551
340555,VCS2322,2024,8580.0,340556
340556,VCS2323,2024,119.0,340557
340558,VCS2326,2024,6021.0,340559
340559,VCS2327,2024,93670.0,340560
340563,VCS2333,2024,5909.0,340564
340565,VCS2335,2024,6714.0,340566
340566,VCS2336,2024,58191.0,340567
340567,VCS2337,2024,4034.0,340568
340568,VCS2338,2024,150.0,340569
340569,VCS2339,2024,117.0,340570
340570,VCS2340,2024,297033.0,340571
340571,VCS2341,2024,429108.0,340572
340572,VCS2342,2024,1232137.0,340573
340573,VCS2343,2024,55.0,340574
340574,VCS2345,2024,7749.0,340575
340578,VCS2349,2024,190396.0,340579
340580,VCS2351,2024,22058.0,340581
340586,VCS2357,2024,3129.0,340587
340587,VCS2358,2024,64299.0,340588
340590,VCS2361,2024,62672.0,340591
340591,VCS2362,2024,49160.0,340592
340593,VCS2365,2024,5032.0,340594
340594,VCS2366,2024,239898.0,340595
340595,VCS2367,2024,58907.0,340596
340597,VCS2370,2024,3017.0,340598
340598,VCS2371,2024,213271.0,340599
340599,VCS2372,2024,2147935.0,340600
340602,VCS2375,2024,79314.0,340603
340605,VCS2378,2024,156599.0,340606
340606,VCS2379,2024,356204.0,340607
340608,VCS2381,2024,2.0,340609
340611,VCS2384,2024,90201.0,340612
340613,VCS2386,2024,1939.0,340614
340614,VCS2387,2024,119370.0,340615
340618,VCS2391,2024,79989.0,340619
340623,VCS2396,2024,6007.0,340624
340624,VCS2397,2024,132000.0,340625
340625,VCS2398,2024,180000.0,340626
340626,VCS2399,2024,180000.0,340627
340627,VCS2400,2024,30052.0,340628
340628,VCS2401,2024,228813.0,340629
340629,VCS2402,2024,386450.0,340630
340631,VCS2404,2024,258096.0,340632
340632,VCS2405,2024,83074.0,340633
340636,VCS2409,2024,19669.0,340637
340637,VCS2410,2024,275124.0,340638
340639,VCS2412,2024,150.0,340640
340641,VCS2414,2024,8432.0,340642
340642,VCS2415,2024,1330.0,340643
340645,VCS2418,2024,55113.0,340646
340649,VCS2423,2024,2009.0,340650
340650,VCS2424,2024,20.0,340651
340651,VCS2425,2024,34211.0,340652
340652,VCS2426,2024,30040.0,340653
340653,VCS2427,2024,10371.0,340654
340656,VCS2430,2024,31662.0,340657
340662,VCS2436,2024,37595.0,340663
340663,VCS2437,2024,199.0,340664
340664,VCS2438,2024,31509.0,340665
340665,VCS2439,2024,10.0,340666
340666,VCS2440,2024,226.0,340667
340668,VCS2442,2024,14480.0,340669
340670,VCS2444,2024,5000.0,340671
340672,VCS2446,2024,5000.0,340673
340673,VCS2447,2024,36151.0,340674
340677,VCS2451,2024,177.0,340678
340678,VCS2452,2024,2190.0,340679
340679,VCS2455,2024,2026.0,340680
340681,VCS2458,2024,632078.0,340682
340686,VCS2464,2024,58468.0,340687
340687,VCS2465,2024,198555.0,340688
340691,VCS2469,2024,71965.0,340692
340694,VCS2473,2024,136504.0,340695
340697,VCS2476,2024,123534.0,340698
340698,VCS2477,2024,180000.0,340699
340699,VCS2478,2024,644581.0,340700
340700,VCS2479,2024,6.0,340701
340701,VCS2481,2024,22105.0,340702
340708,VCS2489,2024,10000.0,340709
340716,VCS2497,2024,204132.0,340717
340717,VCS2498,2024,1353.0,340718
340718,VCS2499,2024,177717.0,340719
340721,VCS2502,2024,813403.0,340722
340722,VCS2503,2024,63798.0,340723
340723,VCS2504,2024,48982.0,340724
340724,VCS2505,2024,2728384.0,340725
340725,VCS2506,2024,63129.0,340726
340726,VCS2507,2024,180000.0,340727
340727,VCS2508,2024,494031.0,340728
340731,VCS2512,2024,78879.0,340732
340734,VCS2516,2024,15862.0,340735
340739,VCS2521,2024,7.0,340740
340740,VCS2522,2024,29763.0,340741
340741,VCS2523,2024,41825.0,340742
340742,VCS2525,2024,124659.0,340743
340748,VCS2532,2024,186958.0,340749
340753,VCS2537,2024,500.0,340754
340755,VCS2539,2024,134613.0,340756
340756,VCS2540,2024,272285.0,340757
340759,VCS2548,2024,4938.0,340760
340761,VCS2551,2024,612055.0,340762
340762,VCS2552,2024,28403.0,340763
340765,VCS2555,2024,15208.0,340766
340766,VCS2556,2024,3801.0,340767
340767,VCS2557,2024,5650.0,340768
340768,VCS2558,2024,17888.0,340769
340771,VCS2565,2024,583.0,340772
340772,VCS2566,2024,120897.0,340773
340780,VCS2576,2024,68969.0,340781
340783,VCS2581,2024,74327.0,340784
340784,VCS2582,2024,12.0,340785
340789,VCS2588,2024,13412.0,340790
340799,VCS2599,2024,835.0,340800
340800,VCS2600,2024,175689.0,340801
340801,VCS2601,2024,89187.0,340802
340802,VCS2603,2024,1948.0,340803
340805,VCS2606,2024,12516.0,340806
340808,VCS2609,2024,865210.0,340809
340809,VCS2610,2024,1500.0,340810
340810,VCS2611,2024,30150.0,340811
340813,VCS2614,2024,92331.0,340814
340814,VCS2615,2024,1728.0,340815
340815,VCS2616,2024,19247.0,340816
340826,VCS2629,2024,27998.0,340827
340829,VCS2632,2024,240000.0,340830
340831,VCS2634,2024,240000.0,340832
340832,VCS2635,2024,44216.0,340833
340836,VCS2639,2024,32151.0,340837
340838,VCS2645,2024,4651.0,340839
340840,VCS2649,2024,1478.0,340841
340853,VCS2664,2024,115908.0,340854
340876,VCS2690,2024,1500.0,340877
340879,VCS2693,2024,152.0,340880
340882,VCS2696,2024,233.0,340883
340886,VCS2700,2024,30518.0,340887
340894,VCS2708,2024,70.0,340895
340897,VCS2711,2024,91262.0,340898
340898,VCS2712,2024,249645.0,340899
340907,VCS2723,2024,183272.0,340908
340912,VCS2728,2024,6208.0,340913
340920,VCS2736,2024,4970.0,340921
340921,VCS2737,2024,8396.0,340922
340922,VCS2738,2024,4694.0,340923
340923,VCS2739,2024,734.0,340924
340929,VCS2745,2024,7890.0,340930
340930,VCS2746,2024,12293.0,340931
340931,VCS2748,2024,277314.0,340932
340932,VCS2749,2024,480399.0,340933
340934,VCS2751,2024,1583.0,340935
340937,VCS2754,2024,35820.0,340938
340945,VCS2762,2024,6357.0,340946
341007,VCS2828,2024,578203.0,341008
341009,VCS2830,2024,78775.0,341010
341011,VCS2833,2024,1350.0,341012
341024,VCS2846,2024,169381.0,341025
341030,VCS2852,2024,4981.0,341031
341042,VCS2864,2024,174.0,341043
341056,VCS2878,2024,1668930.0,341057
341057,VCS2879,2024,15691.0,341058
341064,VCS2886,2024,12356.0,341065
341066,VCS2888,2024,316.0,341067
341068,VCS2890,2024,100505.0,341069
341074,VCS2897,2024,66798.0,341075
341084,VCS2910,2024,60000.0,341085
341085,VCS2911,2024,60000.0,341086
341086,VCS2912,2024,60000.0,341087
341091,VCS2917,2024,59870.0,341092
341095,VCS2922,2024,635.0,341096
341096,VCS2923,2024,6500.0,341097
341102,VCS2930,2024,68738.0,341103
341110,VCS2938,2024,64837.0,341111
341111,VCS2939,2024,6910.0,341112
341116,VCS2944,2024,832188.0,341117
341123,VCS2951,2024,31351.0,341124
341133,VCS2965,2024,4231.0,341134
341146,VCS2981,2024,37441.0,341147
341147,VCS2982,2024,1027.0,341148
341153,VCS2989,2024,40880.0,341154
341160,VCS2998,2024,24455.0,341161
341164,VCS3002,2024,151373.0,341165
341167,VCS3005,2024,23822.0,341168
341172,VCS3010,2024,127651.0,341173
341180,VCS3018,2024,98385.0,341181
341182,VCS3020,2024,11615.0,341183
341186,VCS3025,2024,10000.0,341187
341202,VCS3046,2024,10000.0,341203
341211,VCS3056,2024,54000.0,341212
341248,VCS3094,2024,2818.0,341249
341284,VCS3132,2024,2114.0,341285
341287,VCS3135,2024,82.0,341288
341304,VCS3154,2024,39723.0,341305
341308,VCS3158,2024,5838.0,341309
341310,VCS3160,2024,17373.0,341311
341311,VCS3161,2024,18216.0,341312
341355,VCS3207,2024,22870.0,341356
341392,VCS3245,2024,46644.0,341393
341424,VCS3279,2024,4799.0,341425
341451,VCS3308,2024,2776.0,341452
341489,VCS3348,2024,4845.0,341490
341490,VCS3350,2024,22865.0,341491
341529,VCS3393,2024,3500.0,341530
341583,VCS3448,2024,10392.0,341584
341715,VCS3603,2024,49000.0,341716
341726,VCS3616,2024,8347.0,341727
341768,VCS3662,2024,9178.0,341769
341792,VCS3688,2024,84886.0,341793
341793,VCS3689,2024,1260.0,341794
341803,VCS3699,2024,1190.0,341804
341923,VCS3839,2024,206.0,341924
341953,VCS3872,2024,8966.0,341954
341976,VCS3898,2024,1343.0,341977
341998,VCS3922,2024,1939.0,341999
342012,VCS3937,2024,72.0,342013
342015,VCS3940,2024,505.0,342016
342083,VCS4018,2024,5534.0,342084
342127,VCS4070,2024,3125.0,342128
342200,VCS4150,2024,163593.0,342201
342206,VCS4157,2024,12958.0,342207
342242,VCS4196,2024,2.0,342243
342261,VCS4223,2024,29966.0,342262
342276,VCS4238,2024,100.0,342277
342287,VCS4250,2024,312.0,342288
342303,VCS4268,2024,64551.0,342304
342412,VCS4383,2024,391.0,342413
342439,VCS4412,2024,51.0,342440
342449,VCS4423,2024,212030.0,342450
342474,VCS4457,2024,1.0,342475
342889,VCS4971,2024,938.0,342890
342890,VCS4972,2024,3686.0,342891
342891,VCS4973,2024,2604.0,342892
343832,ACR0112,2025,30929.0,343833
343834,ACR0114,2025,343984.0,343835
343836,ACR0117,2025,10285.0,343837
343840,ACR0121,2025,242.0,343841
343841,ACR0122,2025,37487.0,343842
343845,ACR0126,2025,72.0,343846
343847,ACR0128,2025,4948.0,343848
343855,ACR0136,2025,638.0,343856
343864,ACR0145,2025,16.0,343865
343876,ACR0157,2025,957.0,343877
343880,ACR0161,2025,7241.0,343881
343883,ACR0164,2025,3620.0,343884
343905,ACR0191,2025,8095.0,343906
343911,ACR0199,2025,23418.0,343912
343923,ACR0212,2025,117442.0,343924
343927,ACR0222,2025,858.0,343928
343929,ACR0224,2025,10319.0,343930
343952,ACR0248,2025,50.0,343953
343955,ACR0251,2025,347614.0,343956
343959,ACR0255,2025,87409.0,343960
343972,ACR0268,2025,452118.0,343973
343980,ACR0276,2025,13909.0,343981
343984,ACR0280,2025,81653.0,343985
343986,ACR0282,2025,85423.0,343987
344031,ACR0355,2025,6083.0,344032
344043,ACR0368,2025,29873.0,344044
344051,ACR0376,2025,6959.0,344052
344056,ACR0382,2025,17868.0,344057
344059,ACR0386,2025,4820.0,344060
344062,ACR0389,2025,2809.0,344063
344066,ACR0394,2025,14628.0,344067
344067,ACR0395,2025,618.0,344068
344069,ACR0398,2025,2712.0,344070
344073,ACR0403,2025,17825.0,344074
344082,ACR0416,2025,195411.0,344083
344087,ACR0422,2025,421.0,344088
344089,ACR0424,2025,27398.0,344090
344101,ACR0437,2025,454047.0,344102
344105,ACR0441,2025,21718.0,344106
344116,ACR0454,2025,19411.0,344117
344117,ACR0455,2025,11165.0,344118
344121,ACR0459,2025,25015.0,344122
344141,ACR0481,2025,100.0,344142
344155,ACR0499,2025,22681.0,344156
344160,ACR0505,2025,11000.0,344161
344161,ACR0506,2025,19418.0,344162
344163,ACR0508,2025,755.0,344164
344167,ACR0515,2025,816.0,344168
344170,ACR0518,2025,2297.0,344171
344171,ACR0519,2025,57401.0,344172
344177,ACR0527,2025,825.0,344178
344184,ACR0534,2025,77977.0,344185
344201,ACR0552,2025,6505.0,344202
344205,ACR0556,2025,14411.0,344206
344210,ACR0562,2025,26372.0,344211
344212,ACR0566,2025,29503.0,344213
344213,ACR0568,2025,32133.0,344214
344214,ACR0569,2025,2257.0,344215
344216,ACR0571,2025,80205.0,344217
344218,ACR0573,2025,2402.0,344219
344219,ACR0574,2025,20000.0,344220
344220,ACR0576,2025,6083.0,344221
344227,ACR0583,2025,843.0,344228
344229,ACR0585,2025,697.0,344230
344230,ACR0586,2025,12698.0,344231
344231,ACR0587,2025,127174.0,344232
344232,ACR0588,2025,68412.0,344233
344234,ACR0590,2025,6028.0,344235
344235,ACR0591,2025,1986.0,344236
344236,ACR0592,2025,49997.0,344237
344239,ACR0595,2025,2616.0,344240
344240,ACR0596,2025,63434.0,344241
344242,ACR0598,2025,1569.0,344243
344248,ACR0604,2025,9907.0,344249
344249,ACR0606,2025,34118.0,344250
344258,ACR0616,2025,34577.0,344259
344259,ACR0617,2025,35115.0,344260
344260,ACR0618,2025,5414.0,344261
344263,ACR0621,2025,2247.0,344264
344264,ACR0622,2025,173164.0,344265
344269,ACR0628,2025,59429.0,344270
344270,ACR0629,2025,33261.0,344271
344273,ACR0632,2025,22613.0,344274
344275,ACR0634,2025,180699.0,344276
344277,ACR0637,2025,40297.0,344278
344278,ACR0638,2025,73721.0,344279
344279,ACR0639,2025,1789.0,344280
344283,ACR0643,2025,55022.0,344284
344286,ACR0646,2025,10069.0,344287
344287,ACR0647,2025,19036.0,344288
344288,ACR0648,2025,107131.0,344289
344292,ACR0652,2025,78160.0,344293
344295,ACR0656,2025,170048.0,344296
344297,ACR0658,2025,9510.0,344298
344298,ACR0659,2025,15825.0,344299
344299,ACR0660,2025,13983.0,344300
344302,ACR0663,2025,19187.0,344303
344306,ACR0668,2025,1674.0,344307
344308,ACR0670,2025,177.0,344309
344314,ACR0676,2025,13222.0,344315
344316,ACR0678,2025,17309.0,344317
344317,ACR0679,2025,1769.0,344318
344318,ACR0680,2025,123888.0,344319
344319,ACR0681,2025,58336.0,344320
344321,ACR0683,2025,16766.0,344322
344323,ACR0685,2025,23000.0,344324
344325,ACR0687,2025,11166.0,344326
344326,ACR0690,2025,1648.0,344327
344333,ACR0699,2025,39365.0,344334
344334,ACR0701,2025,185.0,344335
344336,ACR0704,2025,47.0,344337
344337,ACR0705,2025,39745.0,344338
344338,ACR0706,2025,20300.0,344339
344343,ACR0716,2025,103054.0,344344
344344,ACR0718,2025,897.0,344345
344345,ACR0720,2025,194.0,344346
344346,ACR0721,2025,54245.0,344347
344347,ACR0722,2025,28666.0,344348
344353,ACR0733,2025,110444.0,344354
344354,ACR0734,2025,23169.0,344355
344355,ACR0735,2025,700.0,344356
344356,ACR0736,2025,2215.0,344357
344357,ACR0737,2025,16507.0,344358
344361,ACR0741,2025,164.0,344362
344367,ACR0747,2025,12560.0,344368
344368,ACR0751,2025,323454.0,344369
344371,ACR0754,2025,8585.0,344372
344376,ACR0760,2025,71649.0,344377
344379,ACR0764,2025,46490.0,344380
344381,ACR0766,2025,6002.0,344382
344382,ACR0767,2025,85000.0,344383
344383,ACR0768,2025,500.0,344384
344385,ACR0772,2025,58485.0,344386
344386,ACR0773,2025,96326.0,344387
344387,ACR0774,2025,42620.0,344388
344388,ACR0775,2025,900.0,344389
344389,ACR0776,2025,19363.0,344390
344393,ACR0781,2025,137.0,344394
344394,ACR0782,2025,119404.0,344395
344395,ACR0783,2025,20242.0,344396
344396,ACR0785,2025,21596.0,344397
344398,ACR0790,2025,48088.0,344399
344401,ACR0793,2025,5961.0,344402
344406,ACR0799,2025,22.0,344407
344419,ACR0812,2025,715.0,344420
344421,ACR0814,2025,5800.0,344422
344422,ACR0815,2025,7077.0,344423
344425,ACR0818,2025,178774.0,344426
344426,ACR0819,2025,28869.0,344427
344428,ACR0821,2025,74334.0,344429
344430,ACR0823,2025,14989.0,344431
344431,ACR0824,2025,52541.0,344432
344433,ACR0827,2025,86292.0,344434
344435,ACR0829,2025,27058.0,344436
344436,ACR0830,2025,2000.0,344437
344438,ACR0832,2025,30000.0,344439
344439,ACR0833,2025,107500.0,344440
344442,ACR0836,2025,25000.0,344443
344445,ACR0840,2025,5000.0,344446
344452,ACR0847,2025,81979.0,344453
344453,ACR0848,2025,20392.0,344454
344456,ACR0851,2025,91001.0,344457
344457,ACR0852,2025,86912.0,344458
344468,ACR0865,2025,85408.0,344469
344472,ACR0869,2025,679102.0,344473
344474,ACR0873,2025,14634.0,344475
344476,ACR0875,2025,60.0,344477
344477,ACR0876,2025,16296.0,344478
344479,ACR0878,2025,15260.0,344480
344480,ACR0879,2025,3024.0,344481
344483,ACR0882,2025,71000.0,344484
344486,ACR0885,2025,48528.0,344487
344487,ACR0886,2025,164460.0,344488
344488,ACR0887,2025,154417.0,344489
344489,ACR0888,2025,191917.0,344490
344490,ACR0889,2025,10537.0,344491
344491,ACR0890,2025,6109.0,344492
344494,ACR0893,2025,36227.0,344495
344495,ACR0894,2025,234635.0,344496
344497,ACR0896,2025,19495.0,344498
344500,ACR0900,2025,9999.0,344501
344503,ACR0903,2025,53216.0,344504
344504,ACR0904,2025,73310.0,344505
344505,ACR0905,2025,218110.0,344506
344514,ACR0915,2025,457159.0,344515
344520,ACR0922,2025,102.0,344521
344521,ACR0923,2025,12814.0,344522
344522,ACR0924,2025,169782.0,344523
344527,ACR0929,2025,2531.0,344528
344528,ACR0930,2025,17144.0,344529
344529,ACR0931,2025,118530.0,344530
344532,ACR0935,2025,61510.0,344533
344533,ACR0936,2025,321.0,344534
344534,ACR0937,2025,14830.0,344535
344538,ACR0941,2025,436.0,344539
344550,ACR0959,2025,8852.0,344551
344554,ACR0965,2025,2012.0,344555
344555,ACR0966,2025,27650.0,344556
344559,ACR0973,2025,926398.0,344560
344560,ACR0974,2025,28000.0,344561
344561,ACR0975,2025,6233.0,344562
344562,ACR0976,2025,24191.0,344563
344563,ACR0977,2025,24433.0,344564
344565,ACR0979,2025,7148.0,344566
344573,ACR0992,2025,22312.0,344574
344586,ACR1005,2025,30694.0,344587
344595,ACR1014,2025,66018.0,344596
344600,ACR1021,2025,235900.0,344601
344613,ACR1034,2025,12452.0,344614
344615,ACR1036,2025,28608.0,344616
344617,ACR1039,2025,19752.0,344618
344621,ACR1043,2025,95208.0,344622
344622,ACR1045,2025,23568.0,344623
344630,ACR1054,2025,86484.0,344631
344635,ACR1060,2025,112927.0,344636
344638,ACR1064,2025,1148.0,344639
344640,ACR1066,2025,60300.0,344641
344653,ACR1088,2025,27500.0,344654
344656,ACR1092,2025,5677.0,344657
344664,ACR1102,2025,35000.0,344665
344668,ACR1107,2025,9438.0,344669
344669,ACR1108,2025,21147.0,344670
344674,ACR1114,2025,600.0,344675
344676,ACR1116,2025,7122.0,344677
344677,ACR1117,2025,31790.0,344678
344683,ACR1124,2025,4365.0,344684
344687,ACR1129,2025,4750.0,344688
344706,ACR1148,2025,23337.0,344707
344728,ACR1172,2025,1663.0,344729
344750,ACR1194,2025,12087.0,344751
344823,ART0102,2025,101100.0,344824
344857,CAR398,2025,76694.0,344858
344859,CAR400,2025,233689.0,344860
344863,CAR408,2025,1.0,344864
344867,CAR416,2025,3509.0,344868
344870,CAR422,2025,707.0,344871
344874,CAR429,2025,16301.0,344875
344884,CAR443,2025,136619.0,344885
344885,CAR444,2025,91440.0,344886
344886,CAR445,2025,97.0,344887
344897,CAR462,2025,52438.0,344898
344901,CAR466,2025,6458.0,344902
344903,CAR468,2025,412.0,344904
344906,CAR473,2025,35719.0,344907
344908,CAR475,2025,69246.0,344909
344909,CAR476,2025,88032.0,344910
344916,CAR483,2025,25.0,344917
344921,CAR489,2025,10559.0,344922
344924,CAR495,2025,75275.0,344925
344927,CAR498,2025,19779.0,344928
344928,CAR501,2025,22190.0,344929
344929,CAR502,2025,33646.0,344930
344935,CAR509,2025,15587.0,344936
344936,CAR512,2025,51430.0,344937
344938,CAR514,2025,6816.0,344939
344939,CAR515,2025,90.0,344940
344940,CAR516,2025,4744.0,344941
344941,CAR517,2025,10.0,344942
344942,CAR521,2025,12204.0,344943
344944,CAR531,2025,59344.0,344945
344947,CAR535,2025,21502.0,344948
344953,CAR558,2025,3660.0,344954
344954,CAR560,2025,22032.0,344955
344955,CAR566,2025,2270.0,344956
344957,CAR575,2025,1432.0,344958
344966,CAR592,2025,60641.0,344967
344978,CAR620,2025,720.0,344979
344979,CAR621,2025,104362.0,344980
344980,CAR627,2025,4727.0,344981
344986,CAR639,2025,879698.0,344987
344987,CAR644,2025,362.0,344988
344998,CAR674,2025,5168.0,344999
345001,CAR683,2025,6052.0,345002
345005,CAR694,2025,496.0,345006
345014,CAR768,2025,22903.0,345015
345017,CAR773,2025,377.0,345018
345025,CAR785,2025,8686.0,345026
345027,CAR790,2025,83950.0,345028
345034,CAR802,2025,783.0,345035
345048,CAR825,2025,28376.0,345049
345050,CAR829,2025,11242.0,345051
345057,CAR838,2025,119222.0,345058
345058,CAR839,2025,2738.0,345059
345062,CAR866,2025,1555.0,345063
345065,CAR880,2025,18.0,345066
345069,CAR886,2025,20862.0,345070
345078,CAR911,2025,13859.0,345079
345083,CAR935,2025,1010.0,345084
345094,CAR957,2025,9745.0,345095
345108,CAR988,2025,16791.0,345109
345115,CAR996,2025,32747.0,345116
345125,CAR1008,2025,75994.0,345126
345132,CAR1015,2025,25000.0,345133
345135,CAR1019,2025,1349.0,345136
345190,CAR1092,2025,52124.0,345191
345194,CAR1096,2025,15388.0,345195
345204,CAR1106,2025,825.0,345205
345211,CAR1114,2025,356040.0,345212
345236,CAR1140,2025,20700.0,345237
345237,CAR1141,2025,161.0,345238
345241,CAR1145,2025,13075.0,345242
345245,CAR1152,2025,31699.0,345246
345267,CAR1175,2025,8824.0,345268
345283,CAR1191,2025,10000.0,345284
345316,CAR1237,2025,740.0,345317
345317,CAR1238,2025,235.0,345318
345336,CAR1259,2025,2294.0,345337
345337,CAR1260,2025,207.0,345338
345338,CAR1261,2025,13484.0,345339
345350,CAR1275,2025,6247.0,345351
345359,CAR1284,2025,2.0,345360
345360,CAR1285,2025,3579.0,345361
345367,CAR1292,2025,23000.0,345368
345368,CAR1293,2025,11209.0,345369
345389,CAR1316,2025,1.0,345390
345399,CAR1328,2025,51.0,345400
345406,CAR1335,2025,5000.0,345407
345413,CAR1344,2025,12500.0,345414
345414,CAR1345,2025,5.0,345415
345415,CAR1347,2025,500.0,345416
345424,CAR1357,2025,45.0,345425
345436,CAR1372,2025,3568.0,345437
345457,CAR1398,2025,52.0,345458
345476,CAR1429,2025,4164.0,345477
345478,CAR1433,2025,56.0,345479
345501,CAR1459,2025,142259.0,345502
345506,CAR1464,2025,31297.0,345507
345514,CAR1480,2025,3640152.0,345515
345526,CAR1494,2025,11309.0,345527
345527,CAR1495,2025,13000.0,345528
345529,CAR1497,2025,39939.0,345530
345531,CAR1499,2025,2001.0,345532
345535,CAR1507,2025,4500.0,345536
345537,CAR1509,2025,199.0,345538
345540,CAR1513,2025,50839.0,345541
345541,CAR1514,2025,16651.0,345542
345543,CAR1517,2025,935.0,345544
345561,CAR1542,2025,15139.0,345562
345563,CAR1544,2025,12970.0,345564
345582,CAR1566,2025,55802.0,345583
345583,CAR1567,2025,13891.0,345584
345584,CAR1568,2025,314200.0,345585
345585,CAR1569,2025,10.0,345586
345590,CAR1574,2025,26472.0,345591
345596,CAR1582,2025,12975.0,345597
345597,CAR1584,2025,205897.0,345598
345599,CAR1586,2025,16369.0,345600
345605,CAR1593,2025,80.0,345606
345616,CAR1606,2025,31876.0,345617
345617,CAR1607,2025,31875.0,345618
345618,CAR1608,2025,35483.0,345619
345621,CAR1611,2025,8100.0,345622
345622,CAR1612,2025,14334.0,345623
345634,CAR1624,2025,256916.0,345635
345635,CAR1625,2025,4004.0,345636
345636,CAR1626,2025,1031.0,345637
345637,CAR1627,2025,1035.0,345638
345641,CAR1633,2025,718.0,345642
345651,CAR1648,2025,42412.0,345652
345659,CAR1657,2025,42661.0,345660
345660,CAR1658,2025,22567.0,345661
345661,CAR1659,2025,81232.0,345662
345662,CAR1660,2025,32625.0,345663
345665,CAR1663,2025,177295.0,345666
345671,CAR1674,2025,225951.0,345672
345685,CAR1696,2025,94817.0,345686
345687,CAR1710,2025,13479.0,345688
345703,CAR1728,2025,2124.0,345704
345704,CAR1729,2025,540.0,345705
345705,CAR1731,2025,4356.0,345706
345710,CAR1739,2025,107944.0,345711
345713,CAR1744,2025,1300.0,345714
345718,CAR1749,2025,3982.0,345719
345719,CAR1767,2025,3110.0,345720
345747,CAR1804,2025,2700.0,345748
345756,CAR1817,2025,803.0,345757
345759,CAR1820,2025,38325.0,345760
345767,CAR1829,2025,63721.0,345768
345776,CAR1847,2025,9703.0,345777
345778,CAR1850,2025,80250.0,345779
345779,CAR1851,2025,7500.0,345780
345787,CAR1859,2025,44082.0,345788
345791,CAR1863,2025,316495.0,345792
345792,CAR1864,2025,10256.0,345793
345793,CAR1865,2025,170847.0,345794
345824,CAR1922,2025,3000.0,345825
345840,CAR1941,2025,25790.0,345841
345843,CAR1944,2025,5223.0,345844
345845,CAR1946,2025,9213.0,345846
345846,CAR1948,2025,1556.0,345847
345849,CAR1951,2025,1900.0,345850
345850,CAR1952,2025,40.0,345851
345875,CAR1982,2025,945.0,345876
345876,CAR1983,2025,3954.0,345877
345877,CAR1984,2025,11568.0,345878
345878,CAR1985,2025,2980.0,345879
345879,CAR1986,2025,1582.0,345880
345884,CAR1998,2025,375.0,345885
345886,CAR2000,2025,375.0,345887
345887,CAR2001,2025,375.0,345888
345888,CAR2002,2025,375.0,345889
345920,CAR2040,2025,7.0,345921
345936,CAR2057,2025,1406.0,345937
346141,GS351,2025,10.0,346142
346142,GS352,2025,108871.0,346143
346145,GS367,2025,20460.0,346146
346147,GS369,2025,3329.0,346148
346152,GS390,2025,44364.0,346153
346155,GS397,2025,52896.0,346156
346156,GS398,2025,83081.0,346157
346160,GS407,2025,246713.0,346161
346161,GS410,2025,2300.0,346162
346164,GS413,2025,504.0,346165
346165,GS414,2025,316.0,346166
346169,GS423,2025,2592.0,346170
346171,GS436,2025,15373.0,346172
346174,GS439,2025,10690.0,346175
346177,GS445,2025,2750.0,346178
346178,GS447,2025,517953.0,346179
346179,GS449,2025,2882.0,346180
346186,GS464,2025,314887.0,346187
346189,GS472,2025,13441.0,346190
346190,GS474,2025,60292.0,346191
346196,GS500,2025,5008.0,346197
346198,GS504,2025,28370.0,346199
346213,GS565,2025,3491.0,346214
346214,GS566,2025,541.0,346215
346215,GS567,2025,107749.0,346216
346218,GS574,2025,69.0,346219
346222,GS578,2025,2767.0,346223
346227,GS601,2025,99142.0,346228
346228,GS605,2025,1272.0,346229
346230,GS608,2025,11288.0,346231
346233,GS612,2025,100.0,346234
346236,GS615,2025,6462.0,346237
346238,GS617,2025,184512.0,346239
346245,GS633,2025,37.0,346246
346246,GS634,2025,12711.0,346247
346251,GS642,2025,8623.0,346252
346256,GS653,2025,6421.0,346257
346263,GS670,2025,2137.0,346264
346265,GS672,2025,168525.0,346266
346266,GS675,2025,42850.0,346267
346268,GS683,2025,30609.0,346269
346269,GS685,2025,47490.0,346270
346276,GS702,2025,107389.0,346277
346277,GS707,2025,600716.0,346278
346281,GS715,2025,8107.0,346282
346287,GS730,2025,700.0,346288
346292,GS744,2025,154591.0,346293
346293,GS745,2025,26608.0,346294
346298,GS751,2025,48117.0,346299
346299,GS753,2025,109086.0,346300
346304,GS768,2025,1958.0,346305
346305,GS769,2025,302307.0,346306
346310,GS777,2025,21.0,346311
346311,GS778,2025,1816.0,346312
346314,GS784,2025,2643.0,346315
346326,GS813,2025,5635.0,346327
346327,GS814,2025,4542.0,346328
346328,GS816,2025,14769.0,346329
346329,GS817,2025,22976.0,346330
346331,GS824,2025,32.0,346332
346335,GS828,2025,51429.0,346336
346339,GS835,2025,26224.0,346340
346348,GS849,2025,3043.0,346349
346349,GS850,2025,222.0,346350
346351,GS854,2025,650.0,346352
346352,GS858,2025,319.0,346353
346368,GS879,2025,221440.0,346369
346372,GS886,2025,317.0,346373
346378,GS905,2025,143642.0,346379
346383,GS913,2025,19655.0,346384
346387,GS922,2025,427.0,346388
346394,GS931,2025,1318.0,346395
346395,GS935,2025,634.0,346396
346397,GS939,2025,9.0,346398
346400,GS949,2025,25593.0,346401
346401,GS950,2025,12736.0,346402
346404,GS955,2025,88397.0,346405
346409,GS966,2025,6792.0,346410
346412,GS971,2025,19858.0,346413
346432,GS1001,2025,37747.0,346433
346433,GS1003,2025,14415.0,346434
346436,GS1011,2025,9.0,346437
346438,GS1013,2025,8878.0,346439
346440,GS1015,2025,48113.0,346441
346441,GS1016,2025,199298.0,346442
346442,GS1017,2025,4747.0,346443
346443,GS1018,2025,481.0,346444
346444,GS1020,2025,83266.0,346445
346445,GS1021,2025,33077.0,346446
346457,GS1033,2025,115.0,346458
346458,GS1034,2025,30.0,346459
346465,GS1042,2025,17934.0,346466
346466,GS1044,2025,144613.0,346467
346470,GS1049,2025,34633.0,346471
346472,GS1054,2025,1866.0,346473
346476,GS1060,2025,44008.0,346477
346477,GS1061,2025,175941.0,346478
346481,GS1067,2025,38743.0,346482
346482,GS1068,2025,242208.0,346483
346484,GS1072,2025,4539.0,346485
346486,GS1074,2025,10522.0,346487
346489,GS1078,2025,3073.0,346490
346491,GS1083,2025,17908.0,346492
346495,GS1091,2025,1647.0,346496
346501,GS1097,2025,2000.0,346502
346502,GS1098,2025,1581.0,346503
346504,GS1101,2025,302.0,346505
346506,GS1103,2025,3566.0,346507
346507,GS1104,2025,4034.0,346508
346511,GS1109,2025,187138.0,346512
346515,GS1117,2025,11385.0,346516
346520,GS1128,2025,49930.0,346521
346521,GS1134,2025,43024.0,346522
346522,GS1138,2025,35062.0,346523
346528,GS1146,2025,249.0,346529
346529,GS1147,2025,1947.0,346530
346539,GS1173,2025,429.0,346540
346540,GS1174,2025,17474.0,346541
346542,GS1178,2025,11798.0,346543
346549,GS1190,2025,10852.0,346550
346550,GS1191,2025,11252.0,346551
346567,GS1221,2025,138.0,346568
346569,GS1223,2025,1753.0,346570
346574,GS1229,2025,1392.0,346575
346580,GS1237,2025,19668.0,346581
346587,GS1244,2025,26832.0,346588
346593,GS1253,2025,18611.0,346594
346596,GS1267,2025,334.0,346597
346599,GS1286,2025,1159.0,346600
346600,GS1288,2025,646.0,346601
346605,GS1295,2025,236.0,346606
346606,GS1296,2025,118.0,346607
346611,GS1303,2025,6189.0,346612
346613,GS1306,2025,82.0,346614
346627,GS1321,2025,89183.0,346628
346628,GS1322,2025,14944.0,346629
346634,GS1330,2025,14195.0,346635
346646,GS1347,2025,127132.0,346647
346647,GS1348,2025,19407.0,346648
346648,GS1350,2025,84988.0,346649
346650,GS1352,2025,3443.0,346651
346654,GS1359,2025,165.0,346655
346656,GS1363,2025,6474.0,346657
346657,GS1364,2025,74165.0,346658
346658,GS1365,2025,577.0,346659
346660,GS1367,2025,1597.0,346661
346661,GS1368,2025,11284.0,346662
346669,GS1378,2025,50000.0,346670
346671,GS1382,2025,14196.0,346672
346672,GS1383,2025,543.0,346673
346677,GS1588,2025,100000.0,346678
346682,GS1693,2025,12550.0,346683
346683,GS1694,2025,10580.0,346684
346684,GS1695,2025,10580.0,346685
346685,GS1696,2025,8158.0,346686
346686,GS1697,2025,688.0,346687
346687,GS1698,2025,7316.0,346688
346688,GS1699,2025,6895.0,346689
346689,GS1700,2025,7045.0,346690
346690,GS1701,2025,5694.0,346691
346693,GS1704,2025,320.0,346694
346729,GS1740,2025,1634.0,346730
346730,GS1741,2025,1350.0,346731
346738,GS1890,2025,30305.0,346739
346745,GS2094,2025,234304.0,346746
346746,GS2095,2025,75101.0,346747
346751,GS2290,2025,11886.0,346752
346753,GS2293,2025,30561.0,346754
346756,GS2296,2025,821258.0,346757
346757,GS2297,2025,200000.0,346758
346763,GS2395,2025,13.0,346764
346765,GS2397,2025,39247.0,346766
346787,GS2429,2025,13729.0,346788
346791,GS2435,2025,451.0,346792
346792,GS2437,2025,2089.0,346793
346796,GS2441,2025,4473.0,346797
346798,GS2444,2025,30889.0,346799
346799,GS2445,2025,36189.0,346800
346800,GS2446,2025,42867.0,346801
346801,GS2447,2025,57169.0,346802
346805,GS2456,2025,1314.0,346806
346806,GS2457,2025,9938.0,346807
346808,GS2460,2025,21523.0,346809
346812,GS2468,2025,58463.0,346813
346815,GS2475,2025,3770.0,346816
346819,GS2479,2025,1422.0,346820
346820,GS2480,2025,2717.0,346821
346821,GS2481,2025,1865.0,346822
346823,GS2483,2025,1544.0,346824
346827,GS2487,2025,2009.0,346828
346828,GS2488,2025,128.0,346829
346832,GS2497,2025,1435.0,346833
346834,GS2499,2025,531.0,346835
346835,GS2500,2025,28030.0,346836
346836,GS2501,2025,1557.0,346837
346837,GS2502,2025,4062.0,346838
346838,GS2503,2025,1133.0,346839
346849,GS2519,2025,1357.0,346850
346850,GS2520,2025,1044.0,346851
346852,GS2525,2025,105825.0,346853
346854,GS2528,2025,3508.0,346855
346856,GS2534,2025,227.0,346857
346857,GS2535,2025,2589.0,346858
346861,GS2540,2025,6448.0,346862
346863,GS2542,2025,6512.0,346864
346864,GS2543,2025,3982.0,346865
346865,GS2544,2025,148685.0,346866
346866,GS2545,2025,15000.0,346867
346867,GS2546,2025,115548.0,346868
346873,GS2564,2025,1968.0,346874
346876,GS2567,2025,4712.0,346877
346877,GS2568,2025,789.0,346878
346895,GS2587,2025,2429.0,346896
346896,GS2588,2025,455.0,346897
346899,GS2596,2025,11638.0,346900
346905,GS2644,2025,1370.0,346906
346912,GS2664,2025,3373.0,346913
346913,GS2665,2025,15201.0,346914
346919,GS2679,2025,263.0,346920
346920,GS2680,2025,217.0,346921
346921,GS2681,2025,39.0,346922
346922,GS2682,2025,45584.0,346923
346923,GS2683,2025,330.0,346924
346924,GS2684,2025,57172.0,346925
346925,GS2685,2025,30017.0,346926
346931,GS2691,2025,43.0,346932
346935,GS2707,2025,20967.0,346936
346948,GS2750,2025,10295.0,346949
346950,GS2758,2025,240809.0,346951
346951,GS2763,2025,80809.0,346952
346958,GS2891,2025,5204.0,346959
346959,GS2892,2025,486.0,346960
346960,GS2893,2025,459.0,346961
346961,GS2894,2025,688.0,346962
346964,GS2898,2025,161652.0,346965
346967,GS2913,2025,1152.0,346968
346968,GS2940,2025,225624.0,346969
346970,GS2990,2025,3240.0,346971
346971,GS3007,2025,575.0,346972
346975,GS3015,2025,75321.0,346976
346979,GS3024,2025,2.0,346980
346985,GS3031,2025,1515.0,346986
346986,GS3039,2025,7944.0,346987
346987,GS3041,2025,45231.0,346988
346989,GS3072,2025,26624.0,346990
346990,GS3077,2025,13814.0,346991
346995,GS3105,2025,14486.0,346996
346996,GS3106,2025,18249.0,346997
346997,GS3107,2025,26171.0,346998
346998,GS3108,2025,20290.0,346999
346999,GS3109,2025,94262.0,347000
347002,GS3113,2025,90170.0,347003
347003,GS3114,2025,67503.0,347004
347005,GS3116,2025,65076.0,347006
347010,GS3253,2025,87315.0,347011
347033,GS3364,2025,32.0,347034
347034,GS3365,2025,20.0,347035
347036,GS3367,2025,2415.0,347037
347044,GS3379,2025,25398.0,347045
347047,GS3404,2025,14746.0,347048
347048,GS3405,2025,14416.0,347049
347049,GS3407,2025,16105.0,347050
347050,GS3409,2025,1115.0,347051
347052,GS3411,2025,116.0,347053
347054,GS3421,2025,278.0,347055
347061,GS3432,2025,2964.0,347062
347062,GS3433,2025,1224.0,347063
347063,GS3434,2025,309316.0,347064
347064,GS3443,2025,1655.0,347065
347065,GS3444,2025,1801.0,347066
347066,GS3445,2025,3179.0,347067
347067,GS3446,2025,1188.0,347068
347068,GS3447,2025,1205.0,347069
347069,GS3448,2025,949.0,347070
347070,GS3449,2025,1085.0,347071
347071,GS3450,2025,1283.0,347072
347073,GS3482,2025,8993.0,347074
347079,GS3493,2025,173701.0,347080
347083,GS3511,2025,10083.0,347084
347084,GS3512,2025,69206.0,347085
347086,GS3514,2025,152135.0,347087
347088,GS3516,2025,1276.0,347089
347089,GS3517,2025,3844.0,347090
347090,GS3518,2025,1965.0,347091
347091,GS3519,2025,2080.0,347092
347092,GS3520,2025,5155.0,347093
347093,GS3521,2025,2119.0,347094
347094,GS3522,2025,2177.0,347095
347095,GS3523,2025,2103.0,347096
347096,GS3524,2025,2094.0,347097
347099,GS3544,2025,514.0,347100
347100,GS3547,2025,302.0,347101
347101,GS3551,2025,13867.0,347102
347105,GS3560,2025,11804.0,347106
347106,GS3561,2025,15542.0,347107
347108,GS3564,2025,621.0,347109
347110,GS3566,2025,64282.0,347111
347111,GS3567,2025,161643.0,347112
347124,GS3599,2025,288.0,347125
347125,GS3600,2025,8498.0,347126
347126,GS3601,2025,8529.0,347127
347130,GS3618,2025,3927.0,347131
347131,GS3619,2025,9369.0,347132
347132,GS3620,2025,5955.0,347133
347133,GS3626,2025,5071.0,347134
347140,GS3705,2025,113834.0,347141
347142,GS3852,2025,31715.0,347143
347143,GS3901,2025,269.0,347144
347146,GS3906,2025,27618.0,347147
347151,GS3945,2025,718.0,347152
347152,GS3946,2025,328.0,347153
347159,GS3958,2025,21988.0,347160
347162,GS3965,2025,1981.0,347163
347163,GS3966,2025,9.0,347164
347164,GS3969,2025,2182.0,347165
347165,GS3971,2025,9106.0,347166
347168,GS3976,2025,483903.0,347169
347169,GS3992,2025,30942.0,347170
347171,GS4014,2025,5023.0,347172
347173,GS4036,2025,712.0,347174
347179,GS4195,2025,8925.0,347180
347181,GS4202,2025,2847.0,347182
347182,GS4203,2025,2835.0,347183
347183,GS4205,2025,6949.0,347184
347186,GS4210,2025,1000.0,347187
347188,GS4220,2025,6192.0,347189
347189,GS4221,2025,292568.0,347190
347190,GS4233,2025,126401.0,347191
347191,GS4236,2025,11946.0,347192
347192,GS4238,2025,11708.0,347193
347194,GS4240,2025,4005.0,347195
347197,GS4259,2025,37682.0,347198
347198,GS4260,2025,188.0,347199
347199,GS4261,2025,26794.0,347200
347200,GS4264,2025,74024.0,347201
347201,GS4265,2025,47060.0,347202
347203,GS4269,2025,37028.0,347204
347207,GS4273,2025,32027.0,347208
347208,GS4288,2025,9446.0,347209
347210,GS4290,2025,72638.0,347211
347211,GS4291,2025,2147.0,347212
347212,GS4296,2025,7803.0,347213
347213,GS4300,2025,8735.0,347214
347214,GS4364,2025,7265.0,347215
347217,GS4372,2025,3515.0,347218
347218,GS4373,2025,4455.0,347219
347219,GS4374,2025,2066.0,347220
347220,GS4375,2025,1819.0,347221
347221,GS4376,2025,363.0,347222
347222,GS4377,2025,911.0,347223
347223,GS4378,2025,365.0,347224
347224,GS4379,2025,278.0,347225
347225,GS4380,2025,785.0,347226
347226,GS4381,2025,623.0,347227
347227,GS4382,2025,951.0,347228
347228,GS4383,2025,875.0,347229
347229,GS4384,2025,687.0,347230
347230,GS4385,2025,736.0,347231
347231,GS4386,2025,1860.0,347232
347232,GS4387,2025,1313.0,347233
347233,GS4388,2025,2318.0,347234
347234,GS4389,2025,117.0,347235
347235,GS4390,2025,5.0,347236
347236,GS4391,2025,320.0,347237
347237,GS4392,2025,151.0,347238
347238,GS4393,2025,580.0,347239
347239,GS4394,2025,5985.0,347240
347240,GS4395,2025,361.0,347241
347241,GS4396,2025,352.0,347242
347242,GS4397,2025,9465.0,347243
347243,GS4398,2025,2102.0,347244
347244,GS4399,2025,42.0,347245
347245,GS4400,2025,4613.0,347246
347246,GS4401,2025,1415.0,347247
347247,GS4422,2025,2056.0,347248
347248,GS4423,2025,13.0,347249
347250,GS4425,2025,1751.0,347251
347251,GS4426,2025,31989.0,347252
347255,GS4442,2025,9212.0,347256
347257,GS4446,2025,4198.0,347258
347260,GS4518,2025,2.0,347261
347261,GS4519,2025,73.0,347262
347263,GS4531,2025,48268.0,347264
347265,GS4533,2025,12002.0,347266
347268,GS4536,2025,540.0,347269
347270,GS4539,2025,30102.0,347271
347273,GS4553,2025,35.0,347274
347274,GS4557,2025,3154.0,347275
347283,GS4603,2025,3633.0,347284
347284,GS4611,2025,53.0,347285
347287,GS4614,2025,50.0,347288
347288,GS4615,2025,3585.0,347289
347290,GS4634,2025,810.0,347291
347296,GS4707,2025,15578.0,347297
347299,GS4797,2025,1596.0,347300
347301,GS4799,2025,11570.0,347302
347302,GS4813,2025,31195.0,347303
347306,GS4822,2025,13259.0,347307
347308,GS4824,2025,76.0,347309
347317,GS4901,2025,88.0,347318
347319,GS4906,2025,4427.0,347320
347320,GS4922,2025,27908.0,347321
347321,GS4962,2025,1665.0,347322
347326,GS5003,2025,70516.0,347327
347327,GS5007,2025,4233.0,347328
347328,GS5009,2025,2.0,347329
347336,GS5033,2025,1010.0,347337
347341,GS5038,2025,5212.0,347342
347342,GS5039,2025,3253.0,347343
347343,GS5040,2025,151.0,347344
347344,GS5041,2025,218.0,347345
347345,GS5042,2025,4000.0,347346
347347,GS5046,2025,3678.0,347348
347353,GS5073,2025,2407.0,347354
347355,GS5099,2025,26839.0,347356
347356,GS5106,2025,5142.0,347357
347357,GS5107,2025,23164.0,347358
347360,GS5125,2025,125874.0,347361
347361,GS5186,2025,608.0,347362
347362,GS5187,2025,840.0,347363
347364,GS5189,2025,595.0,347365
347365,GS5190,2025,940.0,347366
347366,GS5191,2025,3162.0,347367
347367,GS5192,2025,2941.0,347368
347368,GS5193,2025,6354.0,347369
347369,GS5194,2025,326.0,347370
347371,GS5196,2025,1168.0,347372
347372,GS5197,2025,571.0,347373
347373,GS5199,2025,7556.0,347374
347376,GS5228,2025,8075.0,347377
347377,GS5229,2025,135109.0,347378
347378,GS5230,2025,3951.0,347379
347379,GS5244,2025,3080.0,347380
347380,GS5245,2025,6051.0,347381
347381,GS5256,2025,460.0,347382
347384,GS5303,2025,3800.0,347385
347391,GS5314,2025,60059.0,347392
347394,GS5317,2025,61678.0,347395
347398,GS5325,2025,235.0,347399
347399,GS5326,2025,6578.0,347400
347400,GS5329,2025,17843.0,347401
347401,GS5330,2025,18099.0,347402
347402,GS5331,2025,19014.0,347403
347403,GS5332,2025,19755.0,347404
347404,GS5335,2025,18169.0,347405
347405,GS5336,2025,23882.0,347406
347406,GS5337,2025,29222.0,347407
347407,GS5338,2025,26088.0,347408
347408,GS5339,2025,19882.0,347409
347409,GS5340,2025,30626.0,347410
347410,GS5341,2025,20687.0,347411
347411,GS5342,2025,20363.0,347412
347412,GS5343,2025,19061.0,347413
347413,GS5344,2025,21463.0,347414
347423,GS5396,2025,617.0,347424
347428,GS5434,2025,6743.0,347429
347429,GS5437,2025,15265.0,347430
347430,GS5438,2025,15610.0,347431
347431,GS5439,2025,23476.0,347432
347432,GS5440,2025,14464.0,347433
347433,GS5441,2025,7772.0,347434
347436,GS5444,2025,984.0,347437
347438,GS5463,2025,21507.0,347439
347439,GS5519,2025,94011.0,347440
347440,GS5523,2025,78531.0,347441
347445,GS5575,2025,2758.0,347446
347446,GS5614,2025,79816.0,347447
347448,GS5617,2025,39000.0,347449
347450,GS5624,2025,20.0,347451
347452,GS5633,2025,39000.0,347453
347453,GS5634,2025,4481.0,347454
347454,GS5635,2025,1586.0,347455
347458,GS5642,2025,577121.0,347459
347459,GS5643,2025,18670.0,347460
347466,GS5673,2025,6800.0,347467
347468,GS5698,2025,7635.0,347469
347469,GS5699,2025,1.0,347470
347472,GS5781,2025,8823.0,347473
347473,GS5782,2025,5251.0,347474
347474,GS5783,2025,2488.0,347475
347476,GS5799,2025,11319.0,347477
347478,GS5801,2025,11755.0,347479
347481,GS5825,2025,57.0,347482
347482,GS5826,2025,1499.0,347483
347483,GS5827,2025,1571.0,347484
347484,GS5830,2025,34481.0,347485
347489,GS5842,2025,10845.0,347490
347491,GS5860,2025,2221.0,347492
347492,GS5866,2025,11266.0,347493
347496,GS5889,2025,6715.0,347497
347497,GS5890,2025,6982.0,347498
347498,GS5891,2025,3334.0,347499
347499,GS5892,2025,8228.0,347500
347503,GS5928,2025,4304.0,347504
347505,GS5951,2025,2755.0,347506
347506,GS5952,2025,1736.0,347507
347507,GS5953,2025,1619.0,347508
347508,GS5954,2025,69.0,347509
347509,GS5955,2025,135.0,347510
347514,GS6004,2025,443.0,347515
347520,GS6037,2025,153.0,347521
347521,GS6038,2025,1015.0,347522
347522,GS6041,2025,3284.0,347523
347523,GS6042,2025,2831.0,347524
347543,GS6108,2025,11901.0,347544
347544,GS6109,2025,732.0,347545
347545,GS6111,2025,2725.0,347546
347546,GS6112,2025,30399.0,347547
347547,GS6113,2025,42757.0,347548
347548,GS6114,2025,9365.0,347549
347549,GS6115,2025,30924.0,347550
347550,GS6116,2025,13271.0,347551
347551,GS6129,2025,826.0,347552
347555,GS6152,2025,732.0,347556
347556,GS6155,2025,5341.0,347557
347557,GS6189,2025,1459.0,347558
347558,GS6193,2025,15112.0,347559
347559,GS6212,2025,30745.0,347560
347560,GS6235,2025,14907.0,347561
347561,GS6236,2025,5063.0,347562
347562,GS6237,2025,5239.0,347563
347564,GS6256,2025,106895.0,347565
347566,GS6271,2025,52899.0,347567
347567,GS6272,2025,59.0,347568
347568,GS6275,2025,32.0,347569
347569,GS6279,2025,1113.0,347570
347572,GS6290,2025,96674.0,347573
347573,GS6301,2025,42690.0,347574
347576,GS6344,2025,4019.0,347577
347577,GS6349,2025,1534.0,347578
347578,GS6350,2025,1316.0,347579
347579,GS6351,2025,2410.0,347580
347580,GS6356,2025,4056.0,347581
347581,GS6393,2025,51744.0,347582
347582,GS6394,2025,24015.0,347583
347583,GS6395,2025,61567.0,347584
347585,GS6411,2025,2720.0,347586
347586,GS6414,2025,5700.0,347587
347587,GS6419,2025,359.0,347588
347588,GS6420,2025,3602.0,347589
347589,GS6443,2025,2009.0,347590
347599,GS6519,2025,1236.0,347600
347600,GS6520,2025,1532.0,347601
347601,GS6521,2025,1585.0,347602
347604,GS6566,2025,31.0,347605
347607,GS6597,2025,18002.0,347608
347611,GS6604,2025,10648.0,347612
347612,GS6607,2025,5357.0,347613
347614,GS6747,2025,25347.0,347615
347615,GS6748,2025,4620.0,347616
347617,GS6750,2025,4059.0,347618
347619,GS6752,2025,1298.0,347620
347620,GS6753,2025,30245.0,347621
347621,GS6756,2025,29826.0,347622
347622,GS6760,2025,165869.0,347623
347623,GS6783,2025,1787.0,347624
347624,GS6784,2025,4134.0,347625
347625,GS6786,2025,1139.0,347626
347626,GS6787,2025,72.0,347627
347627,GS6788,2025,1093.0,347628
347628,GS6789,2025,5132.0,347629
347629,GS6790,2025,5.0,347630
347630,GS6793,2025,18711.0,347631
347632,GS6831,2025,1259.0,347633
347633,GS6832,2025,5546.0,347634
347634,GS6836,2025,1287.0,347635
347636,GS6838,2025,1103.0,347637
347638,GS6853,2025,24512.0,347639
347639,GS6854,2025,52431.0,347640
347640,GS6855,2025,5500.0,347641
347642,GS6857,2025,10000.0,347643
347647,GS6887,2025,10362.0,347648
347649,GS6998,2025,560.0,347650
347650,GS6999,2025,175.0,347651
347651,GS7002,2025,2105.0,347652
347652,GS7049,2025,10.0,347653
347653,GS7071,2025,280997.0,347654
347660,GS7112,2025,286.0,347661
347665,GS7132,2025,4936.0,347666
347666,GS7133,2025,4648.0,347667
347667,GS7134,2025,93.0,347668
347668,GS7135,2025,161.0,347669
347669,GS7136,2025,1398.0,347670
347675,GS7147,2025,2378.0,347676
347676,GS7148,2025,1725.0,347677
347677,GS7149,2025,980.0,347678
347678,GS7150,2025,152.0,347679
347680,GS7152,2025,399128.0,347681
347681,GS7153,2025,4797.0,347682
347683,GS7164,2025,96964.0,347684
347684,GS7287,2025,950.0,347685
347685,GS7288,2025,950.0,347686
347686,GS7289,2025,950.0,347687
347688,GS7291,2025,64.0,347689
347689,GS7292,2025,2033.0,347690
347690,GS7293,2025,6590.0,347691
347692,GS7311,2025,1086.0,347693
347693,GS7312,2025,539485.0,347694
347695,GS7318,2025,262.0,347696
347696,GS7330,2025,712.0,347697
347697,GS7331,2025,2378.0,347698
347698,GS7332,2025,2549.0,347699
347699,GS7333,2025,6679.0,347700
347700,GS7334,2025,1486.0,347701
347708,GS7362,2025,1823.0,347709
347709,GS7363,2025,3417.0,347710
347710,GS7364,2025,1463.0,347711
347711,GS7365,2025,173.0,347712
347712,GS7366,2025,1608.0,347713
347714,GS7368,2025,2800.0,347715
347719,GS7391,2025,6578.0,347720
347725,GS7397,2025,359.0,347726
347726,GS7398,2025,20.0,347727
347729,GS7401,2025,1167.0,347730
347730,GS7433,2025,6685.0,347731
347732,GS7435,2025,50.0,347733
347734,GS7437,2025,7872.0,347735
347735,GS7438,2025,6054.0,347736
347738,GS7444,2025,1555.0,347739
347739,GS7448,2025,5554.0,347740
347740,GS7449,2025,6981.0,347741
347741,GS7450,2025,9020.0,347742
347742,GS7451,2025,9395.0,347743
347743,GS7452,2025,5652.0,347744
347744,GS7453,2025,9537.0,347745
347745,GS7454,2025,9253.0,347746
347746,GS7456,2025,839.0,347747
347747,GS7457,2025,953.0,347748
347748,GS7458,2025,1818.0,347749
347749,GS7459,2025,6177.0,347750
347750,GS7460,2025,2870.0,347751
347755,GS7465,2025,96.0,347756
347756,GS7466,2025,226.0,347757
347757,GS7467,2025,17359.0,347758
347758,GS7468,2025,290510.0,347759
347759,GS7469,2025,2006.0,347760
347760,GS7470,2025,2618.0,347761
347761,GS7471,2025,4725.0,347762
347762,GS7472,2025,4568.0,347763
347763,GS7473,2025,4227.0,347764
347764,GS7474,2025,4918.0,347765
347765,GS7475,2025,3389.0,347766
347766,GS7476,2025,1878.0,347767
347767,GS7477,2025,1412.0,347768
347768,GS7478,2025,1820.0,347769
347769,GS7479,2025,3470.0,347770
347770,GS7480,2025,3019.0,347771
347771,GS7481,2025,4064.0,347772
347772,GS7482,2025,3640.0,347773
347773,GS7483,2025,3270.0,347774
347774,GS7484,2025,7756.0,347775
347781,GS7491,2025,945.0,347782
347783,GS7493,2025,261.0,347784
347784,GS7495,2025,86539.0,347785
347785,GS7496,2025,4274.0,347786
347786,GS7497,2025,779.0,347787
347794,GS7506,2025,20335.0,347795
347795,GS7507,2025,2750.0,347796
347800,GS7513,2025,11252.0,347801
347811,GS7524,2025,1255.0,347812
347812,GS7525,2025,10000.0,347813
347813,GS7526,2025,6183.0,347814
347818,GS7531,2025,1311.0,347819
347819,GS7532,2025,86317.0,347820
347820,GS7533,2025,198920.0,347821
347821,GS7534,2025,167824.0,347822
347822,GS7535,2025,2048.0,347823
347824,GS7538,2025,65901.0,347825
347825,GS7539,2025,980.0,347826
347827,GS7541,2025,1818.0,347828
347833,GS7547,2025,7326.0,347834
347835,GS7549,2025,85252.0,347836
347836,GS7550,2025,8810.0,347837
347837,GS7551,2025,19215.0,347838
347842,GS7556,2025,6374.0,347843
347843,GS7557,2025,19947.0,347844
347847,GS7561,2025,4029.0,347848
347852,GS7566,2025,5927.0,347853
347853,GS7567,2025,7180.0,347854
347858,GS7572,2025,248899.0,347859
347859,GS7574,2025,280.0,347860
347861,GS7576,2025,39953.0,347862
347865,GS7580,2025,6023.0,347866
347866,GS7581,2025,6141.0,347867
347867,GS7582,2025,4334.0,347868
347868,GS7583,2025,2131.0,347869
347869,GS7584,2025,597.0,347870
347870,GS7585,2025,548.0,347871
347872,GS7587,2025,25839.0,347873
347877,GS7592,2025,26203.0,347878
347878,GS7593,2025,14042.0,347879
347879,GS7594,2025,41045.0,347880
347880,GS7595,2025,37370.0,347881
347881,GS7596,2025,27407.0,347882
347887,GS7602,2025,373.0,347888
347889,GS7604,2025,12712.0,347890
347890,GS7605,2025,86111.0,347891
347891,GS7606,2025,95043.0,347892
347899,GS7614,2025,1915.0,347900
347901,GS7616,2025,388.0,347902
347903,GS7620,2025,11163.0,347904
347906,GS7623,2025,10.0,347907
347910,GS7627,2025,111774.0,347911
347911,GS7628,2025,480.0,347912
347912,GS7629,2025,235.0,347913
347913,GS7630,2025,500.0,347914
347915,GS7632,2025,398.0,347916
347916,GS7633,2025,399.0,347917
347920,GS7637,2025,48856.0,347921
347921,GS7638,2025,97939.0,347922
347922,GS7639,2025,138963.0,347923
347923,GS7640,2025,88453.0,347924
347924,GS7641,2025,149563.0,347925
347925,GS7642,2025,122415.0,347926
347926,GS7643,2025,136602.0,347927
347927,GS7644,2025,112168.0,347928
347928,GS7645,2025,90495.0,347929
347929,GS7646,2025,115951.0,347930
347930,GS7647,2025,99092.0,347931
347931,GS7648,2025,110124.0,347932
347932,GS7649,2025,100197.0,347933
347933,GS7650,2025,88396.0,347934
347934,GS7651,2025,23686.0,347935
347935,GS7652,2025,27420.0,347936
347940,GS7669,2025,25010.0,347941
347941,GS7671,2025,390.0,347942
347942,GS7672,2025,352.0,347943
347949,GS7679,2025,26370.0,347950
347957,GS7687,2025,11147.0,347958
347958,GS7688,2025,3552.0,347959
347959,GS7689,2025,9060.0,347960
347960,GS7690,2025,687.0,347961
347962,GS7692,2025,40947.0,347963
347990,GS7720,2025,120.0,347991
347993,GS7723,2025,106895.0,347994
347994,GS7724,2025,11421.0,347995
347996,GS7726,2025,596563.0,347997
347997,GS7727,2025,38487.0,347998
347998,GS7731,2025,24041.0,347999
348004,GS7737,2025,15706.0,348005
348006,GS7739,2025,2850.0,348007
348011,GS7744,2025,3401.0,348012
348012,GS7745,2025,699080.0,348013
348013,GS7746,2025,2936.0,348014
348020,GS7754,2025,28111.0,348021
348025,GS7760,2025,53986.0,348026
348027,GS7762,2025,47685.0,348028
348034,GS7783,2025,8472.0,348035
348051,GS7801,2025,149968.0,348052
348057,GS10220,2025,87689.0,348058
348063,GS10457,2025,3051.0,348064
348067,GS10529,2025,180.0,348068
348073,GS10658,2025,2041.0,348074
348074,GS10659,2025,11435.0,348075
348077,GS10663,2025,5600.0,348078
348078,GS10664,2025,1194.0,348079
348079,GS10665,2025,2986.0,348080
348091,GS10710,2025,65718.0,348092
348093,GS10712,2025,36171.0,348094
348097,GS10716,2025,22648.0,348098
348104,GS10725,2025,7649.0,348105
348105,GS10726,2025,8000.0,348106
348114,GS10735,2025,178.0,348115
348115,GS10736,2025,49.0,348116
348117,GS10738,2025,9022.0,348118
348119,GS10740,2025,700.0,348120
348120,GS10741,2025,5000.0,348121
348121,GS10742,2025,2971.0,348122
348122,GS10776,2025,2948.0,348123
348123,GS10777,2025,1092.0,348124
348124,GS10778,2025,10944.0,348125
348125,GS10779,2025,10366.0,348126
348126,GS10780,2025,10149.0,348127
348127,GS10781,2025,9800.0,348128
348129,GS10783,2025,1200.0,348130
348135,GS10790,2025,581501.0,348136
348136,GS10791,2025,147543.0,348137
348137,GS10792,2025,103.0,348138
348139,GS10794,2025,98190.0,348140
348141,GS10796,2025,1500.0,348142
348142,GS10797,2025,397.0,348143
348143,GS10798,2025,42517.0,348144
348144,GS10799,2025,10215.0,348145
348145,GS10800,2025,10706.0,348146
348146,GS10801,2025,10537.0,348147
348147,GS10802,2025,7649.0,348148
348148,GS10803,2025,7411.0,348149
348149,GS10804,2025,7218.0,348150
348150,GS10805,2025,4749.0,348151
348153,GS10808,2025,2437.0,348154
348154,GS10809,2025,2927.0,348155
348157,GS10812,2025,253.0,348158
348158,GS10813,2025,8848.0,348159
348161,GS10821,2025,5848.0,348162
348163,GS10823,2025,288.0,348164
348165,GS10825,2025,4529.0,348166
348166,GS10826,2025,279.0,348167
348167,GS10827,2025,1960.0,348168
348168,GS10828,2025,9305.0,348169
348172,GS10832,2025,1631.0,348173
348184,GS10878,2025,6507.0,348185
348185,GS10879,2025,73206.0,348186
348188,GS10886,2025,28350.0,348189
348189,GS10887,2025,76050.0,348190
348190,GS10888,2025,55459.0,348191
348191,GS10889,2025,70680.0,348192
348192,GS10890,2025,38081.0,348193
348197,GS10900,2025,31764.0,348198
348198,GS10901,2025,13054.0,348199
348199,GS10902,2025,17415.0,348200
348200,GS10903,2025,28395.0,348201
348201,GS10904,2025,28036.0,348202
348202,GS10905,2025,32622.0,348203
348203,GS10906,2025,14756.0,348204
348204,GS10907,2025,26874.0,348205
348205,GS10908,2025,19887.0,348206
348206,GS10909,2025,18756.0,348207
348207,GS10910,2025,21106.0,348208
348208,GS10911,2025,17293.0,348209
348209,GS10912,2025,23084.0,348210
348210,GS10913,2025,1697.0,348211
348211,GS10914,2025,19307.0,348212
348212,GS10915,2025,31287.0,348213
348213,GS10916,2025,22674.0,348214
348214,GS10917,2025,35069.0,348215
348215,GS10918,2025,27376.0,348216
348216,GS10919,2025,7904.0,348217
348217,GS10920,2025,8004.0,348218
348218,GS10921,2025,3044.0,348219
348219,GS10922,2025,6932.0,348220
348233,GS10967,2025,849720.0,348234
348236,GS10970,2025,265.0,348237
348239,GS10974,2025,840.0,348240
348240,GS10975,2025,15520.0,348241
348241,GS10976,2025,829.0,348242
348242,GS10977,2025,831.0,348243
348243,GS10978,2025,826.0,348244
348244,GS10979,2025,839.0,348245
348245,GS10980,2025,833.0,348246
348246,GS10981,2025,835.0,348247
348247,GS10982,2025,34610.0,348248
348251,GS10987,2025,11933.0,348252
348254,GS10990,2025,8516.0,348255
348255,GS10991,2025,7601.0,348256
348257,GS10993,2025,474.0,348258
348258,GS10994,2025,2439.0,348259
348274,GS11010,2025,61913.0,348275
348275,GS11011,2025,2062.0,348276
348276,GS11012,2025,6744.0,348277
348277,GS11013,2025,11371.0,348278
348278,GS11014,2025,11371.0,348279
348279,GS11015,2025,11371.0,348280
348280,GS11016,2025,11371.0,348281
348293,GS11029,2025,12875.0,348294
348301,GS11041,2025,7299.0,348302
348302,GS11042,2025,6277.0,348303
348303,GS11043,2025,9372.0,348304
348304,GS11044,2025,3690.0,348305
348305,GS11046,2025,100.0,348306
348327,GS11068,2025,58178.0,348328
348328,GS11070,2025,15575.0,348329
348329,GS11071,2025,14974.0,348330
348330,GS11072,2025,4568.0,348331
348332,GS11074,2025,9800.0,348333
348333,GS11075,2025,9726.0,348334
348355,GS11098,2025,1503.0,348356
348357,GS11133,2025,5461.0,348358
348358,GS11134,2025,5577.0,348359
348359,GS11135,2025,22813.0,348360
348360,GS11136,2025,3666.0,348361
348364,GS11140,2025,192987.0,348365
348369,GS11145,2025,190009.0,348370
348371,GS11147,2025,6486.0,348372
348372,GS11148,2025,33233.0,348373
348373,GS11149,2025,16868.0,348374
348374,GS11150,2025,4657.0,348375
348375,GS11151,2025,15085.0,348376
348376,GS11152,2025,38981.0,348377
348377,GS11153,2025,33106.0,348378
348378,GS11154,2025,1964.0,348379
348379,GS11155,2025,10598.0,348380
348385,GS11167,2025,285398.0,348386
348386,GS11169,2025,25873.0,348387
348402,GS11188,2025,1051.0,348403
348407,GS11193,2025,35471.0,348408
348408,GS11194,2025,25301.0,348409
348410,GS11196,2025,13848.0,348411
348411,GS11197,2025,11258.0,348412
348412,GS11198,2025,42178.0,348413
348413,GS11199,2025,35011.0,348414
348414,GS11200,2025,4074.0,348415
348419,GS11205,2025,16015.0,348420
348421,GS11207,2025,8408.0,348422
348423,GS11209,2025,36093.0,348424
348426,GS11212,2025,5654.0,348427
348427,GS11213,2025,2039.0,348428
348432,GS11218,2025,6110.0,348433
348435,GS11222,2025,6441.0,348436
348444,GS11232,2025,6000.0,348445
348449,GS11237,2025,8000.0,348450
348450,GS11238,2025,218356.0,348451
348451,GS11239,2025,43061.0,348452
348457,GS11245,2025,9500.0,348458
348458,GS11246,2025,9661.0,348459
348463,GS11251,2025,30255.0,348464
348466,GS11255,2025,145585.0,348467
348467,GS11256,2025,137149.0,348468
348468,GS11259,2025,53199.0,348469
348469,GS11260,2025,54043.0,348470
348470,GS11261,2025,55026.0,348471
348471,GS11262,2025,51429.0,348472
348472,GS11263,2025,30170.0,348473
348473,GS11264,2025,45084.0,348474
348474,GS11265,2025,30170.0,348475
348475,GS11266,2025,30170.0,348476
348478,GS11269,2025,3000.0,348479
348480,GS11271,2025,39011.0,348481
348481,GS11272,2025,62488.0,348482
348482,GS11273,2025,38617.0,348483
348483,GS11274,2025,22675.0,348484
348484,GS11275,2025,18759.0,348485
348485,GS11276,2025,26360.0,348486
348486,GS11277,2025,4626.0,348487
348487,GS11278,2025,3985.0,348488
348488,GS11279,2025,27450.0,348489
348489,GS11280,2025,11781.0,348490
348495,GS11286,2025,2450.0,348496
348497,GS11288,2025,19360.0,348498
348498,GS11289,2025,7848.0,348499
348500,GS11291,2025,23115.0,348501
348501,GS11292,2025,43231.0,348502
348502,GS11293,2025,12.0,348503
348503,GS11294,2025,41668.0,348504
348504,GS11295,2025,22914.0,348505
348505,GS11296,2025,42653.0,348506
348506,GS11297,2025,12045.0,348507
348507,GS11298,2025,47870.0,348508
348508,GS11299,2025,56.0,348509
348509,GS11300,2025,195.0,348510
348516,GS11307,2025,15904.0,348517
348517,GS11308,2025,48.0,348518
348518,GS11309,2025,3862.0,348519
348519,GS11310,2025,542.0,348520
348520,GS11311,2025,11684.0,348521
348521,GS11312,2025,11684.0,348522
348523,GS11314,2025,9484.0,348524
348533,GS11325,2025,7500.0,348534
348535,GS11327,2025,1305.0,348536
348539,GS11331,2025,278097.0,348540
348541,GS11334,2025,145639.0,348542
348542,GS11335,2025,60567.0,348543
348543,GS11336,2025,45.0,348544
348545,GS11338,2025,10660.0,348546
348553,GS11352,2025,437.0,348554
348559,GS11358,2025,20362.0,348560
348563,GS11394,2025,41583.0,348564
348565,GS11397,2025,1320.0,348566
348567,GS11400,2025,19463.0,348568
348568,GS11401,2025,288007.0,348569
348569,GS11402,2025,88076.0,348570
348570,GS11403,2025,24293.0,348571
348571,GS11404,2025,67617.0,348572
348572,GS11405,2025,71685.0,348573
348575,GS11409,2025,3316.0,348576
348581,GS11415,2025,21955.0,348582
348590,GS11424,2025,59930.0,348591
348592,GS11426,2025,64983.0,348593
348593,GS11427,2025,92260.0,348594
348594,GS11432,2025,28649.0,348595
348595,GS11433,2025,5282.0,348596
348596,GS11434,2025,25553.0,348597
348599,GS11437,2025,43799.0,348600
348602,GS11440,2025,63839.0,348603
348605,GS11447,2025,13116.0,348606
348606,GS11448,2025,797.0,348607
348608,GS11451,2025,33100.0,348609
348618,GS11474,2025,61723.0,348619
348623,GS11479,2025,31807.0,348624
348624,GS11480,2025,17056.0,348625
348626,GS11482,2025,13857.0,348627
348627,GS11483,2025,217.0,348628
348628,GS11484,2025,51945.0,348629
348629,GS11485,2025,7500.0,348630
348631,GS11488,2025,23628.0,348632
348632,GS11489,2025,29112.0,348633
348633,GS11490,2025,60687.0,348634
348634,GS11491,2025,20725.0,348635
348639,GS11496,2025,5499.0,348640
348644,GS11501,2025,18689.0,348645
348647,GS11504,2025,5413.0,348648
348648,GS11505,2025,1425.0,348649
348650,GS11507,2025,4881.0,348651
348653,GS11513,2025,30270.0,348654
348654,GS11514,2025,21730.0,348655
348676,GS11537,2025,35316.0,348677
348677,GS11538,2025,187.0,348678
348678,GS11539,2025,35556.0,348679
348688,GS11551,2025,899903.0,348689
348690,GS11556,2025,1614.0,348691
348691,GS11557,2025,54.0,348692
348692,GS11558,2025,9823.0,348693
348694,GS11560,2025,33097.0,348695
348695,GS11561,2025,100945.0,348696
348697,GS11564,2025,7235.0,348698
348701,GS11568,2025,65533.0,348702
348704,GS11571,2025,98505.0,348705
348705,GS11572,2025,13542.0,348706
348719,GS11594,2025,649.0,348720
348721,GS11596,2025,95319.0,348722
348724,GS11603,2025,20134.0,348725
348725,GS11604,2025,5692.0,348726
348729,GS11608,2025,1144.0,348730
348734,GS11613,2025,2000.0,348735
348735,GS11614,2025,2758.0,348736
348737,GS11617,2025,5000.0,348738
348744,GS11627,2025,140.0,348745
348746,GS11629,2025,11684.0,348747
348747,GS11630,2025,36022.0,348748
348748,GS11631,2025,47706.0,348749
348749,GS11632,2025,33871.0,348750
348750,GS11633,2025,32083.0,348751
348751,GS11634,2025,25516.0,348752
348755,GS11640,2025,7664.0,348756
348765,GS11655,2025,70751.0,348766
348766,GS11656,2025,58235.0,348767
348772,GS11663,2025,54.0,348773
348773,GS11664,2025,50.0,348774
348777,GS11671,2025,122968.0,348778
348780,GS11674,2025,42887.0,348781
348815,GS11722,2025,850.0,348816
348820,GS11728,2025,300758.0,348821
348830,GS11744,2025,1223.0,348831
348831,GS11745,2025,1223.0,348832
348832,GS11747,2025,1650.0,348833
348833,GS11748,2025,9745.0,348834
348834,GS11749,2025,9774.0,348835
348835,GS11750,2025,9776.0,348836
348836,GS11751,2025,9776.0,348837
348837,GS11752,2025,9774.0,348838
348838,GS11753,2025,7059.0,348839
348839,GS11754,2025,5719.0,348840
348840,GS11755,2025,1247.0,348841
348841,GS11756,2025,1247.0,348842
348842,GS11757,2025,4693.0,348843
348843,GS11758,2025,3247.0,348844
348844,GS11759,2025,1698.0,348845
348845,GS11760,2025,1247.0,348846
348846,GS11761,2025,1247.0,348847
348847,GS11762,2025,1247.0,348848
348848,GS11763,2025,2082.0,348849
348849,GS11764,2025,1950.0,348850
348850,GS11765,2025,8562.0,348851
348851,GS11766,2025,16872.0,348852
348852,GS11767,2025,16606.0,348853
348853,GS11768,2025,11716.0,348854
348854,GS11769,2025,7825.0,348855
348855,GS11770,2025,7825.0,348856
348856,GS11771,2025,6268.0,348857
348857,GS11772,2025,7827.0,348858
348858,GS11773,2025,1247.0,348859
348859,GS11774,2025,7825.0,348860
348860,GS11775,2025,7355.0,348861
348861,GS11776,2025,6670.0,348862
348862,GS11777,2025,1247.0,348863
348863,GS11778,2025,1182.0,348864
348864,GS11779,2025,1247.0,348865
348865,GS11780,2025,1247.0,348866
348866,GS11781,2025,1247.0,348867
348867,GS11782,2025,1508.0,348868
348868,GS11783,2025,6187.0,348869
348869,GS11784,2025,4810.0,348870
348881,GS11802,2025,660.0,348882
348882,GS11807,2025,1223.0,348883
348893,GS11835,2025,260.0,348894
348894,GS11836,2025,1247.0,348895
348895,GS11837,2025,1247.0,348896
348896,GS11838,2025,1247.0,348897
348897,GS11839,2025,1247.0,348898
348898,GS11840,2025,1247.0,348899
348899,GS11841,2025,1247.0,348900
348900,GS11842,2025,1247.0,348901
348901,GS11843,2025,1247.0,348902
348902,GS11844,2025,297.0,348903
348903,GS11845,2025,1247.0,348904
348904,GS11846,2025,1247.0,348905
348905,GS11847,2025,245.0,348906
348906,GS11848,2025,114.0,348907
348907,GS11849,2025,68.0,348908
348908,GS11850,2025,68.0,348909
348909,GS11851,2025,68.0,348910
348910,GS11852,2025,68.0,348911
348911,GS11853,2025,68.0,348912
348917,GS11861,2025,19532.0,348918
348930,GS11879,2025,16333.0,348931
348931,GS11880,2025,5782.0,348932
348943,GS11892,2025,1149.0,348944
348948,GS11897,2025,2800.0,348949
348949,GS11898,2025,3776.0,348950
348957,GS11907,2025,77.0,348958
348958,GS11908,2025,43.0,348959
348965,GS11915,2025,621.0,348966
348974,GS11924,2025,461.0,348975
348975,GS11925,2025,49.0,348976
348976,GS11926,2025,620.0,348977
348982,GS11932,2025,579.0,348983
348991,GS11945,2025,3030.0,348992
348995,GS11950,2025,3491.0,348996
348996,GS11951,2025,10000.0,348997
348997,GS11952,2025,1834.0,348998
349014,GS11986,2025,12.0,349015
349015,GS11987,2025,34.0,349016
349016,GS11988,2025,23185.0,349017
349022,GS11994,2025,1170.0,349023
349024,GS11996,2025,19924.0,349025
349025,GS11998,2025,17273.0,349026
349026,GS11999,2025,4545.0,349027
349027,GS12000,2025,14283.0,349028
349028,GS12001,2025,16040.0,349029
349029,GS12002,2025,20464.0,349030
349030,GS12003,2025,20268.0,349031
349031,GS12004,2025,12024.0,349032
349032,GS12005,2025,3589.0,349033
349033,GS12006,2025,4346.0,349034
349034,GS12007,2025,20871.0,349035
349035,GS12008,2025,16509.0,349036
349036,GS12009,2025,21890.0,349037
349037,GS12010,2025,7980.0,349038
349040,GS12015,2025,7249.0,349041
349042,GS12017,2025,57732.0,349043
349043,GS12018,2025,72073.0,349044
349044,GS12019,2025,67924.0,349045
349045,GS12020,2025,27169.0,349046
349047,GS12023,2025,19617.0,349048
349056,GS12033,2025,15667.0,349057
349068,GS12045,2025,18233.0,349069
349070,GS12047,2025,1217305.0,349071
349073,GS12050,2025,7045.0,349074
349075,GS12052,2025,4106.0,349076
349081,GS12062,2025,293424.0,349082
349083,GS12064,2025,8126.0,349084
349084,GS12065,2025,430357.0,349085
349086,GS12067,2025,1831.0,349087
349091,GS12073,2025,4409.0,349092
349104,GS12088,2025,10000.0,349105
349120,GS12112,2025,3000.0,349121
349122,GS12114,2025,6022.0,349123
349127,GS12119,2025,45000.0,349128
349131,GS12123,2025,23287.0,349132
349132,GS12124,2025,18718.0,349133
349133,GS12125,2025,16713.0,349134
349134,GS12126,2025,11162.0,349135
349135,GS12127,2025,3936.0,349136
349137,GS12129,2025,8805.0,349138
349138,GS12130,2025,6228.0,349139
349139,GS12131,2025,1934.0,349140
349153,GS12147,2025,1256.0,349154
349163,GS12161,2025,11269.0,349164
349201,GS12205,2025,10004.0,349202
349206,GS12212,2025,2362.0,349207
349214,GS12220,2025,458.0,349215
349220,GS12227,2025,2895.0,349221
349221,GS12228,2025,1972.0,349222
349240,GS12251,2025,37828.0,349241
349241,GS12252,2025,2343.0,349242
349242,GS12253,2025,33365.0,349243
349243,GS12254,2025,32199.0,349244
349244,GS12255,2025,31857.0,349245
349245,GS12256,2025,32579.0,349246
349246,GS12257,2025,5790.0,349247
349249,GS12260,2025,10032.0,349250
349250,GS12261,2025,8250.0,349251
349252,GS12263,2025,3881.0,349253
349279,GS12293,2025,20000.0,349280
349284,GS12302,2025,150005.0,349285
349289,GS12307,2025,382331.0,349290
349293,GS12311,2025,8803.0,349294
349306,GS12327,2025,546.0,349307
349307,GS12329,2025,34.0,349308
349308,GS12330,2025,371.0,349309
349309,GS12331,2025,8.0,349310
349310,GS12332,2025,744.0,349311
349311,GS12333,2025,10.0,349312
349313,GS12335,2025,19.0,349314
349324,GS12350,2025,5000.0,349325
349330,GS12357,2025,2883.0,349331
349332,GS12360,2025,371.0,349333
349427,GS12467,2025,7467.0,349428
349428,GS12468,2025,3579.0,349429
349430,GS12470,2025,4086.0,349431
349470,GS12533,2025,5542.0,349471
349518,GS12615,2025,1010.0,349519
349520,GS12617,2025,382.0,349521
349521,GS12618,2025,104.0,349522
349561,GS12668,2025,3110.0,349562
349658,GS12786,2025,34000.0,349659
349690,GS12830,2025,200.0,349691
349883,GS13135,2025,114.0,349884
350324,ISOprj_1H502CZZH1S0VMYW,2025,1649.0,350325
350326,ISOprj_1HHYZFVGW1S044ZY,2025,4903.775,350327
350327,ISOprj_1HZSSWBQM1S08H83,2025,2837.496,350328
350328,ISOprj_1J4P33N6W1S0RKE2,2025,3089.0,350329
350329,ISOprj_1J7NQMR9V1S04P0D,2025,81.025,350330
350332,ISOprj_1JFA3YY9P1S0YVKR,2025,151.0,350333
350335,ISOprj_1JN6XNWDQ1S0BSN7,2025,3.449,350336
350340,ISOprj_1JQEQKCF91S06HAJ,2025,63.0,350341
350346,ISOprj_1JXCRW5ST1S0EEKH,2025,2000.0,350347
350399,VCS5,2025,33368.0,350400
350404,VCS10,2025,229542.0,350405
350406,VCS12,2025,2383.0,350407
350423,VCS30,2025,87172.0,350424
350424,VCS32,2025,3923.0,350425
350425,VCS33,2025,16218.0,350426
350443,VCS51,2025,38918.0,350444
350445,VCS53,2025,100.0,350446
350446,VCS54,2025,35276.0,350447
350455,VCS63,2025,422.0,350456
350457,VCS65,2025,6204.0,350458
350460,VCS68,2025,1.0,350461
350468,VCS77,2025,13409.0,350469
350473,VCS82,2025,2466.0,350474
350474,VCS83,2025,6180.0,350475
350482,VCS91,2025,21821.0,350483
350483,VCS92,2025,339493.0,350484
350484,VCS93,2025,132642.0,350485
350488,VCS97,2025,4151.0,350489
350502,VCS111,2025,2503.0,350503
350514,VCS124,2025,3805.0,350515
350527,VCS138,2025,72410.0,350528
350530,VCS141,2025,350.0,350531
350531,VCS142,2025,106410.0,350532
350532,VCS143,2025,3608.0,350533
350533,VCS144,2025,4932.0,350534
350547,VCS158,2025,7864.0,350548
350561,VCS173,2025,124603.0,350562
350565,VCS177,2025,2210.0,350566
350569,VCS181,2025,714.0,350570
350572,VCS184,2025,18.0,350573
350573,VCS185,2025,1288.0,350574
350577,VCS191,2025,19273.0,350578
350583,VCS197,2025,4830.0,350584
350584,VCS198,2025,4438.0,350585
350588,VCS202,2025,6966.0,350589
350589,VCS203,2025,144.0,350590
350598,VCS212,2025,100.0,350599
350599,VCS213,2025,13592.0,350600
350607,VCS221,2025,5745.0,350608
350614,VCS228,2025,6665.0,350615
350618,VCS232,2025,475.0,350619
350635,VCS249,2025,275.0,350636
350639,VCS253,2025,7798.0,350640
350650,VCS264,2025,939.0,350651
350655,VCS269,2025,3219.0,350656
350662,VCS276,2025,24516.0,350663
350667,VCS281,2025,304.0,350668
350670,VCS284,2025,1317.0,350671
350674,VCS288,2025,36311.0,350675
350678,VCS292,2025,86700.0,350679
350679,VCS293,2025,23.0,350680
350690,VCS304,2025,22653.0,350691
350703,VCS318,2025,103732.0,350704
350709,VCS324,2025,56.0,350710
350714,VCS329,2025,5.0,350715
350719,VCS334,2025,1251.0,350720
350720,VCS335,2025,47995.0,350721
350721,VCS336,2025,7142.0,350722
350722,VCS337,2025,26257.0,350723
350723,VCS338,2025,7094.0,350724
350724,VCS339,2025,22310.0,350725
350734,VCS349,2025,6369.0,350735
350739,VCS354,2025,2502.0,350740
350740,VCS355,2025,3800.0,350741
350755,VCS370,2025,100.0,350756
350756,VCS371,2025,1464.0,350757
350765,VCS380,2025,12655.0,350766
350776,VCS391,2025,11068.0,350777
350780,VCS395,2025,49698.0,350781
350781,VCS396,2025,3646.0,350782
350784,VCS399,2025,93.0,350785
350785,VCS400,2025,32547.0,350786
350788,VCS403,2025,3743.0,350789
350789,VCS404,2025,11570.0,350790
350790,VCS405,2025,10659.0,350791
350797,VCS412,2025,17724.0,350798
350798,VCS413,2025,77113.0,350799
350799,VCS414,2025,62130.0,350800
350800,VCS415,2025,6818.0,350801
350801,VCS416,2025,11781.0,350802
350802,VCS417,2025,300.0,350803
350810,VCS425,2025,5000.0,350811
350812,VCS427,2025,5486.0,350813
350815,VCS430,2025,432.0,350816
350817,VCS432,2025,480.0,350818
350823,VCS438,2025,34761.0,350824
350824,VCS439,2025,24707.0,350825
350825,VCS440,2025,7159.0,350826
350826,VCS441,2025,4609.0,350827
350833,VCS448,2025,32284.0,350834
350835,VCS450,2025,20713.0,350836
350838,VCS453,2025,2824.0,350839
350840,VCS455,2025,12119.0,350841
350843,VCS458,2025,1981.0,350844
350853,VCS468,2025,19666.0,350854
350856,VCS471,2025,784.0,350857
350861,VCS476,2025,4533.0,350862
350869,VCS484,2025,71.0,350870
350871,VCS486,2025,58151.0,350872
350872,VCS487,2025,1235283.0,350873
350873,VCS488,2025,308756.0,350874
350874,VCS489,2025,18549.0,350875
350880,VCS495,2025,627.0,350881
350881,VCS496,2025,221.0,350882
350889,VCS504,2025,190.0,350890
350890,VCS505,2025,32.0,350891
350891,VCS506,2025,990.0,350892
350895,VCS510,2025,100.0,350896
350898,VCS513,2025,30560.0,350899
350907,VCS522,2025,21.0,350908
350908,VCS523,2025,12625.0,350909
350919,VCS534,2025,135944.0,350920
350920,VCS535,2025,59525.0,350921
350921,VCS536,2025,49260.0,350922
350922,VCS537,2025,15000.0,350923
350924,VCS539,2025,6884.0,350925
350928,VCS543,2025,83939.0,350929
350929,VCS544,2025,26417.0,350930
350931,VCS546,2025,860.0,350932
350933,VCS548,2025,29665.0,350934
350943,VCS558,2025,3472.0,350944
350947,VCS562,2025,27055.0,350948
350948,VCS563,2025,4908.0,350949
350950,VCS565,2025,101170.0,350951
350951,VCS566,2025,3062.0,350952
350961,VCS576,2025,6772.0,350962
350962,VCS577,2025,11216.0,350963
350988,VCS603,2025,332.0,350989
350992,VCS607,2025,47005.0,350993
350997,VCS612,2025,204171.0,350998
351003,VCS618,2025,159984.0,351004
351004,VCS619,2025,3912.0,351005
351005,VCS620,2025,117333.0,351006
351021,VCS636,2025,1970.0,351022
351023,VCS638,2025,1000.0,351024
351025,VCS640,2025,28849.0,351026
351038,VCS653,2025,455.0,351039
351041,VCS656,2025,596.0,351042
351045,VCS660,2025,4720.0,351046
351047,VCS662,2025,5263.0,351048
351050,VCS665,2025,9599.0,351051
351051,VCS666,2025,602.0,351052
351052,VCS667,2025,1434.0,351053
351054,VCS669,2025,10556.0,351055
351055,VCS670,2025,48600.0,351056
351058,VCS673,2025,30153.0,351059
351059,VCS674,2025,502818.0,351060
351061,VCS676,2025,7594.0,351062
351063,VCS678,2025,4984.0,351064
351067,VCS682,2025,709.0,351068
351073,VCS688,2025,50026.0,351074
351082,VCS697,2025,68899.0,351083
351084,VCS699,2025,13500.0,351085
351086,VCS701,2025,24203.0,351087
351091,VCS706,2025,10550.0,351092
351093,VCS708,2025,27288.0,351094
351097,VCS713,2025,23823.0,351098
351099,VCS715,2025,53818.0,351100
351100,VCS716,2025,120.0,351101
351101,VCS717,2025,19745.0,351102
351110,VCS726,2025,3182.0,351111
351111,VCS727,2025,223928.0,351112
351112,VCS728,2025,111331.0,351113
351118,VCS734,2025,80021.0,351119
351120,VCS736,2025,9373.0,351121
351121,VCS737,2025,7839.0,351122
351124,VCS740,2025,93020.0,351125
351130,VCS747,2025,230627.0,351131
351133,VCS750,2025,18.0,351134
351134,VCS751,2025,50718.0,351135
351136,VCS753,2025,81005.0,351137
351138,VCS755,2025,136011.0,351139
351139,VCS756,2025,108415.0,351140
351141,VCS758,2025,62298.0,351142
351142,VCS759,2025,50944.0,351143
351145,VCS762,2025,1209.0,351146
351146,VCS763,2025,44300.0,351147
351147,VCS764,2025,8192.0,351148
351149,VCS766,2025,12226.0,351150
351163,VCS780,2025,11292.0,351164
351167,VCS784,2025,9754.0,351168
351169,VCS786,2025,301272.0,351170
351171,VCS788,2025,263700.0,351172
351176,VCS793,2025,387.0,351177
351181,VCS798,2025,15582.0,351182
351182,VCS799,2025,346.0,351183
351190,VCS807,2025,4046.0,351191
351193,VCS810,2025,37692.0,351194
351196,VCS813,2025,13178.0,351197
351197,VCS814,2025,57759.0,351198
351200,VCS817,2025,6183.0,351201
351202,VCS819,2025,28559.0,351203
351206,VCS823,2025,15372.0,351207
351213,VCS830,2025,1669.0,351214
351215,VCS832,2025,114814.0,351216
351216,VCS833,2025,47037.0,351217
351217,VCS834,2025,58130.0,351218
351218,VCS835,2025,24172.0,351219
351219,VCS836,2025,254.0,351220
351220,VCS837,2025,3325.0,351221
351223,VCS840,2025,4361.0,351224
351227,VCS844,2025,79099.0,351228
351232,VCS849,2025,10594.0,351233
351233,VCS850,2025,50766.0,351234
351251,VCS868,2025,244149.0,351252
351255,VCS872,2025,50533.0,351256
351256,VCS873,2025,242404.0,351257
351258,VCS875,2025,235571.0,351259
351259,VCS876,2025,8199.0,351260
351265,VCS882,2025,210.0,351266
351266,VCS883,2025,469316.0,351267
351267,VCS884,2025,292764.0,351268
351270,VCS887,2025,31608.0,351271
351275,VCS892,2025,85264.0,351276
351276,VCS893,2025,7723.0,351277
351279,VCS896,2025,1027380.0,351280
351282,VCS899,2025,42482.0,351283
351284,VCS901,2025,68068.0,351285
351285,VCS902,2025,3123188.0,351286
351286,VCS903,2025,89449.0,351287
351288,VCS905,2025,5581.0,351289
351292,VCS909,2025,1312.0,351293
351293,VCS910,2025,48082.0,351294
351294,VCS911,2025,6401.0,351295
351295,VCS912,2025,521.0,351296
351297,VCS914,2025,516.0,351298
351300,VCS917,2025,20000.0,351301
351303,VCS920,2025,5993.0,351304
351304,VCS921,2025,92371.0,351305
351307,VCS924,2025,14681.0,351308
351308,VCS925,2025,3095.0,351309
351310,VCS927,2025,1208.0,351311
351311,VCS928,2025,214038.0,351312
351312,VCS929,2025,205422.0,351313
351317,VCS934,2025,7293486.0,351318
351319,VCS936,2025,1804.0,351320
351323,VCS940,2025,9.0,351324
351324,VCS941,2025,167.0,351325
351326,VCS943,2025,383.0,351327
351327,VCS944,2025,46069.0,351328
351330,VCS947,2025,167265.0,351331
351341,VCS958,2025,41666.0,351342
351342,VCS959,2025,283074.0,351343
351343,VCS960,2025,1033763.0,351344
351344,VCS961,2025,300322.0,351345
351345,VCS962,2025,1121.0,351346
351347,VCS964,2025,214314.0,351348
351354,VCS971,2025,161.0,351355
351356,VCS973,2025,10431.0,351357
351357,VCS974,2025,29080.0,351358
351358,VCS975,2025,4348.0,351359
351360,VCS977,2025,22776.0,351361
351364,VCS981,2025,430625.0,351365
351365,VCS982,2025,93781.0,351366
351368,VCS985,2025,59558.0,351369
351370,VCS987,2025,231700.0,351371
351376,VCS993,2025,8021.0,351377
351377,VCS994,2025,26650.0,351378
351379,VCS996,2025,4000.0,351380
351380,VCS997,2025,89918.0,351381
351384,VCS1001,2025,33538.0,351385
351385,VCS1002,2025,26603.0,351386
351397,VCS1015,2025,39472.0,351398
351402,VCS1020,2025,3999.0,351403
351404,VCS1022,2025,3039.0,351405
351405,VCS1023,2025,100.0,351406
351408,VCS1026,2025,374.0,351409
351413,VCS1031,2025,331101.0,351414
351414,VCS1032,2025,21896.0,351415
351419,VCS1037,2025,245168.0,351420
351420,VCS1038,2025,10.0,351421
351423,VCS1041,2025,177004.0,351424
351424,VCS1042,2025,209242.0,351425
351425,VCS1043,2025,8475.0,351426
351426,VCS1044,2025,8467.0,351427
351427,VCS1045,2025,28459.0,351428
351432,VCS1050,2025,44489.0,351433
351442,VCS1060,2025,52169.0,351443
351443,VCS1061,2025,1793.0,351444
351449,VCS1067,2025,538753.0,351450
351450,VCS1068,2025,1337.0,351451
351459,VCS1077,2025,6000.0,351460
351463,VCS1081,2025,1468.0,351464
351467,VCS1085,2025,14393.0,351468
351473,VCS1091,2025,92.0,351474
351476,VCS1094,2025,3930.0,351477
351482,VCS1100,2025,156228.0,351483
351485,VCS1103,2025,28563.0,351486
351493,VCS1111,2025,6328.0,351494
351494,VCS1112,2025,174095.0,351495
351495,VCS1113,2025,227475.0,351496
351497,VCS1115,2025,58015.0,351498
351503,VCS1121,2025,1917.0,351504
351504,VCS1122,2025,213651.0,351505
351509,VCS1127,2025,10834.0,351510
351510,VCS1128,2025,330112.0,351511
351515,VCS1133,2025,129.0,351516
351519,VCS1137,2025,205.0,351520
351522,VCS1140,2025,41406.0,351523
351523,VCS1141,2025,1816.0,351524
351525,VCS1143,2025,22420.0,351526
351526,VCS1144,2025,8581.0,351527
351528,VCS1146,2025,47137.0,351529
351534,VCS1152,2025,4788.0,351535
351535,VCS1153,2025,3406.0,351536
351541,VCS1160,2025,100.0,351542
351543,VCS1162,2025,15206.0,351544
351549,VCS1168,2025,118784.0,351550
351555,VCS1174,2025,16780.0,351556
351556,VCS1175,2025,295.0,351557
351562,VCS1181,2025,4764.0,351563
351563,VCS1182,2025,18460.0,351564
351564,VCS1183,2025,2433.0,351565
351565,VCS1184,2025,17.0,351566
351566,VCS1185,2025,17566.0,351567
351567,VCS1186,2025,20987.0,351568
351569,VCS1188,2025,80433.0,351570
351570,VCS1189,2025,2062.0,351571
351572,VCS1191,2025,7774.0,351573
351575,VCS1194,2025,69.0,351576
351577,VCS1196,2025,60756.0,351578
351579,VCS1198,2025,30498.0,351580
351580,VCS1199,2025,15011.0,351581
351581,VCS1200,2025,47750.0,351582
351582,VCS1201,2025,49579.0,351583
351583,VCS1202,2025,140212.0,351584
351584,VCS1203,2025,1.0,351585
351585,VCS1204,2025,19274.0,351586
351586,VCS1205,2025,34397.0,351587
351590,VCS1209,2025,15755.0,351591
351591,VCS1210,2025,73021.0,351592
351592,VCS1211,2025,66291.0,351593
351595,VCS1214,2025,3027.0,351596
351596,VCS1215,2025,10478.0,351597
351597,VCS1216,2025,100034.0,351598
351598,VCS1217,2025,3975.0,351599
351599,VCS1218,2025,198776.0,351600
351602,VCS1221,2025,262704.0,351603
351606,VCS1225,2025,1594.0,351607
351609,VCS1228,2025,3212.0,351610
351612,VCS1231,2025,99386.0,351613
351613,VCS1232,2025,43782.0,351614
351614,VCS1233,2025,1.0,351615
351617,VCS1236,2025,36362.0,351618
351621,VCS1240,2025,206392.0,351622
351622,VCS1241,2025,3540.0,351623
351623,VCS1242,2025,1209.0,351624
351634,VCS1253,2025,1335.0,351635
351635,VCS1254,2025,51306.0,351636
351638,VCS1257,2025,116239.0,351639
351639,VCS1258,2025,36469.0,351640
351642,VCS1261,2025,48171.0,351643
351670,VCS1289,2025,133657.0,351671
351680,VCS1300,2025,94298.0,351681
351681,VCS1301,2025,9932.0,351682
351688,VCS1308,2025,26220.0,351689
351690,VCS1310,2025,193.0,351691
351695,VCS1315,2025,7184.0,351696
351697,VCS1317,2025,294.0,351698
351698,VCS1318,2025,36283.0,351699
351699,VCS1319,2025,18.0,351700
351702,VCS1322,2025,64.0,351703
351709,VCS1329,2025,64063.0,351710
351710,VCS1330,2025,9055.0,351711
351718,VCS1338,2025,16.0,351719
351720,VCS1340,2025,79227.0,351721
351722,VCS1342,2025,6268.0,351723
351724,VCS1344,2025,1558.0,351725
351725,VCS1345,2025,353.0,351726
351726,VCS1346,2025,65978.0,351727
351728,VCS1348,2025,13570.0,351729
351729,VCS1349,2025,113684.0,351730
351732,VCS1352,2025,3309.0,351733
351733,VCS1353,2025,158049.0,351734
351734,VCS1354,2025,25448.0,351735
351735,VCS1355,2025,20000.0,351736
351736,VCS1356,2025,25743.0,351737
351739,VCS1359,2025,1550.0,351740
351740,VCS1360,2025,155599.0,351741
351742,VCS1362,2025,87138.0,351743
351744,VCS1364,2025,35907.0,351745
351757,VCS1377,2025,17826.0,351758
351758,VCS1378,2025,12711.0,351759
351760,VCS1380,2025,90070.0,351761
351762,VCS1382,2025,746941.0,351763
351766,VCS1386,2025,7417.0,351767
351767,VCS1387,2025,9.0,351768
351769,VCS1389,2025,148002.0,351770
351770,VCS1390,2025,2568.0,351771
351775,VCS1395,2025,1148.0,351776
351779,VCS1399,2025,3042.0,351780
351780,VCS1400,2025,6550.0,351781
351784,VCS1404,2025,15756.0,351785
351786,VCS1406,2025,43689.0,351787
351787,VCS1407,2025,2705.0,351788
351788,VCS1408,2025,360698.0,351789
351793,VCS1413,2025,1776.0,351794
351798,VCS1418,2025,769.0,351799
351799,VCS1419,2025,54000.0,351800
351803,VCS1423,2025,4540.0,351804
351805,VCS1425,2025,639.0,351806
351817,VCS1438,2025,200.0,351818
351818,VCS1439,2025,1412.0,351819
351820,VCS1441,2025,350.0,351821
351823,VCS1444,2025,142541.0,351824
351825,VCS1446,2025,155155.0,351826
351826,VCS1447,2025,296747.0,351827
351840,VCS1461,2025,17574.0,351841
351841,VCS1463,2025,81707.0,351842
351842,VCS1464,2025,413506.0,351843
351843,VCS1465,2025,4994.0,351844
351845,VCS1468,2025,360922.0,351846
351852,VCS1477,2025,6629111.0,351853
351854,VCS1479,2025,29.0,351855
351855,VCS1480,2025,1940.0,351856
351856,VCS1481,2025,18129.0,351857
351857,VCS1482,2025,45231.0,351858
351858,VCS1483,2025,11710.0,351859
351860,VCS1485,2025,56604.0,351861
351866,VCS1493,2025,32277.0,351867
351868,VCS1495,2025,78704.0,351869
351869,VCS1496,2025,131500.0,351870
351872,VCS1499,2025,500.0,351873
351873,VCS1500,2025,29299.0,351874
351876,VCS1503,2025,22623.0,351877
351878,VCS1505,2025,78.0,351879
351879,VCS1506,2025,500.0,351880
351881,VCS1508,2025,122.0,351882
351883,VCS1510,2025,66143.0,351884
351891,VCS1519,2025,35636.0,351892
351892,VCS1520,2025,71037.0,351893
351893,VCS1521,2025,42550.0,351894
351894,VCS1522,2025,49833.0,351895
351895,VCS1523,2025,4142.0,351896
351897,VCS1525,2025,814.0,351898
351901,VCS1529,2025,20616.0,351902
351902,VCS1530,2025,4623.0,351903
351906,VCS1535,2025,11292.0,351907
351909,VCS1538,2025,939.0,351910
351910,VCS1539,2025,5774.0,351911
351911,VCS1541,2025,1240.0,351912
351912,VCS1542,2025,65454.0,351913
351913,VCS1543,2025,6905.0,351914
351916,VCS1546,2025,42002.0,351917
351917,VCS1547,2025,191.0,351918
351919,VCS1549,2025,29286.0,351920
351926,VCS1558,2025,12325.0,351927
351928,VCS1560,2025,35189.0,351929
351931,VCS1563,2025,118.0,351932
351933,VCS1566,2025,434255.0,351934
351936,VCS1569,2025,28578.0,351937
351938,VCS1571,2025,690195.0,351939
351941,VCS1577,2025,3085.0,351942
351944,VCS1580,2025,10245.0,351945
351945,VCS1582,2025,308273.0,351946
351948,VCS1587,2025,23307.0,351949
351950,VCS1622,2025,698741.0,351951
351954,VCS1644,2025,191291.0,351955
351955,VCS1650,2025,2946255.0,351956
351959,VCS1656,2025,23001.0,351960
351963,VCS1660,2025,7000.0,351964
351964,VCS1661,2025,54340.0,351965
351966,VCS1663,2025,1669.0,351967
351967,VCS1664,2025,76665.0,351968
351971,VCS1669,2025,91682.0,351972
351972,VCS1670,2025,25925.0,351973
351973,VCS1671,2025,27.0,351974
351977,VCS1675,2025,110.0,351978
351981,VCS1679,2025,10879.0,351982
351986,VCS1684,2025,364.0,351987
351987,VCS1685,2025,9122.0,351988
351988,VCS1686,2025,176751.0,351989
351990,VCS1689,2025,61465.0,351991
351992,VCS1691,2025,2143.0,351993
351996,VCS1696,2025,139.0,351997
352007,VCS1709,2025,106115.0,352008
352010,VCS1715,2025,6369.0,352011
352011,VCS1716,2025,17216.0,352012
352012,VCS1718,2025,61523.0,352013
352013,VCS1719,2025,116.0,352014
352014,VCS1720,2025,4291.0,352015
352015,VCS1721,2025,45258.0,352016
352016,VCS1723,2025,60820.0,352017
352018,VCS1728,2025,20870.0,352019
352021,VCS1732,2025,48916.0,352022
352022,VCS1733,2025,42084.0,352023
352023,VCS1734,2025,808.0,352024
352025,VCS1736,2025,362829.0,352026
352028,VCS1740,2025,14546.0,352029
352029,VCS1741,2025,4965.0,352030
352030,VCS1742,2025,1661725.0,352031
352032,VCS1744,2025,9777.0,352033
352033,VCS1745,2025,2420.0,352034
352034,VCS1746,2025,84539.0,352035
352035,VCS1748,2025,744815.0,352036
352038,VCS1752,2025,65.0,352039
352039,VCS1753,2025,805050.0,352040
352042,VCS1759,2025,5313.0,352043
352044,VCS1762,2025,58713.0,352045
352045,VCS1764,2025,37080.0,352046
352047,VCS1766,2025,6896.0,352048
352048,VCS1767,2025,162393.0,352049
352049,VCS1768,2025,3122.0,352050
352051,VCS1770,2025,62789.0,352052
352052,VCS1771,2025,64491.0,352053
352054,VCS1774,2025,2700.0,352055
352055,VCS1775,2025,2086335.0,352056
352056,VCS1776,2025,53276.0,352057
352058,VCS1781,2025,64.0,352059
352059,VCS1782,2025,50000.0,352060
352060,VCS1783,2025,5792.0,352061
352061,VCS1784,2025,380828.0,352062
352062,VCS1786,2025,44522.0,352063
352063,VCS1787,2025,4164.0,352064
352065,VCS1789,2025,2208.0,352066
352067,VCS1791,2025,38800.0,352068
352068,VCS1792,2025,489358.0,352069
352069,VCS1793,2025,12965.0,352070
352072,VCS1797,2025,12000.0,352073
352075,VCS1800,2025,68152.0,352076
352077,VCS1803,2025,34555.0,352078
352078,VCS1804,2025,7001.0,352079
352079,VCS1805,2025,344244.0,352080
352081,VCS1807,2025,285.0,352082
352084,VCS1811,2025,7666.0,352085
352085,VCS1812,2025,466603.0,352086
352087,VCS1815,2025,709356.0,352088
352089,VCS1817,2025,46104.0,352090
352091,VCS1820,2025,178078.0,352092
352093,VCS1822,2025,7123.0,352094
352094,VCS1823,2025,42205.0,352095
352095,VCS1824,2025,1467.0,352096
352101,VCS1830,2025,16698.0,352102
352102,VCS1831,2025,46398.0,352103
352111,VCS1842,2025,62066.0,352112
352113,VCS1844,2025,45886.0,352114
352116,VCS1847,2025,23929.0,352117
352119,VCS1850,2025,5000.0,352120
352120,VCS1851,2025,1363012.0,352121
352122,VCS1853,2025,29345.0,352123
352124,VCS1855,2025,30443.0,352125
352125,VCS1856,2025,38980.0,352126
352126,VCS1857,2025,1061.0,352127
352127,VCS1859,2025,979.0,352128
352128,VCS1860,2025,1085.0,352129
352130,VCS1862,2025,4589.0,352131
352131,VCS1863,2025,96.0,352132
352133,VCS1865,2025,191.0,352134
352135,VCS1867,2025,521604.0,352136
352138,VCS1870,2025,470.0,352139
352142,VCS1875,2025,42925.0,352143
352143,VCS1877,2025,25081.0,352144
352144,VCS1878,2025,2820.0,352145
352145,VCS1879,2025,175.0,352146
352147,VCS1882,2025,5649.0,352148
352148,VCS1883,2025,45917.0,352149
352150,VCS1885,2025,11016.0,352151
352154,VCS1890,2025,32873.0,352155
352155,VCS1891,2025,281042.0,352156
352159,VCS1896,2025,73011.0,352160
352160,VCS1897,2025,114577.0,352161
352161,VCS1898,2025,4264.0,352162
352162,VCS1899,2025,59355.0,352163
352163,VCS1900,2025,406371.0,352164
352166,VCS1903,2025,223204.0,352167
352167,VCS1904,2025,897637.0,352168
352168,VCS1905,2025,10.0,352169
352174,VCS1911,2025,6694.0,352175
352177,VCS1914,2025,148513.0,352178
352178,VCS1915,2025,18198.0,352179
352179,VCS1916,2025,6416.0,352180
352181,VCS1918,2025,1125.0,352182
352191,VCS1930,2025,737.0,352192
352192,VCS1931,2025,797643.0,352193
352195,VCS1935,2025,23554.0,352196
352197,VCS1937,2025,522.0,352198
352198,VCS1939,2025,899.0,352199
352199,VCS1940,2025,701.0,352200
352200,VCS1941,2025,144.0,352201
352202,VCS1943,2025,131.0,352203
352204,VCS1945,2025,697.0,352205
352205,VCS1946,2025,118.0,352206
352206,VCS1947,2025,16631.0,352207
352208,VCS1949,2025,47009.0,352209
352209,VCS1950,2025,152407.0,352210
352212,VCS1953,2025,27167.0,352213
352213,VCS1954,2025,14233.0,352214
352216,VCS1958,2025,46364.0,352217
352222,VCS1964,2025,50237.0,352223
352223,VCS1965,2025,14656.0,352224
352226,VCS1968,2025,83748.0,352227
352228,VCS1970,2025,98538.0,352229
352230,VCS1972,2025,25624.0,352231
352232,VCS1974,2025,33620.0,352233
352233,VCS1975,2025,59211.0,352234
352234,VCS1976,2025,175948.0,352235
352239,VCS1981,2025,31712.0,352240
352240,VCS1982,2025,10230.0,352241
352243,VCS1985,2025,578.0,352244
352245,VCS1987,2025,68631.0,352246
352254,VCS1996,2025,13665.0,352255
352255,VCS1997,2025,37529.0,352256
352257,VCS1999,2025,20139.0,352258
352259,VCS2001,2025,13741.0,352260
352260,VCS2002,2025,32075.0,352261
352262,VCS2004,2025,11138.0,352263
352263,VCS2005,2025,258.0,352264
352265,VCS2007,2025,18893.0,352266
352266,VCS2008,2025,7779.0,352267
352272,VCS2014,2025,3.0,352273
352275,VCS2017,2025,167409.0,352276
352277,VCS2019,2025,635049.0,352278
352278,VCS2020,2025,356375.0,352279
352281,VCS2023,2025,16713.0,352282
352284,VCS2026,2025,100027.0,352285
352291,VCS2033,2025,6152.0,352292
352294,VCS2036,2025,20919.0,352295
352296,VCS2038,2025,5583.0,352297
352298,VCS2040,2025,13761.0,352299
352300,VCS2042,2025,268008.0,352301
352310,VCS2052,2025,163744.0,352311
352317,VCS2059,2025,378614.0,352318
352318,VCS2060,2025,1910.0,352319
352323,VCS2065,2025,165848.0,352324
352327,VCS2069,2025,364519.0,352328
352328,VCS2070,2025,117271.0,352329
352335,VCS2079,2025,2275.0,352336
352337,VCS2082,2025,145583.0,352338
352338,VCS2083,2025,111151.0,352339
352340,VCS2085,2025,3201.0,352341
352341,VCS2087,2025,22003.0,352342
352346,VCS2092,2025,4160.0,352347
352347,VCS2093,2025,306.0,352348
352349,VCS2095,2025,5866.0,352350
352352,VCS2098,2025,460.0,352353
352362,VCS2242,2025,57684.0,352363
352363,VCS2243,2025,63152.0,352364
352364,VCS2244,2025,48564.0,352365
352370,VCS2250,2025,1074801.0,352371
352372,VCS2252,2025,18656.0,352373
352374,VCS2259,2025,102273.0,352375
352376,VCS2261,2025,315.0,352377
352379,VCS2278,2025,5.0,352380
352382,VCS2292,2025,35.0,352383
352383,VCS2293,2025,50025.0,352384
352386,VCS2297,2025,464381.0,352387
352388,VCS2299,2025,55000.0,352389
352392,VCS2303,2025,215.0,352393
352396,VCS2307,2025,10145.0,352397
352397,VCS2308,2025,759.0,352398
352398,VCS2309,2025,2272.0,352399
352399,VCS2310,2025,7327.0,352400
352400,VCS2311,2025,1557.0,352401
352401,VCS2312,2025,3423.0,352402
352402,VCS2313,2025,3490.0,352403
352403,VCS2314,2025,2434.0,352404
352404,VCS2315,2025,270.0,352405
352405,VCS2316,2025,4591.0,352406
352406,VCS2317,2025,6279.0,352407
352411,VCS2322,2025,3044.0,352412
352412,VCS2323,2025,1068.0,352413
352413,VCS2324,2025,8497.0,352414
352414,VCS2326,2025,20577.0,352415
352415,VCS2327,2025,287.0,352416
352421,VCS2335,2025,56669.0,352422
352422,VCS2336,2025,11979.0,352423
352423,VCS2337,2025,23254.0,352424
352424,VCS2338,2025,495.0,352425
352425,VCS2339,2025,43563.0,352426
352427,VCS2341,2025,27640.0,352428
352428,VCS2342,2025,202982.0,352429
352430,VCS2345,2025,125504.0,352431
352433,VCS2348,2025,3000.0,352434
352434,VCS2349,2025,1565.0,352435
352437,VCS2352,2025,274094.0,352438
352438,VCS2353,2025,325260.0,352439
352439,VCS2354,2025,11014.0,352440
352442,VCS2357,2025,4990.0,352443
352443,VCS2358,2025,279189.0,352444
352446,VCS2361,2025,197975.0,352447
352449,VCS2365,2025,3372.0,352450
352450,VCS2366,2025,28267.0,352451
352451,VCS2367,2025,93015.0,352452
352452,VCS2369,2025,73093.0,352453
352455,VCS2372,2025,30814.0,352456
352456,VCS2373,2025,1800.0,352457
352458,VCS2375,2025,4992.0,352459
352461,VCS2378,2025,1397.0,352462
352462,VCS2379,2025,182594.0,352463
352467,VCS2384,2025,95000.0,352468
352470,VCS2387,2025,365.0,352471
352474,VCS2391,2025,4026.0,352475
352483,VCS2400,2025,213.0,352484
352484,VCS2401,2025,110642.0,352485
352485,VCS2402,2025,83189.0,352486
352487,VCS2404,2025,153344.0,352488
352488,VCS2405,2025,46281.0,352489
352492,VCS2409,2025,8721.0,352493
352493,VCS2410,2025,62938.0,352494
352494,VCS2411,2025,149.0,352495
352497,VCS2414,2025,1999.0,352498
352499,VCS2416,2025,18064.0,352500
352500,VCS2417,2025,24979.0,352501
352504,VCS2422,2025,10280.0,352505
352505,VCS2423,2025,1000.0,352506
352506,VCS2424,2025,5510.0,352507
352507,VCS2425,2025,24282.0,352508
352508,VCS2426,2025,23504.0,352509
352512,VCS2430,2025,17471.0,352513
352516,VCS2434,2025,987.0,352517
352518,VCS2436,2025,21884.0,352519
352519,VCS2437,2025,24177.0,352520
352520,VCS2438,2025,20752.0,352521
352521,VCS2439,2025,12958.0,352522
352522,VCS2440,2025,12758.0,352523
352524,VCS2442,2025,6920.0,352525
352525,VCS2443,2025,24147.0,352526
352526,VCS2444,2025,3054.0,352527
352528,VCS2446,2025,22690.0,352529
352529,VCS2447,2025,12673.0,352530
352533,VCS2451,2025,7044.0,352534
352535,VCS2455,2025,1531.0,352536
352537,VCS2458,2025,187139.0,352538
352542,VCS2464,2025,435176.0,352543
352543,VCS2465,2025,5585.0,352544
352546,VCS2468,2025,72349.0,352547
352547,VCS2469,2025,16729.0,352548
352550,VCS2473,2025,191.0,352551
352555,VCS2478,2025,1327402.0,352556
352557,VCS2481,2025,2022.0,352558
352559,VCS2483,2025,1130.0,352560
352565,VCS2490,2025,23081.0,352566
352566,VCS2491,2025,50685.0,352567
352572,VCS2497,2025,95177.0,352573
352573,VCS2498,2025,12124.0,352574
352577,VCS2502,2025,675211.0,352578
352578,VCS2503,2025,3928.0,352579
352580,VCS2505,2025,3563519.0,352581
352583,VCS2508,2025,133985.0,352584
352587,VCS2512,2025,54158.0,352588
352590,VCS2516,2025,260.0,352591
352596,VCS2522,2025,87248.0,352597
352597,VCS2523,2025,79355.0,352598
352604,VCS2532,2025,8690.0,352605
352607,VCS2535,2025,29325.0,352608
352609,VCS2537,2025,2691.0,352610
352611,VCS2539,2025,22934.0,352612
352612,VCS2540,2025,50122.0,352613
352615,VCS2548,2025,11045.0,352616
352617,VCS2551,2025,792015.0,352618
352618,VCS2552,2025,58499.0,352619
352620,VCS2554,2025,34180.0,352621
352621,VCS2555,2025,160000.0,352622
352622,VCS2556,2025,28378.0,352623
352623,VCS2557,2025,6118.0,352624
352624,VCS2558,2025,327720.0,352625
352627,VCS2565,2025,40.0,352628
352628,VCS2566,2025,14367.0,352629
352636,VCS2576,2025,112649.0,352637
352639,VCS2581,2025,156980.0,352640
352640,VCS2582,2025,834.0,352641
352645,VCS2588,2025,123796.0,352646
352649,VCS2593,2025,784.0,352650
352655,VCS2599,2025,2623.0,352656
352656,VCS2600,2025,12012.0,352657
352657,VCS2601,2025,77574.0,352658
352658,VCS2603,2025,5862.0,352659
352661,VCS2606,2025,198.0,352662
352664,VCS2609,2025,3561478.0,352665
352665,VCS2610,2025,25.0,352666
352666,VCS2611,2025,1272259.0,352667
352669,VCS2614,2025,98532.0,352670
352670,VCS2615,2025,46184.0,352671
352671,VCS2616,2025,45.0,352672
352682,VCS2629,2025,3487.0,352683
352688,VCS2635,2025,52956.0,352689
352692,VCS2639,2025,56785.0,352693
352694,VCS2645,2025,87752.0,352695
352695,VCS2647,2025,342.0,352696
352696,VCS2649,2025,6041.0,352697
352702,VCS2656,2025,1964.0,352703
352709,VCS2664,2025,35343.0,352710
352719,VCS2676,2025,1500.0,352720
352732,VCS2690,2025,36306.0,352733
352733,VCS2691,2025,26678.0,352734
352734,VCS2692,2025,77047.0,352735
352735,VCS2693,2025,14420.0,352736
352738,VCS2696,2025,191.0,352739
352739,VCS2697,2025,2451.0,352740
352748,VCS2706,2025,247.0,352749
352754,VCS2712,2025,159065.0,352755
352763,VCS2723,2025,153505.0,352764
352776,VCS2736,2025,185882.0,352777
352777,VCS2737,2025,393458.0,352778
352778,VCS2738,2025,919242.0,352779
352779,VCS2739,2025,406435.0,352780
352785,VCS2745,2025,6816.0,352786
352786,VCS2746,2025,68606.0,352787
352787,VCS2748,2025,538758.0,352788
352788,VCS2749,2025,3245.0,352789
352789,VCS2750,2025,350.0,352790
352790,VCS2751,2025,4534.0,352791
352801,VCS2762,2025,3020.0,352802
352806,VCS2768,2025,5332.0,352807
352818,VCS2780,2025,1415.0,352819
352830,VCS2794,2025,8280.0,352831
352863,VCS2828,2025,15016.0,352864
352865,VCS2830,2025,320794.0,352866
352867,VCS2833,2025,12185.0,352868
352874,VCS2840,2025,50053.0,352875
352880,VCS2846,2025,134949.0,352881
352886,VCS2852,2025,1383.0,352887
352898,VCS2864,2025,11513.0,352899
352900,VCS2866,2025,47168.0,352901
352902,VCS2868,2025,6700.0,352903
352912,VCS2878,2025,75861.0,352913
352913,VCS2879,2025,10701.0,352914
352930,VCS2897,2025,702038.0,352931
352931,VCS2899,2025,240000.0,352932
352934,VCS2902,2025,240000.0,352935
352935,VCS2903,2025,240000.0,352936
352939,VCS2909,2025,240000.0,352940
352951,VCS2922,2025,353.0,352952
352952,VCS2923,2025,7125.0,352953
352958,VCS2930,2025,326386.0,352959
352966,VCS2938,2025,25165.0,352967
352967,VCS2939,2025,164531.0,352968
352970,VCS2942,2025,12575.0,352971
352972,VCS2944,2025,37827.0,352973
352979,VCS2951,2025,4973.0,352980
352987,VCS2960,2025,2247.0,352988
352989,VCS2965,2025,7538.0,352990
353002,VCS2981,2025,40447.0,353003
353003,VCS2982,2025,44135.0,353004
353009,VCS2989,2025,15416.0,353010
353016,VCS2998,2025,52961.0,353017
353023,VCS3005,2025,63850.0,353024
353028,VCS3010,2025,104327.0,353029
353036,VCS3018,2025,691220.0,353037
353038,VCS3020,2025,101023.0,353039
353039,VCS3021,2025,5691.0,353040
353042,VCS3025,2025,110085.0,353043
353058,VCS3046,2025,10000.0,353059
353067,VCS3056,2025,4633.0,353068
353070,VCS3059,2025,464.0,353071
353073,VCS3063,2025,392.0,353074
353104,VCS3094,2025,7000.0,353105
353105,VCS3095,2025,226.0,353106
353118,VCS3109,2025,137.0,353119
353142,VCS3134,2025,10.0,353143
353160,VCS3154,2025,98.0,353161
353164,VCS3158,2025,22797.0,353165
353166,VCS3160,2025,1029.0,353167
353167,VCS3161,2025,16955.0,353168
353211,VCS3207,2025,34859.0,353212
353243,VCS3240,2025,7077.0,353244
353248,VCS3245,2025,479.0,353249
353263,VCS3262,2025,26074.0,353264
353280,VCS3279,2025,5128.0,353281
353283,VCS3282,2025,231.0,353284
353297,VCS3298,2025,3372.0,353298
353307,VCS3308,2025,2783.0,353308
353340,VCS3342,2025,5116.0,353341
353345,VCS3348,2025,53124.0,353346
353346,VCS3350,2025,57310.0,353347
353348,VCS3352,2025,51156.0,353349
353352,VCS3356,2025,13031.0,353353
353358,VCS3363,2025,1510.0,353359
353363,VCS3368,2025,299.0,353364
353366,VCS3371,2025,53665.0,353367
353385,VCS3393,2025,4546.0,353386
353439,VCS3448,2025,13843.0,353440
353525,VCS3556,2025,25.0,353526
353531,VCS3562,2025,1125.0,353532
353539,VCS3570,2025,35.0,353540
353569,VCS3601,2025,2550.0,353570
353571,VCS3603,2025,17924.0,353572
353572,VCS3604,2025,1881.0,353573
353582,VCS3616,2025,20568.0,353583
353591,VCS3625,2025,10000.0,353592
353624,VCS3662,2025,46448.0,353625
353638,VCS3677,2025,63.0,353639
353649,VCS3689,2025,1020.0,353650
353659,VCS3699,2025,38228.0,353660
353694,VCS3739,2025,318829.0,353695
353700,VCS3746,2025,27.0,353701
353763,VCS3820,2025,19832.0,353764
353779,VCS3839,2025,2422.0,353780
353798,VCS3861,2025,52670.0,353799
353803,VCS3866,2025,22553.0,353804
353809,VCS3872,2025,6757.0,353810
353817,VCS3881,2025,991.0,353818
353824,VCS3889,2025,293.0,353825
353832,VCS3898,2025,297886.0,353833
353835,VCS3901,2025,2553.0,353836
353854,VCS3922,2025,284.0,353855
353871,VCS3940,2025,5642.0,353872
353874,VCS3944,2025,200.0,353875
353920,VCS3996,2025,15000.0,353921
353923,VCS4000,2025,225514.0,353924
353937,VCS4015,2025,32125.0,353938
353939,VCS4018,2025,13935.0,353940
353940,VCS4019,2025,7882.0,353941
353941,VCS4020,2025,210.0,353942
353943,VCS4022,2025,48697.0,353944
353983,VCS4070,2025,470.0,353984
354013,VCS4102,2025,37156.0,354014
354045,VCS4138,2025,42821.0,354046
354050,VCS4144,2025,17669.0,354051
354051,VCS4145,2025,530.0,354052
354056,VCS4150,2025,3012735.0,354057
354062,VCS4157,2025,116625.0,354063
354085,VCS4182,2025,11679.0,354086
354098,VCS4196,2025,28.0,354099
354117,VCS4223,2025,771.0,354118
354119,VCS4225,2025,59180.0,354120
354120,VCS4226,2025,60699.0,354121
354143,VCS4250,2025,915.0,354144
354151,VCS4260,2025,469.0,354152
354159,VCS4268,2025,29751.0,354160
354170,VCS4279,2025,35551.0,354171
354179,VCS4288,2025,8000.0,354180
354180,VCS4289,2025,1286.0,354181
354220,VCS4335,2025,112.0,354221
354268,VCS4383,2025,203.0,354269
354295,VCS4412,2025,4310.0,354296
354309,VCS4429,2025,84600.0,354310
354317,VCS4443,2025,37226.0,354318
354340,VCS4469,2025,51407.0,354341
354341,VCS4472,2025,12992.0,354342
354376,VCS4511,2025,245.0,354377
354392,VCS4531,2025,1348958.0,354393
354406,VCS4546,2025,4356.0,354407
354418,VCS4559,2025,8696.0,354419
354464,VCS4612,2025,4700.0,354465
354520,VCS4675,2025,628.0,354521
354523,VCS4679,2025,4127.0,354524
354630,VCS4818,2025,700.0,354631
354635,VCS4824,2025,500.0,354636
354638,VCS4830,2025,81.0,354639
354732,VCS4950,2025,980.0,354733
354751,VCS4977,2025,34.0,354752
354774,VCS5011,2025,330602.0,354775
354913,VCS5186,2025,250.0,354914
354933,VCS5210,2025,295.0,354934
355690,ACR0114,2026,183775.0,355691
355701,ACR0126,2026,41.0,355702
355706,ACR0131,2026,575.0,355707
355712,ACR0137,2026,3392.0,355713
355726,ACR0151,2026,4307.0,355727
355729,ACR0154,2026,120.0,355730
355745,ACR0173,2026,30052.0,355746
355761,ACR0191,2026,5613.0,355762
355767,ACR0199,2026,40134.0,355768
355768,ACR0200,2026,4010.0,355769
355778,ACR0211,2026,351336.0,355779
355779,ACR0212,2026,7924.0,355780
355783,ACR0222,2026,20559.0,355784
355785,ACR0224,2026,17234.0,355786
355787,ACR0226,2026,11080.0,355788
355795,ACR0235,2026,14040.0,355796
355798,ACR0238,2026,11432.0,355799
355801,ACR0241,2026,1096.0,355802
355802,ACR0242,2026,4000.0,355803
355815,ACR0255,2026,16768.0,355816
355817,ACR0257,2026,572.0,355818
355820,ACR0260,2026,208476.0,355821
355822,ACR0262,2026,43838.0,355823
355826,ACR0266,2026,20.0,355827
355827,ACR0267,2026,6144.0,355828
355828,ACR0268,2026,102968.0,355829
355829,ACR0269,2026,63898.0,355830
355833,ACR0273,2026,24528.0,355834
355834,ACR0274,2026,120000.0,355835
355836,ACR0276,2026,6996.0,355837
355840,ACR0280,2026,9204.0,355841
355842,ACR0282,2026,6794.0,355843
355844,ACR0284,2026,3348.0,355845
355871,ACR0313,2026,1078.0,355872
355877,ACR0324,2026,11766.0,355878
355887,ACR0355,2026,600.0,355888
355892,ACR0360,2026,13664.0,355893
355907,ACR0376,2026,2206.0,355908
355908,ACR0377,2026,21682.0,355909
355912,ACR0382,2026,3753.0,355913
355917,ACR0388,2026,44912.0,355918
355922,ACR0394,2026,500.0,355923
355925,ACR0398,2026,40.0,355926
355934,ACR0410,2026,751.0,355935
355937,ACR0413,2026,3192.0,355938
355938,ACR0416,2026,36288.0,355939
355939,ACR0417,2026,1800.0,355940
355941,ACR0419,2026,14524.0,355942
355943,ACR0422,2026,54911.0,355944
355945,ACR0424,2026,3940.0,355946
355955,ACR0435,2026,133844.0,355956
355957,ACR0437,2026,136348.0,355958
355959,ACR0439,2026,3000.0,355960
355961,ACR0441,2026,40000.0,355962
355972,ACR0454,2026,7429.0,355973
355977,ACR0459,2026,39213.0,355978
355999,ACR0483,2026,69808.0,356000
356006,ACR0493,2026,154016.0,356007
356011,ACR0499,2026,27210.0,356012
356016,ACR0505,2026,10000.0,356017
356017,ACR0506,2026,17887.0,356018
356019,ACR0508,2026,35282.0,356020
356020,ACR0509,2026,98694.0,356021
356023,ACR0515,2026,155.0,356024
356026,ACR0518,2026,8000.0,356027
356027,ACR0519,2026,25171.0,356028
356028,ACR0520,2026,100000.0,356029
356039,ACR0533,2026,138.0,356040
356040,ACR0534,2026,15000.0,356041
356045,ACR0539,2026,274101.0,356046
356047,ACR0542,2026,3000.0,356048
356048,ACR0543,2026,130.0,356049
356054,ACR0549,2026,30114.0,356055
356055,ACR0550,2026,22622.0,356056
356059,ACR0554,2026,6800.0,356060
356060,ACR0555,2026,3500.0,356061
356061,ACR0556,2026,17708.0,356062
356062,ACR0557,2026,35000.0,356063
356063,ACR0558,2026,18475.0,356064
356064,ACR0560,2026,2.0,356065
356068,ACR0566,2026,20829.0,356069
356069,ACR0568,2026,11770.0,356070
356070,ACR0569,2026,2445.0,356071
356072,ACR0571,2026,43331.0,356073
356073,ACR0572,2026,1800.0,356074
356076,ACR0576,2026,14153.0,356077
356082,ACR0582,2026,11346.0,356083
356086,ACR0586,2026,66563.0,356087
356087,ACR0587,2026,174426.0,356088
356088,ACR0588,2026,801.0,356089
356089,ACR0589,2026,30054.0,356090
356090,ACR0590,2026,950.0,356091
356092,ACR0592,2026,2185.0,356093
356093,ACR0593,2026,20192.0,356094
356094,ACR0594,2026,1196.0,356095
356095,ACR0595,2026,1149.0,356096
356096,ACR0596,2026,945.0,356097
356098,ACR0598,2026,8559.0,356099
356104,ACR0604,2026,6458.0,356105
356106,ACR0607,2026,10.0,356107
356107,ACR0608,2026,144.0,356108
356108,ACR0609,2026,183028.0,356109
356109,ACR0610,2026,59208.0,356110
356110,ACR0611,2026,80318.0,356111
356114,ACR0616,2026,93911.0,356115
356115,ACR0617,2026,2597.0,356116
356117,ACR0619,2026,4298.0,356118
356119,ACR0621,2026,2273.0,356120
356120,ACR0622,2026,37981.0,356121
356126,ACR0629,2026,64045.0,356127
356129,ACR0632,2026,8016.0,356130
356130,ACR0633,2026,11728.0,356131
356133,ACR0637,2026,48168.0,356134
356134,ACR0638,2026,167236.0,356135
356139,ACR0643,2026,1449.0,356140
356140,ACR0644,2026,1626.0,356141
356142,ACR0646,2026,28726.0,356143
356143,ACR0647,2026,8600.0,356144
356144,ACR0648,2026,30543.0,356145
356145,ACR0649,2026,4266.0,356146
356146,ACR0650,2026,7380.0,356147
356147,ACR0651,2026,36550.0,356148
356151,ACR0656,2026,101413.0,356152
356152,ACR0657,2026,10549.0,356153
356153,ACR0658,2026,33262.0,356154
356155,ACR0660,2026,13813.0,356156
356158,ACR0663,2026,821.0,356159
356162,ACR0668,2026,1812.0,356163
356164,ACR0670,2026,89.0,356165
356166,ACR0672,2026,15000.0,356167
356169,ACR0675,2026,103308.0,356170
356170,ACR0676,2026,14564.0,356171
356171,ACR0677,2026,555.0,356172
356172,ACR0678,2026,5769.0,356173
356174,ACR0680,2026,119354.0,356175
356175,ACR0681,2026,39143.0,356176
356177,ACR0683,2026,10322.0,356178
356179,ACR0685,2026,10000.0,356180
356180,ACR0686,2026,47002.0,356181
356181,ACR0687,2026,3050.0,356182
356187,ACR0695,2026,5512.0,356188
356189,ACR0699,2026,40259.0,356190
356190,ACR0701,2026,495096.0,356191
356192,ACR0704,2026,16149.0,356193
356193,ACR0705,2026,12961.0,356194
356194,ACR0706,2026,32000.0,356195
356197,ACR0709,2026,2250.0,356198
356199,ACR0716,2026,100763.0,356200
356200,ACR0718,2026,33985.0,356201
356201,ACR0720,2026,10000.0,356202
356205,ACR0729,2026,59254.0,356206
356209,ACR0733,2026,34793.0,356210
356210,ACR0734,2026,31260.0,356211
356211,ACR0735,2026,8176.0,356212
356212,ACR0736,2026,11556.0,356213
356213,ACR0737,2026,2.0,356214
356221,ACR0745,2026,1801.0,356222
356224,ACR0751,2026,63232.0,356225
356227,ACR0754,2026,11775.0,356228
356228,ACR0755,2026,8844.0,356229
356232,ACR0760,2026,9038.0,356233
356233,ACR0761,2026,14506.0,356234
356234,ACR0762,2026,4038.0,356235
356235,ACR0764,2026,35000.0,356236
356240,ACR0771,2026,36752.0,356241
356241,ACR0772,2026,602.0,356242
356242,ACR0773,2026,21180.0,356243
356243,ACR0774,2026,36332.0,356244
356246,ACR0777,2026,65.0,356247
356247,ACR0778,2026,85140.0,356248
356249,ACR0781,2026,2000.0,356250
356250,ACR0782,2026,21032.0,356251
356251,ACR0783,2026,8329.0,356252
356252,ACR0785,2026,25800.0,356253
356257,ACR0793,2026,26854.0,356258
356262,ACR0799,2026,102.0,356263
356263,ACR0800,2026,9138.0,356264
356265,ACR0802,2026,1740.0,356266
356269,ACR0806,2026,4104.0,356270
356270,ACR0807,2026,780.0,356271
356275,ACR0812,2026,4301.0,356276
356276,ACR0813,2026,4325.0,356277
356281,ACR0818,2026,187388.0,356282
356284,ACR0821,2026,544.0,356285
356286,ACR0823,2026,17115.0,356287
356287,ACR0824,2026,129.0,356288
356289,ACR0827,2026,1520.0,356290
356291,ACR0829,2026,4800.0,356292
356292,ACR0830,2026,17281.0,356293
356294,ACR0832,2026,17588.0,356295
356295,ACR0833,2026,157078.0,356296
356301,ACR0840,2026,10160.0,356302
356303,ACR0842,2026,9844.0,356304
356308,ACR0847,2026,900.0,356309
356309,ACR0848,2026,32796.0,356310
356313,ACR0852,2026,17000.0,356314
356328,ACR0869,2026,97642.0,356329
356329,ACR0872,2026,36.0,356330
356330,ACR0873,2026,21270.0,356331
356331,ACR0874,2026,58054.0,356332
356333,ACR0876,2026,149.0,356334
356334,ACR0877,2026,9096.0,356335
356335,ACR0878,2026,45391.0,356336
356336,ACR0879,2026,31850.0,356337
356342,ACR0885,2026,84545.0,356343
356343,ACR0886,2026,8690.0,356344
356345,ACR0888,2026,1800.0,356346
356346,ACR0889,2026,54678.0,356347
356347,ACR0890,2026,4096.0,356348
356351,ACR0894,2026,80556.0,356352
356354,ACR0897,2026,1175.0,356355
356356,ACR0900,2026,116400.0,356357
356360,ACR0904,2026,14747.0,356361
356361,ACR0905,2026,21528.0,356362
356370,ACR0915,2026,59482.0,356371
356374,ACR0920,2026,20000.0,356375
356376,ACR0922,2026,1000.0,356377
356377,ACR0923,2026,51663.0,356378
356378,ACR0924,2026,12250.0,356379
356379,ACR0925,2026,14862.0,356380
356382,ACR0928,2026,300.0,356383
356387,ACR0934,2026,12792.0,356388
356388,ACR0935,2026,110000.0,356389
356390,ACR0937,2026,375.0,356391
356394,ACR0941,2026,1000.0,356395
356405,ACR0958,2026,269.0,356406
356406,ACR0959,2026,1038.0,356407
356410,ACR0965,2026,3945.0,356411
356411,ACR0966,2026,2000.0,356412
356415,ACR0973,2026,36113.0,356416
356417,ACR0975,2026,24701.0,356418
356418,ACR0976,2026,383330.0,356419
356419,ACR0977,2026,92490.0,356420
356421,ACR0979,2026,5323.0,356422
356429,ACR0992,2026,12500.0,356430
356451,ACR1014,2026,18390.0,356452
356452,ACR1015,2026,91270.0,356453
356455,ACR1020,2026,48508.0,356456
356456,ACR1021,2026,53926.0,356457
356467,ACR1032,2026,1043.0,356468
356470,ACR1035,2026,8106.0,356471
356473,ACR1039,2026,1942.0,356474
356475,ACR1041,2026,155.0,356476
356476,ACR1042,2026,2000.0,356477
356480,ACR1047,2026,17612.0,356481
356482,ACR1049,2026,37382.0,356483
356487,ACR1055,2026,9688.0,356488
356488,ACR1056,2026,15312.0,356489
356491,ACR1060,2026,48640.0,356492
356495,ACR1065,2026,252.0,356496
356496,ACR1066,2026,264778.0,356497
356512,ACR1092,2026,8700.0,356513
356522,ACR1104,2026,14007.0,356523
356524,ACR1107,2026,26718.0,356525
356525,ACR1108,2026,162498.0,356526
356528,ACR1111,2026,16456.0,356529
356530,ACR1114,2026,35012.0,356531
356532,ACR1116,2026,500.0,356533
356533,ACR1117,2026,79812.0,356534
356539,ACR1124,2026,118954.0,356540
356543,ACR1129,2026,29893.0,356544
356547,ACR1133,2026,20875.0,356548
356562,ACR1148,2026,3043.0,356563
356564,ACR1150,2026,5717.0,356565
356566,ACR1152,2026,71500.0,356567
356582,ACR1169,2026,1275.0,356583
356584,ACR1172,2026,1366.0,356585
356586,ACR1174,2026,8000.0,356587
356591,ACR1179,2026,1584.0,356592
356594,ACR1182,2026,253.0,356595
356600,ACR1188,2026,173.0,356601
356602,ACR1190,2026,52183.0,356603
356606,ACR1194,2026,139114.0,356607
356611,ACR1200,2026,2561.0,356612
356626,ACR1215,2026,1680.0,356627
356640,ACR1231,2026,2262.0,356641
356678,ART0101,2026,367186.0,356679
356679,ART0102,2026,12568592.0,356680
356705,ART0130,2026,279590.0,356706
356708,CAR101,2026,14192.0,356709
356715,CAR400,2026,272838.0,356716
356719,CAR408,2026,90383.0,356720
356726,CAR422,2026,1533.0,356727
356730,CAR429,2026,11200.0,356731
356735,CAR436,2026,6171.0,356736
356736,CAR437,2026,95.0,356737
356740,CAR443,2026,126398.0,356741
356741,CAR444,2026,4953.0,356742
356757,CAR466,2026,6197.0,356758
356762,CAR473,2026,10096.0,356763
356764,CAR475,2026,16202.0,356765
356772,CAR483,2026,1080.0,356773
356777,CAR489,2026,10.0,356778
356780,CAR495,2026,33732.0,356781
356782,CAR497,2026,29000.0,356783
356783,CAR498,2026,1013.0,356784
356785,CAR502,2026,13655.0,356786
356791,CAR509,2026,8315.0,356792
356792,CAR512,2026,26183.0,356793
356795,CAR515,2026,14701.0,356796
356796,CAR516,2026,18481.0,356797
356797,CAR517,2026,5000.0,356798
356798,CAR521,2026,28100.0,356799
356800,CAR531,2026,13069.0,356801
356803,CAR535,2026,5451.0,356804
356809,CAR558,2026,20834.0,356810
356811,CAR566,2026,1442.0,356812
356813,CAR575,2026,427.0,356814
356822,CAR592,2026,24268.0,356823
356835,CAR621,2026,57000.0,356836
356845,CAR646,2026,5781.0,356846
356850,CAR659,2026,11518.0,356851
356854,CAR674,2026,26954.0,356855
356857,CAR683,2026,6.0,356858
356858,CAR686,2026,421.0,356859
356859,CAR688,2026,4843.0,356860
356861,CAR694,2026,1252.0,356862
356864,CAR730,2026,15899.0,356865
356870,CAR768,2026,20000.0,356871
356881,CAR785,2026,114.0,356882
356883,CAR790,2026,2600.0,356884
356890,CAR802,2026,7896.0,356891
356895,CAR811,2026,1268.0,356896
356902,CAR822,2026,761.0,356903
356906,CAR829,2026,9939.0,356907
356913,CAR838,2026,68095.0,356914
356914,CAR839,2026,12775.0,356915
356921,CAR880,2026,500.0,356922
356934,CAR911,2026,37677.0,356935
356944,CAR948,2026,37000.0,356945
356953,CAR965,2026,419.0,356954
356968,CAR993,2026,1857.0,356969
356976,CAR1002,2026,150.0,356977
356981,CAR1008,2026,21971.0,356982
356988,CAR1015,2026,22159.0,356989
357005,CAR1041,2026,1098.0,357006
357014,CAR1056,2026,535.0,357015
357015,CAR1057,2026,45.0,357016
357016,CAR1058,2026,639.0,357017
357026,CAR1070,2026,1400.0,357027
357049,CAR1095,2026,10253.0,357050
357052,CAR1098,2026,6481.0,357053
357053,CAR1099,2026,9221.0,357054
357054,CAR1100,2026,5769.0,357055
357058,CAR1104,2026,1796.0,357059
357060,CAR1106,2026,619.0,357061
357063,CAR1110,2026,41761.0,357064
357077,CAR1124,2026,1375.0,357078
357088,CAR1136,2026,2404.0,357089
357091,CAR1139,2026,2250.0,357092
357092,CAR1140,2026,47354.0,357093
357097,CAR1145,2026,1271.0,357098
357118,CAR1169,2026,3841.0,357119
357122,CAR1174,2026,15578.0,357123
357123,CAR1175,2026,1025.0,357124
357125,CAR1177,2026,184.0,357126
357128,CAR1180,2026,2116.0,357129
357131,CAR1183,2026,3688.0,357132
357139,CAR1191,2026,6412.0,357140
357144,CAR1197,2026,10830.0,357145
357154,CAR1208,2026,1266.0,357155
357161,CAR1215,2026,345.0,357162
357173,CAR1238,2026,34.0,357174
357182,CAR1247,2026,1829.0,357183
357192,CAR1259,2026,10256.0,357193
357193,CAR1260,2026,6606.0,357194
357194,CAR1261,2026,1104.0,357195
357195,CAR1262,2026,14842.0,357196
357197,CAR1264,2026,3955.0,357198
357198,CAR1265,2026,1.0,357199
357215,CAR1284,2026,13754.0,357216
357224,CAR1293,2026,15791.0,357225
357226,CAR1295,2026,2019.0,357227
357256,CAR1329,2026,2.0,357257
357257,CAR1330,2026,6753.0,357258
357262,CAR1335,2026,70458.0,357263
357265,CAR1339,2026,4958.0,357266
357269,CAR1344,2026,13769.0,357270
357290,CAR1367,2026,58313.0,357291
357291,CAR1368,2026,1271.0,357292
357292,CAR1372,2026,762.0,357293
357301,CAR1381,2026,150.0,357302
357302,CAR1382,2026,568.0,357303
357303,CAR1384,2026,45827.0,357304
357322,CAR1408,2026,30029.0,357323
357323,CAR1409,2026,165990.0,357324
357331,CAR1428,2026,39700.0,357332
357332,CAR1429,2026,3215.0,357333
357341,CAR1441,2026,1058.0,357342
357354,CAR1455,2026,47421.0,357355
357357,CAR1459,2026,73265.0,357358
357370,CAR1480,2026,2675144.0,357371
357381,CAR1493,2026,2463.0,357382
357382,CAR1494,2026,18649.0,357383
357383,CAR1495,2026,38561.0,357384
357385,CAR1497,2026,6778.0,357386
357387,CAR1499,2026,2662.0,357388
357389,CAR1505,2026,1560.0,357390
357390,CAR1506,2026,610.0,357391
357391,CAR1507,2026,20310.0,357392
357392,CAR1508,2026,2185.0,357393
357393,CAR1509,2026,12762.0,357394
357394,CAR1510,2026,10991.0,357395
357395,CAR1511,2026,1340.0,357396
357396,CAR1513,2026,5288.0,357397
357397,CAR1514,2026,5619.0,357398
357398,CAR1515,2026,1291.0,357399
357415,CAR1539,2026,1063.0,357416
357435,CAR1562,2026,6871.0,357436
357438,CAR1566,2026,2251.0,357439
357439,CAR1567,2026,20340.0,357440
357440,CAR1568,2026,207312.0,357441
357446,CAR1574,2026,39813.0,357447
357447,CAR1576,2026,2229.0,357448
357452,CAR1582,2026,3.0,357453
357453,CAR1584,2026,8446.0,357454
357461,CAR1593,2026,1254.0,357462
357472,CAR1606,2026,30532.0,357473
357473,CAR1607,2026,11110.0,357474
357474,CAR1608,2026,30836.0,357475
357477,CAR1611,2026,2165.0,357478
357478,CAR1612,2026,1.0,357479
357479,CAR1613,2026,5990.0,357480
357487,CAR1621,2026,6203.0,357488
357488,CAR1622,2026,320.0,357489
357489,CAR1623,2026,15696.0,357490
357490,CAR1624,2026,186844.0,357491
357492,CAR1626,2026,25508.0,357493
357493,CAR1627,2026,1368.0,357494
357507,CAR1648,2026,159.0,357508
357510,CAR1651,2026,326.0,357511
357512,CAR1653,2026,2174.0,357513
357516,CAR1658,2026,4380.0,357517
357517,CAR1659,2026,3000.0,357518
357518,CAR1660,2026,43418.0,357519
357519,CAR1661,2026,6583.0,357520
357521,CAR1663,2026,145982.0,357522
357527,CAR1674,2026,148852.0,357528
357541,CAR1696,2026,71015.0,357542
357543,CAR1710,2026,54498.0,357544
357559,CAR1728,2026,13230.0,357560
357560,CAR1729,2026,173.0,357561
357566,CAR1739,2026,159888.0,357567
357570,CAR1745,2026,40000.0,357571
357574,CAR1749,2026,219.0,357575
357603,CAR1804,2026,12313.0,357604
357612,CAR1817,2026,7877.0,357613
357615,CAR1820,2026,14592.0,357616
357622,CAR1828,2026,1038.0,357623
357623,CAR1829,2026,11000.0,357624
357630,CAR1843,2026,43435.0,357631
357631,CAR1844,2026,10770.0,357632
357645,CAR1861,2026,2921.0,357646
357647,CAR1863,2026,18416.0,357648
357648,CAR1864,2026,72562.0,357649
357649,CAR1865,2026,3500.0,357650
357659,CAR1876,2026,761.0,357660
357678,CAR1915,2026,7500.0,357679
357685,CAR1928,2026,14930.0,357686
357696,CAR1941,2026,39456.0,357697
357699,CAR1944,2026,34777.0,357700
357701,CAR1946,2026,84212.0,357702
357702,CAR1948,2026,2251.0,357703
357706,CAR1952,2026,3820.0,357707
357713,CAR1959,2026,5138.0,357714
357714,CAR1960,2026,356.0,357715
357731,CAR1982,2026,132.0,357732
357733,CAR1984,2026,570.0,357734
357735,CAR1986,2026,881.0,357736
357737,CAR1990,2026,30322.0,357738
357745,CAR2004,2026,16194.0,357746
357746,CAR2005,2026,14678.0,357747
357747,CAR2006,2026,7128.0,357748
357769,CAR2029,2026,1466.0,357770
357775,CAR2039,2026,26263.0,357776
357791,CAR2056,2026,7000.0,357792
357792,CAR2057,2026,21635.0,357793
357795,CAR2060,2026,30.0,357796
357844,CAR2112,2026,147508.0,357845
357998,GS352,2026,59152.0,357999
357999,GS353,2026,190.0,358000
358001,GS367,2026,160226.0,358002
358003,GS369,2026,1208.0,358004
358007,GS388,2026,310.0,358008
358008,GS390,2026,8721.0,358009
358012,GS398,2026,6473.0,358013
358016,GS407,2026,43444.0,358017
358017,GS410,2026,709.0,358018
358020,GS413,2026,313.0,358021
358025,GS423,2026,79.0,358026
358027,GS436,2026,2828.0,358028
358033,GS445,2026,1810.0,358034
358034,GS447,2026,176842.0,358035
358035,GS449,2026,142.0,358036
358042,GS464,2026,55773.0,358043
358045,GS472,2026,2410.0,358046
358046,GS474,2026,205629.0,358047
358048,GS481,2026,40.0,358049
358052,GS500,2026,4390.0,358053
358053,GS503,2026,500.0,358054
358054,GS504,2026,1563.0,358055
358070,GS566,2026,9844.0,358071
358071,GS567,2026,22694.0,358072
358084,GS605,2026,1111.0,358085
358086,GS608,2026,84743.0,358087
358087,GS609,2026,29.0,358088
358089,GS612,2026,1200.0,358090
358090,GS613,2026,200.0,358091
358094,GS617,2026,207622.0,358095
358101,GS633,2026,500.0,358102
358102,GS634,2026,2410.0,358103
358107,GS642,2026,12087.0,358108
358112,GS653,2026,29024.0,358113
358121,GS672,2026,73978.0,358122
358122,GS675,2026,102398.0,358123
358124,GS683,2026,38087.0,358125
358125,GS685,2026,6145.0,358126
358129,GS690,2026,500.0,358130
358133,GS707,2026,376561.0,358134
358137,GS715,2026,268.0,358138
358138,GS716,2026,10149.0,358139
358141,GS726,2026,85.0,358142
358148,GS744,2026,131842.0,358149
358149,GS745,2026,2849.0,358150
358153,GS750,2026,200.0,358154
358154,GS751,2026,19549.0,358155
358155,GS753,2026,3527.0,358156
358158,GS764,2026,5499.0,358159
358160,GS768,2026,31.0,358161
358161,GS769,2026,1819.0,358162
358182,GS813,2026,1345.0,358183
358184,GS816,2026,3906.0,358185
358185,GS817,2026,394.0,358186
358187,GS824,2026,935.0,358188
358191,GS828,2026,12050.0,358192
358195,GS835,2026,17.0,358196
358199,GS843,2026,600.0,358200
358204,GS849,2026,169.0,358205
358205,GS850,2026,500.0,358206
358207,GS854,2026,1500.0,358208
358208,GS858,2026,14.0,358209
358219,GS872,2026,8.0,358220
358224,GS879,2026,3603.0,358225
358228,GS886,2026,322.0,358229
358234,GS905,2026,22394.0,358235
358235,GS906,2026,700.0,358236
358239,GS913,2026,4827.0,358240
358243,GS922,2026,80.0,358244
358250,GS931,2026,1904.0,358251
358251,GS935,2026,12730.0,358252
358253,GS939,2026,1117.0,358254
358255,GS947,2026,1000.0,358256
358256,GS949,2026,42113.0,358257
358257,GS950,2026,10000.0,358258
358260,GS955,2026,38286.0,358261
358265,GS966,2026,1863.0,358266
358268,GS971,2026,1501.0,358269
358271,GS976,2026,300.0,358272
358275,GS980,2026,13607.0,358276
358277,GS986,2026,24.0,358278
358278,GS987,2026,19.0,358279
358279,GS988,2026,380.0,358280
358280,GS989,2026,213.0,358281
358283,GS992,2026,268.0,358284
358284,GS993,2026,226.0,358285
358288,GS1001,2026,8720.0,358289
358289,GS1003,2026,794.0,358290
358291,GS1006,2026,22.0,358292
358294,GS1013,2026,8403.0,358295
358297,GS1016,2026,2849.0,358298
358298,GS1017,2026,2150.0,358299
358299,GS1018,2026,33803.0,358300
358300,GS1020,2026,45216.0,358301
358313,GS1033,2026,79.0,358314
358314,GS1034,2026,1123.0,358315
358317,GS1038,2026,58.0,358318
358319,GS1040,2026,17.0,358320
358321,GS1042,2026,3348.0,358322
358322,GS1044,2026,14250.0,358323
358326,GS1049,2026,60650.0,358327
358331,GS1059,2026,28.0,358332
358332,GS1060,2026,1873.0,358333
358333,GS1061,2026,2528.0,358334
358337,GS1067,2026,5319.0,358338
358338,GS1068,2026,134000.0,358339
358340,GS1072,2026,1162.0,358341
358342,GS1074,2026,13748.0,358343
358345,GS1078,2026,400.0,358346
358347,GS1083,2026,414.0,358348
358354,GS1094,2026,3113.0,358355
358357,GS1097,2026,642.0,358358
358359,GS1100,2026,1601.0,358360
358363,GS1104,2026,1479.0,358364
358367,GS1109,2026,53834.0,358368
358371,GS1117,2026,195.0,358372
358374,GS1124,2026,150.0,358375
358377,GS1134,2026,27549.0,358378
358378,GS1138,2026,2134.0,358379
358386,GS1160,2026,190.0,358387
358387,GS1161,2026,582.0,358388
358388,GS1162,2026,4795.0,358389
358391,GS1167,2026,220.0,358392
358396,GS1174,2026,5912.0,358397
358398,GS1178,2026,33729.0,358399
358406,GS1191,2026,123.0,358407
358411,GS1199,2026,20960.0,358412
358425,GS1223,2026,1255.0,358426
358429,GS1228,2026,1100.0,358430
358431,GS1230,2026,5294.0,358432
358436,GS1237,2026,71023.0,358437
358443,GS1244,2026,1234.0,358444
358461,GS1295,2026,67.0,358462
358467,GS1303,2026,96611.0,358468
358481,GS1318,2026,95440.0,358482
358483,GS1321,2026,47685.0,358484
358484,GS1322,2026,214816.0,358485
358489,GS1329,2026,150.0,358490
358490,GS1330,2026,375.0,358491
358502,GS1347,2026,19284.0,358503
358503,GS1348,2026,30007.0,358504
358504,GS1350,2026,105833.0,358505
358506,GS1352,2026,5989.0,358507
358507,GS1353,2026,8387.0,358508
358510,GS1359,2026,1192.0,358511
358512,GS1363,2026,5268.0,358513
358513,GS1364,2026,80551.0,358514
358516,GS1367,2026,573.0,358517
358525,GS1378,2026,1680.0,358526
358527,GS1382,2026,1140.0,358528
358533,GS1588,2026,3448.0,358534
358541,GS1696,2026,1808.0,358542
358542,GS1697,2026,8252.0,358543
358543,GS1698,2026,2440.0,358544
358545,GS1700,2026,2900.0,358546
358594,GS1890,2026,4503.0,358595
358601,GS2094,2026,99105.0,358602
358602,GS2095,2026,61450.0,358603
358607,GS2290,2026,1679.0,358608
358609,GS2293,2026,2500.0,358610
358612,GS2296,2026,130070.0,358613
358621,GS2397,2026,3128.0,358622
358627,GS2405,2026,344.0,358628
358643,GS2429,2026,831.0,358644
358648,GS2437,2026,9081.0,358649
358650,GS2439,2026,2278.0,358651
358651,GS2440,2026,91.0,358652
358652,GS2441,2026,3210.0,358653
358654,GS2444,2026,217.0,358655
358656,GS2446,2026,262.0,358657
358657,GS2447,2026,1580.0,358658
358661,GS2456,2026,2709.0,358662
358662,GS2457,2026,7329.0,358663
358664,GS2460,2026,778.0,358665
358668,GS2468,2026,31151.0,358669
358683,GS2487,2026,1.0,358684
358684,GS2488,2026,40.0,358685
358691,GS2500,2026,31384.0,358692
358692,GS2501,2026,814.0,358693
358694,GS2503,2026,4365.0,358695
358708,GS2525,2026,133070.0,358709
358713,GS2535,2026,416.0,358714
358717,GS2540,2026,2201.0,358718
358719,GS2542,2026,5036.0,358720
358720,GS2543,2026,46803.0,358721
358721,GS2544,2026,24252.0,358722
358722,GS2545,2026,112433.0,358723
358723,GS2546,2026,1.0,358724
358729,GS2564,2026,22136.0,358730
358732,GS2567,2026,10.0,358733
358733,GS2568,2026,10.0,358734
358755,GS2596,2026,1255.0,358756
358761,GS2644,2026,105.0,358762
358768,GS2664,2026,2606.0,358769
358769,GS2665,2026,1224.0,358770
358775,GS2679,2026,19.0,358776
358777,GS2681,2026,332.0,358778
358778,GS2682,2026,31541.0,358779
358779,GS2683,2026,152.0,358780
358781,GS2685,2026,39.0,358782
358783,GS2687,2026,9232.0,358784
358791,GS2707,2026,28864.0,358792
358804,GS2750,2026,27520.0,358805
358806,GS2758,2026,24458.0,358807
358807,GS2763,2026,16746.0,358808
358814,GS2891,2026,1020.0,358815
358815,GS2892,2026,190.0,358816
358816,GS2893,2026,290.0,358817
358817,GS2894,2026,170.0,358818
358820,GS2898,2026,19223.0,358821
358823,GS2913,2026,4328.0,358824
358824,GS2940,2026,65145.0,358825
358825,GS2951,2026,33.0,358826
358826,GS2990,2026,1522.0,358827
358827,GS3007,2026,3514.0,358828
358831,GS3015,2026,15000.0,358832
358841,GS3031,2026,1782.0,358842
358842,GS3039,2026,325.0,358843
358843,GS3041,2026,169940.0,358844
358845,GS3072,2026,4114.0,358846
358846,GS3077,2026,10395.0,358847
358851,GS3105,2026,3309.0,358852
358852,GS3106,2026,3882.0,358853
358853,GS3107,2026,200.0,358854
358854,GS3108,2026,3661.0,358855
358855,GS3109,2026,1081.0,358856
358859,GS3114,2026,2944.0,358860
358861,GS3116,2026,17985.0,358862
358866,GS3253,2026,32451.0,358867
358875,GS3305,2026,708.0,358876
358876,GS3306,2026,130.0,358877
358883,GS3343,2026,72492.0,358884
358884,GS3344,2026,800.0,358885
358892,GS3367,2026,10.0,358893
358900,GS3379,2026,21232.0,358901
358903,GS3404,2026,1540.0,358904
358904,GS3405,2026,9473.0,358905
358905,GS3407,2026,7011.0,358906
358907,GS3410,2026,56626.0,358908
358914,GS3429,2026,609.0,358915
358919,GS3434,2026,161076.0,358920
358920,GS3443,2026,1014.0,358921
358922,GS3445,2026,9681.0,358923
358935,GS3493,2026,99004.0,358936
358939,GS3511,2026,237.0,358940
358942,GS3514,2026,50808.0,358943
358944,GS3516,2026,611.0,358945
358945,GS3517,2026,1983.0,358946
358946,GS3518,2026,1283.0,358947
358947,GS3519,2026,1715.0,358948
358948,GS3520,2026,2826.0,358949
358949,GS3521,2026,1727.0,358950
358950,GS3522,2026,1721.0,358951
358951,GS3523,2026,1760.0,358952
358952,GS3524,2026,1757.0,358953
358956,GS3547,2026,187.0,358957
358961,GS3560,2026,3274.0,358962
358962,GS3561,2026,6874.0,358963
358963,GS3563,2026,269.0,358964
358964,GS3564,2026,194.0,358965
358966,GS3566,2026,12508.0,358967
358967,GS3567,2026,159529.0,358968
358979,GS3598,2026,41.0,358980
358996,GS3705,2026,18263.0,358997
358998,GS3852,2026,5865.0,358999
359008,GS3946,2026,30.0,359009
359015,GS3958,2026,4083.0,359016
359018,GS3965,2026,237.0,359019
359020,GS3969,2026,1185.0,359021
359021,GS3971,2026,27557.0,359022
359024,GS3976,2026,301186.0,359025
359025,GS3992,2026,25164.0,359026
359027,GS4014,2026,3000.0,359028
359029,GS4036,2026,12.0,359030
359035,GS4195,2026,252.0,359036
359042,GS4210,2026,634.0,359043
359044,GS4220,2026,9612.0,359045
359045,GS4221,2026,103521.0,359046
359046,GS4233,2026,864.0,359047
359047,GS4236,2026,1786.0,359048
359048,GS4238,2026,3424.0,359049
359050,GS4240,2026,985.0,359051
359053,GS4259,2026,9918.0,359054
359055,GS4261,2026,1751.0,359056
359056,GS4264,2026,58132.0,359057
359057,GS4265,2026,10000.0,359058
359064,GS4288,2026,10319.0,359065
359066,GS4290,2026,2621.0,359067
359068,GS4296,2026,2125.0,359069
359069,GS4300,2026,12671.0,359070
359070,GS4364,2026,6310.0,359071
359094,GS4393,2026,363.0,359095
359097,GS4396,2026,7.0,359098
359111,GS4442,2026,5111.0,359112
359113,GS4446,2026,1683.0,359114
359119,GS4531,2026,27821.0,359120
359124,GS4536,2026,292.0,359125
359126,GS4539,2026,6874.0,359127
359129,GS4553,2026,1290.0,359130
359130,GS4557,2026,559.0,359131
359135,GS4593,2026,9688.0,359136
359139,GS4603,2026,949.0,359140
359144,GS4615,2026,16424.0,359145
359151,GS4702,2026,22232.0,359152
359152,GS4707,2026,650.0,359153
359158,GS4813,2026,1062.0,359159
359162,GS4822,2026,9058.0,359163
359164,GS4824,2026,4255.0,359165
359175,GS4906,2026,1769.0,359176
359176,GS4922,2026,58083.0,359177
359177,GS4962,2026,5344.0,359178
359183,GS5007,2026,4668.0,359184
359184,GS5009,2026,89.0,359185
359197,GS5038,2026,5197.0,359198
359198,GS5039,2026,3625.0,359199
359199,GS5040,2026,1629.0,359200
359201,GS5042,2026,1070.0,359202
359203,GS5046,2026,8072.0,359204
359209,GS5073,2026,3514.0,359210
359211,GS5099,2026,387.0,359212
359216,GS5125,2026,123279.0,359217
359217,GS5186,2026,2819.0,359218
359219,GS5188,2026,1161.0,359220
359221,GS5190,2026,869.0,359222
359222,GS5191,2026,1862.0,359223
359223,GS5192,2026,654.0,359224
359224,GS5193,2026,804.0,359225
359225,GS5194,2026,1690.0,359226
359227,GS5196,2026,2906.0,359228
359228,GS5197,2026,1205.0,359229
359229,GS5199,2026,6800.0,359230
359232,GS5228,2026,524.0,359233
359233,GS5229,2026,92721.0,359234
359235,GS5244,2026,781.0,359236
359237,GS5256,2026,16847.0,359238
359240,GS5303,2026,1475.0,359241
359247,GS5314,2026,12910.0,359248
359248,GS5315,2026,1999.0,359249
359251,GS5322,2026,1504.0,359252
359252,GS5323,2026,1490.0,359253
359253,GS5324,2026,1504.0,359254
359254,GS5325,2026,9566.0,359255
359255,GS5326,2026,3223.0,359256
359256,GS5329,2026,3982.0,359257
359257,GS5330,2026,3724.0,359258
359258,GS5331,2026,4824.0,359259
359259,GS5332,2026,9973.0,359260
359260,GS5335,2026,5423.0,359261
359261,GS5336,2026,4208.0,359262
359262,GS5337,2026,4197.0,359263
359263,GS5338,2026,9103.0,359264
359264,GS5339,2026,15215.0,359265
359265,GS5340,2026,4832.0,359266
359266,GS5341,2026,4148.0,359267
359267,GS5342,2026,8194.0,359268
359268,GS5343,2026,11334.0,359269
359269,GS5344,2026,10431.0,359270
359283,GS5418,2026,195.0,359284
359284,GS5434,2026,1065.0,359285
359285,GS5437,2026,7874.0,359286
359286,GS5438,2026,4144.0,359287
359287,GS5439,2026,9584.0,359288
359288,GS5440,2026,8714.0,359289
359289,GS5441,2026,4624.0,359290
359292,GS5444,2026,265.0,359293
359294,GS5463,2026,1047.0,359295
359295,GS5519,2026,2744.0,359296
359296,GS5523,2026,20755.0,359297
359301,GS5575,2026,3353.0,359302
359302,GS5614,2026,517.0,359303
359306,GS5624,2026,590.0,359307
359309,GS5634,2026,1182.0,359310
359310,GS5635,2026,2385.0,359311
359311,GS5636,2026,4198.0,359312
359312,GS5637,2026,3455.0,359313
359314,GS5642,2026,192199.0,359315
359315,GS5643,2026,5009.0,359316
359322,GS5673,2026,10641.0,359323
359324,GS5698,2026,422.0,359325
359330,GS5783,2026,1862.0,359331
359332,GS5799,2026,2840.0,359333
359334,GS5801,2026,607.0,359335
359337,GS5825,2026,1684.0,359338
359338,GS5826,2026,72.0,359339
359339,GS5827,2026,374.0,359340
359340,GS5830,2026,5251.0,359341
359347,GS5860,2026,171.0,359348
359359,GS5928,2026,760.0,359360
359361,GS5951,2026,3955.0,359362
359362,GS5952,2026,3285.0,359363
359363,GS5953,2026,4693.0,359364
359365,GS5955,2026,4393.0,359366
359366,GS5983,2026,33793.0,359367
359370,GS6004,2026,10239.0,359371
359371,GS6008,2026,7950.0,359372
359378,GS6041,2026,145.0,359379
359379,GS6042,2026,6454.0,359380
359399,GS6108,2026,52119.0,359400
359400,GS6109,2026,54621.0,359401
359401,GS6111,2026,21905.0,359402
359402,GS6112,2026,19895.0,359403
359403,GS6113,2026,15866.0,359404
359404,GS6114,2026,4001.0,359405
359405,GS6115,2026,22467.0,359406
359406,GS6116,2026,7234.0,359407
359407,GS6129,2026,818.0,359408
359411,GS6152,2026,7291.0,359412
359412,GS6155,2026,227.0,359413
359414,GS6193,2026,1209.0,359415
359415,GS6212,2026,50.0,359416
359416,GS6235,2026,2400.0,359417
359417,GS6236,2026,4.0,359418
359420,GS6256,2026,63000.0,359421
359422,GS6271,2026,31.0,359423
359424,GS6275,2026,9190.0,359425
359425,GS6279,2026,10522.0,359426
359428,GS6290,2026,239062.0,359429
359429,GS6301,2026,41847.0,359430
359432,GS6344,2026,16.0,359433
359433,GS6349,2026,607.0,359434
359434,GS6350,2026,2239.0,359435
359438,GS6394,2026,27709.0,359439
359439,GS6395,2026,59205.0,359440
359441,GS6411,2026,3495.0,359442
359443,GS6419,2026,3819.0,359444
359445,GS6443,2026,91.0,359446
359454,GS6518,2026,2530.0,359455
359455,GS6519,2026,2633.0,359456
359456,GS6520,2026,2750.0,359457
359457,GS6521,2026,3244.0,359458
359458,GS6522,2026,5302.0,359459
359459,GS6523,2026,3609.0,359460
359461,GS6586,2026,232.0,359462
359462,GS6588,2026,6467.0,359463
359463,GS6597,2026,111.0,359464
359467,GS6604,2026,862.0,359468
359468,GS6607,2026,2320.0,359469
359470,GS6747,2026,30179.0,359471
359471,GS6748,2026,46748.0,359472
359472,GS6749,2026,1831.0,359473
359476,GS6753,2026,30031.0,359477
359477,GS6756,2026,3898.0,359478
359478,GS6760,2026,134555.0,359479
359479,GS6783,2026,2692.0,359480
359480,GS6784,2026,504.0,359481
359487,GS6830,2026,600.0,359488
359489,GS6832,2026,7551.0,359490
359490,GS6836,2026,1761.0,359491
359494,GS6853,2026,18528.0,359495
359495,GS6854,2026,1663.0,359496
359498,GS6857,2026,24740.0,359499
359503,GS6887,2026,12120.0,359504
359505,GS6998,2026,500.0,359506
359506,GS6999,2026,8126.0,359507
359507,GS7002,2026,46195.0,359508
359508,GS7049,2026,959.0,359509
359509,GS7071,2026,176725.0,359510
359513,GS7090,2026,8169.0,359514
359517,GS7128,2026,5535.0,359518
359521,GS7132,2026,2492.0,359522
359522,GS7133,2026,9745.0,359523
359523,GS7134,2026,7587.0,359524
359524,GS7135,2026,5.0,359525
359525,GS7136,2026,1460.0,359526
359532,GS7148,2026,836.0,359533
359534,GS7150,2026,40.0,359535
359536,GS7152,2026,506912.0,359537
359539,GS7164,2026,3134.0,359540
359546,GS7293,2026,3462.0,359547
359549,GS7312,2026,278264.0,359550
359552,GS7330,2026,1514.0,359553
359554,GS7332,2026,2854.0,359555
359555,GS7333,2026,134.0,359556
359556,GS7334,2026,2257.0,359557
359557,GS7335,2026,1309.0,359558
359558,GS7336,2026,1224.0,359559
359566,GS7364,2026,185.0,359567
359568,GS7366,2026,104.0,359569
359575,GS7391,2026,4005.0,359576
359584,GS7400,2026,3762.0,359585
359585,GS7401,2026,2575.0,359586
359586,GS7433,2026,53536.0,359587
359590,GS7437,2026,5060.0,359591
359591,GS7438,2026,11780.0,359592
359594,GS7444,2026,1000.0,359595
359595,GS7448,2026,2283.0,359596
359596,GS7449,2026,3571.0,359597
359597,GS7450,2026,3417.0,359598
359598,GS7451,2026,3559.0,359599
359599,GS7452,2026,2168.0,359600
359600,GS7453,2026,3613.0,359601
359601,GS7454,2026,3505.0,359602
359602,GS7456,2026,1038.0,359603
359603,GS7457,2026,1709.0,359604
359604,GS7458,2026,2111.0,359605
359605,GS7459,2026,100.0,359606
359606,GS7460,2026,2339.0,359607
359611,GS7465,2026,43.0,359612
359613,GS7467,2026,9160.0,359614
359614,GS7468,2026,530206.0,359615
359615,GS7469,2026,313.0,359616
359616,GS7470,2026,726.0,359617
359619,GS7473,2026,364.0,359620
359621,GS7475,2026,530.0,359622
359622,GS7476,2026,3228.0,359623
359623,GS7477,2026,3359.0,359624
359624,GS7478,2026,3439.0,359625
359625,GS7479,2026,3953.0,359626
359626,GS7480,2026,3600.0,359627
359627,GS7481,2026,1884.0,359628
359628,GS7482,2026,272.0,359629
359629,GS7483,2026,4257.0,359630
359630,GS7484,2026,260.0,359631
359639,GS7493,2026,1.0,359640
359640,GS7495,2026,27218.0,359641
359650,GS7506,2026,12456.0,359651
359651,GS7507,2026,924.0,359652
359654,GS7510,2026,16224.0,359655
359667,GS7524,2026,9918.0,359668
359669,GS7526,2026,2147.0,359670
359675,GS7532,2026,549606.0,359676
359676,GS7533,2026,92291.0,359677
359677,GS7534,2026,156163.0,359678
359678,GS7535,2026,6276.0,359679
359680,GS7538,2026,227892.0,359681
359682,GS7540,2026,3882.0,359683
359683,GS7541,2026,1441.0,359684
359686,GS7544,2026,1255.0,359687
359689,GS7547,2026,678.0,359690
359690,GS7548,2026,2267.0,359691
359692,GS7550,2026,732.0,359693
359693,GS7551,2026,320.0,359694
359699,GS7557,2026,73281.0,359700
359708,GS7566,2026,2171.0,359709
359709,GS7567,2026,644.0,359710
359713,GS7571,2026,100.0,359714
359714,GS7572,2026,68103.0,359715
359721,GS7580,2026,617.0,359722
359722,GS7581,2026,1155.0,359723
359723,GS7582,2026,108.0,359724
359725,GS7584,2026,7.0,359726
359728,GS7587,2026,1878.0,359729
359733,GS7592,2026,57808.0,359734
359734,GS7593,2026,57031.0,359735
359735,GS7594,2026,45657.0,359736
359736,GS7595,2026,2157.0,359737
359737,GS7596,2026,10770.0,359738
359745,GS7604,2026,22985.0,359746
359746,GS7605,2026,17115.0,359747
359747,GS7606,2026,14232.0,359748
359755,GS7614,2026,10576.0,359756
359756,GS7615,2026,14321.0,359757
359757,GS7616,2026,2106.0,359758
359762,GS7623,2026,90.0,359763
359766,GS7627,2026,132443.0,359767
359772,GS7633,2026,38840.0,359773
359776,GS7637,2026,4629.0,359777
359777,GS7638,2026,7000.0,359778
359778,GS7639,2026,7331.0,359779
359779,GS7640,2026,30527.0,359780
359780,GS7641,2026,140.0,359781
359781,GS7642,2026,5638.0,359782
359782,GS7643,2026,9786.0,359783
359783,GS7644,2026,6625.0,359784
359784,GS7645,2026,28428.0,359785
359785,GS7646,2026,5638.0,359786
359786,GS7647,2026,5638.0,359787
359787,GS7648,2026,8522.0,359788
359788,GS7649,2026,5638.0,359789
359789,GS7650,2026,5638.0,359790
359790,GS7651,2026,11169.0,359791
359791,GS7652,2026,24140.0,359792
359798,GS7672,2026,4.0,359799
359813,GS7687,2026,22944.0,359814
359814,GS7688,2026,2994.0,359815
359815,GS7689,2026,65550.0,359816
359816,GS7690,2026,43840.0,359817
359817,GS7691,2026,53001.0,359818
359818,GS7692,2026,4622.0,359819
359849,GS7723,2026,593205.0,359850
359850,GS7724,2026,139.0,359851
359852,GS7726,2026,157844.0,359853
359853,GS7727,2026,108659.0,359854
359860,GS7737,2026,26920.0,359861
359862,GS7739,2026,9326.0,359863
359868,GS7745,2026,371044.0,359869
359869,GS7746,2026,800.0,359870
359876,GS7754,2026,1096.0,359877
359881,GS7760,2026,59572.0,359882
359883,GS7762,2026,26078.0,359884
359890,GS7783,2026,72740.0,359891
359895,GS7789,2026,16962.0,359896
359900,GS7794,2026,2900.0,359901
359906,GS7800,2026,2.0,359907
359913,GS10220,2026,3591.0,359914
359919,GS10457,2026,1165.0,359920
359923,GS10529,2026,3995.0,359924
359930,GS10659,2026,1246.0,359931
359934,GS10664,2026,650.0,359935
359947,GS10710,2026,1723.0,359948
359949,GS10712,2026,3908.0,359950
359955,GS10718,2026,1525.0,359956
359960,GS10725,2026,7810.0,359961
359961,GS10726,2026,3621.0,359962
359970,GS10735,2026,76.0,359971
359975,GS10740,2026,142.0,359976
359976,GS10741,2026,1663.0,359977
359978,GS10776,2026,600.0,359979
359979,GS10777,2026,1018.0,359980
359980,GS10778,2026,368.0,359981
359981,GS10779,2026,103.0,359982
359982,GS10780,2026,401.0,359983
359985,GS10783,2026,5180.0,359986
359986,GS10784,2026,5147.0,359987
359991,GS10790,2026,517162.0,359992
359992,GS10791,2026,12829.0,359993
359995,GS10794,2026,8005.0,359996
359998,GS10797,2026,28499.0,359999
359999,GS10798,2026,10268.0,360000
360000,GS10799,2026,2126.0,360001
360001,GS10800,2026,280.0,360002
360002,GS10801,2026,129.0,360003
360003,GS10802,2026,181.0,360004
360004,GS10803,2026,1347.0,360005
360005,GS10804,2026,1100.0,360006
360006,GS10805,2026,4265.0,360007
360007,GS10806,2026,9346.0,360008
360008,GS10807,2026,22962.0,360009
360010,GS10809,2026,2747.0,360011
360013,GS10812,2026,7500.0,360014
360017,GS10821,2026,33950.0,360018
360021,GS10825,2026,17950.0,360022
360022,GS10826,2026,9304.0,360023
360023,GS10827,2026,7345.0,360024
360024,GS10828,2026,166.0,360025
360028,GS10832,2026,262.0,360029
360034,GS10872,2026,5500.0,360035
360040,GS10878,2026,4447.0,360041
360041,GS10879,2026,80622.0,360042
360054,GS10901,2026,208.0,360055
360055,GS10902,2026,7185.0,360056
360056,GS10903,2026,37611.0,360057
360057,GS10904,2026,33367.0,360058
360058,GS10905,2026,57307.0,360059
360059,GS10906,2026,9640.0,360060
360060,GS10907,2026,21064.0,360061
360063,GS10910,2026,219.0,360064
360064,GS10911,2026,3430.0,360065
360065,GS10912,2026,1420.0,360066
360066,GS10913,2026,1173.0,360067
360067,GS10914,2026,3186.0,360068
360070,GS10917,2026,3428.0,360071
360071,GS10918,2026,1872.0,360072
360072,GS10919,2026,5860.0,360073
360073,GS10920,2026,4531.0,360074
360074,GS10921,2026,5590.0,360075
360075,GS10922,2026,6480.0,360076
360076,GS10923,2026,6004.0,360077
360089,GS10967,2026,52791.0,360090
360090,GS10968,2026,48932.0,360091
360096,GS10975,2026,13096.0,360097
360107,GS10987,2026,211.0,360108
360109,GS10989,2026,24.0,360110
360111,GS10991,2026,280.0,360112
360112,GS10992,2026,7203.0,360113
360113,GS10993,2026,3565.0,360114
360115,GS10995,2026,10.0,360116
360130,GS11010,2026,48524.0,360131
360131,GS11011,2026,11860.0,360132
360137,GS11017,2026,1546.0,360138
360138,GS11018,2026,1129.0,360139
360139,GS11019,2026,232.0,360140
360145,GS11025,2026,1819.0,360146
360149,GS11029,2026,5784.0,360150
360158,GS11042,2026,5000.0,360159
360159,GS11043,2026,5300.0,360160
360161,GS11046,2026,100.0,360162
360162,GS11047,2026,601.0,360163
360163,GS11048,2026,566.0,360164
360164,GS11049,2026,26.0,360165
360183,GS11068,2026,4756.0,360184
360184,GS11070,2026,5828.0,360185
360186,GS11072,2026,4566.0,360187
360187,GS11073,2026,726.0,360188
360189,GS11075,2026,15462.0,360190
360211,GS11098,2026,1377.0,360212
360213,GS11133,2026,41188.0,360214
360214,GS11134,2026,253.0,360215
360215,GS11135,2026,33061.0,360216
360216,GS11136,2026,36081.0,360217
360220,GS11140,2026,69062.0,360221
360225,GS11145,2026,445658.0,360226
360227,GS11147,2026,42572.0,360228
360228,GS11148,2026,578.0,360229
360229,GS11149,2026,23939.0,360230
360230,GS11150,2026,17416.0,360231
360231,GS11151,2026,50827.0,360232
360232,GS11152,2026,52224.0,360233
360233,GS11153,2026,49533.0,360234
360241,GS11167,2026,43721.0,360242
360242,GS11169,2026,9153.0,360243
360243,GS11170,2026,794.0,360244
360258,GS11188,2026,40.0,360259
360260,GS11190,2026,12662.0,360261
360264,GS11194,2026,19916.0,360265
360265,GS11195,2026,886.0,360266
360266,GS11196,2026,38766.0,360267
360267,GS11197,2026,21354.0,360268
360268,GS11198,2026,25017.0,360269
360269,GS11199,2026,49147.0,360270
360270,GS11200,2026,13593.0,360271
360275,GS11205,2026,11768.0,360276
360277,GS11207,2026,58136.0,360278
360282,GS11212,2026,109.0,360283
360288,GS11218,2026,13950.0,360289
360291,GS11222,2026,959.0,360292
360300,GS11232,2026,16107.0,360301
360303,GS11235,2026,2042.0,360304
360304,GS11236,2026,25578.0,360305
360306,GS11238,2026,6491.0,360307
360307,GS11239,2026,44092.0,360308
360313,GS11245,2026,2368.0,360314
360319,GS11251,2026,1464.0,360320
360322,GS11255,2026,75339.0,360323
360324,GS11259,2026,5367.0,360325
360332,GS11267,2026,30170.0,360333
360333,GS11268,2026,27835.0,360334
360334,GS11269,2026,11742.0,360335
360335,GS11270,2026,5047.0,360336
360336,GS11271,2026,4082.0,360337
360337,GS11272,2026,16347.0,360338
360338,GS11273,2026,26426.0,360339
360339,GS11274,2026,7695.0,360340
360340,GS11275,2026,4991.0,360341
360341,GS11276,2026,9653.0,360342
360342,GS11277,2026,299.0,360343
360343,GS11278,2026,1196.0,360344
360345,GS11280,2026,437.0,360346
360357,GS11292,2026,3292.0,360358
360360,GS11295,2026,3103.0,360361
360361,GS11296,2026,12914.0,360362
360362,GS11297,2026,16935.0,360363
360363,GS11298,2026,4840.0,360364
360372,GS11307,2026,3243.0,360373
360374,GS11309,2026,13950.0,360375
360375,GS11310,2026,6920.0,360376
360379,GS11314,2026,10132.0,360380
360386,GS11322,2026,91.0,360387
360395,GS11331,2026,13651.0,360396
360398,GS11335,2026,10451.0,360399
360401,GS11338,2026,19949.0,360402
360408,GS11351,2026,34102.0,360409
360415,GS11358,2026,12212.0,360416
360419,GS11394,2026,50000.0,360420
360421,GS11397,2026,9516.0,360422
360423,GS11400,2026,108195.0,360424
360424,GS11401,2026,110660.0,360425
360425,GS11402,2026,53166.0,360426
360426,GS11403,2026,68140.0,360427
360427,GS11404,2026,29493.0,360428
360428,GS11405,2026,48262.0,360429
360431,GS11409,2026,5.0,360432
360436,GS11414,2026,276.0,360437
360437,GS11415,2026,58179.0,360438
360439,GS11417,2026,281.0,360440
360441,GS11419,2026,3042.0,360442
360442,GS11420,2026,6835.0,360443
360446,GS11424,2026,32719.0,360447
360448,GS11426,2026,31323.0,360449
360449,GS11427,2026,195.0,360450
360450,GS11432,2026,54694.0,360451
360451,GS11433,2026,1825.0,360452
360452,GS11434,2026,39846.0,360453
360455,GS11437,2026,13832.0,360456
360458,GS11440,2026,13571.0,360459
360459,GS11441,2026,1924.0,360460
360461,GS11447,2026,24681.0,360462
360462,GS11448,2026,2460.0,360463
360464,GS11451,2026,42899.0,360465
360474,GS11474,2026,2913.0,360475
360475,GS11475,2026,2759.0,360476
360479,GS11479,2026,504.0,360480
360480,GS11480,2026,14438.0,360481
360482,GS11482,2026,42382.0,360483
360484,GS11484,2026,93932.0,360485
360485,GS11485,2026,6444.0,360486
360486,GS11486,2026,20000.0,360487
360488,GS11489,2026,19290.0,360489
360489,GS11490,2026,218.0,360490
360490,GS11491,2026,10848.0,360491
360495,GS11496,2026,22397.0,360496
360500,GS11501,2026,25191.0,360501
360503,GS11504,2026,2835.0,360504
360506,GS11507,2026,2006.0,360507
360533,GS11538,2026,1350.0,360534
360534,GS11539,2026,8400.0,360535
360544,GS11551,2026,371401.0,360545
360546,GS11556,2026,124.0,360547
360547,GS11557,2026,30705.0,360548
360548,GS11558,2026,43.0,360549
360549,GS11559,2026,10665.0,360550
360550,GS11560,2026,22735.0,360551
360551,GS11561,2026,2784.0,360552
360553,GS11564,2026,10972.0,360554
360557,GS11568,2026,17800.0,360558
360561,GS11572,2026,200000.0,360562
360575,GS11594,2026,13.0,360576
360576,GS11595,2026,2975.0,360577
360577,GS11596,2026,32961.0,360578
360580,GS11603,2026,17493.0,360581
360581,GS11604,2026,1353.0,360582
360585,GS11608,2026,64226.0,360586
360586,GS11609,2026,66261.0,360587
360587,GS11610,2026,62140.0,360588
360588,GS11611,2026,39219.0,360589
360589,GS11612,2026,39805.0,360590
360590,GS11613,2026,47663.0,360591
360591,GS11614,2026,162694.0,360592
360593,GS11617,2026,1282.0,360594
360600,GS11627,2026,800.0,360601
360602,GS11629,2026,4230.0,360603
360607,GS11634,2026,5716.0,360608
360611,GS11640,2026,56567.0,360612
360621,GS11655,2026,12954.0,360622
360627,GS11662,2026,472.0,360628
360633,GS11671,2026,8040.0,360634
360651,GS11696,2026,17249.0,360652
360664,GS11709,2026,4.0,360665
360671,GS11722,2026,67418.0,360672
360676,GS11728,2026,252467.0,360677
360680,GS11732,2026,51498.0,360681
360681,GS11736,2026,13167.0,360682
360686,GS11744,2026,494.0,360687
360688,GS11747,2026,8271.0,360689
360689,GS11748,2026,8286.0,360690
360690,GS11749,2026,8270.0,360691
360691,GS11750,2026,8271.0,360692
360692,GS11751,2026,8271.0,360693
360693,GS11752,2026,8270.0,360694
360694,GS11753,2026,8871.0,360695
360695,GS11754,2026,11970.0,360696
360696,GS11755,2026,12811.0,360697
360697,GS11756,2026,16438.0,360698
360698,GS11757,2026,11558.0,360699
360699,GS11758,2026,14443.0,360700
360700,GS11759,2026,8678.0,360701
360701,GS11760,2026,8439.0,360702
360702,GS11761,2026,8295.0,360703
360703,GS11762,2026,8295.0,360704
360704,GS11763,2026,14788.0,360705
360705,GS11764,2026,14921.0,360706
360706,GS11765,2026,8295.0,360707
360709,GS11768,2026,4418.0,360710
360710,GS11769,2026,8309.0,360711
360711,GS11770,2026,8309.0,360712
360712,GS11771,2026,8309.0,360713
360713,GS11772,2026,8310.0,360714
360714,GS11773,2026,8309.0,360715
360715,GS11774,2026,8309.0,360716
360716,GS11775,2026,8310.0,360717
360717,GS11776,2026,8326.0,360718
360718,GS11777,2026,8326.0,360719
360719,GS11778,2026,3388.0,360720
360738,GS11807,2026,7610.0,360739
360749,GS11835,2026,143.0,360750
360769,GS11855,2026,38211.0,360770
360773,GS11861,2026,6481.0,360774
360786,GS11879,2026,11397.0,360787
360787,GS11880,2026,3317.0,360788
360788,GS11881,2026,45711.0,360789
360789,GS11882,2026,4289.0,360790
360804,GS11897,2026,1750.0,360805
360815,GS11909,2026,39937.0,360816
360816,GS11910,2026,40063.0,360817
360823,GS11917,2026,39522.0,360824
360824,GS11918,2026,10478.0,360825
360847,GS11945,2026,2358.0,360848
360848,GS11947,2026,30532.0,360849
360851,GS11950,2026,9800.0,360852
360852,GS11951,2026,6603.0,360853
360854,GS11953,2026,917.0,360855
360855,GS11954,2026,8906.0,360856
360862,GS11972,2026,10000.0,360863
360864,GS11980,2026,1412.0,360865
360870,GS11986,2026,24.0,360871
360872,GS11988,2026,12168.0,360873
360880,GS11996,2026,8739.0,360881
360881,GS11998,2026,6821.0,360882
360882,GS11999,2026,20850.0,360883
360883,GS12000,2026,7046.0,360884
360884,GS12001,2026,6553.0,360885
360885,GS12002,2026,7948.0,360886
360886,GS12003,2026,7514.0,360887
360887,GS12004,2026,12390.0,360888
360888,GS12005,2026,15849.0,360889
360889,GS12006,2026,28946.0,360890
360890,GS12007,2026,8480.0,360891
360891,GS12008,2026,17020.0,360892
360892,GS12009,2026,8824.0,360893
360893,GS12010,2026,7711.0,360894
360896,GS12015,2026,5528.0,360897
360898,GS12017,2026,21208.0,360899
360899,GS12018,2026,13101.0,360900
360900,GS12019,2026,13632.0,360901
360901,GS12020,2026,42330.0,360902
360903,GS12023,2026,3097.0,360904
360912,GS12033,2026,5574.0,360913
360924,GS12045,2026,52524.0,360925
360926,GS12047,2026,21813.0,360927
360933,GS12054,2026,15513.0,360934
360937,GS12062,2026,538718.0,360938
360939,GS12064,2026,1248.0,360940
360940,GS12065,2026,277295.0,360941
360942,GS12067,2026,1000.0,360943
360944,GS12069,2026,6396.0,360945
360947,GS12073,2026,19631.0,360948
360976,GS12112,2026,3500.0,360977
360978,GS12114,2026,14414.0,360979
360983,GS12119,2026,2883.0,360984
360984,GS12120,2026,35000.0,360985
360987,GS12123,2026,6340.0,360988
360990,GS12126,2026,3735.0,360991
360991,GS12127,2026,8.0,360992
360992,GS12128,2026,10519.0,360993
361004,GS12141,2026,27874.0,361005
361007,GS12144,2026,401473.0,361008
361008,GS12146,2026,404.0,361009
361009,GS12147,2026,2448.0,361010
361051,GS12199,2026,35007.0,361052
361057,GS12205,2026,107135.0,361058
361062,GS12212,2026,1143.0,361063
361066,GS12216,2026,8003.0,361067
361067,GS12217,2026,1997.0,361068
361070,GS12220,2026,1755.0,361071
361076,GS12227,2026,4520.0,361077
361077,GS12228,2026,183.0,361078
361089,GS12241,2026,18745.0,361090
361090,GS12242,2026,83047.0,361091
361100,GS12255,2026,6442.0,361101
361101,GS12256,2026,15699.0,361102
361102,GS12257,2026,2472.0,361103
361103,GS12258,2026,12279.0,361104
361105,GS12260,2026,5674.0,361106
361106,GS12261,2026,3572.0,361107
361107,GS12262,2026,1979.0,361108
361108,GS12263,2026,11376.0,361109
361121,GS12276,2026,2949.0,361122
361128,GS12285,2026,260118.0,361129
361130,GS12287,2026,28250.0,361131
361131,GS12289,2026,376.0,361132
361135,GS12293,2026,45768.0,361136
361140,GS12302,2026,1479.0,361141
361141,GS12303,2026,1127.0,361142
361149,GS12311,2026,3398.0,361150
361155,GS12317,2026,40.0,361156
361169,GS12335,2026,38.0,361170
361173,GS12342,2026,41.0,361174
361178,GS12347,2026,30000.0,361179
361180,GS12350,2026,19205.0,361181
361188,GS12360,2026,14826.0,361189
361192,GS12364,2026,19044.0,361193
361193,GS12365,2026,15844.0,361194
361194,GS12366,2026,13675.0,361195
361195,GS12367,2026,11285.0,361196
361196,GS12368,2026,9010.0,361197
361207,GS12383,2026,2.0,361208
361232,GS12409,2026,18000.0,361233
361233,GS12410,2026,175.0,361234
361286,GS12470,2026,1684.0,361287
361306,GS12495,2026,10387.0,361307
361326,GS12533,2026,1635.0,361327
361351,GS12570,2026,14650.0,361352
361374,GS12615,2026,55.0,361375
361376,GS12617,2026,133.0,361377
361383,GS12626,2026,41399.0,361384
361384,GS12627,2026,39413.0,361385
361417,GS12668,2026,6292.0,361418
361514,GS12786,2026,85.0,361515
361519,GS12794,2026,10850.0,361520
361545,GS12829,2026,3.0,361546
361546,GS12830,2026,3659.0,361547
361580,GS12875,2026,420504.0,361581
361873,GS23254,2026,7498.0,361874
361934,GS23339,2026,933.0,361935
362180,ISOprj_1H502CZZH1S0VMYW,2026,410.0,362181
362181,ISOprj_1HCHT9G2H1S05MYP,2026,1.0,362182
362182,ISOprj_1HHYZFVGW1S044ZY,2026,8173.917,362183
362183,ISOprj_1HZSSWBQM1S08H83,2026,2192.082,362184
362184,ISOprj_1J4P33N6W1S0RKE2,2026,9648.05,362185
362188,ISOprj_1JFA3YY9P1S0YVKR,2026,129.0,362189
362189,ISOprj_1JKR5RQG81S0Y2CZ,2026,100.0,362190
362196,ISOprj_1JQEQKCF91S06HAJ,2026,260.619,362197
362202,ISOprj_1JXCRW5ST1S0EEKH,2026,885.0,362203
362203,ISOprj_1JY1YXDBS1S01Y05,2026,1246.004,362204
362208,ISOprj_1JZ0ZD3JN1S0SHW9,2026,46.0,362209
362209,ISOprj_1JZJY8NY61S0RH07,2026,919.0,362210
362212,ISOprj_1K10D531D1S0DEV9,2026,44.3,362213
362217,ISOprj_1K39D0N8S1S0TMKX,2026,23.002,362218
362239,ISOprj_1KFDNVSDZ1S0QA39,2026,60.0,362240
362260,VCS10,2026,328152.0,362261
362262,VCS12,2026,103027.0,362263
362279,VCS30,2026,124.0,362280
362281,VCS33,2026,650.0,362282
362282,VCS34,2026,760.0,362283
362299,VCS51,2026,20992.0,362300
362302,VCS54,2026,5026.0,362303
362316,VCS68,2026,85912.0,362317
362329,VCS82,2026,2549.0,362330
362330,VCS83,2026,3425.0,362331
362336,VCS89,2026,8048.0,362337
362338,VCS91,2026,1.0,362339
362339,VCS92,2026,727895.0,362340
362340,VCS93,2026,38868.0,362341
362344,VCS97,2026,1913.0,362345
362345,VCS98,2026,47850.0,362346
362358,VCS111,2026,4740.0,362359
362366,VCS120,2026,1441.0,362367
362383,VCS138,2026,32528.0,362384
362387,VCS142,2026,52900.0,362388
362389,VCS144,2026,500.0,362390
362417,VCS173,2026,66196.0,362418
362421,VCS177,2026,3361.0,362422
362433,VCS191,2026,5279.0,362434
362439,VCS197,2026,261.0,362440
362440,VCS198,2026,3569.0,362441
362444,VCS202,2026,5089.0,362445
362445,VCS203,2026,453.0,362446
362455,VCS213,2026,15495.0,362456
362470,VCS228,2026,23018.0,362471
362474,VCS232,2026,114.0,362475
362480,VCS238,2026,1568.0,362481
362495,VCS253,2026,2611.0,362496
362506,VCS264,2026,13092.0,362507
362518,VCS276,2026,1130.0,362519
362523,VCS281,2026,25.0,362524
362530,VCS288,2026,20695.0,362531
362534,VCS292,2026,39855.0,362535
362546,VCS304,2026,223.0,362547
362559,VCS318,2026,49831.0,362560
362576,VCS335,2026,3119.0,362577
362577,VCS336,2026,6199.0,362578
362578,VCS337,2026,7114.0,362579
362590,VCS349,2026,713.0,362591
362596,VCS355,2026,3500.0,362597
362611,VCS370,2026,471.0,362612
362612,VCS371,2026,1235.0,362613
362617,VCS376,2026,74.0,362618
362621,VCS380,2026,70.0,362622
362622,VCS381,2026,22608.0,362623
362632,VCS391,2026,109532.0,362633
362633,VCS392,2026,1.0,362634
362636,VCS395,2026,243.0,362637
362637,VCS396,2026,2816.0,362638
362641,VCS400,2026,215962.0,362642
362644,VCS403,2026,1225.0,362645
362646,VCS405,2026,550.0,362647
362654,VCS413,2026,41491.0,362655
362655,VCS414,2026,68300.0,362656
362656,VCS415,2026,508.0,362657
362657,VCS416,2026,4618.0,362658
362668,VCS427,2026,5900.0,362669
362669,VCS428,2026,258.0,362670
362671,VCS430,2026,422.0,362672
362681,VCS440,2026,3359.0,362682
362682,VCS441,2026,3052.0,362683
362691,VCS450,2026,305.0,362692
362696,VCS455,2026,15.0,362697
362697,VCS456,2026,7144.0,362698
362699,VCS458,2026,8.0,362700
362709,VCS468,2026,3943.0,362710
362712,VCS471,2026,6987.0,362713
362723,VCS482,2026,9574.0,362724
362725,VCS484,2026,50.0,362726
362727,VCS486,2026,17441.0,362728
362728,VCS487,2026,524727.0,362729
362729,VCS488,2026,96578.0,362730
362730,VCS489,2026,1387.0,362731
362747,VCS506,2026,29.0,362748
362754,VCS513,2026,35924.0,362755
362755,VCS514,2026,2055.0,362756
362763,VCS522,2026,1.0,362764
362771,VCS530,2026,7183.0,362772
362775,VCS534,2026,1457.0,362776
362776,VCS535,2026,131232.0,362777
362777,VCS536,2026,83723.0,362778
362780,VCS539,2026,107.0,362781
362782,VCS541,2026,58713.0,362783
362784,VCS543,2026,44804.0,362785
362785,VCS544,2026,30000.0,362786
362789,VCS548,2026,5851.0,362790
362799,VCS558,2026,5133.0,362800
362803,VCS562,2026,135.0,362804
362804,VCS563,2026,46763.0,362805
362806,VCS565,2026,40021.0,362807
362814,VCS573,2026,22943.0,362815
362817,VCS576,2026,24904.0,362818
362844,VCS603,2026,2.0,362845
362848,VCS607,2026,40933.0,362849
362853,VCS612,2026,177704.0,362854
362859,VCS618,2026,51915.0,362860
362860,VCS619,2026,2052.0,362861
362877,VCS636,2026,15581.0,362878
362881,VCS640,2026,55708.0,362882
362888,VCS647,2026,764.0,362889
362894,VCS653,2026,3061.0,362895
362896,VCS655,2026,22700.0,362897
362901,VCS660,2026,8.0,362902
362903,VCS662,2026,7243.0,362904
362906,VCS665,2026,5216.0,362907
362907,VCS666,2026,1.0,362908
362908,VCS667,2026,2500.0,362909
362910,VCS669,2026,7.0,362911
362913,VCS672,2026,241771.0,362914
362914,VCS673,2026,5881.0,362915
362915,VCS674,2026,338481.0,362916
362917,VCS676,2026,89284.0,362918
362919,VCS678,2026,4964.0,362920
362923,VCS682,2026,2473.0,362924
362929,VCS688,2026,24357.0,362930
362934,VCS693,2026,60266.0,362935
362938,VCS697,2026,1000.0,362939
362942,VCS701,2026,41570.0,362943
362947,VCS706,2026,11766.0,362948
362949,VCS708,2026,25911.0,362950
362953,VCS713,2026,23248.0,362954
362955,VCS715,2026,11191.0,362956
362956,VCS716,2026,151.0,362957
362957,VCS717,2026,1268.0,362958
362967,VCS727,2026,81318.0,362968
362968,VCS728,2026,15455.0,362969
362974,VCS734,2026,86301.0,362975
362976,VCS736,2026,95.0,362977
362977,VCS737,2026,3082.0,362978
362980,VCS740,2026,126652.0,362981
362986,VCS747,2026,20721.0,362987
362992,VCS753,2026,23709.0,362993
362995,VCS756,2026,13986.0,362996
362998,VCS759,2026,4366.0,362999
363003,VCS764,2026,15.0,363004
363005,VCS766,2026,9109.0,363006
363019,VCS780,2026,90441.0,363020
363023,VCS784,2026,19242.0,363024
363025,VCS786,2026,255820.0,363026
363027,VCS788,2026,253369.0,363028
363037,VCS798,2026,7502.0,363038
363038,VCS799,2026,340.0,363039
363046,VCS807,2026,113.0,363047
363047,VCS808,2026,15974.0,363048
363049,VCS810,2026,93290.0,363050
363051,VCS812,2026,19.0,363052
363052,VCS813,2026,1200.0,363053
363056,VCS817,2026,19601.0,363057
363058,VCS819,2026,3695.0,363059
363062,VCS823,2026,69900.0,363063
363069,VCS830,2026,1508.0,363070
363071,VCS832,2026,260041.0,363072
363073,VCS834,2026,10265.0,363074
363074,VCS835,2026,93233.0,363075
363075,VCS836,2026,997.0,363076
363076,VCS837,2026,63215.0,363077
363083,VCS844,2026,41591.0,363084
363088,VCS849,2026,10944.0,363089
363089,VCS850,2026,1100.0,363090
363107,VCS868,2026,249349.0,363108
363111,VCS872,2026,10038.0,363112
363112,VCS873,2026,38556.0,363113
363114,VCS875,2026,191872.0,363115
363115,VCS876,2026,1803.0,363116
363121,VCS882,2026,10128.0,363122
363122,VCS883,2026,133871.0,363123
363123,VCS884,2026,19534.0,363124
363126,VCS887,2026,5.0,363127
363131,VCS892,2026,62037.0,363132
363132,VCS893,2026,13499.0,363133
363135,VCS896,2026,39994.0,363136
363138,VCS899,2026,18507.0,363139
363140,VCS901,2026,6646.0,363141
363141,VCS902,2026,733349.0,363142
363142,VCS903,2026,43129.0,363143
363144,VCS905,2026,4998.0,363145
363148,VCS909,2026,792.0,363149
363149,VCS910,2026,203431.0,363150
363150,VCS911,2026,36580.0,363151
363151,VCS912,2026,2505.0,363152
363160,VCS921,2026,2557.0,363161
363163,VCS924,2026,48577.0,363164
363164,VCS925,2026,7245.0,363165
363165,VCS926,2026,6912.0,363166
363166,VCS927,2026,26200.0,363167
363167,VCS928,2026,8022.0,363168
363168,VCS929,2026,75848.0,363169
363173,VCS934,2026,3182540.0,363174
363182,VCS943,2026,40.0,363183
363186,VCS947,2026,384.0,363187
363198,VCS959,2026,137375.0,363199
363199,VCS960,2026,487172.0,363200
363200,VCS961,2026,89170.0,363201
363201,VCS962,2026,92.0,363202
363203,VCS964,2026,36956.0,363204
363210,VCS971,2026,13.0,363211
363212,VCS973,2026,96975.0,363213
363213,VCS974,2026,26879.0,363214
363214,VCS975,2026,7030.0,363215
363216,VCS977,2026,7213.0,363217
363220,VCS981,2026,145664.0,363221
363221,VCS982,2026,69879.0,363222
363224,VCS985,2026,4755.0,363225
363225,VCS986,2026,6978.0,363226
363226,VCS987,2026,53436.0,363227
363232,VCS993,2026,122.0,363233
363233,VCS994,2026,1330.0,363234
363240,VCS1001,2026,87137.0,363241
363241,VCS1002,2026,3515.0,363242
363253,VCS1015,2026,500.0,363254
363258,VCS1020,2026,6989.0,363259
363259,VCS1021,2026,2505.0,363260
363260,VCS1022,2026,2373.0,363261
363261,VCS1023,2026,2735.0,363262
363262,VCS1024,2026,5082.0,363263
363264,VCS1026,2026,19416.0,363265
363269,VCS1031,2026,23452.0,363270
363270,VCS1032,2026,2099.0,363271
363275,VCS1037,2026,5519.0,363276
363276,VCS1038,2026,2.0,363277
363279,VCS1041,2026,62180.0,363280
363280,VCS1042,2026,25543.0,363281
363281,VCS1043,2026,14590.0,363282
363283,VCS1045,2026,89938.0,363284
363288,VCS1050,2026,946.0,363289
363293,VCS1055,2026,175137.0,363294
363305,VCS1067,2026,116293.0,363306
363323,VCS1085,2026,1765.0,363324
363330,VCS1092,2026,1226.0,363331
363332,VCS1094,2026,12.0,363333
363338,VCS1100,2026,199599.0,363339
363341,VCS1103,2026,26066.0,363342
363350,VCS1112,2026,96598.0,363351
363351,VCS1113,2026,842.0,363352
363353,VCS1115,2026,14859.0,363354
363359,VCS1121,2026,2536.0,363360
363360,VCS1122,2026,81642.0,363361
363365,VCS1127,2026,3738.0,363366
363366,VCS1128,2026,107519.0,363367
363371,VCS1133,2026,22379.0,363372
363373,VCS1135,2026,19008.0,363374
363378,VCS1140,2026,4480.0,363379
363381,VCS1143,2026,48434.0,363382
363384,VCS1146,2026,485591.0,363385
363385,VCS1147,2026,1379.0,363386
363390,VCS1152,2026,3223.0,363391
363399,VCS1162,2026,10649.0,363400
363400,VCS1163,2026,23000.0,363401
363403,VCS1166,2026,45998.0,363404
363405,VCS1168,2026,92784.0,363406
363411,VCS1174,2026,22523.0,363412
363412,VCS1175,2026,18962.0,363413
363418,VCS1181,2026,1407.0,363419
363420,VCS1183,2026,99.0,363421
363421,VCS1184,2026,189.0,363422
363423,VCS1186,2026,41285.0,363424
363425,VCS1188,2026,6751.0,363426
363426,VCS1189,2026,3676.0,363427
363428,VCS1191,2026,965.0,363429
363433,VCS1196,2026,75341.0,363434
363435,VCS1198,2026,143091.0,363436
363436,VCS1199,2026,3736.0,363437
363438,VCS1201,2026,28870.0,363439
363439,VCS1202,2026,493834.0,363440
363441,VCS1204,2026,1057.0,363442
363444,VCS1207,2026,1653.0,363445
363445,VCS1208,2026,8129.0,363446
363447,VCS1210,2026,865.0,363448
363448,VCS1211,2026,550.0,363449
363454,VCS1217,2026,12023.0,363455
363455,VCS1218,2026,115254.0,363456
363458,VCS1221,2026,122763.0,363459
363469,VCS1232,2026,1275.0,363470
363473,VCS1236,2026,22979.0,363474
363477,VCS1240,2026,227834.0,363478
363478,VCS1241,2026,360.0,363479
363488,VCS1251,2026,3316.0,363489
363489,VCS1252,2026,4910.0,363490
363490,VCS1253,2026,1618.0,363491
363491,VCS1254,2026,46833.0,363492
363494,VCS1257,2026,221057.0,363495
363495,VCS1258,2026,47693.0,363496
363498,VCS1261,2026,1493.0,363499
363526,VCS1289,2026,108999.0,363527
363536,VCS1300,2026,5806.0,363537
363537,VCS1301,2026,1775.0,363538
363546,VCS1310,2026,716.0,363547
363551,VCS1315,2026,7910.0,363552
363555,VCS1319,2026,16.0,363556
363558,VCS1322,2026,15.0,363559
363564,VCS1328,2026,58132.0,363565
363565,VCS1329,2026,1337.0,363566
363566,VCS1330,2026,19017.0,363567
363574,VCS1338,2026,2.0,363575
363576,VCS1340,2026,40638.0,363577
363580,VCS1344,2026,6758.0,363581
363581,VCS1345,2026,70.0,363582
363582,VCS1346,2026,4252.0,363583
363584,VCS1348,2026,7712.0,363585
363585,VCS1349,2026,3160.0,363586
363589,VCS1353,2026,60921.0,363590
363590,VCS1354,2026,4701.0,363591
363591,VCS1355,2026,1044.0,363592
363592,VCS1356,2026,735.0,363593
363596,VCS1360,2026,53509.0,363597
363598,VCS1362,2026,73122.0,363599
363604,VCS1368,2026,11601.0,363605
363614,VCS1378,2026,106.0,363615
363616,VCS1380,2026,7326.0,363617
363618,VCS1382,2026,202849.0,363619
363622,VCS1386,2026,5712.0,363623
363625,VCS1389,2026,48650.0,363626
363627,VCS1391,2026,20542.0,363628
363628,VCS1392,2026,30940.0,363629
363631,VCS1395,2026,178059.0,363632
363635,VCS1399,2026,17883.0,363636
363636,VCS1400,2026,39276.0,363637
363638,VCS1402,2026,6.0,363639
363640,VCS1404,2026,7722.0,363641
363642,VCS1406,2026,97989.0,363643
363644,VCS1408,2026,376529.0,363645
363649,VCS1413,2026,16.0,363650
363660,VCS1424,2026,210.0,363661
363661,VCS1425,2026,313.0,363662
363674,VCS1439,2026,12.0,363675
363676,VCS1441,2026,1266.0,363677
363679,VCS1444,2026,64485.0,363680
363680,VCS1445,2026,194.0,363681
363681,VCS1446,2026,117835.0,363682
363682,VCS1447,2026,155016.0,363683
363696,VCS1461,2026,4857.0,363697
363697,VCS1463,2026,14858.0,363698
363698,VCS1464,2026,570342.0,363699
363699,VCS1465,2026,7507.0,363700
363701,VCS1468,2026,30000.0,363702
363708,VCS1477,2026,855902.0,363709
363710,VCS1479,2026,31917.0,363711
363711,VCS1480,2026,14891.0,363712
363713,VCS1482,2026,72492.0,363714
363714,VCS1483,2026,13967.0,363715
363716,VCS1485,2026,21297.0,363717
363719,VCS1490,2026,58750.0,363720
363722,VCS1493,2026,2422.0,363723
363724,VCS1495,2026,9319.0,363725
363726,VCS1497,2026,55271.0,363727
363728,VCS1499,2026,1966.0,363729
363729,VCS1500,2026,18409.0,363730
363732,VCS1503,2026,3105.0,363733
363734,VCS1505,2026,23.0,363735
363737,VCS1508,2026,30.0,363738
363739,VCS1510,2026,7936.0,363740
363747,VCS1519,2026,1417.0,363748
363748,VCS1520,2026,8500.0,363749
363749,VCS1521,2026,1942.0,363750
363750,VCS1522,2026,74931.0,363751
363751,VCS1523,2026,110213.0,363752
363757,VCS1529,2026,121232.0,363758
363758,VCS1530,2026,678.0,363759
363762,VCS1535,2026,28.0,363763
363765,VCS1538,2026,228.0,363766
363766,VCS1539,2026,25000.0,363767
363767,VCS1541,2026,1108.0,363768
363768,VCS1542,2026,50337.0,363769
363772,VCS1546,2026,31385.0,363773
363773,VCS1547,2026,100.0,363774
363775,VCS1549,2026,51291.0,363776
363782,VCS1558,2026,6028.0,363783
363784,VCS1560,2026,120557.0,363785
363789,VCS1566,2026,217262.0,363790
363792,VCS1569,2026,20000.0,363793
363794,VCS1571,2026,12379.0,363795
363797,VCS1577,2026,72305.0,363798
363799,VCS1579,2026,99400.0,363800
363800,VCS1580,2026,5235.0,363801
363801,VCS1582,2026,57502.0,363802
363806,VCS1622,2026,63468.0,363807
363810,VCS1644,2026,85760.0,363811
363811,VCS1650,2026,848570.0,363812
363814,VCS1654,2026,256.0,363815
363820,VCS1661,2026,22336.0,363821
363822,VCS1663,2026,40988.0,363823
363823,VCS1664,2026,210.0,363824
363827,VCS1669,2026,9614.0,363828
363828,VCS1670,2026,15080.0,363829
363829,VCS1671,2026,167874.0,363830
363837,VCS1679,2026,120058.0,363838
363842,VCS1684,2026,3180.0,363843
363843,VCS1685,2026,175.0,363844
363844,VCS1686,2026,50512.0,363845
363846,VCS1689,2026,3736.0,363847
363848,VCS1691,2026,110523.0,363849
363863,VCS1709,2026,76399.0,363864
363866,VCS1715,2026,6006.0,363867
363867,VCS1716,2026,36933.0,363868
363868,VCS1718,2026,22682.0,363869
363869,VCS1719,2026,4.0,363870
363870,VCS1720,2026,162910.0,363871
363871,VCS1721,2026,137621.0,363872
363872,VCS1723,2026,1568.0,363873
363874,VCS1728,2026,177250.0,363875
363876,VCS1731,2026,210000.0,363877
363877,VCS1732,2026,1868.0,363878
363878,VCS1733,2026,20839.0,363879
363879,VCS1734,2026,9352.0,363880
363881,VCS1736,2026,2322.0,363882
363883,VCS1739,2026,4331.0,363884
363884,VCS1740,2026,3680.0,363885
363885,VCS1741,2026,14.0,363886
363886,VCS1742,2026,553289.0,363887
363888,VCS1744,2026,13178.0,363889
363889,VCS1745,2026,12373.0,363890
363890,VCS1746,2026,386971.0,363891
363891,VCS1748,2026,2476877.0,363892
363894,VCS1752,2026,7343.0,363895
363895,VCS1753,2026,638961.0,363896
363897,VCS1758,2026,22650.0,363898
363898,VCS1759,2026,32085.0,363899
363900,VCS1762,2026,79020.0,363901
363901,VCS1764,2026,13088.0,363902
363904,VCS1767,2026,78781.0,363905
363905,VCS1768,2026,307.0,363906
363906,VCS1769,2026,998.0,363907
363907,VCS1770,2026,228625.0,363908
363908,VCS1771,2026,40023.0,363909
363910,VCS1774,2026,333.0,363911
363911,VCS1775,2026,3411975.0,363912
363912,VCS1776,2026,10758.0,363913
363914,VCS1781,2026,49.0,363915
363917,VCS1784,2026,366394.0,363918
363918,VCS1786,2026,23284.0,363919
363919,VCS1787,2026,6279.0,363920
363920,VCS1788,2026,77626.0,363921
363923,VCS1791,2026,33200.0,363924
363924,VCS1792,2026,997048.0,363925
363925,VCS1793,2026,87970.0,363926
363928,VCS1797,2026,28000.0,363929
363931,VCS1800,2026,9212.0,363932
363934,VCS1804,2026,5178.0,363935
363935,VCS1805,2026,413688.0,363936
363936,VCS1806,2026,43647.0,363937
363937,VCS1807,2026,28321.0,363938
363941,VCS1812,2026,370902.0,363942
363943,VCS1815,2026,414090.0,363944
363947,VCS1820,2026,130405.0,363948
363949,VCS1822,2026,18289.0,363950
363951,VCS1824,2026,425.0,363952
363957,VCS1830,2026,15204.0,363958
363967,VCS1842,2026,58193.0,363968
363969,VCS1844,2026,36115.0,363970
363972,VCS1847,2026,8804.0,363973
363976,VCS1851,2026,1182785.0,363977
363978,VCS1853,2026,2640.0,363979
363980,VCS1855,2026,881.0,363981
363981,VCS1856,2026,113251.0,363982
363982,VCS1857,2026,171.0,363983
363983,VCS1859,2026,1007.0,363984
363984,VCS1860,2026,17278.0,363985
363986,VCS1862,2026,31391.0,363987
363987,VCS1863,2026,1645.0,363988
363991,VCS1867,2026,264645.0,363992
363994,VCS1870,2026,263.0,363995
363998,VCS1875,2026,976.0,363999
363999,VCS1877,2026,1817.0,364000
364000,VCS1878,2026,100.0,364001
364001,VCS1879,2026,9.0,364002
364003,VCS1882,2026,1465.0,364004
364004,VCS1883,2026,2076.0,364005
364006,VCS1885,2026,9575.0,364007
364010,VCS1890,2026,70039.0,364011
364011,VCS1891,2026,73086.0,364012
364015,VCS1896,2026,10210.0,364016
364016,VCS1897,2026,445443.0,364017
364017,VCS1898,2026,2127.0,364018
364018,VCS1899,2026,28744.0,364019
364019,VCS1900,2026,292385.0,364020
364022,VCS1903,2026,285272.0,364023
364023,VCS1904,2026,293188.0,364024
364024,VCS1905,2026,35.0,364025
364030,VCS1911,2026,4492.0,364031
364032,VCS1913,2026,7950.0,364033
364033,VCS1914,2026,3841.0,364034
364034,VCS1915,2026,16052.0,364035
364035,VCS1916,2026,38966.0,364036
364037,VCS1918,2026,3500.0,364038
364048,VCS1931,2026,485298.0,364049
364051,VCS1935,2026,4473.0,364052
364054,VCS1939,2026,200.0,364055
364055,VCS1940,2026,2650.0,364056
364056,VCS1941,2026,26000.0,364057
364058,VCS1943,2026,19059.0,364059
364059,VCS1944,2026,7953.0,364060
364060,VCS1945,2026,784.0,364061
364061,VCS1946,2026,149.0,364062
364062,VCS1947,2026,195368.0,364063
364064,VCS1949,2026,14080.0,364065
364065,VCS1950,2026,96073.0,364066
364068,VCS1953,2026,16457.0,364069
364069,VCS1954,2026,998.0,364070
364072,VCS1958,2026,24806.0,364073
364074,VCS1960,2026,12991.0,364075
364078,VCS1964,2026,88546.0,364079
364079,VCS1965,2026,5727.0,364080
364082,VCS1968,2026,32374.0,364083
364084,VCS1970,2026,131666.0,364085
364086,VCS1972,2026,32150.0,364087
364088,VCS1974,2026,18021.0,364089
364089,VCS1975,2026,20089.0,364090
364090,VCS1976,2026,85769.0,364091
364096,VCS1982,2026,100151.0,364097
364099,VCS1985,2026,186.0,364100
364101,VCS1987,2026,569446.0,364102
364110,VCS1996,2026,30873.0,364111
364111,VCS1997,2026,58580.0,364112
364113,VCS1999,2026,22660.0,364114
364114,VCS2000,2026,15172.0,364115
364116,VCS2002,2026,57846.0,364117
364118,VCS2004,2026,10253.0,364119
364121,VCS2007,2026,1000.0,364122
364122,VCS2008,2026,952.0,364123
364128,VCS2014,2026,11092.0,364129
364131,VCS2017,2026,111649.0,364132
364133,VCS2019,2026,63946.0,364134
364134,VCS2020,2026,27000.0,364135
364137,VCS2023,2026,8334.0,364138
364140,VCS2026,2026,9993.0,364141
364147,VCS2033,2026,13144.0,364148
364150,VCS2036,2026,32000.0,364151
364152,VCS2038,2026,5407.0,364153
364154,VCS2040,2026,17028.0,364155
364156,VCS2042,2026,99975.0,364157
364166,VCS2052,2026,55817.0,364167
364172,VCS2058,2026,16233.0,364173
364173,VCS2059,2026,144447.0,364174
364174,VCS2060,2026,800.0,364175
364179,VCS2065,2026,109657.0,364180
364183,VCS2069,2026,328098.0,364184
364184,VCS2070,2026,5770.0,364185
364193,VCS2082,2026,99952.0,364194
364194,VCS2083,2026,69035.0,364195
364197,VCS2087,2026,17616.0,364198
364202,VCS2092,2026,3768.0,364203
364203,VCS2093,2026,12521.0,364204
364208,VCS2098,2026,1284.0,364209
364220,VCS2244,2026,32228.0,364221
364226,VCS2250,2026,410630.0,364227
364228,VCS2252,2026,7324.0,364229
364232,VCS2261,2026,14522.0,364233
364239,VCS2293,2026,24332.0,364240
364252,VCS2307,2026,1263.0,364253
364253,VCS2308,2026,5268.0,364254
364254,VCS2309,2026,915.0,364255
364255,VCS2310,2026,900.0,364256
364256,VCS2311,2026,33.0,364257
364262,VCS2317,2026,5852.0,364263
364267,VCS2322,2026,12624.0,364268
364269,VCS2324,2026,2000.0,364270
364270,VCS2326,2026,350.0,364271
364277,VCS2335,2026,3500.0,364278
364278,VCS2336,2026,146.0,364279
364279,VCS2337,2026,47500.0,364280
364280,VCS2338,2026,27.0,364281
364281,VCS2339,2026,1841.0,364282
364284,VCS2342,2026,31331.0,364285
364285,VCS2343,2026,300.0,364286
364286,VCS2345,2026,566583.0,364287
364289,VCS2348,2026,11889.0,364290
364293,VCS2352,2026,44423.0,364294
364294,VCS2353,2026,104722.0,364295
364295,VCS2354,2026,108431.0,364296
364298,VCS2357,2026,1180.0,364299
364299,VCS2358,2026,22593.0,364300
364302,VCS2361,2026,27700.0,364303
364305,VCS2365,2026,22189.0,364306
364306,VCS2366,2026,2092.0,364307
364307,VCS2367,2026,16343.0,364308
364310,VCS2371,2026,312.0,364311
364311,VCS2372,2026,8232.0,364312
364314,VCS2375,2026,11421.0,364315
364318,VCS2379,2026,33645.0,364319
364322,VCS2383,2026,60032.0,364323
364323,VCS2384,2026,238749.0,364324
364326,VCS2387,2026,118.0,364327
364339,VCS2400,2026,4.0,364340
364340,VCS2401,2026,28998.0,364341
364341,VCS2402,2026,21636.0,364342
364343,VCS2404,2026,57894.0,364344
364344,VCS2405,2026,27691.0,364345
364348,VCS2409,2026,43679.0,364349
364349,VCS2410,2026,5743.0,364350
364355,VCS2416,2026,5174.0,364356
364356,VCS2417,2026,20892.0,364357
364360,VCS2422,2026,168.0,364361
364363,VCS2425,2026,6.0,364364
364364,VCS2426,2026,8136.0,364365
364368,VCS2430,2026,12107.0,364369
364372,VCS2434,2026,2523.0,364373
364377,VCS2439,2026,10800.0,364378
364378,VCS2440,2026,7629.0,364379
364380,VCS2442,2026,9803.0,364381
364381,VCS2443,2026,11507.0,364382
364382,VCS2444,2026,5910.0,364383
364385,VCS2447,2026,5167.0,364386
364387,VCS2449,2026,5847.0,364388
364389,VCS2451,2026,7836.0,364390
364391,VCS2455,2026,550.0,364392
364393,VCS2458,2026,433.0,364394
364399,VCS2465,2026,10115.0,364400
364402,VCS2468,2026,32690.0,364403
364403,VCS2469,2026,2484.0,364404
364406,VCS2473,2026,3019.0,364407
364411,VCS2478,2026,630467.0,364412
364413,VCS2481,2026,11872.0,364414
364415,VCS2483,2026,53317.0,364416
364421,VCS2490,2026,3050.0,364422
364428,VCS2497,2026,10131.0,364429
364429,VCS2498,2026,6044.0,364430
364433,VCS2502,2026,818887.0,364434
364434,VCS2503,2026,8073.0,364435
364435,VCS2504,2026,484.0,364436
364436,VCS2505,2026,4052309.0,364437
364439,VCS2508,2026,16755.0,364440
364441,VCS2510,2026,105496.0,364442
364443,VCS2512,2026,60297.0,364444
364446,VCS2516,2026,46.0,364447
364460,VCS2532,2026,15197.0,364461
364461,VCS2533,2026,1470.0,364462
364463,VCS2535,2026,16542.0,364464
364465,VCS2537,2026,5400.0,364466
364467,VCS2539,2026,13376.0,364468
364468,VCS2540,2026,40943.0,364469
364471,VCS2548,2026,14090.0,364472
364473,VCS2551,2026,972670.0,364474
364474,VCS2552,2026,116432.0,364475
364476,VCS2554,2026,5026.0,364477
364477,VCS2555,2026,98161.0,364478
364478,VCS2556,2026,11208.0,364479
364479,VCS2557,2026,2947.0,364480
364480,VCS2558,2026,84604.0,364481
364483,VCS2565,2026,9274.0,364484
364484,VCS2566,2026,1636.0,364485
364492,VCS2576,2026,70145.0,364493
364495,VCS2581,2026,53275.0,364496
364501,VCS2588,2026,331990.0,364502
364502,VCS2590,2026,1400.0,364503
364512,VCS2600,2026,107.0,364513
364513,VCS2601,2026,97211.0,364514
364514,VCS2603,2026,123.0,364515
364520,VCS2609,2026,562853.0,364521
364521,VCS2610,2026,390.0,364522
364522,VCS2611,2026,366733.0,364523
364525,VCS2614,2026,70270.0,364526
364533,VCS2623,2026,8433.0,364534
364540,VCS2631,2026,3.0,364541
364542,VCS2633,2026,4.0,364543
364544,VCS2635,2026,144349.0,364545
364548,VCS2639,2026,66407.0,364549
364550,VCS2645,2026,1344.0,364551
364552,VCS2649,2026,4310.0,364553
364558,VCS2656,2026,1878.0,364559
364565,VCS2664,2026,1474.0,364566
364575,VCS2676,2026,270130.0,364576
364586,VCS2688,2026,5821.0,364587
364589,VCS2691,2026,394776.0,364590
364590,VCS2692,2026,349124.0,364591
364591,VCS2693,2026,19.0,364592
364593,VCS2695,2026,60838.0,364594
364594,VCS2696,2026,107.0,364595
364595,VCS2697,2026,10729.0,364596
364598,VCS2700,2026,123449.0,364599
364599,VCS2701,2026,27720.0,364600
364606,VCS2708,2026,3000.0,364607
364607,VCS2709,2026,3380.0,364608
364608,VCS2710,2026,428371.0,364609
364619,VCS2723,2026,10510.0,364620
364630,VCS2734,2026,4422.0,364631
364632,VCS2736,2026,46612.0,364633
364633,VCS2737,2026,379581.0,364634
364634,VCS2738,2026,404615.0,364635
364635,VCS2739,2026,42318.0,364636
364641,VCS2745,2026,116.0,364642
364642,VCS2746,2026,14207.0,364643
364643,VCS2748,2026,405871.0,364644
364644,VCS2749,2026,254.0,364645
364645,VCS2750,2026,2248.0,364646
364646,VCS2751,2026,4276.0,364647
364657,VCS2762,2026,57512.0,364658
364669,VCS2775,2026,4306.0,364670
364719,VCS2828,2026,5000.0,364720
364721,VCS2830,2026,72321.0,364722
364723,VCS2833,2026,1246.0,364724
364726,VCS2836,2026,9058.0,364727
364727,VCS2837,2026,899.0,364728
364728,VCS2838,2026,43.0,364729
364730,VCS2840,2026,48000.0,364731
364736,VCS2846,2026,96035.0,364737
364738,VCS2848,2026,7539.0,364739
364753,VCS2863,2026,48000.0,364754
364754,VCS2864,2026,84448.0,364755
364756,VCS2866,2026,99133.0,364757
364758,VCS2868,2026,2450.0,364759
364768,VCS2878,2026,102484.0,364769
364769,VCS2879,2026,20548.0,364770
364770,VCS2880,2026,6810.0,364771
364777,VCS2887,2026,148238.0,364778
364785,VCS2895,2026,104873.0,364786
364786,VCS2897,2026,4194.0,364787
364807,VCS2922,2026,13221.0,364808
364808,VCS2923,2026,26920.0,364809
364809,VCS2924,2026,150000.0,364810
364810,VCS2925,2026,488.0,364811
364814,VCS2930,2026,233918.0,364815
364815,VCS2931,2026,26074.0,364816
364823,VCS2939,2026,59921.0,364824
364825,VCS2941,2026,115889.0,364826
364827,VCS2943,2026,130113.0,364828
364835,VCS2951,2026,10688.0,364836
364840,VCS2957,2026,1949.0,364841
364845,VCS2965,2026,4600.0,364846
364857,VCS2980,2026,30096.0,364858
364859,VCS2982,2026,16.0,364860
364865,VCS2989,2026,9798.0,364866
364867,VCS2992,2026,1244.0,364868
364872,VCS2998,2026,5292.0,364873
364879,VCS3005,2026,85391.0,364880
364884,VCS3010,2026,15631.0,364885
364890,VCS3016,2026,22000.0,364891
364892,VCS3018,2026,17206.0,364893
364895,VCS3021,2026,9932.0,364896
364898,VCS3025,2026,41448.0,364899
364919,VCS3052,2026,1879.0,364920
364923,VCS3056,2026,45584.0,364924
364929,VCS3063,2026,6527.0,364930
364960,VCS3094,2026,230.0,364961
364961,VCS3095,2026,64.0,364962
364966,VCS3101,2026,24263.0,364967
364979,VCS3115,2026,3326.0,364980
364999,VCS3135,2026,1016.0,365000
365016,VCS3154,2026,2312.0,365017
365020,VCS3158,2026,56892.0,365021
365023,VCS3161,2026,10924.0,365024
365066,VCS3206,2026,2930.0,365067
365067,VCS3207,2026,1268.0,365068
365103,VCS3244,2026,145269.0,365104
365104,VCS3245,2026,430.0,365105
365136,VCS3279,2026,21285.0,365137
365139,VCS3282,2026,21738.0,365140
365153,VCS3298,2026,26973.0,365154
365163,VCS3308,2026,7184.0,365164
365196,VCS3342,2026,4157.0,365197
365198,VCS3344,2026,500.0,365199
365199,VCS3346,2026,41213.0,365200
365201,VCS3348,2026,87051.0,365202
365202,VCS3350,2026,45843.0,365203
365204,VCS3352,2026,33.0,365205
365208,VCS3356,2026,43500.0,365209
365214,VCS3363,2026,1198.0,365215
365219,VCS3368,2026,16231.0,365220
365220,VCS3369,2026,158337.0,365221
365222,VCS3371,2026,175.0,365223
365241,VCS3393,2026,25823.0,365242
365273,VCS3425,2026,6480.0,365274
365279,VCS3432,2026,7300.0,365280
365295,VCS3448,2026,40100.0,365296
365387,VCS3562,2026,10326.0,365388
365395,VCS3570,2026,2711.0,365396
365415,VCS3590,2026,18106.0,365416
365425,VCS3601,2026,15978.0,365426
365427,VCS3603,2026,27085.0,365428
365428,VCS3604,2026,8239.0,365429
365438,VCS3616,2026,89041.0,365439
365447,VCS3625,2026,19615.0,365448
365452,VCS3630,2026,1239.0,365453
365480,VCS3662,2026,2332.0,365481
365487,VCS3669,2026,73.0,365488
365495,VCS3678,2026,1.0,365496
365507,VCS3691,2026,2100.0,365508
365515,VCS3699,2026,14442.0,365516
365550,VCS3739,2026,55766.0,365551
365554,VCS3743,2026,36877.0,365555
365556,VCS3746,2026,100.0,365557
365581,VCS3772,2026,65274.0,365582
365635,VCS3839,2026,5263.0,365636
365659,VCS3866,2026,20798.0,365660
365662,VCS3869,2026,3894.0,365663
365663,VCS3870,2026,20517.0,365664
365664,VCS3871,2026,26076.0,365665
365665,VCS3872,2026,23322.0,365666
365666,VCS3873,2026,2091.0,365667
365672,VCS3880,2026,54347.0,365673
365673,VCS3881,2026,2680.0,365674
365680,VCS3889,2026,6859.0,365681
365691,VCS3901,2026,602.0,365692
365710,VCS3922,2026,1862.0,365711
365717,VCS3929,2026,31.0,365718
365723,VCS3936,2026,11652.0,365724
365727,VCS3940,2026,13821.0,365728
365761,VCS3980,2026,13678.0,365762
365776,VCS3996,2026,233.0,365777
365779,VCS4000,2026,1407.0,365780
365792,VCS4014,2026,10406.0,365793
365793,VCS4015,2026,506.0,365794
365795,VCS4018,2026,7778.0,365796
365796,VCS4019,2026,5163.0,365797
365797,VCS4020,2026,450.0,365798
365799,VCS4022,2026,82475.0,365800
365822,VCS4050,2026,36136.0,365823
365828,VCS4057,2026,42841.0,365829
365839,VCS4070,2026,10475.0,365840
365869,VCS4102,2026,142844.0,365870
365901,VCS4138,2026,79908.0,365902
365905,VCS4143,2026,148579.0,365906
365912,VCS4150,2026,73926.0,365913
365913,VCS4151,2026,220614.0,365914
365941,VCS4182,2026,4121.0,365942
365947,VCS4188,2026,2000.0,365948
365953,VCS4195,2026,2542.0,365954
365954,VCS4196,2026,20.0,365955
365957,VCS4201,2026,2300.0,365958
365973,VCS4223,2026,90643.0,365974
365981,VCS4231,2026,143567.0,365982
365998,VCS4249,2026,15937.0,365999
365999,VCS4250,2026,101.0,366000
366007,VCS4260,2026,306.0,366008
366015,VCS4268,2026,42916.0,366016
366035,VCS4288,2026,42226.0,366036
366036,VCS4289,2026,2196.0,366037
366079,VCS4338,2026,10953.0,366080
366088,VCS4347,2026,4512.0,366089
366124,VCS4383,2026,10218.0,366125
366151,VCS4412,2026,2027.0,366152
366154,VCS4416,2026,2287.0,366155
366161,VCS4423,2026,12117.0,366162
366165,VCS4429,2026,177600.0,366166
366185,VCS4456,2026,13750.0,366186
366186,VCS4457,2026,62742.0,366187
366196,VCS4469,2026,53000.0,366197
366197,VCS4472,2026,6848.0,366198
366220,VCS4499,2026,59421.0,366221
366239,VCS4519,2026,1666.0,366240
366248,VCS4531,2026,195368.0,366249
366263,VCS4547,2026,4.0,366264
366273,VCS4558,2026,30100.0,366274
366274,VCS4559,2026,98000.0,366275
366310,VCS4600,2026,6000.0,366311
366320,VCS4612,2026,43560.0,366321
366376,VCS4675,2026,47554.0,366377
366379,VCS4679,2026,14925.0,366380
366459,VCS4784,2026,2606.0,366460
366494,VCS4830,2026,11929.0,366495
366498,VCS4835,2026,7800.0,366499
366538,VCS4879,2026,15495.0,366539
366544,VCS4885,2026,1135.0,366545
366622,VCS4997,2026,2000.0,366623
366634,VCS5016,2026,463.0,366635
366769,VCS5186,2026,18047.0,366770
366789,VCS5210,2026,60.0,366790
366808,VCS5237,2026,100.0,366809
366902,VCS5362,2026,157.0,366903
366906,VCS5366,2026,30457.0,366907
367011,VCS5488,2026,292872.0,367012
367025,VCS5511,2026,75000.0,367026
