,Project ID,Year,Quantity,Record ID
237130,ACR0114,2016,165976.0,237131
237185,ACR0173,2016,2926.0,237186
237198,ACR0188,2016,5597.0,237199
237199,ACR0189,2016,6120.0,237200
237200,ACR0190,2016,22071.0,237201
237201,ACR0191,2016,166534.0,237202
237202,ACR0192,2016,5549.0,237203
237207,ACR0199,2016,243447.0,237208
237208,ACR0200,2016,8980.0,237209
237209,ACR0202,2016,23127.0,237210
237217,ACR0210,2016,1099667.0,237218
237218,ACR0211,2016,69317.0,237219
237223,ACR0222,2016,17782.0,237224
237224,ACR0223,2016,34300.0,237225
237225,ACR0224,2016,91554.0,237226
237227,ACR0226,2016,271395.0,237228
237232,ACR0232,2016,50088.0,237233
237233,ACR0233,2016,54602.0,237234
237234,ACR0234,2016,14787.0,237235
237235,ACR0235,2016,8081.0,237236
237238,ACR0238,2016,15159.0,237239
237239,ACR0239,2016,8392.0,237240
237241,ACR0241,2016,14760.0,237242
237243,ACR0243,2016,266263.0,237244
237247,ACR0247,2016,630062.0,237248
237248,ACR0248,2016,2384535.0,237249
237249,ACR0249,2016,233244.0,237250
237255,ACR0255,2016,12163578.0,237256
237256,ACR0256,2016,272988.0,237257
237257,ACR0257,2016,3131.0,237258
237259,ACR0259,2016,11533.0,237260
237260,ACR0260,2016,328371.0,237261
237262,ACR0262,2016,58664.0,237263
237265,ACR0265,2016,147442.0,237266
237266,ACR0266,2016,316480.0,237267
237271,ACR0271,2016,124882.0,237272
237273,ACR0273,2016,136805.0,237274
237274,ACR0274,2016,62905.0,237275
237275,ACR0275,2016,116836.0,237276
237281,ACR0281,2016,305122.0,237282
237282,ACR0282,2016,436608.0,237283
237283,ACR0283,2016,36380.0,237284
237288,ACR0288,2016,18683.0,237289
237292,ACR0292,2016,94711.0,237293
237301,ACR0303,2016,5159212.0,237302
237309,ACR0311,2016,107264.0,237310
237310,ACR0312,2016,140871.0,237311
237311,ACR0313,2016,15385.0,237312
237312,ACR0314,2016,111977.0,237313
237313,ACR0315,2016,86839.0,237314
237314,ACR0316,2016,104897.0,237315
237317,ACR0324,2016,9306732.0,237318
237318,ACR0342,2016,2236.0,237319
237319,ACR0343,2016,93298.0,237320
237321,ACR0349,2016,19666.0,237322
237322,ACR0350,2016,116741.0,237323
237323,ACR0351,2016,28562.0,237324
237324,ACR0352,2016,68637.0,237325
237326,ACR0354,2016,103357.0,237327
237328,ACR0356,2016,110720.0,237329
237331,ACR0359,2016,97813.0,237332
237351,ACR0380,2016,38.0,237352
237374,ACR0410,2016,10710.0,237375
237406,ACR0446,2016,63104.0,237407
237411,ACR0451,2016,105696.0,237412
237435,ACR0479,2016,199624.0,237436
237440,ACR0485,2016,125302.0,237441
237444,ACR0491,2016,25094.0,237445
237462,ACR0514,2016,55566.0,237463
237472,ACR0526,2016,21141.0,237473
237473,ACR0527,2016,17453.0,237474
238119,ART0102,2016,7867104.0,238120
238158,CAR406,2016,36593.0,238159
238160,CAR409,2016,54112.0,238161
238163,CAR416,2016,11526.0,238164
238166,CAR422,2016,43396.0,238167
238170,CAR429,2016,81166.0,238171
238172,CAR432,2016,18678.0,238173
238174,CAR435,2016,101334.0,238175
238175,CAR436,2016,28901.0,238176
238180,CAR443,2016,93117.0,238181
238181,CAR444,2016,33733.0,238182
238189,CAR455,2016,56811.0,238190
238196,CAR465,2016,27711.0,238197
238197,CAR466,2016,18883.0,238198
238204,CAR475,2016,99239.0,238205
238205,CAR476,2016,181537.0,238206
238220,CAR495,2016,84168.0,238221
238222,CAR497,2016,15777.0,238223
238223,CAR498,2016,104749.0,238224
238225,CAR502,2016,61127.0,238226
238226,CAR503,2016,8136.0,238227
238232,CAR512,2016,98220.0,238233
238240,CAR531,2016,3243.0,238241
238245,CAR545,2016,72725.0,238246
238250,CAR560,2016,56392.0,238251
238252,CAR574,2016,10744.0,238253
238253,CAR575,2016,864.0,238254
238258,CAR588,2016,90646.0,238259
238263,CAR593,2016,40098.0,238264
238275,CAR621,2016,135296.0,238276
238281,CAR635,2016,82835.0,238282
238282,CAR639,2016,742656.0,238283
238285,CAR646,2016,6544.0,238286
238290,CAR659,2016,11446.0,238291
238293,CAR672,2016,2065.0,238294
238294,CAR674,2016,92352.0,238295
238295,CAR676,2016,1165.0,238296
238297,CAR683,2016,9200.0,238298
238299,CAR688,2016,4645.0,238300
238301,CAR694,2016,1933.0,238302
238310,CAR768,2016,180231.0,238311
238312,CAR772,2016,8940.0,238313
238315,CAR776,2016,7812.0,238316
238319,CAR782,2016,34608.0,238320
238323,CAR790,2016,81560.0,238324
238330,CAR802,2016,4465.0,238331
238334,CAR807,2016,24080.0,238335
238335,CAR811,2016,120525.0,238336
238336,CAR812,2016,23867.0,238337
238340,CAR817,2016,20585.0,238341
238342,CAR822,2016,7309.0,238343
238346,CAR829,2016,22747.0,238347
238353,CAR838,2016,51638.0,238354
238356,CAR844,2016,8800.0,238357
238358,CAR866,2016,28633.0,238359
238365,CAR886,2016,16840.0,238366
238366,CAR887,2016,57887.0,238367
238367,CAR888,2016,31999.0,238368
238369,CAR892,2016,35192.0,238370
238370,CAR893,2016,1179.0,238371
238374,CAR911,2016,20091.0,238375
238375,CAR917,2016,43396.0,238376
238379,CAR935,2016,2527.0,238380
238393,CAR965,2016,21241.0,238394
238394,CAR969,2016,23033.0,238395
238396,CAR973,2016,364181.0,238397
238403,CAR982,2016,6837.0,238404
238404,CAR988,2016,11107.0,238405
238405,CAR989,2016,11479.0,238406
238408,CAR993,2016,90929.0,238409
238411,CAR996,2016,14089.0,238412
238412,CAR997,2016,33536.0,238413
238413,CAR998,2016,7810.0,238414
238416,CAR1002,2016,4832.0,238417
238421,CAR1008,2016,16249.0,238422
238426,CAR1013,2016,79600.0,238427
238428,CAR1015,2016,7287.0,238429
238431,CAR1019,2016,8230.0,238432
238433,CAR1022,2016,37836.0,238434
238437,CAR1027,2016,149744.0,238438
238441,CAR1033,2016,4942.0,238442
238442,CAR1035,2016,18328.0,238443
238443,CAR1036,2016,17237.0,238444
238445,CAR1041,2016,50552.0,238446
238450,CAR1049,2016,22699.0,238451
238451,CAR1050,2016,23124.0,238452
238453,CAR1055,2016,14087.0,238454
238454,CAR1056,2016,16008.0,238455
238455,CAR1057,2016,4052.0,238456
238456,CAR1058,2016,24044.0,238457
238458,CAR1062,2016,3894.0,238459
238459,CAR1063,2016,7160.0,238460
238462,CAR1066,2016,34632.0,238463
238466,CAR1070,2016,461526.0,238467
238469,CAR1074,2016,57134.0,238470
238471,CAR1076,2016,13960.0,238472
238473,CAR1078,2016,13552.0,238474
238474,CAR1080,2016,18652.0,238475
238477,CAR1083,2016,15258.0,238478
238480,CAR1086,2016,15859.0,238481
238482,CAR1088,2016,35979.0,238483
238486,CAR1092,2016,52124.0,238487
238488,CAR1094,2016,1402.0,238489
238489,CAR1095,2016,81728.0,238490
238490,CAR1096,2016,9610.0,238491
238491,CAR1097,2016,24473.0,238492
238492,CAR1098,2016,82509.0,238493
238493,CAR1099,2016,89607.0,238494
238494,CAR1100,2016,73667.0,238495
238495,CAR1101,2016,1681.0,238496
238496,CAR1102,2016,176441.0,238497
238497,CAR1103,2016,563.0,238498
238498,CAR1104,2016,4389.0,238499
238499,CAR1105,2016,234621.0,238500
238500,CAR1106,2016,30890.0,238501
238501,CAR1108,2016,32279.0,238502
238502,CAR1109,2016,43045.0,238503
238507,CAR1114,2016,356040.0,238508
238513,CAR1120,2016,67868.0,238514
238515,CAR1122,2016,12129.0,238516
238516,CAR1123,2016,16242.0,238517
238517,CAR1124,2016,18714.0,238518
238519,CAR1126,2016,20998.0,238520
238520,CAR1127,2016,23396.0,238521
238521,CAR1128,2016,9488.0,238522
238523,CAR1130,2016,9148.0,238524
238524,CAR1132,2016,10526.0,238525
238525,CAR1133,2016,5934.0,238526
238526,CAR1134,2016,22953.0,238527
238527,CAR1135,2016,12913.0,238528
238529,CAR1137,2016,5921.0,238530
238530,CAR1138,2016,51607.0,238531
238531,CAR1139,2016,250962.0,238532
238532,CAR1140,2016,152358.0,238533
238533,CAR1141,2016,8426.0,238534
238535,CAR1143,2016,25570.0,238536
238537,CAR1145,2016,7838.0,238538
238538,CAR1146,2016,9525.0,238539
238539,CAR1147,2016,61714.0,238540
238540,CAR1151,2016,10438.0,238541
238541,CAR1152,2016,13363.0,238542
238542,CAR1153,2016,21782.0,238543
238543,CAR1154,2016,16023.0,238544
238544,CAR1155,2016,14161.0,238545
238545,CAR1156,2016,7403.0,238546
238548,CAR1159,2016,41473.0,238549
238549,CAR1160,2016,25146.0,238550
238558,CAR1169,2016,40632.0,238559
238563,CAR1175,2016,103973.0,238564
238565,CAR1177,2016,10505.0,238566
238566,CAR1178,2016,18782.0,238567
238568,CAR1180,2016,763870.0,238569
238571,CAR1183,2016,3719171.0,238572
238572,CAR1184,2016,8956.0,238573
238579,CAR1191,2016,660635.0,238580
238603,CAR1217,2016,28903.0,238604
238606,CAR1222,2016,145594.0,238607
238607,CAR1232,2016,9696.0,238608
238608,CAR1233,2016,20133.0,238609
238609,CAR1234,2016,22548.0,238610
238610,CAR1235,2016,101950.0,238611
238611,CAR1236,2016,181190.0,238612
238612,CAR1237,2016,1925.0,238613
238613,CAR1238,2016,2804.0,238614
238614,CAR1239,2016,133239.0,238615
238615,CAR1240,2016,111348.0,238616
238617,CAR1242,2016,42233.0,238618
238618,CAR1243,2016,54382.0,238619
238622,CAR1247,2016,6458.0,238623
238625,CAR1250,2016,226896.0,238626
238634,CAR1261,2016,489.0,238635
238635,CAR1262,2016,11805.0,238636
239438,GS352,2016,102713.0,239439
239441,GS367,2016,37911.0,239442
239445,GS382,2016,7370.0,239446
239448,GS390,2016,66680.0,239449
239450,GS395,2016,12940.0,239451
239451,GS397,2016,120694.0,239452
239452,GS398,2016,261061.0,239453
239456,GS407,2016,537344.0,239457
239457,GS410,2016,13327.0,239458
239458,GS411,2016,12174.0,239459
239460,GS413,2016,169686.0,239461
239461,GS414,2016,58612.0,239462
239465,GS423,2016,3588.0,239466
239467,GS436,2016,15032.0,239468
239472,GS441,2016,39165.0,239473
239473,GS445,2016,40228.0,239474
239474,GS447,2016,613532.0,239475
239482,GS464,2016,226182.0,239483
239483,GS467,2016,1852.0,239484
239485,GS472,2016,184073.0,239486
239486,GS474,2016,158953.0,239487
239489,GS482,2016,257.0,239490
239492,GS500,2016,41510.0,239493
239494,GS504,2016,87057.0,239495
239495,GS505,2016,3149.0,239496
239499,GS518,2016,433.0,239500
239507,GS560,2016,71659.0,239508
239509,GS565,2016,53248.0,239510
239510,GS566,2016,32797.0,239511
239511,GS567,2016,72432.0,239512
239523,GS601,2016,49315.0,239524
239524,GS605,2016,3756.0,239525
239526,GS608,2016,139601.0,239527
239529,GS612,2016,88985.0,239530
239532,GS615,2016,2731.0,239533
239534,GS617,2016,163571.0,239535
239542,GS634,2016,19174.0,239543
239558,GS666,2016,23200.0,239559
239559,GS670,2016,44894.0,239560
239561,GS672,2016,82292.0,239562
239564,GS683,2016,42928.0,239565
239565,GS685,2016,88551.0,239566
239572,GS702,2016,34798.0,239573
239573,GS707,2016,1759080.0,239574
239578,GS716,2016,11463.0,239579
239584,GS733,2016,43393.0,239585
239588,GS744,2016,123310.0,239589
239589,GS745,2016,85589.0,239590
239590,GS746,2016,7573.0,239591
239591,GS748,2016,2697.0,239592
239593,GS750,2016,60303.0,239594
239594,GS751,2016,117063.0,239595
239595,GS753,2016,83272.0,239596
239598,GS764,2016,11438.0,239599
239599,GS765,2016,52195.0,239600
239600,GS768,2016,22454.0,239601
239601,GS769,2016,136944.0,239602
239622,GS813,2016,2316.0,239623
239623,GS814,2016,2265.0,239624
239624,GS816,2016,172049.0,239625
239625,GS817,2016,4588.0,239626
239627,GS824,2016,50040.0,239628
239628,GS825,2016,547.0,239629
239631,GS828,2016,65418.0,239632
239633,GS832,2016,8065.0,239634
239635,GS835,2016,12816.0,239636
239639,GS843,2016,6079.0,239640
239644,GS849,2016,14637.0,239645
239645,GS850,2016,21110.0,239646
239647,GS854,2016,21995.0,239648
239648,GS858,2016,33911.0,239649
239664,GS879,2016,87353.0,239665
239665,GS880,2016,8349.0,239666
239666,GS883,2016,3460.0,239667
239674,GS905,2016,197438.0,239675
239675,GS906,2016,50159.0,239676
239679,GS913,2016,27677.0,239680
239681,GS917,2016,14077.0,239682
239683,GS922,2016,7109.0,239684
239690,GS931,2016,40631.0,239691
239691,GS935,2016,81009.0,239692
239693,GS939,2016,2917.0,239694
239695,GS947,2016,17048.0,239696
239697,GS950,2016,22048.0,239698
239703,GS961,2016,3308.0,239704
239705,GS966,2016,230956.0,239706
239708,GS971,2016,293187.0,239709
239711,GS976,2016,28548.0,239712
239712,GS977,2016,736.0,239713
239713,GS978,2016,879.0,239714
239719,GS988,2016,4901.0,239720
239720,GS989,2016,951.0,239721
239723,GS992,2016,221.0,239724
239724,GS993,2016,3095.0,239725
239725,GS997,2016,4947.0,239726
239728,GS1001,2016,143982.0,239729
239729,GS1003,2016,13758.0,239730
239731,GS1006,2016,2808.0,239732
239734,GS1013,2016,165709.0,239735
239736,GS1015,2016,1506.0,239737
239740,GS1020,2016,128217.0,239741
239741,GS1021,2016,9793.0,239742
239748,GS1028,2016,3050.0,239749
239753,GS1033,2016,4619.0,239754
239754,GS1034,2016,67477.0,239755
239761,GS1042,2016,48658.0,239762
239766,GS1049,2016,241592.0,239767
239771,GS1059,2016,1427.0,239772
239772,GS1060,2016,45593.0,239773
239773,GS1061,2016,167868.0,239774
239775,GS1064,2016,10000.0,239776
239777,GS1067,2016,60425.0,239778
239782,GS1074,2016,19898.0,239783
239785,GS1078,2016,25733.0,239786
239787,GS1083,2016,242936.0,239788
239794,GS1094,2016,4616.0,239795
239795,GS1095,2016,4439.0,239796
239796,GS1096,2016,4617.0,239797
239797,GS1097,2016,4491.0,239798
239798,GS1098,2016,4814.0,239799
239799,GS1100,2016,4459.0,239800
239800,GS1101,2016,4440.0,239801
239802,GS1103,2016,4480.0,239803
239803,GS1104,2016,4021.0,239804
239804,GS1105,2016,7923.0,239805
239807,GS1109,2016,128090.0,239808
239811,GS1117,2016,14905.0,239812
239814,GS1124,2016,9888.0,239815
239816,GS1128,2016,29339.0,239817
239817,GS1134,2016,118521.0,239818
239824,GS1146,2016,2553.0,239825
239825,GS1147,2016,738.0,239826
239828,GS1162,2016,9207.0,239829
239835,GS1173,2016,31614.0,239836
239836,GS1174,2016,44848.0,239837
239838,GS1178,2016,36126.0,239839
239845,GS1190,2016,78038.0,239846
239860,GS1208,2016,38665.0,239861
239863,GS1221,2016,3060.0,239864
239869,GS1228,2016,50402.0,239870
239870,GS1229,2016,667.0,239871
239871,GS1230,2016,18313.0,239872
239874,GS1235,2016,78643.0,239875
239876,GS1237,2016,79695.0,239877
239883,GS1244,2016,20350.0,239884
239886,GS1248,2016,2762.0,239887
239887,GS1249,2016,3046.0,239888
239889,GS1253,2016,50154.0,239890
239892,GS1267,2016,10000.0,239893
239895,GS1286,2016,62665.0,239896
239896,GS1288,2016,2100.0,239897
239900,GS1294,2016,10000.0,239901
239901,GS1295,2016,1286.0,239902
239902,GS1296,2016,10000.0,239903
239907,GS1303,2016,35674.0,239908
239909,GS1306,2016,23136.0,239910
239923,GS1321,2016,150559.0,239924
239924,GS1322,2016,95655.0,239925
239930,GS1330,2016,47835.0,239931
239931,GS1332,2016,3058.0,239932
239933,GS1334,2016,6391.0,239934
239942,GS1347,2016,26826.0,239943
239944,GS1350,2016,58168.0,239945
239946,GS1352,2016,9161.0,239947
239947,GS1353,2016,5629.0,239948
239950,GS1359,2016,10041.0,239951
239953,GS1364,2016,70420.0,239954
239954,GS1365,2016,7342.0,239955
239956,GS1367,2016,12459.0,239957
239957,GS1368,2016,93155.0,239958
239963,GS1374,2016,17.0,239964
239965,GS1378,2016,67116.0,239966
239973,GS1588,2016,67776.0,239974
239978,GS1693,2016,9624.0,239979
239979,GS1694,2016,9624.0,239980
239980,GS1695,2016,9624.0,239981
239981,GS1696,2016,9624.0,239982
239982,GS1697,2016,9624.0,239983
239983,GS1698,2016,9624.0,239984
239984,GS1699,2016,9624.0,239985
239985,GS1700,2016,9624.0,239986
239986,GS1701,2016,9624.0,239987
239987,GS1702,2016,9248.0,239988
239988,GS1703,2016,9248.0,239989
239989,GS1704,2016,9248.0,239990
239990,GS1705,2016,9248.0,239991
239991,GS1706,2016,9248.0,239992
239992,GS1707,2016,9248.0,239993
239993,GS1708,2016,9248.0,239994
239994,GS1709,2016,9248.0,239995
239995,GS1710,2016,9248.0,239996
239996,GS1711,2016,9248.0,239997
239997,GS1712,2016,9248.0,239998
239998,GS1713,2016,9248.0,239999
239999,GS1714,2016,9248.0,240000
240000,GS1715,2016,9248.0,240001
240001,GS1716,2016,9248.0,240002
240002,GS1717,2016,9248.0,240003
240003,GS1718,2016,9248.0,240004
240004,GS1719,2016,9248.0,240005
240005,GS1720,2016,9248.0,240006
240006,GS1721,2016,9248.0,240007
240007,GS1722,2016,9248.0,240008
240008,GS1723,2016,9248.0,240009
240009,GS1724,2016,9248.0,240010
240010,GS1725,2016,9248.0,240011
240011,GS1726,2016,9624.0,240012
240012,GS1727,2016,9248.0,240013
240013,GS1728,2016,9248.0,240014
240015,GS1730,2016,9248.0,240016
240016,GS1731,2016,9248.0,240017
240017,GS1732,2016,9248.0,240018
240018,GS1733,2016,9248.0,240019
240019,GS1734,2016,9248.0,240020
240020,GS1735,2016,9248.0,240021
240021,GS1736,2016,9248.0,240022
240022,GS1737,2016,9248.0,240023
240023,GS1738,2016,9248.0,240024
240024,GS1739,2016,9624.0,240025
240025,GS1740,2016,9624.0,240026
240026,GS1741,2016,9624.0,240027
240027,GS1742,2016,9248.0,240028
240028,GS1743,2016,9248.0,240029
240029,GS1744,2016,8159.0,240030
240030,GS1745,2016,9402.0,240031
240034,GS1890,2016,87102.0,240035
240041,GS2094,2016,138150.0,240042
240042,GS2095,2016,26974.0,240043
240047,GS2290,2016,22279.0,240048
240049,GS2293,2016,54949.0,240050
240051,GS2295,2016,4868.0,240052
240052,GS2296,2016,55554.0,240053
240056,GS2300,2016,3268.0,240057
240058,GS2394,2016,7841.0,240059
240059,GS2395,2016,8068.0,240060
240061,GS2397,2016,51793.0,240062
240067,GS2405,2016,25125.0,240068
240077,GS2421,2016,761.0,240078
240083,GS2429,2016,8974.0,240084
240088,GS2437,2016,7275.0,240089
240092,GS2441,2016,25166.0,240093
240094,GS2444,2016,37476.0,240095
240095,GS2445,2016,74997.0,240096
240096,GS2446,2016,65730.0,240097
240097,GS2447,2016,78625.0,240098
240101,GS2456,2016,6582.0,240102
240102,GS2457,2016,4059.0,240103
240104,GS2460,2016,46071.0,240105
240106,GS2464,2016,18490.0,240107
240108,GS2468,2016,21990.0,240109
240111,GS2475,2016,65926.0,240112
240115,GS2479,2016,10000.0,240116
240116,GS2480,2016,10000.0,240117
240117,GS2481,2016,10000.0,240118
240119,GS2483,2016,49948.0,240120
240123,GS2487,2016,7851.0,240124
240124,GS2488,2016,7146.0,240125
240126,GS2490,2016,13960.0,240127
240128,GS2497,2016,38525.0,240129
240129,GS2498,2016,20687.0,240130
240130,GS2499,2016,96405.0,240131
240131,GS2500,2016,17640.0,240132
240132,GS2501,2016,44774.0,240133
240133,GS2502,2016,67819.0,240134
240134,GS2503,2016,87915.0,240135
240138,GS2510,2016,64176.0,240139
240142,GS2514,2016,4339.0,240143
240145,GS2519,2016,45001.0,240146
240146,GS2520,2016,21490.0,240147
240148,GS2525,2016,124010.0,240149
240150,GS2528,2016,10000.0,240151
240153,GS2535,2016,14803.0,240154
240156,GS2539,2016,10947.0,240157
240157,GS2540,2016,7406.0,240158
240159,GS2542,2016,22792.0,240160
240161,GS2544,2016,110088.0,240162
240162,GS2545,2016,92609.0,240163
240163,GS2546,2016,87080.0,240164
240165,GS2553,2016,113760.0,240166
240168,GS2563,2016,12854.0,240169
240169,GS2564,2016,5961.0,240170
240171,GS2566,2016,9248.0,240172
240172,GS2567,2016,9248.0,240173
240173,GS2568,2016,9248.0,240174
240174,GS2569,2016,9248.0,240175
240175,GS2570,2016,9248.0,240176
240176,GS2571,2016,9248.0,240177
240177,GS2572,2016,9248.0,240178
240178,GS2573,2016,9248.0,240179
240179,GS2574,2016,9248.0,240180
240180,GS2575,2016,9248.0,240181
240181,GS2576,2016,9248.0,240182
240182,GS2577,2016,9624.0,240183
240183,GS2578,2016,9624.0,240184
240184,GS2579,2016,9248.0,240185
240185,GS2580,2016,9236.0,240186
240186,GS2581,2016,9248.0,240187
240187,GS2582,2016,9248.0,240188
240188,GS2583,2016,9262.0,240189
240189,GS2584,2016,9421.0,240190
240190,GS2585,2016,6855.0,240191
240191,GS2587,2016,90680.0,240192
240192,GS2588,2016,107328.0,240193
240197,GS2640,2016,50051.0,240198
240198,GS2641,2016,49989.0,240199
240201,GS2644,2016,49723.0,240202
240208,GS2664,2016,53462.0,240209
240209,GS2665,2016,56522.0,240210
240215,GS2679,2016,11666.0,240216
240217,GS2681,2016,2015.0,240218
240218,GS2682,2016,95545.0,240219
240227,GS2691,2016,114684.0,240228
240231,GS2707,2016,21121.0,240232
240233,GS2711,2016,4824.0,240234
240234,GS2712,2016,22436.0,240235
240235,GS2713,2016,16423.0,240236
240236,GS2714,2016,15902.0,240237
240237,GS2715,2016,44813.0,240238
240242,GS2744,2016,6797.0,240243
240244,GS2750,2016,14185.0,240245
240246,GS2758,2016,276435.0,240247
240247,GS2763,2016,115906.0,240248
240249,GS2765,2016,3087.0,240250
240250,GS2766,2016,47099.0,240251
240251,GS2767,2016,17916.0,240252
240254,GS2891,2016,10000.0,240255
240255,GS2892,2016,10000.0,240256
240256,GS2893,2016,10000.0,240257
240257,GS2894,2016,10000.0,240258
240259,GS2896,2016,4956.0,240260
240260,GS2898,2016,218553.0,240261
240263,GS2913,2016,4094.0,240264
240264,GS2940,2016,265554.0,240265
240265,GS2951,2016,31379.0,240266
240266,GS2990,2016,135062.0,240267
240267,GS3007,2016,16789.0,240268
240270,GS3014,2016,2617.0,240271
240271,GS3015,2016,69031.0,240272
240272,GS3016,2016,25180.0,240273
240273,GS3018,2016,3910.0,240274
240274,GS3023,2016,4833.0,240275
240275,GS3024,2016,10000.0,240276
240282,GS3039,2016,4288.0,240283
240284,GS3071,2016,303.0,240285
240287,GS3078,2016,2265.0,240288
240288,GS3079,2016,1590.0,240289
240289,GS3080,2016,1490.0,240290
240291,GS3105,2016,10000.0,240292
240292,GS3106,2016,10000.0,240293
240293,GS3107,2016,10000.0,240294
240294,GS3108,2016,10000.0,240295
240295,GS3109,2016,55660.0,240296
240298,GS3113,2016,59658.0,240299
240299,GS3114,2016,55527.0,240300
240301,GS3116,2016,57475.0,240302
240306,GS3253,2016,188277.0,240307
240312,GS3262,2016,10095.0,240313
240314,GS3267,2016,4288.0,240315
240316,GS3306,2016,10027.0,240317
240318,GS3326,2016,9905.0,240319
240323,GS3343,2016,15516.0,240324
240324,GS3344,2016,56472.0,240325
240328,GS3363,2016,3374.0,240329
240329,GS3364,2016,18413.0,240330
240330,GS3365,2016,28523.0,240331
240331,GS3366,2016,27540.0,240332
240332,GS3367,2016,31559.0,240333
240340,GS3379,2016,84614.0,240341
240342,GS3381,2016,146.0,240343
240343,GS3404,2016,15190.0,240344
240344,GS3405,2016,339.0,240345
240345,GS3407,2016,27198.0,240346
240346,GS3409,2016,49151.0,240347
240347,GS3410,2016,12063.0,240348
240350,GS3421,2016,40942.0,240351
240351,GS3422,2016,10000.0,240352
240354,GS3429,2016,87194.0,240355
240355,GS3430,2016,9887.0,240356
240356,GS3431,2016,9850.0,240357
240357,GS3432,2016,9953.0,240358
240358,GS3433,2016,9778.0,240359
240359,GS3434,2016,188268.0,240360
240360,GS3443,2016,10000.0,240361
240361,GS3444,2016,10000.0,240362
240362,GS3445,2016,6892.0,240363
240363,GS3446,2016,10000.0,240364
240364,GS3447,2016,10000.0,240365
240365,GS3448,2016,10000.0,240366
240366,GS3449,2016,10000.0,240367
240367,GS3450,2016,10000.0,240368
240368,GS3451,2016,10000.0,240369
240369,GS3482,2016,8738.0,240370
240375,GS3493,2016,42153.0,240376
240377,GS3509,2016,10000.0,240378
240380,GS3512,2016,63908.0,240381
240383,GS3515,2016,12595.0,240384
240384,GS3516,2016,5494.0,240385
240385,GS3517,2016,5012.0,240386
240386,GS3518,2016,5053.0,240387
240387,GS3519,2016,6000.0,240388
240388,GS3520,2016,5205.0,240389
240389,GS3521,2016,5106.0,240390
240390,GS3522,2016,3803.0,240391
240391,GS3523,2016,3961.0,240392
240392,GS3524,2016,5115.0,240393
240395,GS3544,2016,9083.0,240396
240396,GS3547,2016,85159.0,240397
240401,GS3560,2016,10000.0,240402
240402,GS3561,2016,10000.0,240403
240403,GS3563,2016,10008.0,240404
240404,GS3564,2016,10003.0,240405
240406,GS3566,2016,1359.0,240407
240407,GS3567,2016,139930.0,240408
240409,GS3588,2016,9624.0,240410
240410,GS3589,2016,9248.0,240411
240411,GS3590,2016,9624.0,240412
240412,GS3591,2016,9248.0,240413
240413,GS3592,2016,9248.0,240414
240414,GS3593,2016,9248.0,240415
240415,GS3594,2016,9248.0,240416
240416,GS3595,2016,9248.0,240417
240417,GS3596,2016,8380.0,240418
240418,GS3597,2016,9270.0,240419
240419,GS3598,2016,9780.0,240420
240420,GS3599,2016,9248.0,240421
240421,GS3600,2016,9326.0,240422
240422,GS3601,2016,9482.0,240423
240424,GS3606,2016,9322.0,240425
240425,GS3607,2016,9569.0,240426
240426,GS3618,2016,8766.0,240427
240427,GS3619,2016,9129.0,240428
240428,GS3620,2016,8920.0,240429
240431,GS3664,2016,24532.0,240432
240436,GS3705,2016,150712.0,240437
240439,GS3901,2016,3452.0,240440
240447,GS3945,2016,10000.0,240448
240449,GS3947,2016,9919.0,240450
240455,GS3958,2016,75885.0,240456
240458,GS3965,2016,36995.0,240459
240460,GS3969,2016,189578.0,240461
240461,GS3971,2016,706.0,240462
240464,GS3976,2016,306737.0,240465
240465,GS3992,2016,83770.0,240466
240469,GS4036,2016,6403.0,240470
240475,GS4195,2016,19309.0,240476
240477,GS4202,2016,9740.0,240478
240478,GS4203,2016,9795.0,240479
240479,GS4205,2016,9905.0,240480
240482,GS4210,2016,11525.0,240483
240484,GS4220,2016,19916.0,240485
240486,GS4233,2016,34553.0,240487
240487,GS4236,2016,16188.0,240488
240488,GS4238,2016,67825.0,240489
240490,GS4240,2016,4905.0,240491
240493,GS4259,2016,31996.0,240494
240494,GS4260,2016,10000.0,240495
240496,GS4264,2016,94431.0,240497
240500,GS4270,2016,7797.0,240501
240501,GS4271,2016,10000.0,240502
240503,GS4273,2016,86919.0,240504
240504,GS4288,2016,19047.0,240505
240506,GS4290,2016,7493.0,240507
240507,GS4291,2016,35098.0,240508
240508,GS4296,2016,27066.0,240509
240509,GS4300,2016,30114.0,240510
240513,GS4372,2016,7292.0,240514
240514,GS4373,2016,7689.0,240515
240515,GS4374,2016,7086.0,240516
240516,GS4375,2016,7292.0,240517
240517,GS4376,2016,6833.0,240518
240518,GS4377,2016,7754.0,240519
240519,GS4378,2016,7428.0,240520
240520,GS4379,2016,8505.0,240521
240521,GS4380,2016,7488.0,240522
240522,GS4381,2016,7145.0,240523
240523,GS4382,2016,7838.0,240524
240524,GS4383,2016,7679.0,240525
240525,GS4384,2016,7044.0,240526
240526,GS4385,2016,7453.0,240527
240527,GS4386,2016,9089.0,240528
240528,GS4387,2016,8115.0,240529
240529,GS4388,2016,8320.0,240530
240530,GS4389,2016,7900.0,240531
240531,GS4390,2016,6120.0,240532
240532,GS4391,2016,8448.0,240533
240533,GS4392,2016,6586.0,240534
240534,GS4393,2016,7604.0,240535
240535,GS4394,2016,9746.0,240536
240536,GS4395,2016,8167.0,240537
240537,GS4396,2016,8713.0,240538
240538,GS4397,2016,9853.0,240539
240539,GS4398,2016,6792.0,240540
240540,GS4399,2016,6032.0,240541
240541,GS4400,2016,9936.0,240542
240542,GS4401,2016,9957.0,240543
240543,GS4422,2016,10000.0,240544
240544,GS4423,2016,10000.0,240545
240546,GS4425,2016,163108.0,240547
240547,GS4426,2016,79666.0,240548
240556,GS4518,2016,10000.0,240557
240557,GS4519,2016,9695.0,240558
240558,GS4530,2016,11058.0,240559
240560,GS4532,2016,14818.0,240561
240561,GS4533,2016,11914.0,240562
240568,GS4546,2016,21806.0,240569
240569,GS4553,2016,10003.0,240570
240570,GS4557,2016,90305.0,240571
240576,GS4596,2016,18797.0,240577
240577,GS4597,2016,45967.0,240578
240579,GS4603,2016,73941.0,240580
240580,GS4611,2016,2265.0,240581
240581,GS4612,2016,2265.0,240582
240582,GS4613,2016,31533.0,240583
240583,GS4614,2016,31207.0,240584
240584,GS4615,2016,30514.0,240585
240592,GS4707,2016,51141.0,240593
240595,GS4797,2016,10000.0,240596
240596,GS4798,2016,10000.0,240597
240604,GS4824,2016,8105.0,240605
240605,GS4828,2016,4288.0,240606
240609,GS4897,2016,10000.0,240610
240610,GS4898,2016,10000.0,240611
240611,GS4899,2016,10000.0,240612
240612,GS4900,2016,10000.0,240613
240613,GS4901,2016,10000.0,240614
240615,GS4906,2016,5313.0,240616
240617,GS4962,2016,60020.0,240618
240622,GS5003,2016,202.0,240623
240623,GS5007,2016,45950.0,240624
240626,GS5012,2016,805.0,240627
240627,GS5013,2016,56119.0,240628
240632,GS5033,2016,3726.0,240633
240633,GS5034,2016,3726.0,240634
240634,GS5035,2016,3699.0,240635
240635,GS5036,2016,3781.0,240636
240637,GS5038,2016,364.0,240638
240638,GS5039,2016,655.0,240639
240639,GS5040,2016,294.0,240640
240640,GS5041,2016,254.0,240641
240641,GS5042,2016,274.0,240642
240642,GS5043,2016,446.0,240643
240643,GS5046,2016,34829.0,240644
240652,GS5106,2016,603.0,240653
240653,GS5107,2016,4872.0,240654
240656,GS5125,2016,13258.0,240657
240657,GS5186,2016,630.0,240658
240658,GS5187,2016,2213.0,240659
240659,GS5188,2016,2170.0,240660
240665,GS5194,2016,414.0,240666
240669,GS5199,2016,32034.0,240670
240675,GS5244,2016,9289.0,240676
240676,GS5245,2016,9260.0,240677
240687,GS5314,2016,9874.0,240688
240688,GS5315,2016,2116.0,240689
240696,GS5329,2016,10000.0,240697
240697,GS5330,2016,9726.0,240698
240698,GS5331,2016,9479.0,240699
240699,GS5332,2016,8959.0,240700
240700,GS5335,2016,8603.0,240701
240701,GS5336,2016,6849.0,240702
240702,GS5337,2016,7041.0,240703
240703,GS5338,2016,6247.0,240704
240704,GS5339,2016,8904.0,240705
240705,GS5340,2016,8877.0,240706
240706,GS5341,2016,4822.0,240707
240707,GS5342,2016,3315.0,240708
240708,GS5343,2016,2795.0,240709
240709,GS5344,2016,2658.0,240710
240711,GS5377,2016,17645.0,240712
240713,GS5383,2016,9455.0,240714
240715,GS5392,2016,10000.0,240716
240716,GS5393,2016,10000.0,240717
240718,GS5395,2016,3671.0,240719
240719,GS5396,2016,3267.0,240720
240722,GS5417,2016,3868.0,240723
240725,GS5437,2016,5452.0,240726
240726,GS5438,2016,5041.0,240727
240727,GS5439,2016,3288.0,240728
240728,GS5440,2016,2712.0,240729
240729,GS5441,2016,2466.0,240730
240732,GS5444,2016,1513.0,240733
240733,GS5447,2016,12374.0,240734
240734,GS5463,2016,3858.0,240735
240742,GS5614,2016,36832.0,240743
240744,GS5617,2016,40376.0,240745
240745,GS5618,2016,92924.0,240746
240746,GS5624,2016,39276.0,240747
240748,GS5633,2016,20120.0,240749
240749,GS5634,2016,5218.0,240750
240750,GS5635,2016,5226.0,240751
240751,GS5636,2016,5224.0,240752
240752,GS5637,2016,5247.0,240753
240754,GS5642,2016,157226.0,240755
240755,GS5643,2016,4614.0,240756
240759,GS5660,2016,1561.0,240760
240760,GS5661,2016,4217.0,240761
240761,GS5662,2016,5182.0,240762
240765,GS5699,2016,10665.0,240766
240787,GS5860,2016,23843.0,240788
240809,GS6003,2016,6995.0,240810
240810,GS6004,2016,18638.0,240811
240811,GS6008,2016,31.0,240812
240824,GS6051,2016,1228.0,240825
240877,GS6393,2016,1153.0,240878
240878,GS6394,2016,1265.0,240879
240889,GS6498,2016,4191.0,240890
240901,GS6586,2016,500.0,240902
240948,GS7049,2016,101263.0,240949
240987,GS7303,2016,8000.0,240988
241353,GS10220,2016,26636.0,241354
241356,GS10355,2016,21121.0,241357
241367,GS10656,2016,5132.0,241368
241371,GS10661,2016,12987.0,241372
241372,GS10662,2016,56119.0,241373
243695,VCS5,2016,15606.0,243696
243698,VCS8,2016,2154.0,243699
243700,VCS10,2016,20408.0,243701
243702,VCS12,2016,104141.0,243703
243715,VCS26,2016,20653.0,243716
243719,VCS30,2016,235373.0,243720
243721,VCS33,2016,45640.0,243722
243722,VCS34,2016,18996.0,243723
243733,VCS45,2016,48860.0,243734
243737,VCS49,2016,47811.0,243738
243739,VCS51,2016,87639.0,243740
243741,VCS53,2016,15203.0,243742
243742,VCS54,2016,36801.0,243743
243752,VCS64,2016,48125.0,243753
243753,VCS65,2016,6598.0,243754
243770,VCS83,2016,4132.0,243771
243771,VCS84,2016,76451.0,243772
243778,VCS91,2016,32611.0,243779
243779,VCS92,2016,1218642.0,243780
243784,VCS97,2016,3644.0,243785
243790,VCS103,2016,7365.0,243791
243798,VCS111,2016,28471.0,243799
243806,VCS120,2016,24579.0,243807
243817,VCS132,2016,5423.0,243818
243823,VCS138,2016,94324.0,243824
243828,VCS143,2016,13711.0,243829
243829,VCS144,2016,122665.0,243830
243833,VCS148,2016,45733.0,243834
243843,VCS158,2016,28065.0,243844
243850,VCS166,2016,5202.0,243851
243857,VCS173,2016,331330.0,243858
243877,VCS195,2016,1669.0,243878
243879,VCS197,2016,39898.0,243880
243880,VCS198,2016,27980.0,243881
243883,VCS201,2016,19122.0,243884
243884,VCS202,2016,8628.0,243885
243933,VCS251,2016,30145.0,243934
243935,VCS253,2016,62340.0,243936
243937,VCS255,2016,14590.0,243938
243946,VCS264,2016,16436.0,243947
243947,VCS265,2016,44.0,243948
243950,VCS268,2016,321.0,243951
243951,VCS269,2016,5057.0,243952
243955,VCS273,2016,71840.0,243956
243956,VCS274,2016,939.0,243957
243963,VCS281,2016,25169.0,243964
243972,VCS290,2016,55609.0,243973
243974,VCS292,2016,147212.0,243975
243980,VCS298,2016,2003.0,243981
243990,VCS308,2016,364.0,243991
243999,VCS318,2016,47930.0,244000
244013,VCS332,2016,13265.0,244014
244015,VCS334,2016,2833.0,244016
244016,VCS335,2016,33282.0,244017
244017,VCS336,2016,10936.0,244018
244018,VCS337,2016,56994.0,244019
244019,VCS338,2016,2085.0,244020
244025,VCS344,2016,126719.0,244026
244026,VCS345,2016,48655.0,244027
244028,VCS347,2016,2519.0,244029
244030,VCS349,2016,2216.0,244031
244034,VCS353,2016,4439.0,244035
244035,VCS354,2016,15521.0,244036
244044,VCS363,2016,13323.0,244045
244052,VCS371,2016,90156.0,244053
244057,VCS376,2016,14082.0,244058
244061,VCS380,2016,23664.0,244062
244062,VCS381,2016,11630.0,244063
244065,VCS384,2016,6718.0,244066
244072,VCS391,2016,162035.0,244073
244076,VCS395,2016,102512.0,244077
244081,VCS400,2016,326569.0,244082
244084,VCS403,2016,168234.0,244085
244085,VCS404,2016,40364.0,244086
244086,VCS405,2016,29444.0,244087
244092,VCS411,2016,22325.0,244093
244093,VCS412,2016,86060.0,244094
244094,VCS413,2016,108086.0,244095
244095,VCS414,2016,126715.0,244096
244096,VCS415,2016,38275.0,244097
244097,VCS416,2016,49475.0,244098
244098,VCS417,2016,77281.0,244099
244107,VCS426,2016,19260.0,244108
244108,VCS427,2016,24250.0,244109
244109,VCS428,2016,45736.0,244110
244110,VCS429,2016,36429.0,244111
244111,VCS430,2016,30817.0,244112
244113,VCS432,2016,248242.0,244114
244116,VCS435,2016,383385.0,244117
244119,VCS438,2016,392631.0,244120
244121,VCS440,2016,26101.0,244122
244122,VCS441,2016,89682.0,244123
244129,VCS448,2016,27563.0,244130
244131,VCS450,2016,30505.0,244132
244136,VCS455,2016,10836.0,244137
244137,VCS456,2016,10661.0,244138
244139,VCS458,2016,13046.0,244140
244149,VCS468,2016,135816.0,244150
244152,VCS471,2016,60858.0,244153
244153,VCS472,2016,46430.0,244154
244157,VCS476,2016,113664.0,244158
244163,VCS482,2016,3040.0,244164
244164,VCS483,2016,22622.0,244165
244167,VCS486,2016,171912.0,244168
244168,VCS487,2016,639358.0,244169
244169,VCS488,2016,186385.0,244170
244170,VCS489,2016,44550.0,244171
244174,VCS493,2016,18808.0,244175
244178,VCS497,2016,9497.0,244179
244180,VCS499,2016,520.0,244181
244181,VCS500,2016,2880.0,244182
244185,VCS504,2016,53667.0,244186
244187,VCS506,2016,197930.0,244188
244189,VCS508,2016,53095.0,244190
244191,VCS510,2016,5501.0,244192
244194,VCS513,2016,487181.0,244195
244195,VCS514,2016,82647.0,244196
244215,VCS534,2016,62650.0,244216
244216,VCS535,2016,110792.0,244217
244217,VCS536,2016,233537.0,244218
244218,VCS537,2016,81738.0,244219
244219,VCS538,2016,28343.0,244220
244221,VCS540,2016,2723.0,244222
244225,VCS544,2016,51964.0,244226
244227,VCS546,2016,236.0,244228
244229,VCS548,2016,298.0,244230
244238,VCS557,2016,20457.0,244239
244239,VCS558,2016,13291.0,244240
244243,VCS562,2016,191400.0,244244
244244,VCS563,2016,26010.0,244245
244246,VCS565,2016,28567.0,244247
244247,VCS566,2016,13067.0,244248
244257,VCS576,2016,11378.0,244258
244264,VCS583,2016,2234.0,244265
244265,VCS584,2016,18032.0,244266
244267,VCS586,2016,4412.0,244268
244279,VCS598,2016,23068.0,244280
244283,VCS602,2016,6101.0,244284
244284,VCS603,2016,9088.0,244285
244288,VCS607,2016,376211.0,244289
244293,VCS612,2016,1514356.0,244294
244295,VCS614,2016,5291.0,244296
244298,VCS617,2016,3514.0,244299
244299,VCS618,2016,328436.0,244300
244300,VCS619,2016,2749.0,244301
244312,VCS631,2016,1889.0,244313
244317,VCS636,2016,40147.0,244318
244319,VCS638,2016,20260.0,244320
244321,VCS640,2016,20401.0,244322
244334,VCS653,2016,216102.0,244335
244336,VCS655,2016,36251.0,244337
244343,VCS662,2016,3835.0,244344
244346,VCS665,2016,14976.0,244347
244347,VCS666,2016,35547.0,244348
244348,VCS667,2016,28256.0,244349
244353,VCS672,2016,72695.0,244354
244355,VCS674,2016,3493722.0,244356
244357,VCS676,2016,27263.0,244358
244359,VCS678,2016,804.0,244360
244363,VCS682,2016,31681.0,244364
244366,VCS685,2016,27125.0,244367
244374,VCS693,2016,13604.0,244375
244378,VCS697,2016,117858.0,244379
244381,VCS700,2016,37006.0,244382
244382,VCS701,2016,24079.0,244383
244387,VCS706,2016,89614.0,244388
244389,VCS708,2016,55518.0,244390
244393,VCS713,2016,140225.0,244394
244397,VCS717,2016,457299.0,244398
244406,VCS726,2016,4547.0,244407
244407,VCS727,2016,237669.0,244408
244408,VCS728,2016,172884.0,244409
244413,VCS733,2016,4932.0,244414
244414,VCS734,2016,45930.0,244415
244416,VCS736,2016,128337.0,244417
244417,VCS737,2016,499331.0,244418
244426,VCS747,2016,39152.0,244427
244427,VCS748,2016,7514.0,244428
244428,VCS749,2016,691.0,244429
244430,VCS751,2016,36051.0,244431
244431,VCS752,2016,23908.0,244432
244432,VCS753,2016,168635.0,244433
244434,VCS755,2016,80248.0,244435
244437,VCS758,2016,37508.0,244438
244438,VCS759,2016,28370.0,244439
244440,VCS761,2016,37123.0,244441
244441,VCS762,2016,123996.0,244442
244442,VCS763,2016,69483.0,244443
244459,VCS780,2016,275309.0,244460
244461,VCS782,2016,50936.0,244462
244463,VCS784,2016,63875.0,244464
244465,VCS786,2016,1249824.0,244466
244469,VCS790,2016,2166.0,244470
244470,VCS791,2016,2327.0,244471
244478,VCS799,2016,226201.0,244479
244486,VCS807,2016,20514.0,244487
244487,VCS808,2016,110188.0,244488
244489,VCS810,2016,107852.0,244490
244492,VCS813,2016,101476.0,244493
244493,VCS814,2016,110759.0,244494
244495,VCS816,2016,12051.0,244496
244496,VCS817,2016,118129.0,244497
244498,VCS819,2016,14970.0,244499
244499,VCS820,2016,4875.0,244500
244501,VCS822,2016,17853.0,244502
244502,VCS823,2016,187466.0,244503
244509,VCS830,2016,138075.0,244510
244511,VCS832,2016,1070029.0,244512
244512,VCS833,2016,36693.0,244513
244513,VCS834,2016,9343.0,244514
244514,VCS835,2016,59902.0,244515
244515,VCS836,2016,20190.0,244516
244519,VCS840,2016,26099.0,244520
244523,VCS844,2016,835676.0,244524
244528,VCS849,2016,85056.0,244529
244529,VCS850,2016,93609.0,244530
244531,VCS852,2016,16775.0,244532
244547,VCS868,2016,3166622.0,244548
244551,VCS872,2016,80961.0,244552
244552,VCS873,2016,215630.0,244553
244554,VCS875,2016,826330.0,244555
244558,VCS879,2016,18635.0,244559
244562,VCS883,2016,1140376.0,244563
244563,VCS884,2016,509205.0,244564
244570,VCS891,2016,16075.0,244571
244571,VCS892,2016,332434.0,244572
244572,VCS893,2016,30788.0,244573
244575,VCS896,2016,1828435.0,244576
244581,VCS902,2016,3759795.0,244582
244582,VCS903,2016,421008.0,244583
244584,VCS905,2016,94625.0,244585
244589,VCS910,2016,31747.0,244590
244590,VCS911,2016,15835.0,244591
244591,VCS912,2016,17957.0,244592
244596,VCS917,2016,165200.0,244597
244599,VCS920,2016,103196.0,244600
244600,VCS921,2016,59855.0,244601
244603,VCS924,2016,126066.0,244604
244604,VCS925,2016,1824.0,244605
244605,VCS926,2016,2134.0,244606
244606,VCS927,2016,4884.0,244607
244607,VCS928,2016,84410.0,244608
244608,VCS929,2016,580252.0,244609
244613,VCS934,2016,2583673.0,244614
244614,VCS935,2016,27114.0,244615
244616,VCS937,2016,46387.0,244617
244619,VCS940,2016,2361.0,244620
244620,VCS941,2016,14532.0,244621
244623,VCS944,2016,1227770.0,244624
244626,VCS947,2016,126973.0,244627
244632,VCS953,2016,14138.0,244633
244637,VCS958,2016,72238.0,244638
244638,VCS959,2016,688113.0,244639
244639,VCS960,2016,377191.0,244640
244641,VCS962,2016,302091.0,244642
244642,VCS963,2016,98882.0,244643
244643,VCS964,2016,97304.0,244644
244650,VCS971,2016,29729.0,244651
244652,VCS973,2016,45005.0,244653
244653,VCS974,2016,25060.0,244654
244656,VCS977,2016,950820.0,244657
244660,VCS981,2016,1586184.0,244661
244664,VCS985,2016,3667145.0,244665
244665,VCS986,2016,52754.0,244666
244680,VCS1001,2016,110617.0,244681
244684,VCS1006,2016,7092.0,244685
244693,VCS1015,2016,5701.0,244694
244697,VCS1019,2016,139943.0,244698
244698,VCS1020,2016,24331.0,244699
244699,VCS1021,2016,853.0,244700
244700,VCS1022,2016,828.0,244701
244701,VCS1023,2016,1839.0,244702
244702,VCS1024,2016,1026.0,244703
244704,VCS1026,2016,8399.0,244705
244709,VCS1031,2016,88541.0,244710
244710,VCS1032,2016,42310.0,244711
244714,VCS1036,2016,44979.0,244715
244715,VCS1037,2016,180154.0,244716
244717,VCS1039,2016,69274.0,244718
244723,VCS1045,2016,53326.0,244724
244728,VCS1050,2016,34959.0,244729
244730,VCS1052,2016,80672.0,244731
244732,VCS1054,2016,4909.0,244733
244738,VCS1060,2016,12887.0,244739
244744,VCS1066,2016,26747.0,244745
244745,VCS1067,2016,395524.0,244746
244747,VCS1069,2016,947.0,244748
244759,VCS1081,2016,16127.0,244760
244760,VCS1082,2016,5558.0,244761
244762,VCS1084,2016,2101.0,244763
244766,VCS1088,2016,5423.0,244767
244767,VCS1089,2016,3829.0,244768
244768,VCS1090,2016,40448.0,244769
244772,VCS1094,2016,31017.0,244773
244778,VCS1100,2016,353741.0,244779
244790,VCS1112,2016,184219.0,244791
244791,VCS1113,2016,189476.0,244792
244792,VCS1114,2016,14570.0,244793
244793,VCS1115,2016,277676.0,244794
244795,VCS1117,2016,61411.0,244796
244797,VCS1119,2016,1756.0,244798
244799,VCS1121,2016,143099.0,244800
244800,VCS1122,2016,286320.0,244801
244804,VCS1126,2016,193740.0,244805
244805,VCS1127,2016,39920.0,244806
244806,VCS1128,2016,73066.0,244807
244812,VCS1134,2016,64485.0,244813
244813,VCS1135,2016,34022.0,244814
244814,VCS1136,2016,56268.0,244815
244815,VCS1137,2016,38778.0,244816
244816,VCS1138,2016,13856.0,244817
244817,VCS1139,2016,22369.0,244818
244818,VCS1140,2016,58841.0,244819
244820,VCS1142,2016,5208.0,244821
244821,VCS1143,2016,46812.0,244822
244822,VCS1144,2016,7306.0,244823
244824,VCS1146,2016,1639757.0,244825
244825,VCS1147,2016,46401.0,244826
244830,VCS1152,2016,38769.0,244831
244837,VCS1160,2016,31122.0,244838
244839,VCS1162,2016,54843.0,244840
244840,VCS1163,2016,122215.0,244841
244845,VCS1168,2016,208115.0,244846
244851,VCS1174,2016,28917.0,244852
244862,VCS1185,2016,9779.0,244863
244863,VCS1186,2016,264988.0,244864
244864,VCS1187,2016,30401.0,244865
244865,VCS1188,2016,81494.0,244866
244866,VCS1189,2016,83316.0,244867
244867,VCS1190,2016,48746.0,244868
244868,VCS1191,2016,77507.0,244869
244869,VCS1192,2016,14295.0,244870
244871,VCS1194,2016,127672.0,244872
244872,VCS1195,2016,53924.0,244873
244873,VCS1196,2016,29672.0,244874
244874,VCS1197,2016,72674.0,244875
244875,VCS1198,2016,139685.0,244876
244876,VCS1199,2016,41006.0,244877
244877,VCS1200,2016,141214.0,244878
244878,VCS1201,2016,411990.0,244879
244879,VCS1202,2016,143862.0,244880
244880,VCS1203,2016,9095.0,244881
244881,VCS1204,2016,142597.0,244882
244882,VCS1205,2016,152038.0,244883
244883,VCS1206,2016,35844.0,244884
244884,VCS1207,2016,26773.0,244885
244886,VCS1209,2016,13049.0,244887
244887,VCS1210,2016,47508.0,244888
244888,VCS1211,2016,59817.0,244889
244891,VCS1214,2016,94381.0,244892
244893,VCS1216,2016,42575.0,244894
244894,VCS1217,2016,5398.0,244895
244895,VCS1218,2016,88733.0,244896
244898,VCS1221,2016,54832.0,244899
244902,VCS1225,2016,28858.0,244903
244906,VCS1229,2016,928.0,244907
244908,VCS1231,2016,15588.0,244909
244909,VCS1232,2016,18688.0,244910
244910,VCS1233,2016,41347.0,244911
244913,VCS1236,2016,36179.0,244914
244915,VCS1238,2016,48051.0,244916
244918,VCS1241,2016,7868.0,244919
244924,VCS1247,2016,24715.0,244925
244925,VCS1248,2016,26359.0,244926
244926,VCS1249,2016,22714.0,244927
244927,VCS1250,2016,15995.0,244928
244931,VCS1254,2016,37661.0,244932
244934,VCS1257,2016,277925.0,244935
244935,VCS1258,2016,256314.0,244936
244963,VCS1286,2016,16822.0,244964
244966,VCS1289,2016,93463.0,244967
244973,VCS1297,2016,41563.0,244974
244976,VCS1300,2016,36659.0,244977
244977,VCS1301,2016,93259.0,244978
244984,VCS1308,2016,90925.0,244985
244986,VCS1310,2016,119149.0,244987
244991,VCS1315,2016,41655.0,244992
244993,VCS1317,2016,1634.0,244994
244995,VCS1319,2016,40704.0,244996
244998,VCS1322,2016,85010.0,244999
245002,VCS1326,2016,195357.0,245003
245004,VCS1328,2016,74716.0,245005
245005,VCS1329,2016,83207.0,245006
245006,VCS1330,2016,38657.0,245007
245007,VCS1331,2016,12894.0,245008
245008,VCS1332,2016,1568.0,245009
245018,VCS1342,2016,25183.0,245019
245020,VCS1344,2016,35299.0,245021
245021,VCS1345,2016,347851.0,245022
245022,VCS1346,2016,82766.0,245023
245023,VCS1347,2016,7504.0,245024
245024,VCS1348,2016,45696.0,245025
245025,VCS1349,2016,74816.0,245026
245028,VCS1352,2016,82516.0,245029
245029,VCS1353,2016,438346.0,245030
245030,VCS1354,2016,35756.0,245031
245031,VCS1355,2016,7653.0,245032
245032,VCS1356,2016,383648.0,245033
245036,VCS1360,2016,34430.0,245037
245037,VCS1361,2016,4266.0,245038
245038,VCS1362,2016,46692.0,245039
245044,VCS1368,2016,3795.0,245045
245058,VCS1382,2016,2311131.0,245059
245062,VCS1386,2016,49922.0,245063
245063,VCS1387,2016,10798.0,245064
245065,VCS1389,2016,154502.0,245066
245066,VCS1390,2016,169042.0,245067
245067,VCS1391,2016,249564.0,245068
245068,VCS1392,2016,111423.0,245069
245071,VCS1395,2016,364715.0,245072
245072,VCS1396,2016,175579.0,245073
245075,VCS1399,2016,100002.0,245076
245076,VCS1400,2016,126088.0,245077
245079,VCS1403,2016,1471.0,245080
245080,VCS1404,2016,98221.0,245081
245082,VCS1406,2016,101243.0,245083
245083,VCS1407,2016,56118.0,245084
245084,VCS1408,2016,617707.0,245085
245089,VCS1413,2016,39927.0,245090
245092,VCS1416,2016,18284.0,245093
245094,VCS1418,2016,41690.0,245095
245095,VCS1419,2016,18275.0,245096
245099,VCS1423,2016,535102.0,245100
245103,VCS1427,2016,41083.0,245104
245111,VCS1436,2016,686.0,245112
245112,VCS1437,2016,17231.0,245113
245113,VCS1438,2016,14210.0,245114
245114,VCS1439,2016,15805.0,245115
245116,VCS1441,2016,23333.0,245117
245119,VCS1444,2016,49940.0,245120
245121,VCS1446,2016,345337.0,245122
245122,VCS1447,2016,448116.0,245123
245128,VCS1453,2016,40741.0,245129
245134,VCS1459,2016,24894.0,245135
245136,VCS1461,2016,210252.0,245137
245138,VCS1464,2016,503458.0,245139
245139,VCS1465,2016,92322.0,245140
245141,VCS1468,2016,3210579.0,245142
245148,VCS1477,2016,4339233.0,245149
245150,VCS1479,2016,141715.0,245151
245151,VCS1480,2016,94927.0,245152
245152,VCS1481,2016,97490.0,245153
245153,VCS1482,2016,24360.0,245154
245154,VCS1483,2016,21799.0,245155
245164,VCS1495,2016,13909.0,245165
245166,VCS1497,2016,95613.0,245167
245168,VCS1499,2016,56861.0,245169
245169,VCS1500,2016,2563.0,245170
245175,VCS1506,2016,46281.0,245176
245187,VCS1519,2016,72063.0,245188
245188,VCS1520,2016,97879.0,245189
245189,VCS1521,2016,360829.0,245190
245191,VCS1523,2016,135127.0,245192
245197,VCS1529,2016,69728.0,245198
245198,VCS1530,2016,39072.0,245199
245199,VCS1532,2016,277554.0,245200
245202,VCS1535,2016,25638.0,245203
245205,VCS1538,2016,68478.0,245206
245206,VCS1539,2016,48187.0,245207
245207,VCS1541,2016,284814.0,245208
245208,VCS1542,2016,53011.0,245209
245209,VCS1543,2016,56931.0,245210
245212,VCS1546,2016,52792.0,245213
245215,VCS1549,2016,22052.0,245216
245219,VCS1553,2016,27577.0,245220
245222,VCS1558,2016,54782.0,245223
245223,VCS1559,2016,8556.0,245224
245224,VCS1560,2016,349940.0,245225
245230,VCS1567,2016,53326.0,245231
245232,VCS1569,2016,5829.0,245233
245233,VCS1570,2016,97861.0,245234
245234,VCS1571,2016,95934.0,245235
245235,VCS1572,2016,43670.0,245236
245236,VCS1574,2016,51893.0,245237
245237,VCS1577,2016,55041.0,245238
245239,VCS1579,2016,25642.0,245240
245240,VCS1580,2016,401854.0,245241
245241,VCS1582,2016,117744.0,245242
245244,VCS1587,2016,4516.0,245245
245246,VCS1622,2016,786527.0,245247
245247,VCS1623,2016,6926.0,245248
245250,VCS1644,2016,50655.0,245251
245251,VCS1650,2016,2267566.0,245252
245252,VCS1651,2016,21235.0,245253
245259,VCS1660,2016,50767.0,245260
245262,VCS1663,2016,29239.0,245263
245263,VCS1664,2016,74010.0,245264
245266,VCS1667,2016,111559.0,245267
245267,VCS1669,2016,92778.0,245268
245268,VCS1670,2016,93647.0,245269
245269,VCS1671,2016,127168.0,245270
245271,VCS1673,2016,21492.0,245272
245273,VCS1675,2016,5210.0,245274
245277,VCS1679,2016,14343.0,245278
245280,VCS1682,2016,1865.0,245281
245283,VCS1685,2016,13338.0,245284
245284,VCS1686,2016,282490.0,245285
245286,VCS1689,2016,129082.0,245287
245288,VCS1691,2016,11980.0,245289
245289,VCS1692,2016,22139.0,245290
245291,VCS1695,2016,2260.0,245292
245298,VCS1702,2016,30647.0,245299
245306,VCS1715,2016,268336.0,245307
245307,VCS1716,2016,1980.0,245308
245308,VCS1718,2016,119862.0,245309
245309,VCS1719,2016,1344.0,245310
245310,VCS1720,2016,25959.0,245311
245311,VCS1721,2016,31980.0,245312
245314,VCS1728,2016,492610.0,245315
245317,VCS1732,2016,7605.0,245318
245318,VCS1733,2016,72889.0,245319
245320,VCS1735,2016,49437.0,245321
245321,VCS1736,2016,166978.0,245322
245323,VCS1739,2016,10197.0,245324
245324,VCS1740,2016,50519.0,245325
245325,VCS1741,2016,306.0,245326
245326,VCS1742,2016,3504652.0,245327
245329,VCS1745,2016,44017.0,245330
245330,VCS1746,2016,146250.0,245331
245331,VCS1748,2016,3982378.0,245332
245337,VCS1758,2016,69454.0,245338
245338,VCS1759,2016,10605.0,245339
245340,VCS1762,2016,19599.0,245341
245344,VCS1767,2016,15339.0,245345
245345,VCS1768,2016,78110.0,245346
245346,VCS1769,2016,1064.0,245347
245347,VCS1770,2016,48772.0,245348
245348,VCS1771,2016,52888.0,245349
245349,VCS1772,2016,29053.0,245350
245350,VCS1774,2016,2548.0,245351
245351,VCS1775,2016,880223.0,245352
245352,VCS1776,2016,10638.0,245353
245354,VCS1781,2016,22317.0,245355
245355,VCS1782,2016,26809.0,245356
245356,VCS1783,2016,25129.0,245357
245376,VCS1806,2016,63902.0,245377
245377,VCS1807,2016,116.0,245378
245380,VCS1811,2016,350142.0,245381
245381,VCS1812,2016,7107.0,245382
245390,VCS1823,2016,45338.0,245391
245391,VCS1824,2016,147474.0,245392
245397,VCS1830,2016,19099.0,245398
245398,VCS1831,2016,46148.0,245399
245404,VCS1839,2016,375085.0,245405
245406,VCS1841,2016,270923.0,245407
245423,VCS1859,2016,7515.0,245424
245424,VCS1860,2016,7429.0,245425
245439,VCS1877,2016,29057.0,245440
245441,VCS1879,2016,20000.0,245442
245443,VCS1882,2016,45348.0,245444
245447,VCS1886,2016,19695.0,245448
245448,VCS1887,2016,19077.0,245449
245449,VCS1888,2016,22201.0,245450
245453,VCS1893,2016,37305.0,245454
245458,VCS1899,2016,336581.0,245459
245487,VCS1930,2016,61744.0,245488
245490,VCS1934,2016,41225.0,245491
245491,VCS1935,2016,207026.0,245492
245494,VCS1939,2016,98344.0,245495
245495,VCS1940,2016,98245.0,245496
245498,VCS1943,2016,56510.0,245499
245499,VCS1944,2016,6585.0,245500
245502,VCS1947,2016,128116.0,245503
245508,VCS1953,2016,221370.0,245509
245516,VCS1962,2016,52267.0,245517
245535,VCS1981,2016,30032.0,245536
245580,VCS2026,2016,47925.0,245581
245624,VCS2070,2016,81775.0,245625
245627,VCS2073,2016,18.0,245628
245633,VCS2082,2016,121811.0,245634
245634,VCS2083,2016,54802.0,245635
245637,VCS2087,2016,56173.0,245638
245642,VCS2092,2016,91311.0,245643
245644,VCS2094,2016,59858.0,245645
245645,VCS2095,2016,53709.0,245646
245647,VCS2097,2016,113244.0,245648
245648,VCS2098,2016,250217.0,245649
245649,VCS2099,2016,63132.0,245650
245658,VCS2242,2016,60543.0,245659
245659,VCS2243,2016,6729.0,245660
245660,VCS2244,2016,12082.0,245661
245665,VCS2249,2016,46763.0,245666
245666,VCS2250,2016,17165.0,245667
245668,VCS2252,2016,1058555.0,245669
245671,VCS2260,2016,38637.0,245672
245676,VCS2290,2016,15619.0,245677
245695,VCS2310,2016,26168.0,245696
245702,VCS2317,2016,2468.0,245703
245708,VCS2323,2016,19363.0,245709
245709,VCS2324,2016,302043.0,245710
245715,VCS2333,2016,56686.0,245716
245742,VCS2361,2016,21357.0,245743
245749,VCS2370,2016,15103.0,245750
245757,VCS2378,2016,8721.0,245758
245758,VCS2379,2016,36026.0,245759
245766,VCS2387,2016,18708.0,245767
245767,VCS2388,2016,8934.0,245768
245770,VCS2391,2016,2596.0,245771
245772,VCS2393,2016,2752.0,245773
245784,VCS2405,2016,17101.0,245785
245791,VCS2412,2016,1792.0,245792
245793,VCS2414,2016,54493.0,245794
245794,VCS2415,2016,10950.0,245795
245795,VCS2416,2016,12095.0,245796
245796,VCS2417,2016,12271.0,245797
245797,VCS2418,2016,1721.0,245798
245800,VCS2422,2016,11890.0,245801
245801,VCS2423,2016,11721.0,245802
245802,VCS2424,2016,11811.0,245803
245803,VCS2425,2016,11969.0,245804
245804,VCS2426,2016,12420.0,245805
245805,VCS2427,2016,10285.0,245806
245806,VCS2428,2016,12379.0,245807
245807,VCS2429,2016,11898.0,245808
245808,VCS2430,2016,12432.0,245809
245810,VCS2432,2016,4453.0,245811
245813,VCS2435,2016,10686.0,245814
245814,VCS2436,2016,11767.0,245815
245815,VCS2437,2016,11949.0,245816
245816,VCS2438,2016,11548.0,245817
245817,VCS2439,2016,12570.0,245818
245818,VCS2440,2016,12508.0,245819
245819,VCS2441,2016,12359.0,245820
245820,VCS2442,2016,12081.0,245821
245821,VCS2443,2016,11903.0,245822
245822,VCS2444,2016,12077.0,245823
245824,VCS2446,2016,12155.0,245825
245825,VCS2447,2016,12161.0,245826
245826,VCS2448,2016,12213.0,245827
245829,VCS2451,2016,9442.0,245830
245833,VCS2458,2016,301364.0,245834
245868,VCS2497,2016,29473.0,245869
245869,VCS2498,2016,55805.0,245870
245872,VCS2501,2016,3197.0,245873
245881,VCS2510,2016,73222.0,245882
245918,VCS2556,2016,6367.0,245919
245924,VCS2566,2016,10270.0,245925
245932,VCS2576,2016,6195.0,245933
245951,VCS2599,2016,5856.0,245952
245960,VCS2609,2016,196145.0,245961
245961,VCS2610,2016,680.0,245962
245967,VCS2616,2016,81797.0,245968
245991,VCS2647,2016,1271.0,245992
246018,VCS2679,2016,41908.0,246019
246019,VCS2680,2016,37611.0,246020
246161,VCS2830,2016,259089.0,246162
246165,VCS2835,2016,2092.0,246166
248974,VCSOPR2,2016,298891.0,248975
248986,ACR0114,2017,1107890.0,248987
249049,ACR0182,2017,9941.0,249050
249054,ACR0188,2017,3528.0,249055
249055,ACR0189,2017,6281.0,249056
249056,ACR0190,2017,24835.0,249057
249057,ACR0191,2017,113242.0,249058
249058,ACR0192,2017,5683.0,249059
249063,ACR0199,2017,100838.0,249064
249064,ACR0200,2017,9436.0,249065
249065,ACR0202,2017,68490.0,249066
249073,ACR0210,2017,22683.0,249074
249074,ACR0211,2017,71757.0,249075
249079,ACR0222,2017,16809.0,249080
249080,ACR0223,2017,41571.0,249081
249081,ACR0224,2017,20064.0,249082
249083,ACR0226,2017,269823.0,249084
249088,ACR0232,2017,55174.0,249089
249089,ACR0233,2017,55058.0,249090
249090,ACR0234,2017,14054.0,249091
249091,ACR0235,2017,7020.0,249092
249094,ACR0238,2017,14212.0,249095
249095,ACR0239,2017,8424.0,249096
249097,ACR0241,2017,13612.0,249098
249103,ACR0247,2017,8640.0,249104
249104,ACR0248,2017,242228.0,249105
249105,ACR0249,2017,74938.0,249106
249111,ACR0255,2017,172632.0,249112
249112,ACR0256,2017,12842.0,249113
249113,ACR0257,2017,2381.0,249114
249115,ACR0259,2017,6721.0,249116
249118,ACR0262,2017,57955.0,249119
249121,ACR0265,2017,18762.0,249122
249122,ACR0266,2017,302260.0,249123
249123,ACR0267,2017,1251198.0,249124
249124,ACR0268,2017,729216.0,249125
249129,ACR0273,2017,285782.0,249130
249132,ACR0276,2017,1711529.0,249133
249135,ACR0279,2017,447124.0,249136
249136,ACR0280,2017,823265.0,249137
249137,ACR0281,2017,22731.0,249138
249138,ACR0282,2017,183464.0,249139
249139,ACR0283,2017,29410.0,249140
249140,ACR0284,2017,640002.0,249141
249144,ACR0288,2017,3470.0,249145
249148,ACR0292,2017,2335.0,249149
249149,ACR0293,2017,373932.0,249150
249157,ACR0303,2017,303819.0,249158
249167,ACR0313,2017,14815.0,249168
249171,ACR0322,2017,10926.0,249172
249172,ACR0323,2017,20009.0,249173
249173,ACR0324,2017,293129.0,249174
249177,ACR0349,2017,24220.0,249178
249181,ACR0353,2017,7781.0,249182
249183,ACR0355,2017,8240.0,249184
249185,ACR0357,2017,84131.0,249186
249186,ACR0358,2017,60749.0,249187
249188,ACR0360,2017,12502637.0,249189
249191,ACR0363,2017,91819.0,249192
249194,ACR0367,2017,230848.0,249195
249197,ACR0370,2017,121455.0,249198
249198,ACR0371,2017,293972.0,249199
249200,ACR0373,2017,325415.0,249201
249204,ACR0377,2017,302769.0,249205
249205,ACR0378,2017,290915.0,249206
249206,ACR0379,2017,120918.0,249207
249207,ACR0380,2017,21.0,249208
249209,ACR0383,2017,138972.0,249210
249210,ACR0385,2017,138331.0,249211
249212,ACR0387,2017,129854.0,249213
249213,ACR0388,2017,205323.0,249214
249214,ACR0389,2017,58964.0,249215
249218,ACR0394,2017,12968.0,249219
249230,ACR0410,2017,9885.0,249231
249241,ACR0424,2017,33831.0,249242
249263,ACR0447,2017,93458.0,249264
249266,ACR0450,2017,110310.0,249267
249268,ACR0454,2017,291983.0,249269
249292,ACR0480,2017,324357.0,249293
249297,ACR0486,2017,119102.0,249298
249309,ACR0501,2017,22304.0,249310
249315,ACR0508,2017,10922.0,249316
249316,ACR0509,2017,15748.0,249317
249319,ACR0515,2017,121764.0,249320
249330,ACR0528,2017,41381.0,249331
249331,ACR0529,2017,32468.0,249332
249974,ART0101,2017,732406.0,249975
249975,ART0102,2017,7604998.0,249976
250014,CAR406,2017,54708.0,250015
250019,CAR416,2017,8678.0,250020
250022,CAR422,2017,42950.0,250023
250026,CAR429,2017,21487.0,250027
250028,CAR432,2017,17741.0,250029
250030,CAR435,2017,107705.0,250031
250031,CAR436,2017,34126.0,250032
250036,CAR443,2017,92482.0,250037
250037,CAR444,2017,78759.0,250038
250045,CAR455,2017,63102.0,250046
250052,CAR465,2017,20370.0,250053
250060,CAR475,2017,115983.0,250061
250075,CAR491,2017,17237.0,250076
250076,CAR495,2017,44758.0,250077
250078,CAR497,2017,10189.0,250079
250079,CAR498,2017,169274.0,250080
250081,CAR502,2017,50770.0,250082
250082,CAR503,2017,8168.0,250083
250088,CAR512,2017,97434.0,250089
250094,CAR521,2017,47235.0,250095
250101,CAR545,2017,120823.0,250102
250106,CAR560,2017,61256.0,250107
250108,CAR574,2017,12096.0,250109
250109,CAR575,2017,1069.0,250110
250114,CAR588,2017,38045.0,250115
250118,CAR592,2017,42887.0,250119
250119,CAR593,2017,55622.0,250120
250131,CAR621,2017,164605.0,250132
250137,CAR635,2017,99800.0,250138
250138,CAR639,2017,746117.0,250139
250141,CAR646,2017,5878.0,250142
250146,CAR659,2017,11500.0,250147
250149,CAR672,2017,2065.0,250150
250150,CAR674,2017,109079.0,250151
250151,CAR676,2017,1133.0,250152
250153,CAR683,2017,8919.0,250154
250155,CAR688,2017,4522.0,250156
250166,CAR768,2017,137816.0,250167
250168,CAR772,2017,11819.0,250169
250171,CAR776,2017,5104.0,250172
250175,CAR782,2017,29352.0,250176
250177,CAR785,2017,45239.0,250178
250179,CAR790,2017,61562.0,250180
250186,CAR802,2017,7859.0,250187
250190,CAR807,2017,17962.0,250191
250191,CAR811,2017,121960.0,250192
250192,CAR812,2017,15524.0,250193
250196,CAR817,2017,21606.0,250197
250198,CAR822,2017,6411.0,250199
250202,CAR829,2017,22799.0,250203
250209,CAR838,2017,65101.0,250210
250212,CAR844,2017,12284.0,250213
250214,CAR866,2017,32453.0,250215
250221,CAR886,2017,9633.0,250222
250222,CAR887,2017,50378.0,250223
250223,CAR888,2017,31077.0,250224
250225,CAR892,2017,41124.0,250226
250230,CAR911,2017,22977.0,250231
250231,CAR917,2017,36081.0,250232
250235,CAR935,2017,3521.0,250236
250249,CAR965,2017,20416.0,250250
250250,CAR969,2017,27406.0,250251
250259,CAR982,2017,9352.0,250260
250260,CAR988,2017,7424.0,250261
250261,CAR989,2017,13433.0,250262
250264,CAR993,2017,3051.0,250265
250267,CAR996,2017,13838.0,250268
250268,CAR997,2017,21603.0,250269
250269,CAR998,2017,7177.0,250270
250272,CAR1002,2017,4397.0,250273
250277,CAR1008,2017,11806.0,250278
250282,CAR1013,2017,58030.0,250283
250284,CAR1015,2017,7287.0,250285
250287,CAR1019,2017,9376.0,250288
250289,CAR1022,2017,39743.0,250290
250293,CAR1027,2017,145899.0,250294
250296,CAR1032,2017,4212.0,250297
250297,CAR1033,2017,5735.0,250298
250298,CAR1035,2017,20421.0,250299
250299,CAR1036,2017,17178.0,250300
250301,CAR1041,2017,67491.0,250302
250306,CAR1049,2017,2648.0,250307
250307,CAR1050,2017,45140.0,250308
250309,CAR1055,2017,14687.0,250310
250310,CAR1056,2017,15018.0,250311
250311,CAR1057,2017,7879.0,250312
250312,CAR1058,2017,19801.0,250313
250314,CAR1062,2017,3804.0,250315
250315,CAR1063,2017,14431.0,250316
250318,CAR1066,2017,33892.0,250319
250322,CAR1070,2017,50112.0,250323
250327,CAR1076,2017,14915.0,250328
250329,CAR1078,2017,16401.0,250330
250330,CAR1080,2017,10280.0,250331
250333,CAR1083,2017,29953.0,250334
250336,CAR1086,2017,7239.0,250337
250338,CAR1088,2017,25811.0,250339
250344,CAR1094,2017,1117.0,250345
250345,CAR1095,2017,60036.0,250346
250346,CAR1096,2017,11898.0,250347
250347,CAR1097,2017,16999.0,250348
250348,CAR1098,2017,126781.0,250349
250349,CAR1099,2017,68596.0,250350
250350,CAR1100,2017,57954.0,250351
250351,CAR1101,2017,2372.0,250352
250352,CAR1102,2017,3404.0,250353
250353,CAR1103,2017,563.0,250354
250354,CAR1104,2017,4389.0,250355
250355,CAR1105,2017,320214.0,250356
250356,CAR1106,2017,16124.0,250357
250357,CAR1108,2017,5309.0,250358
250358,CAR1109,2017,42424.0,250359
250369,CAR1120,2017,34795.0,250370
250371,CAR1122,2017,9075.0,250372
250372,CAR1123,2017,17443.0,250373
250373,CAR1124,2017,17721.0,250374
250375,CAR1126,2017,17067.0,250376
250376,CAR1127,2017,13879.0,250377
250377,CAR1128,2017,9347.0,250378
250379,CAR1130,2017,9129.0,250380
250380,CAR1132,2017,11750.0,250381
250381,CAR1133,2017,6549.0,250382
250383,CAR1135,2017,4057.0,250384
250384,CAR1136,2017,74174.0,250385
250385,CAR1137,2017,3983.0,250386
250386,CAR1138,2017,25363.0,250387
250387,CAR1139,2017,235963.0,250388
250389,CAR1141,2017,3081.0,250390
250390,CAR1142,2017,3175.0,250391
250391,CAR1143,2017,16880.0,250392
250393,CAR1145,2017,13603.0,250394
250394,CAR1146,2017,8724.0,250395
250395,CAR1147,2017,33378.0,250396
250396,CAR1151,2017,7893.0,250397
250397,CAR1152,2017,13353.0,250398
250398,CAR1153,2017,13510.0,250399
250399,CAR1154,2017,13973.0,250400
250400,CAR1155,2017,11914.0,250401
250401,CAR1156,2017,7128.0,250402
250404,CAR1159,2017,19194.0,250405
250405,CAR1160,2017,11791.0,250406
250406,CAR1161,2017,6271.0,250407
250407,CAR1162,2017,627.0,250408
250414,CAR1169,2017,54717.0,250415
250417,CAR1173,2017,303715.0,250418
250418,CAR1174,2017,222177.0,250419
250419,CAR1175,2017,107913.0,250420
250421,CAR1177,2017,3657.0,250422
250422,CAR1178,2017,22684.0,250423
250424,CAR1180,2017,39896.0,250425
250428,CAR1184,2017,6575.0,250429
250434,CAR1190,2017,267975.0,250435
250435,CAR1191,2017,80538.0,250436
250440,CAR1197,2017,1139633.0,250441
250446,CAR1204,2017,139152.0,250447
250450,CAR1208,2017,405294.0,250451
250451,CAR1209,2017,478930.0,250452
250455,CAR1213,2017,903035.0,250456
250457,CAR1215,2017,2576141.0,250458
250459,CAR1217,2017,6589.0,250460
250463,CAR1232,2017,6875.0,250464
250468,CAR1237,2017,1886.0,250469
250469,CAR1238,2017,6117.0,250470
250475,CAR1244,2017,110990.0,250476
250476,CAR1245,2017,5572.0,250477
250477,CAR1246,2017,6193.0,250478
250478,CAR1247,2017,11871.0,250479
250479,CAR1248,2017,96564.0,250480
250480,CAR1249,2017,141207.0,250481
250482,CAR1251,2017,55471.0,250483
250483,CAR1252,2017,140916.0,250484
250484,CAR1253,2017,16113.0,250485
250485,CAR1254,2017,140698.0,250486
250487,CAR1258,2017,72606.0,250488
250488,CAR1259,2017,3470.0,250489
250489,CAR1260,2017,1024.0,250490
250490,CAR1261,2017,9910.0,250491
250491,CAR1262,2017,6112.0,250492
250492,CAR1263,2017,122129.0,250493
250494,CAR1265,2017,49518.0,250495
250495,CAR1267,2017,50793.0,250496
250496,CAR1268,2017,55404.0,250497
250497,CAR1269,2017,33184.0,250498
250498,CAR1270,2017,223464.0,250499
250499,CAR1271,2017,140452.0,250500
250500,CAR1272,2017,51298.0,250501
250504,CAR1277,2017,53956.0,250505
250505,CAR1278,2017,44681.0,250506
250509,CAR1282,2017,1136.0,250510
250511,CAR1284,2017,1013.0,250512
250512,CAR1285,2017,5783.0,250513
250513,CAR1286,2017,154972.0,250514
250514,CAR1287,2017,52930.0,250515
250532,CAR1306,2017,424.0,250533
250608,CAR1396,2017,262.0,250609
251294,GS352,2017,109344.0,251295
251304,GS390,2017,19124.0,251305
251306,GS395,2017,26982.0,251307
251307,GS397,2017,112075.0,251308
251308,GS398,2017,224322.0,251309
251312,GS407,2017,755285.0,251313
251313,GS410,2017,11584.0,251314
251314,GS411,2017,12143.0,251315
251316,GS413,2017,90966.0,251317
251317,GS414,2017,30270.0,251318
251321,GS423,2017,670.0,251322
251328,GS441,2017,44661.0,251329
251329,GS445,2017,7619.0,251330
251330,GS447,2017,787747.0,251331
251338,GS464,2017,287347.0,251339
251339,GS467,2017,1024.0,251340
251341,GS472,2017,213831.0,251342
251342,GS474,2017,22249.0,251343
251348,GS500,2017,48152.0,251349
251350,GS504,2017,86999.0,251351
251363,GS560,2017,62940.0,251364
251366,GS566,2017,32079.0,251367
251367,GS567,2017,78045.0,251368
251379,GS601,2017,39572.0,251380
251380,GS605,2017,250307.0,251381
251382,GS608,2017,204452.0,251383
251385,GS612,2017,39857.0,251386
251388,GS615,2017,2035.0,251389
251390,GS617,2017,145928.0,251391
251414,GS666,2017,23178.0,251415
251415,GS670,2017,49141.0,251416
251417,GS672,2017,75264.0,251418
251420,GS683,2017,8966.0,251421
251421,GS685,2017,83909.0,251422
251428,GS702,2017,31504.0,251429
251434,GS716,2017,8578.0,251435
251440,GS733,2017,8766.0,251441
251444,GS744,2017,112511.0,251445
251445,GS745,2017,5170.0,251446
251446,GS746,2017,19953.0,251447
251447,GS748,2017,2682.0,251448
251449,GS750,2017,59296.0,251450
251450,GS751,2017,104237.0,251451
251451,GS753,2017,48055.0,251452
251455,GS765,2017,29212.0,251456
251456,GS768,2017,27287.0,251457
251457,GS769,2017,169414.0,251458
251478,GS813,2017,2165.0,251479
251479,GS814,2017,2369.0,251480
251480,GS816,2017,151796.0,251481
251481,GS817,2017,4019.0,251482
251483,GS824,2017,24542.0,251484
251487,GS828,2017,57524.0,251488
251489,GS832,2017,5426.0,251490
251491,GS835,2017,12843.0,251492
251493,GS840,2017,1586.0,251494
251500,GS849,2017,11975.0,251501
251503,GS854,2017,78584.0,251504
251504,GS858,2017,26890.0,251505
251520,GS879,2017,109698.0,251521
251530,GS905,2017,178378.0,251531
251531,GS906,2017,46787.0,251532
251535,GS913,2017,28839.0,251536
251539,GS922,2017,8024.0,251540
251547,GS935,2017,179248.0,251548
251549,GS939,2017,3153.0,251550
251551,GS947,2017,58334.0,251552
251553,GS950,2017,65484.0,251554
251564,GS971,2017,274645.0,251565
251567,GS976,2017,24345.0,251568
251571,GS980,2017,5627.0,251572
251575,GS988,2017,1635.0,251576
251576,GS989,2017,225.0,251577
251580,GS993,2017,1990.0,251581
251581,GS997,2017,5869.0,251582
251584,GS1001,2017,161280.0,251585
251585,GS1003,2017,3054.0,251586
251587,GS1006,2017,1256.0,251588
251590,GS1013,2017,84210.0,251591
251592,GS1015,2017,14186.0,251593
251596,GS1020,2017,128314.0,251597
251597,GS1021,2017,36723.0,251598
251604,GS1028,2017,5715.0,251605
251609,GS1033,2017,4597.0,251610
251610,GS1034,2017,55695.0,251611
251616,GS1041,2017,72993.0,251617
251617,GS1042,2017,48162.0,251618
251622,GS1049,2017,218336.0,251623
251627,GS1059,2017,1422.0,251628
251628,GS1060,2017,46280.0,251629
251631,GS1064,2017,10000.0,251632
251633,GS1067,2017,58439.0,251634
251638,GS1074,2017,21535.0,251639
251641,GS1078,2017,31976.0,251642
251650,GS1094,2017,4640.0,251651
251651,GS1095,2017,4464.0,251652
251652,GS1096,2017,4628.0,251653
251653,GS1097,2017,4504.0,251654
251654,GS1098,2017,4233.0,251655
251655,GS1100,2017,3642.0,251656
251656,GS1101,2017,3996.0,251657
251658,GS1103,2017,4049.0,251659
251659,GS1104,2017,3613.0,251660
251660,GS1105,2017,9143.0,251661
251663,GS1109,2017,76520.0,251664
251667,GS1117,2017,29442.0,251668
251670,GS1124,2017,7673.0,251671
251672,GS1128,2017,37442.0,251673
251673,GS1134,2017,113976.0,251674
251680,GS1146,2017,5727.0,251681
251681,GS1147,2017,429.0,251682
251684,GS1162,2017,7470.0,251685
251691,GS1173,2017,10286.0,251692
251692,GS1174,2017,42590.0,251693
251694,GS1178,2017,30195.0,251695
251701,GS1190,2017,86947.0,251702
251707,GS1199,2017,6260.0,251708
251715,GS1207,2017,2737.0,251716
251716,GS1208,2017,41426.0,251717
251719,GS1221,2017,2816.0,251720
251725,GS1228,2017,58368.0,251726
251726,GS1229,2017,1136.0,251727
251727,GS1230,2017,16292.0,251728
251732,GS1237,2017,71982.0,251733
251739,GS1244,2017,16173.0,251740
251742,GS1248,2017,1963.0,251743
251743,GS1249,2017,2165.0,251744
251745,GS1253,2017,45120.0,251746
251748,GS1267,2017,10000.0,251749
251751,GS1286,2017,58490.0,251752
251752,GS1288,2017,2127.0,251753
251756,GS1294,2017,10000.0,251757
251757,GS1295,2017,1242.0,251758
251758,GS1296,2017,10000.0,251759
251763,GS1303,2017,37466.0,251764
251765,GS1306,2017,28523.0,251766
251779,GS1321,2017,168215.0,251780
251780,GS1322,2017,101875.0,251781
251786,GS1330,2017,23658.0,251787
251787,GS1332,2017,6968.0,251788
251789,GS1334,2017,5854.0,251790
251798,GS1347,2017,40808.0,251799
251800,GS1350,2017,64205.0,251801
251802,GS1352,2017,7926.0,251803
251803,GS1353,2017,5781.0,251804
251806,GS1359,2017,10000.0,251807
251809,GS1364,2017,67408.0,251810
251810,GS1365,2017,6733.0,251811
251812,GS1367,2017,12400.0,251813
251821,GS1378,2017,86216.0,251822
251829,GS1588,2017,88323.0,251830
251834,GS1693,2017,9784.0,251835
251835,GS1694,2017,9786.0,251836
251836,GS1695,2017,9785.0,251837
251837,GS1696,2017,9785.0,251838
251838,GS1697,2017,9786.0,251839
251839,GS1698,2017,9785.0,251840
251840,GS1699,2017,9785.0,251841
251841,GS1700,2017,9786.0,251842
251842,GS1701,2017,9785.0,251843
251843,GS1702,2017,9386.0,251844
251844,GS1703,2017,9387.0,251845
251845,GS1704,2017,9386.0,251846
251846,GS1705,2017,9387.0,251847
251847,GS1706,2017,9386.0,251848
251848,GS1707,2017,9386.0,251849
251849,GS1708,2017,9387.0,251850
251850,GS1709,2017,9386.0,251851
251851,GS1710,2017,9387.0,251852
251852,GS1711,2017,9386.0,251853
251853,GS1712,2017,9387.0,251854
251854,GS1713,2017,9386.0,251855
251855,GS1714,2017,9387.0,251856
251856,GS1715,2017,9386.0,251857
251857,GS1716,2017,9386.0,251858
251858,GS1717,2017,9387.0,251859
251859,GS1718,2017,9386.0,251860
251860,GS1719,2017,9387.0,251861
251861,GS1720,2017,9386.0,251862
251862,GS1721,2017,9387.0,251863
251863,GS1722,2017,9386.0,251864
251864,GS1723,2017,9387.0,251865
251865,GS1724,2017,9386.0,251866
251866,GS1725,2017,9386.0,251867
251867,GS1726,2017,9786.0,251868
251868,GS1727,2017,9386.0,251869
251869,GS1728,2017,9387.0,251870
251871,GS1730,2017,9386.0,251872
251872,GS1731,2017,9386.0,251873
251873,GS1732,2017,9387.0,251874
251874,GS1733,2017,9386.0,251875
251875,GS1734,2017,9387.0,251876
251876,GS1735,2017,9386.0,251877
251877,GS1736,2017,9387.0,251878
251878,GS1737,2017,9386.0,251879
251879,GS1738,2017,9387.0,251880
251880,GS1739,2017,9785.0,251881
251881,GS1740,2017,9785.0,251882
251882,GS1741,2017,9785.0,251883
251883,GS1742,2017,9387.0,251884
251884,GS1743,2017,9386.0,251885
251885,GS1744,2017,8230.0,251886
251886,GS1745,2017,9550.0,251887
251890,GS1890,2017,111726.0,251891
251897,GS2094,2017,205720.0,251898
251898,GS2095,2017,39904.0,251899
251903,GS2290,2017,15840.0,251904
251907,GS2295,2017,810.0,251908
251908,GS2296,2017,54289.0,251909
251912,GS2300,2017,4190.0,251913
251914,GS2394,2017,1306.0,251915
251915,GS2395,2017,4690.0,251916
251917,GS2397,2017,24151.0,251918
251923,GS2405,2017,2040.0,251924
251933,GS2421,2017,486.0,251934
251939,GS2429,2017,6986.0,251940
251944,GS2437,2017,6295.0,251945
251948,GS2441,2017,22135.0,251949
251950,GS2444,2017,37806.0,251951
251951,GS2445,2017,51337.0,251952
251952,GS2446,2017,58087.0,251953
251953,GS2447,2017,74308.0,251954
251957,GS2456,2017,9894.0,251958
251958,GS2457,2017,9860.0,251959
251960,GS2460,2017,40173.0,251961
251962,GS2464,2017,16555.0,251963
251964,GS2468,2017,20388.0,251965
251971,GS2479,2017,10000.0,251972
251972,GS2480,2017,10000.0,251973
251973,GS2481,2017,10000.0,251974
251975,GS2483,2017,46571.0,251976
251982,GS2490,2017,20993.0,251983
251984,GS2497,2017,36897.0,251985
251986,GS2499,2017,100453.0,251987
251987,GS2500,2017,22397.0,251988
251988,GS2501,2017,42050.0,251989
251989,GS2502,2017,79304.0,251990
251990,GS2503,2017,79560.0,251991
251994,GS2510,2017,75691.0,251995
252001,GS2519,2017,44239.0,252002
252002,GS2520,2017,21258.0,252003
252004,GS2525,2017,198856.0,252005
252006,GS2528,2017,10000.0,252007
252009,GS2535,2017,900.0,252010
252012,GS2539,2017,8713.0,252013
252013,GS2540,2017,8175.0,252014
252015,GS2542,2017,27652.0,252016
252016,GS2543,2017,8353.0,252017
252017,GS2544,2017,100088.0,252018
252018,GS2545,2017,89578.0,252019
252019,GS2546,2017,82882.0,252020
252021,GS2553,2017,7230.0,252022
252024,GS2563,2017,13068.0,252025
252025,GS2564,2017,8414.0,252026
252027,GS2566,2017,9387.0,252028
252028,GS2567,2017,9386.0,252029
252029,GS2568,2017,9387.0,252030
252030,GS2569,2017,9386.0,252031
252031,GS2570,2017,9387.0,252032
252032,GS2571,2017,9386.0,252033
252033,GS2572,2017,9387.0,252034
252034,GS2573,2017,9386.0,252035
252035,GS2574,2017,9386.0,252036
252036,GS2575,2017,9387.0,252037
252037,GS2576,2017,9386.0,252038
252038,GS2577,2017,9786.0,252039
252039,GS2578,2017,9785.0,252040
252040,GS2579,2017,9386.0,252041
252041,GS2580,2017,9373.0,252042
252042,GS2581,2017,9387.0,252043
252043,GS2582,2017,9386.0,252044
252044,GS2583,2017,9400.0,252045
252045,GS2584,2017,9570.0,252046
252046,GS2585,2017,6963.0,252047
252047,GS2587,2017,11657.0,252048
252053,GS2640,2017,48546.0,252054
252057,GS2644,2017,48310.0,252058
252064,GS2664,2017,51991.0,252065
252065,GS2665,2017,56129.0,252066
252073,GS2681,2017,16884.0,252074
252074,GS2682,2017,86088.0,252075
252083,GS2691,2017,147195.0,252084
252087,GS2707,2017,28229.0,252088
252089,GS2711,2017,50288.0,252090
252090,GS2712,2017,26952.0,252091
252091,GS2713,2017,14507.0,252092
252092,GS2714,2017,12499.0,252093
252093,GS2715,2017,46446.0,252094
252098,GS2744,2017,7540.0,252099
252100,GS2750,2017,14153.0,252101
252101,GS2751,2017,16177.0,252102
252102,GS2758,2017,297020.0,252103
252103,GS2763,2017,112407.0,252104
252105,GS2765,2017,2194.0,252106
252106,GS2766,2017,70713.0,252107
252110,GS2891,2017,9878.0,252111
252111,GS2892,2017,9890.0,252112
252112,GS2893,2017,9806.0,252113
252113,GS2894,2017,9863.0,252114
252115,GS2896,2017,5772.0,252116
252116,GS2898,2017,260968.0,252117
252119,GS2913,2017,4882.0,252120
252120,GS2940,2017,268923.0,252121
252121,GS2951,2017,600.0,252122
252122,GS2990,2017,20502.0,252123
252123,GS3007,2017,1372.0,252124
252127,GS3015,2017,97114.0,252128
252128,GS3016,2017,25633.0,252129
252129,GS3018,2017,867.0,252130
252130,GS3023,2017,3424.0,252131
252131,GS3024,2017,10000.0,252132
252138,GS3039,2017,66908.0,252139
252141,GS3072,2017,64379.0,252142
252147,GS3105,2017,10000.0,252148
252148,GS3106,2017,10000.0,252149
252149,GS3107,2017,10000.0,252150
252150,GS3108,2017,10000.0,252151
252151,GS3109,2017,55039.0,252152
252154,GS3113,2017,55915.0,252155
252155,GS3114,2017,55446.0,252156
252157,GS3116,2017,55312.0,252158
252162,GS3253,2017,169288.0,252163
252166,GS3260,2017,814.0,252167
252168,GS3262,2017,10000.0,252169
252170,GS3267,2017,7039.0,252171
252171,GS3305,2017,87.0,252172
252172,GS3306,2017,9943.0,252173
252174,GS3326,2017,7659.0,252175
252179,GS3343,2017,13060.0,252180
252184,GS3363,2017,410.0,252185
252185,GS3364,2017,9754.0,252186
252186,GS3365,2017,28858.0,252187
252187,GS3366,2017,28561.0,252188
252188,GS3367,2017,31911.0,252189
252196,GS3379,2017,87581.0,252197
252198,GS3381,2017,146.0,252199
252199,GS3404,2017,15159.0,252200
252201,GS3407,2017,6767.0,252202
252202,GS3409,2017,79174.0,252203
252203,GS3410,2017,31140.0,252204
252207,GS3422,2017,10000.0,252208
252210,GS3429,2017,80901.0,252211
252211,GS3430,2017,9943.0,252212
252212,GS3431,2017,9957.0,252213
252213,GS3432,2017,9679.0,252214
252214,GS3433,2017,9943.0,252215
252215,GS3434,2017,237452.0,252216
252216,GS3443,2017,10000.0,252217
252217,GS3444,2017,9872.0,252218
252218,GS3445,2017,4511.0,252219
252219,GS3446,2017,9863.0,252220
252220,GS3447,2017,9885.0,252221
252221,GS3448,2017,9892.0,252222
252222,GS3449,2017,9835.0,252223
252223,GS3450,2017,9886.0,252224
252224,GS3451,2017,9866.0,252225
252225,GS3482,2017,8609.0,252226
252231,GS3493,2017,96495.0,252232
252233,GS3509,2017,9999.0,252234
252235,GS3511,2017,58844.0,252236
252236,GS3512,2017,79409.0,252237
252239,GS3515,2017,11166.0,252240
252240,GS3516,2017,9568.0,252241
252241,GS3517,2017,9204.0,252242
252242,GS3518,2017,9885.0,252243
252243,GS3519,2017,9870.0,252244
252244,GS3520,2017,9330.0,252245
252245,GS3521,2017,8807.0,252246
252246,GS3522,2017,6395.0,252247
252247,GS3523,2017,9282.0,252248
252248,GS3524,2017,9267.0,252249
252251,GS3544,2017,9015.0,252252
252252,GS3547,2017,93394.0,252253
252253,GS3551,2017,46186.0,252254
252257,GS3560,2017,10000.0,252258
252258,GS3561,2017,10000.0,252259
252259,GS3563,2017,10000.0,252260
252260,GS3564,2017,10000.0,252261
252262,GS3566,2017,56164.0,252263
252263,GS3567,2017,155697.0,252264
252265,GS3588,2017,9785.0,252266
252266,GS3589,2017,9386.0,252267
252267,GS3590,2017,9786.0,252268
252268,GS3591,2017,9386.0,252269
252269,GS3592,2017,9387.0,252270
252270,GS3593,2017,9386.0,252271
252271,GS3594,2017,9387.0,252272
252272,GS3595,2017,9386.0,252273
252273,GS3596,2017,8464.0,252274
252274,GS3597,2017,9410.0,252275
252275,GS3598,2017,9714.0,252276
252276,GS3599,2017,9386.0,252277
252277,GS3600,2017,9469.0,252278
252278,GS3601,2017,9635.0,252279
252280,GS3606,2017,9076.0,252281
252281,GS3607,2017,5505.0,252282
252282,GS3618,2017,8641.0,252283
252283,GS3619,2017,9069.0,252284
252284,GS3620,2017,8823.0,252285
252285,GS3626,2017,1926.0,252286
252292,GS3705,2017,107173.0,252293
252295,GS3901,2017,4671.0,252296
252298,GS3906,2017,14496.0,252299
252303,GS3945,2017,9888.0,252304
252305,GS3947,2017,9778.0,252306
252311,GS3958,2017,132590.0,252312
252314,GS3965,2017,41569.0,252315
252316,GS3969,2017,189545.0,252317
252317,GS3971,2017,8830.0,252318
252320,GS3976,2017,397252.0,252321
252321,GS3992,2017,48306.0,252322
252323,GS4014,2017,993.0,252324
252325,GS4036,2017,10086.0,252326
252331,GS4195,2017,22391.0,252332
252333,GS4202,2017,9955.0,252334
252334,GS4203,2017,9934.0,252335
252335,GS4205,2017,9931.0,252336
252338,GS4210,2017,5019.0,252339
252340,GS4220,2017,13896.0,252341
252341,GS4221,2017,86811.0,252342
252342,GS4233,2017,32363.0,252343
252343,GS4236,2017,18070.0,252344
252344,GS4238,2017,78176.0,252345
252346,GS4240,2017,4941.0,252347
252349,GS4259,2017,46800.0,252350
252350,GS4260,2017,10000.0,252351
252351,GS4261,2017,7769.0,252352
252352,GS4264,2017,87878.0,252353
252353,GS4265,2017,441.0,252354
252355,GS4269,2017,7230.0,252356
252356,GS4270,2017,7641.0,252357
252357,GS4271,2017,10000.0,252358
252359,GS4273,2017,70832.0,252360
252360,GS4288,2017,18795.0,252361
252362,GS4290,2017,10177.0,252363
252363,GS4291,2017,37037.0,252364
252364,GS4296,2017,27133.0,252365
252365,GS4300,2017,33702.0,252366
252366,GS4364,2017,2665.0,252367
252369,GS4372,2017,3421.0,252370
252370,GS4373,2017,4348.0,252371
252371,GS4374,2017,2939.0,252372
252372,GS4375,2017,3420.0,252373
252373,GS4376,2017,2347.0,252374
252374,GS4377,2017,4502.0,252375
252375,GS4378,2017,3739.0,252376
252376,GS4379,2017,6259.0,252377
252377,GS4380,2017,3877.0,252378
252378,GS4381,2017,3079.0,252379
252379,GS4382,2017,4700.0,252380
252380,GS4383,2017,4324.0,252381
252381,GS4384,2017,2839.0,252382
252382,GS4385,2017,3796.0,252383
252383,GS4386,2017,7613.0,252384
252384,GS4387,2017,5326.0,252385
252385,GS4388,2017,5792.0,252386
252386,GS4389,2017,4787.0,252387
252387,GS4390,2017,617.0,252388
252388,GS4391,2017,6044.0,252389
252389,GS4392,2017,1677.0,252390
252390,GS4393,2017,4053.0,252391
252391,GS4394,2017,9028.0,252392
252392,GS4395,2017,5325.0,252393
252393,GS4396,2017,6591.0,252394
252394,GS4397,2017,9238.0,252395
252395,GS4398,2017,2072.0,252396
252396,GS4399,2017,293.0,252397
252397,GS4400,2017,9394.0,252398
252398,GS4401,2017,9422.0,252399
252399,GS4422,2017,10000.0,252400
252400,GS4423,2017,10000.0,252401
252402,GS4425,2017,172226.0,252403
252403,GS4426,2017,150931.0,252404
252409,GS4446,2017,3513.0,252410
252412,GS4518,2017,10000.0,252413
252413,GS4519,2017,10000.0,252414
252414,GS4530,2017,2230.0,252415
252416,GS4532,2017,959.0,252417
252417,GS4533,2017,18748.0,252418
252420,GS4536,2017,419.0,252421
252424,GS4546,2017,2473.0,252425
252425,GS4553,2017,10000.0,252426
252426,GS4557,2017,190955.0,252427
252431,GS4593,2017,2277.0,252432
252432,GS4596,2017,18780.0,252433
252433,GS4597,2017,46838.0,252434
252435,GS4603,2017,82546.0,252436
252438,GS4613,2017,7207.0,252439
252439,GS4614,2017,7159.0,252440
252440,GS4615,2017,7229.0,252441
252447,GS4702,2017,6517.0,252448
252448,GS4707,2017,63532.0,252449
252451,GS4797,2017,10000.0,252452
252452,GS4798,2017,10000.0,252453
252453,GS4799,2017,11451.0,252454
252459,GS4823,2017,133.0,252460
252460,GS4824,2017,8471.0,252461
252461,GS4828,2017,3643.0,252462
252465,GS4897,2017,10000.0,252466
252466,GS4898,2017,10000.0,252467
252467,GS4899,2017,9858.0,252468
252468,GS4900,2017,9964.0,252469
252469,GS4901,2017,10000.0,252470
252471,GS4906,2017,7712.0,252472
252473,GS4962,2017,112954.0,252474
252478,GS5003,2017,33829.0,252479
252479,GS5007,2017,55366.0,252480
252482,GS5012,2017,8100.0,252483
252483,GS5013,2017,104920.0,252484
252488,GS5033,2017,10000.0,252489
252489,GS5034,2017,10000.0,252490
252490,GS5035,2017,10000.0,252491
252491,GS5036,2017,10000.0,252492
252493,GS5038,2017,10000.0,252494
252494,GS5039,2017,10000.0,252495
252495,GS5040,2017,10000.0,252496
252496,GS5041,2017,10000.0,252497
252497,GS5042,2017,10000.0,252498
252498,GS5043,2017,10000.0,252499
252499,GS5046,2017,36321.0,252500
252503,GS5064,2017,16938.0,252504
252507,GS5099,2017,58384.0,252508
252508,GS5106,2017,9972.0,252509
252509,GS5107,2017,75660.0,252510
252512,GS5125,2017,98195.0,252513
252513,GS5186,2017,9972.0,252514
252514,GS5187,2017,9952.0,252515
252515,GS5188,2017,9994.0,252516
252516,GS5189,2017,8290.0,252517
252517,GS5190,2017,8329.0,252518
252518,GS5191,2017,8329.0,252519
252519,GS5192,2017,6608.0,252520
252520,GS5193,2017,5608.0,252521
252521,GS5194,2017,5301.0,252522
252522,GS5195,2017,219.0,252523
252525,GS5199,2017,33089.0,252526
252528,GS5228,2017,3462.0,252529
252529,GS5229,2017,78822.0,252530
252530,GS5230,2017,525.0,252531
252531,GS5244,2017,10000.0,252532
252532,GS5245,2017,10000.0,252533
252536,GS5303,2017,2332.0,252537
252543,GS5314,2017,36924.0,252544
252544,GS5315,2017,6701.0,252545
252546,GS5317,2017,72.0,252547
252547,GS5322,2017,5425.0,252548
252548,GS5323,2017,5036.0,252549
252549,GS5324,2017,3561.0,252550
252550,GS5325,2017,4780.0,252551
252551,GS5326,2017,3920.0,252552
252552,GS5329,2017,10000.0,252553
252553,GS5330,2017,10000.0,252554
252554,GS5331,2017,10000.0,252555
252555,GS5332,2017,10000.0,252556
252556,GS5335,2017,10000.0,252557
252557,GS5336,2017,10000.0,252558
252558,GS5337,2017,10000.0,252559
252559,GS5338,2017,10000.0,252560
252560,GS5339,2017,10000.0,252561
252561,GS5340,2017,10000.0,252562
252562,GS5341,2017,10000.0,252563
252563,GS5342,2017,10000.0,252564
252564,GS5343,2017,10000.0,252565
252565,GS5344,2017,10000.0,252566
252569,GS5383,2017,28439.0,252570
252570,GS5391,2017,758.0,252571
252571,GS5392,2017,10000.0,252572
252572,GS5393,2017,10000.0,252573
252573,GS5394,2017,2478.0,252574
252574,GS5395,2017,10000.0,252575
252575,GS5396,2017,9917.0,252576
252578,GS5417,2017,33887.0,252579
252579,GS5418,2017,18544.0,252580
252580,GS5434,2017,2018.0,252581
252581,GS5437,2017,10000.0,252582
252582,GS5438,2017,10000.0,252583
252583,GS5439,2017,10000.0,252584
252584,GS5440,2017,10000.0,252585
252585,GS5441,2017,10000.0,252586
252588,GS5444,2017,1956.0,252589
252589,GS5447,2017,24392.0,252590
252590,GS5463,2017,8703.0,252591
252591,GS5519,2017,15321.0,252592
252592,GS5523,2017,7183.0,252593
252598,GS5614,2017,203680.0,252599
252600,GS5617,2017,82.0,252601
252601,GS5618,2017,68899.0,252602
252602,GS5624,2017,18724.0,252603
252604,GS5633,2017,16362.0,252605
252605,GS5634,2017,7715.0,252606
252606,GS5635,2017,7728.0,252607
252607,GS5636,2017,7713.0,252608
252608,GS5637,2017,7713.0,252609
252610,GS5642,2017,278593.0,252611
252611,GS5643,2017,11638.0,252612
252615,GS5660,2017,1695.0,252616
252616,GS5661,2017,5036.0,252617
252617,GS5662,2017,2591.0,252618
252620,GS5698,2017,94487.0,252621
252621,GS5699,2017,53260.0,252622
252623,GS5780,2017,515.0,252624
252624,GS5781,2017,3589.0,252625
252625,GS5782,2017,3360.0,252626
252626,GS5783,2017,2890.0,252627
252627,GS5796,2017,6569.0,252628
252628,GS5799,2017,101056.0,252629
252630,GS5801,2017,3480.0,252631
252633,GS5825,2017,4762.0,252634
252634,GS5826,2017,4736.0,252635
252635,GS5827,2017,4811.0,252636
252636,GS5830,2017,17878.0,252637
252643,GS5860,2017,28238.0,252644
252644,GS5866,2017,24673.0,252645
252654,GS5923,2017,1827.0,252655
252655,GS5928,2017,84100.0,252656
252657,GS5951,2017,957.0,252658
252658,GS5952,2017,803.0,252659
252659,GS5953,2017,1015.0,252660
252660,GS5954,2017,1038.0,252661
252661,GS5955,2017,1196.0,252662
252665,GS6003,2017,7664.0,252666
252666,GS6004,2017,33100.0,252667
252667,GS6008,2017,2909.0,252668
252672,GS6037,2017,4871.0,252673
252673,GS6038,2017,4947.0,252674
252680,GS6051,2017,13574.0,252681
252694,GS6101,2017,2193.0,252695
252695,GS6108,2017,17215.0,252696
252696,GS6109,2017,17330.0,252697
252697,GS6111,2017,17785.0,252698
252698,GS6112,2017,16189.0,252699
252699,GS6113,2017,16189.0,252700
252700,GS6114,2017,11735.0,252701
252701,GS6115,2017,10170.0,252702
252702,GS6116,2017,7381.0,252703
252703,GS6129,2017,4545.0,252704
252708,GS6155,2017,23834.0,252709
252711,GS6212,2017,30860.0,252712
252712,GS6235,2017,538.0,252713
252713,GS6236,2017,480.0,252714
252714,GS6237,2017,530.0,252715
252720,GS6275,2017,29313.0,252721
252725,GS6301,2017,30758.0,252726
252727,GS6338,2017,727.0,252728
252728,GS6344,2017,1500.0,252729
252733,GS6393,2017,50211.0,252734
252734,GS6394,2017,53363.0,252735
252737,GS6411,2017,9069.0,252738
252742,GS6444,2017,2119.0,252743
252743,GS6445,2017,2071.0,252744
252745,GS6498,2017,284.0,252746
252749,GS6513,2017,4029.0,252750
252756,GS6566,2017,103.0,252757
252759,GS6597,2017,9949.0,252760
252763,GS6604,2017,5215.0,252764
252764,GS6607,2017,14521.0,252765
252766,GS6747,2017,55243.0,252767
252767,GS6748,2017,84693.0,252768
252772,GS6753,2017,276054.0,252773
252775,GS6783,2017,1541.0,252776
252776,GS6784,2017,2324.0,252777
252777,GS6786,2017,8557.0,252778
252778,GS6787,2017,8860.0,252779
252779,GS6788,2017,8636.0,252780
252780,GS6789,2017,8733.0,252781
252781,GS6790,2017,8984.0,252782
252783,GS6830,2017,2046.0,252784
252786,GS6836,2017,3041.0,252787
252787,GS6837,2017,2520.0,252788
252788,GS6838,2017,2521.0,252789
252790,GS6853,2017,41895.0,252791
252791,GS6854,2017,10325.0,252792
252792,GS6855,2017,12282.0,252793
252793,GS6856,2017,5792.0,252794
252794,GS6857,2017,4856.0,252795
252795,GS6858,2017,14030.0,252796
252801,GS6998,2017,16.0,252802
252804,GS7049,2017,53610.0,252805
252809,GS7090,2017,157.0,252810
252833,GS7153,2017,9.0,252834
252845,GS7312,2017,188100.0,252846
252848,GS7330,2017,1863.0,252849
252849,GS7331,2017,1863.0,252850
252850,GS7332,2017,1863.0,252851
252851,GS7333,2017,1863.0,252852
252852,GS7334,2017,1863.0,252853
252853,GS7335,2017,1863.0,252854
252854,GS7336,2017,1863.0,252855
252859,GS7361,2017,26472.0,252860
252939,GS7498,2017,1521.0,252940
252944,GS7504,2017,1127.0,252945
252945,GS7505,2017,3963.0,252946
252948,GS7508,2017,13573.0,252949
253209,GS10220,2017,24994.0,253210
253212,GS10355,2017,18559.0,253213
253214,GS10411,2017,20000.0,253215
253227,GS10661,2017,17116.0,253228
253228,GS10662,2017,11408.0,253229
255551,VCS5,2017,21987.0,255552
255575,VCS30,2017,71493.0,255576
255577,VCS33,2017,25250.0,255578
255578,VCS34,2017,10450.0,255579
255595,VCS51,2017,85695.0,255596
255597,VCS53,2017,7443.0,255598
255598,VCS54,2017,35598.0,255599
255608,VCS64,2017,33155.0,255609
255609,VCS65,2017,3081.0,255610
255627,VCS84,2017,84338.0,255628
255634,VCS91,2017,33726.0,255635
255635,VCS92,2017,1221307.0,255636
255636,VCS93,2017,166408.0,255637
255662,VCS120,2017,9639.0,255663
255666,VCS124,2017,41288.0,255667
255679,VCS138,2017,84412.0,255680
255684,VCS143,2017,8717.0,255685
255685,VCS144,2017,123740.0,255686
255699,VCS158,2017,22997.0,255700
255735,VCS197,2017,40726.0,255736
255736,VCS198,2017,26892.0,255737
255739,VCS201,2017,14114.0,255740
255740,VCS202,2017,7766.0,255741
255791,VCS253,2017,57790.0,255792
255793,VCS255,2017,9515.0,255794
255811,VCS273,2017,86147.0,255812
255814,VCS276,2017,114380.0,255815
255815,VCS277,2017,103975.0,255816
255819,VCS281,2017,632.0,255820
255828,VCS290,2017,31154.0,255829
255830,VCS292,2017,263695.0,255831
255832,VCS294,2017,63546.0,255833
255855,VCS318,2017,54076.0,255856
255869,VCS332,2017,9966.0,255870
255872,VCS335,2017,14396.0,255873
255873,VCS336,2017,8930.0,255874
255874,VCS337,2017,28841.0,255875
255890,VCS353,2017,4975.0,255891
255891,VCS354,2017,5317.0,255892
255892,VCS355,2017,319454.0,255893
255907,VCS370,2017,21085.0,255908
255908,VCS371,2017,66042.0,255909
255913,VCS376,2017,13623.0,255914
255917,VCS380,2017,25718.0,255918
255918,VCS381,2017,9493.0,255919
255921,VCS384,2017,1832.0,255922
255928,VCS391,2017,129771.0,255929
255933,VCS396,2017,56415.0,255934
255937,VCS400,2017,15815.0,255938
255940,VCS403,2017,88764.0,255941
255941,VCS404,2017,39155.0,255942
255942,VCS405,2017,42940.0,255943
255948,VCS411,2017,22672.0,255949
255949,VCS412,2017,76761.0,255950
255950,VCS413,2017,108002.0,255951
255951,VCS414,2017,126671.0,255952
255952,VCS415,2017,44129.0,255953
255953,VCS416,2017,60149.0,255954
255954,VCS417,2017,53747.0,255955
255958,VCS421,2017,166055.0,255959
255959,VCS422,2017,54983.0,255960
255964,VCS427,2017,38647.0,255965
255965,VCS428,2017,37120.0,255966
255966,VCS429,2017,4655.0,255967
255967,VCS430,2017,29796.0,255968
255969,VCS432,2017,106179.0,255970
255975,VCS438,2017,363844.0,255976
255977,VCS440,2017,16292.0,255978
255978,VCS441,2017,85025.0,255979
255985,VCS448,2017,33699.0,255986
255987,VCS450,2017,25116.0,255988
255992,VCS455,2017,11692.0,255993
255993,VCS456,2017,8699.0,255994
255995,VCS458,2017,11814.0,255996
256005,VCS468,2017,117283.0,256006
256008,VCS471,2017,6428.0,256009
256013,VCS476,2017,104758.0,256014
256019,VCS482,2017,588.0,256020
256020,VCS483,2017,30170.0,256021
256023,VCS486,2017,152142.0,256024
256024,VCS487,2017,784303.0,256025
256025,VCS488,2017,236965.0,256026
256026,VCS489,2017,39354.0,256027
256030,VCS493,2017,19588.0,256031
256034,VCS497,2017,827.0,256035
256037,VCS500,2017,3376.0,256038
256041,VCS504,2017,65596.0,256042
256043,VCS506,2017,150080.0,256044
256047,VCS510,2017,4305.0,256048
256050,VCS513,2017,242920.0,256051
256051,VCS514,2017,19885.0,256052
256072,VCS535,2017,106299.0,256073
256073,VCS536,2017,106702.0,256074
256074,VCS537,2017,86477.0,256075
256075,VCS538,2017,3233.0,256076
256077,VCS540,2017,100569.0,256078
256080,VCS543,2017,80475.0,256081
256081,VCS544,2017,81377.0,256082
256083,VCS546,2017,79114.0,256084
256085,VCS548,2017,79596.0,256086
256094,VCS557,2017,725.0,256095
256095,VCS558,2017,11824.0,256096
256099,VCS562,2017,191264.0,256100
256100,VCS563,2017,24242.0,256101
256102,VCS565,2017,26469.0,256103
256103,VCS566,2017,2841.0,256104
256120,VCS583,2017,1915.0,256121
256123,VCS586,2017,4098.0,256124
256139,VCS602,2017,6914.0,256140
256140,VCS603,2017,6254.0,256141
256144,VCS607,2017,181419.0,256145
256149,VCS612,2017,1517415.0,256150
256154,VCS617,2017,3847.0,256155
256155,VCS618,2017,188675.0,256156
256173,VCS636,2017,38271.0,256174
256175,VCS638,2017,16338.0,256176
256177,VCS640,2017,20629.0,256178
256190,VCS653,2017,225469.0,256191
256192,VCS655,2017,38373.0,256193
256199,VCS662,2017,3408.0,256200
256202,VCS665,2017,14976.0,256203
256203,VCS666,2017,32417.0,256204
256204,VCS667,2017,27690.0,256205
256209,VCS672,2017,72713.0,256210
256210,VCS673,2017,216765.0,256211
256211,VCS674,2017,3953900.0,256212
256213,VCS676,2017,28475.0,256214
256219,VCS682,2017,35219.0,256220
256222,VCS685,2017,51708.0,256223
256234,VCS697,2017,147938.0,256235
256237,VCS700,2017,40700.0,256238
256238,VCS701,2017,25163.0,256239
256243,VCS706,2017,85821.0,256244
256245,VCS708,2017,45942.0,256246
256249,VCS713,2017,94335.0,256250
256251,VCS715,2017,53409.0,256252
256252,VCS716,2017,68460.0,256253
256253,VCS717,2017,443868.0,256254
256262,VCS726,2017,33236.0,256263
256263,VCS727,2017,233596.0,256264
256264,VCS728,2017,284728.0,256265
256269,VCS733,2017,1531.0,256270
256270,VCS734,2017,14557.0,256271
256272,VCS736,2017,134012.0,256273
256273,VCS737,2017,128875.0,256274
256282,VCS747,2017,28762.0,256283
256286,VCS751,2017,39732.0,256287
256287,VCS752,2017,14509.0,256288
256288,VCS753,2017,159774.0,256289
256290,VCS755,2017,93517.0,256291
256293,VCS758,2017,22702.0,256294
256294,VCS759,2017,14058.0,256295
256296,VCS761,2017,36778.0,256297
256297,VCS762,2017,83490.0,256298
256298,VCS763,2017,51309.0,256299
256315,VCS780,2017,206660.0,256316
256317,VCS782,2017,1932.0,256318
256319,VCS784,2017,63576.0,256320
256321,VCS786,2017,1460655.0,256322
256325,VCS790,2017,19192.0,256326
256326,VCS791,2017,28719.0,256327
256342,VCS807,2017,116404.0,256343
256343,VCS808,2017,113450.0,256344
256348,VCS813,2017,136423.0,256349
256349,VCS814,2017,113636.0,256350
256351,VCS816,2017,9149.0,256352
256352,VCS817,2017,163526.0,256353
256354,VCS819,2017,14820.0,256355
256357,VCS822,2017,26077.0,256358
256358,VCS823,2017,215368.0,256359
256365,VCS830,2017,152900.0,256366
256367,VCS832,2017,845724.0,256368
256368,VCS833,2017,36510.0,256369
256369,VCS834,2017,15882.0,256370
256370,VCS835,2017,62221.0,256371
256371,VCS836,2017,27698.0,256372
256375,VCS840,2017,26272.0,256376
256379,VCS844,2017,1274532.0,256380
256384,VCS849,2017,88667.0,256385
256385,VCS850,2017,117175.0,256386
256387,VCS852,2017,18277.0,256388
256391,VCS856,2017,330710.0,256392
256403,VCS868,2017,2366747.0,256404
256407,VCS872,2017,101222.0,256408
256408,VCS873,2017,250808.0,256409
256410,VCS875,2017,965715.0,256411
256414,VCS879,2017,20162.0,256415
256419,VCS884,2017,632561.0,256420
256426,VCS891,2017,14965.0,256427
256427,VCS892,2017,373876.0,256428
256428,VCS893,2017,34314.0,256429
256431,VCS896,2017,997779.0,256432
256437,VCS902,2017,3623622.0,256438
256438,VCS903,2017,494476.0,256439
256440,VCS905,2017,90881.0,256441
256445,VCS910,2017,93332.0,256446
256446,VCS911,2017,168880.0,256447
256447,VCS912,2017,33557.0,256448
256452,VCS917,2017,156103.0,256453
256455,VCS920,2017,164540.0,256456
256456,VCS921,2017,69734.0,256457
256459,VCS924,2017,118988.0,256460
256460,VCS925,2017,12145.0,256461
256461,VCS926,2017,14941.0,256462
256462,VCS927,2017,28523.0,256463
256463,VCS928,2017,92486.0,256464
256464,VCS929,2017,545283.0,256465
256469,VCS934,2017,4574504.0,256470
256470,VCS935,2017,26325.0,256471
256472,VCS937,2017,42978.0,256473
256476,VCS941,2017,10822.0,256477
256482,VCS947,2017,120489.0,256483
256488,VCS953,2017,14519.0,256489
256493,VCS958,2017,84126.0,256494
256494,VCS959,2017,662259.0,256495
256495,VCS960,2017,548824.0,256496
256497,VCS962,2017,301498.0,256498
256498,VCS963,2017,105177.0,256499
256499,VCS964,2017,74669.0,256500
256504,VCS969,2017,472697.0,256505
256506,VCS971,2017,46403.0,256507
256508,VCS973,2017,48634.0,256509
256509,VCS974,2017,28755.0,256510
256512,VCS977,2017,950820.0,256513
256516,VCS981,2017,1653262.0,256517
256520,VCS985,2017,4040852.0,256521
256521,VCS986,2017,34969.0,256522
256528,VCS993,2017,464116.0,256529
256529,VCS994,2017,93207.0,256530
256530,VCS995,2017,96491.0,256531
256536,VCS1001,2017,110698.0,256537
256549,VCS1015,2017,5685.0,256550
256553,VCS1019,2017,79683.0,256554
256554,VCS1020,2017,23310.0,256555
256555,VCS1021,2017,9632.0,256556
256556,VCS1022,2017,6920.0,256557
256557,VCS1023,2017,22939.0,256558
256558,VCS1024,2017,10964.0,256559
256560,VCS1026,2017,8213.0,256561
256565,VCS1031,2017,104344.0,256566
256566,VCS1032,2017,44948.0,256567
256570,VCS1036,2017,39350.0,256571
256571,VCS1037,2017,239862.0,256572
256573,VCS1039,2017,68486.0,256574
256579,VCS1045,2017,50824.0,256580
256584,VCS1050,2017,16989.0,256585
256586,VCS1052,2017,89317.0,256587
256589,VCS1055,2017,990978.0,256590
256594,VCS1060,2017,32393.0,256595
256600,VCS1066,2017,35362.0,256601
256601,VCS1067,2017,687849.0,256602
256602,VCS1068,2017,20515.0,256603
256615,VCS1081,2017,16096.0,256616
256616,VCS1082,2017,4907.0,256617
256622,VCS1088,2017,6689.0,256623
256623,VCS1089,2017,3250.0,256624
256624,VCS1090,2017,38471.0,256625
256625,VCS1091,2017,25204.0,256626
256628,VCS1094,2017,23019.0,256629
256634,VCS1100,2017,380281.0,256635
256637,VCS1103,2017,226139.0,256638
256646,VCS1112,2017,174227.0,256647
256647,VCS1113,2017,181536.0,256648
256648,VCS1114,2017,15436.0,256649
256649,VCS1115,2017,284595.0,256650
256651,VCS1117,2017,81648.0,256652
256656,VCS1122,2017,312222.0,256657
256660,VCS1126,2017,180965.0,256661
256661,VCS1127,2017,72689.0,256662
256662,VCS1128,2017,102422.0,256663
256667,VCS1133,2017,275.0,256668
256674,VCS1140,2017,101051.0,256675
256676,VCS1142,2017,12907.0,256677
256677,VCS1143,2017,41755.0,256678
256678,VCS1144,2017,15044.0,256679
256680,VCS1146,2017,1533573.0,256681
256681,VCS1147,2017,46377.0,256682
256686,VCS1152,2017,28934.0,256687
256693,VCS1160,2017,30110.0,256694
256696,VCS1163,2017,105112.0,256697
256701,VCS1168,2017,213975.0,256702
256707,VCS1174,2017,23058.0,256708
256714,VCS1181,2017,92879.0,256715
256716,VCS1183,2017,74231.0,256717
256718,VCS1185,2017,11003.0,256719
256719,VCS1186,2017,202993.0,256720
256720,VCS1187,2017,30174.0,256721
256721,VCS1188,2017,79674.0,256722
256722,VCS1189,2017,83439.0,256723
256723,VCS1190,2017,46287.0,256724
256724,VCS1191,2017,82162.0,256725
256727,VCS1194,2017,114157.0,256728
256728,VCS1195,2017,54188.0,256729
256729,VCS1196,2017,29556.0,256730
256730,VCS1197,2017,62121.0,256731
256731,VCS1198,2017,73086.0,256732
256732,VCS1199,2017,19996.0,256733
256733,VCS1200,2017,144402.0,256734
256734,VCS1201,2017,436324.0,256735
256735,VCS1202,2017,161628.0,256736
256736,VCS1203,2017,11290.0,256737
256737,VCS1204,2017,145987.0,256738
256738,VCS1205,2017,80092.0,256739
256739,VCS1206,2017,38874.0,256740
256740,VCS1207,2017,22871.0,256741
256742,VCS1209,2017,14000.0,256743
256743,VCS1210,2017,49951.0,256744
256744,VCS1211,2017,62765.0,256745
256747,VCS1214,2017,85561.0,256748
256749,VCS1216,2017,45809.0,256750
256750,VCS1217,2017,11435.0,256751
256751,VCS1218,2017,95643.0,256752
256754,VCS1221,2017,109369.0,256755
256758,VCS1225,2017,131497.0,256759
256764,VCS1231,2017,27047.0,256765
256765,VCS1232,2017,24237.0,256766
256766,VCS1233,2017,33077.0,256767
256769,VCS1236,2017,35544.0,256770
256771,VCS1238,2017,48865.0,256772
256774,VCS1241,2017,15059.0,256775
256775,VCS1242,2017,81738.0,256776
256780,VCS1247,2017,25002.0,256781
256781,VCS1248,2017,26064.0,256782
256782,VCS1249,2017,22248.0,256783
256783,VCS1250,2017,15749.0,256784
256787,VCS1254,2017,34325.0,256788
256790,VCS1257,2017,284168.0,256791
256791,VCS1258,2017,278312.0,256792
256819,VCS1286,2017,10970.0,256820
256822,VCS1289,2017,72876.0,256823
256829,VCS1297,2017,49536.0,256830
256832,VCS1300,2017,27761.0,256833
256833,VCS1301,2017,95248.0,256834
256840,VCS1308,2017,79235.0,256841
256842,VCS1310,2017,118842.0,256843
256847,VCS1315,2017,41498.0,256848
256849,VCS1317,2017,606.0,256850
256850,VCS1318,2017,123906.0,256851
256851,VCS1319,2017,34460.0,256852
256854,VCS1322,2017,68705.0,256855
256858,VCS1326,2017,199629.0,256859
256860,VCS1328,2017,50644.0,256861
256861,VCS1329,2017,96979.0,256862
256862,VCS1330,2017,22908.0,256863
256863,VCS1331,2017,15388.0,256864
256874,VCS1342,2017,23632.0,256875
256876,VCS1344,2017,59670.0,256877
256877,VCS1345,2017,245899.0,256878
256878,VCS1346,2017,77119.0,256879
256880,VCS1348,2017,62828.0,256881
256881,VCS1349,2017,58993.0,256882
256884,VCS1352,2017,84102.0,256885
256885,VCS1353,2017,435451.0,256886
256886,VCS1354,2017,32952.0,256887
256887,VCS1355,2017,6059.0,256888
256888,VCS1356,2017,386251.0,256889
256892,VCS1360,2017,542110.0,256893
256893,VCS1361,2017,4253.0,256894
256894,VCS1362,2017,51200.0,256895
256896,VCS1364,2017,17632.0,256897
256900,VCS1368,2017,31520.0,256901
256909,VCS1377,2017,11373.0,256910
256914,VCS1382,2017,2394725.0,256915
256918,VCS1386,2017,53361.0,256919
256921,VCS1389,2017,165543.0,256922
256922,VCS1390,2017,165613.0,256923
256923,VCS1391,2017,247447.0,256924
256924,VCS1392,2017,110681.0,256925
256927,VCS1395,2017,364162.0,256928
256928,VCS1396,2017,171414.0,256929
256931,VCS1399,2017,104646.0,256932
256932,VCS1400,2017,132264.0,256933
256935,VCS1403,2017,1315.0,256936
256936,VCS1404,2017,84879.0,256937
256938,VCS1406,2017,117760.0,256939
256939,VCS1407,2017,95689.0,256940
256940,VCS1408,2017,831453.0,256941
256945,VCS1413,2017,39024.0,256946
256948,VCS1416,2017,38208.0,256949
256950,VCS1418,2017,39776.0,256951
256951,VCS1419,2017,17535.0,256952
256955,VCS1423,2017,270615.0,256956
256959,VCS1427,2017,30294.0,256960
256967,VCS1436,2017,807.0,256968
256968,VCS1437,2017,27366.0,256969
256969,VCS1438,2017,21645.0,256970
256970,VCS1439,2017,25070.0,256971
256972,VCS1441,2017,26345.0,256973
256975,VCS1444,2017,82087.0,256976
256977,VCS1446,2017,352876.0,256978
256978,VCS1447,2017,396360.0,256979
256984,VCS1453,2017,44725.0,256985
256990,VCS1459,2017,28086.0,256991
256992,VCS1461,2017,224230.0,256993
256994,VCS1464,2017,388799.0,256995
256995,VCS1465,2017,97764.0,256996
257004,VCS1477,2017,4830311.0,257005
257006,VCS1479,2017,115458.0,257007
257007,VCS1480,2017,184641.0,257008
257008,VCS1481,2017,185691.0,257009
257009,VCS1482,2017,137557.0,257010
257010,VCS1483,2017,21827.0,257011
257012,VCS1485,2017,69276.0,257013
257020,VCS1495,2017,17082.0,257021
257022,VCS1497,2017,136515.0,257023
257024,VCS1499,2017,106916.0,257025
257025,VCS1500,2017,8968.0,257026
257031,VCS1506,2017,66051.0,257032
257043,VCS1519,2017,66834.0,257044
257044,VCS1520,2017,107746.0,257045
257045,VCS1521,2017,322223.0,257046
257046,VCS1522,2017,376967.0,257047
257047,VCS1523,2017,113618.0,257048
257053,VCS1529,2017,68800.0,257054
257054,VCS1530,2017,49206.0,257055
257055,VCS1532,2017,42935.0,257056
257058,VCS1535,2017,25983.0,257059
257061,VCS1538,2017,41338.0,257062
257062,VCS1539,2017,8128.0,257063
257063,VCS1541,2017,226613.0,257064
257064,VCS1542,2017,55335.0,257065
257065,VCS1543,2017,63095.0,257066
257068,VCS1546,2017,58339.0,257069
257069,VCS1547,2017,19887.0,257070
257071,VCS1549,2017,23825.0,257072
257075,VCS1553,2017,61922.0,257076
257079,VCS1559,2017,84899.0,257080
257080,VCS1560,2017,357254.0,257081
257085,VCS1566,2017,6404775.0,257086
257086,VCS1567,2017,54553.0,257087
257088,VCS1569,2017,49643.0,257089
257089,VCS1570,2017,85412.0,257090
257090,VCS1571,2017,257301.0,257091
257091,VCS1572,2017,68395.0,257092
257092,VCS1574,2017,101518.0,257093
257093,VCS1577,2017,56971.0,257094
257095,VCS1579,2017,24440.0,257096
257096,VCS1580,2017,724492.0,257097
257097,VCS1582,2017,199604.0,257098
257100,VCS1587,2017,82339.0,257101
257102,VCS1622,2017,869942.0,257103
257103,VCS1623,2017,6738.0,257104
257106,VCS1644,2017,128596.0,257107
257107,VCS1650,2017,1804031.0,257108
257108,VCS1651,2017,16926.0,257109
257110,VCS1654,2017,25773.0,257111
257115,VCS1660,2017,52421.0,257116
257118,VCS1663,2017,29239.0,257119
257122,VCS1667,2017,102957.0,257123
257123,VCS1669,2017,144200.0,257124
257124,VCS1670,2017,99704.0,257125
257125,VCS1671,2017,124497.0,257126
257127,VCS1673,2017,8287.0,257128
257129,VCS1675,2017,4125.0,257130
257133,VCS1679,2017,63868.0,257134
257136,VCS1682,2017,3692.0,257137
257139,VCS1685,2017,36830.0,257140
257140,VCS1686,2017,296775.0,257141
257142,VCS1689,2017,129082.0,257143
257144,VCS1691,2017,11209.0,257145
257145,VCS1692,2017,8687.0,257146
257157,VCS1706,2017,3754.0,257158
257159,VCS1709,2017,75294.0,257160
257161,VCS1712,2017,10800.0,257162
257162,VCS1715,2017,126040.0,257163
257163,VCS1716,2017,9109.0,257164
257164,VCS1718,2017,113243.0,257165
257165,VCS1719,2017,5417.0,257166
257166,VCS1720,2017,27337.0,257167
257167,VCS1721,2017,34026.0,257168
257170,VCS1728,2017,844411.0,257171
257173,VCS1732,2017,83198.0,257174
257174,VCS1733,2017,80512.0,257175
257175,VCS1734,2017,5095.0,257176
257176,VCS1735,2017,60305.0,257177
257177,VCS1736,2017,203481.0,257178
257179,VCS1739,2017,14189.0,257180
257180,VCS1740,2017,50519.0,257181
257181,VCS1741,2017,17020.0,257182
257182,VCS1742,2017,3648031.0,257183
257185,VCS1745,2017,74039.0,257186
257186,VCS1746,2017,202894.0,257187
257187,VCS1748,2017,3982378.0,257188
257191,VCS1753,2017,343762.0,257192
257193,VCS1758,2017,64698.0,257194
257194,VCS1759,2017,36165.0,257195
257196,VCS1762,2017,52938.0,257197
257200,VCS1767,2017,259979.0,257201
257201,VCS1768,2017,374893.0,257202
257202,VCS1769,2017,3891.0,257203
257203,VCS1770,2017,144776.0,257204
257204,VCS1771,2017,136644.0,257205
257205,VCS1772,2017,547267.0,257206
257206,VCS1774,2017,22633.0,257207
257207,VCS1775,2017,1089501.0,257208
257208,VCS1776,2017,79951.0,257209
257210,VCS1781,2017,21473.0,257211
257211,VCS1782,2017,177334.0,257212
257212,VCS1783,2017,126560.0,257213
257213,VCS1784,2017,33067.0,257214
257215,VCS1787,2017,81128.0,257216
257216,VCS1788,2017,115302.0,257217
257217,VCS1789,2017,64100.0,257218
257218,VCS1790,2017,139767.0,257219
257219,VCS1791,2017,30975.0,257220
257220,VCS1792,2017,567062.0,257221
257221,VCS1793,2017,191352.0,257222
257224,VCS1797,2017,55786.0,257225
257229,VCS1803,2017,2094.0,257230
257230,VCS1804,2017,44820.0,257231
257231,VCS1805,2017,521071.0,257232
257232,VCS1806,2017,63902.0,257233
257233,VCS1807,2017,13909.0,257234
257236,VCS1811,2017,308937.0,257237
257237,VCS1812,2017,528551.0,257238
257239,VCS1815,2017,36041.0,257240
257242,VCS1819,2017,20721.0,257243
257245,VCS1822,2017,26434.0,257246
257246,VCS1823,2017,48341.0,257247
257247,VCS1824,2017,115077.0,257248
257253,VCS1830,2017,18933.0,257254
257254,VCS1831,2017,45980.0,257255
257262,VCS1841,2017,295409.0,257263
257268,VCS1847,2017,200083.0,257269
257272,VCS1851,2017,562006.0,257273
257274,VCS1853,2017,23374.0,257275
257277,VCS1856,2017,103868.0,257278
257278,VCS1857,2017,511.0,257279
257279,VCS1859,2017,154366.0,257280
257280,VCS1860,2017,156144.0,257281
257282,VCS1862,2017,10716.0,257283
257283,VCS1863,2017,2633.0,257284
257287,VCS1867,2017,529532.0,257288
257295,VCS1877,2017,28913.0,257296
257299,VCS1882,2017,48143.0,257300
257300,VCS1883,2017,13377.0,257301
257302,VCS1885,2017,7145.0,257303
257305,VCS1888,2017,24510.0,257306
257306,VCS1890,2017,42648.0,257307
257309,VCS1893,2017,37601.0,257310
257313,VCS1898,2017,8976.0,257314
257314,VCS1899,2017,439999.0,257315
257315,VCS1900,2017,1516.0,257316
257318,VCS1903,2017,75999.0,257319
257330,VCS1915,2017,7923.0,257331
257333,VCS1918,2017,49128.0,257334
257335,VCS1920,2017,11166.0,257336
257343,VCS1930,2017,98080.0,257344
257344,VCS1931,2017,8169.0,257345
257346,VCS1934,2017,45607.0,257347
257347,VCS1935,2017,207298.0,257348
257350,VCS1939,2017,95407.0,257351
257351,VCS1940,2017,98259.0,257352
257352,VCS1941,2017,14487.0,257353
257354,VCS1943,2017,64544.0,257355
257355,VCS1944,2017,9612.0,257356
257358,VCS1947,2017,132873.0,257359
257360,VCS1949,2017,56026.0,257361
257361,VCS1950,2017,82365.0,257362
257364,VCS1953,2017,296489.0,257365
257369,VCS1959,2017,2387.0,257370
257391,VCS1981,2017,40685.0,257392
257400,VCS1990,2017,1271.0,257401
257436,VCS2026,2017,602767.0,257437
257448,VCS2038,2017,19.0,257449
257480,VCS2070,2017,165882.0,257481
257483,VCS2073,2017,115.0,257484
257489,VCS2082,2017,132329.0,257490
257490,VCS2083,2017,55372.0,257491
257493,VCS2087,2017,90047.0,257494
257498,VCS2092,2017,63727.0,257499
257500,VCS2094,2017,56798.0,257501
257501,VCS2095,2017,49418.0,257502
257503,VCS2097,2017,63722.0,257504
257504,VCS2098,2017,274090.0,257505
257505,VCS2099,2017,103594.0,257506
257514,VCS2242,2017,67172.0,257515
257515,VCS2243,2017,39311.0,257516
257516,VCS2244,2017,92898.0,257517
257520,VCS2248,2017,103922.0,257521
257521,VCS2249,2017,53747.0,257522
257522,VCS2250,2017,116871.0,257523
257524,VCS2252,2017,1422367.0,257525
257527,VCS2260,2017,66633.0,257528
257532,VCS2290,2017,16594.0,257533
257538,VCS2297,2017,1171271.0,257539
257551,VCS2310,2017,66576.0,257552
257558,VCS2317,2017,2759.0,257559
257564,VCS2323,2017,24894.0,257565
257566,VCS2326,2017,117475.0,257567
257567,VCS2327,2017,106312.0,257568
257572,VCS2334,2017,1832.0,257573
257598,VCS2361,2017,40380.0,257599
257603,VCS2367,2017,14001.0,257604
257605,VCS2370,2017,35940.0,257606
257610,VCS2375,2017,4691.0,257611
257613,VCS2378,2017,24793.0,257614
257614,VCS2379,2017,81482.0,257615
257622,VCS2387,2017,36301.0,257623
257626,VCS2391,2017,21845.0,257627
257628,VCS2393,2017,5066.0,257629
257636,VCS2401,2017,14975.0,257637
257640,VCS2405,2017,61800.0,257641
257645,VCS2410,2017,17109.0,257646
257647,VCS2412,2017,2197.0,257648
257649,VCS2414,2017,43711.0,257650
257650,VCS2415,2017,9627.0,257651
257651,VCS2416,2017,11510.0,257652
257652,VCS2417,2017,12130.0,257653
257653,VCS2418,2017,12714.0,257654
257656,VCS2422,2017,11753.0,257657
257657,VCS2423,2017,11491.0,257658
257658,VCS2424,2017,11511.0,257659
257659,VCS2425,2017,11947.0,257660
257660,VCS2426,2017,11914.0,257661
257661,VCS2427,2017,10371.0,257662
257662,VCS2428,2017,12175.0,257663
257663,VCS2429,2017,11552.0,257664
257664,VCS2430,2017,12107.0,257665
257666,VCS2432,2017,4227.0,257667
257669,VCS2435,2017,10042.0,257670
257670,VCS2436,2017,11518.0,257671
257671,VCS2437,2017,11216.0,257672
257672,VCS2438,2017,10638.0,257673
257673,VCS2439,2017,11636.0,257674
257674,VCS2440,2017,11896.0,257675
257675,VCS2441,2017,11877.0,257676
257676,VCS2442,2017,11400.0,257677
257677,VCS2443,2017,11507.0,257678
257678,VCS2444,2017,11662.0,257679
257680,VCS2446,2017,11730.0,257681
257681,VCS2447,2017,11923.0,257682
257682,VCS2448,2017,11605.0,257683
257685,VCS2451,2017,37056.0,257686
257689,VCS2458,2017,575362.0,257690
257695,VCS2465,2017,68663.0,257696
257701,VCS2471,2017,334.0,257702
257709,VCS2481,2017,10263.0,257710
257724,VCS2497,2017,29473.0,257725
257725,VCS2498,2017,82455.0,257726
257729,VCS2502,2017,979534.0,257730
257737,VCS2510,2017,170837.0,257738
257739,VCS2512,2017,5772.0,257740
257756,VCS2532,2017,27364.0,257757
257762,VCS2538,2017,20235.0,257763
257774,VCS2556,2017,22262.0,257775
257776,VCS2558,2017,2714.0,257777
257779,VCS2565,2017,4459.0,257780
257780,VCS2566,2017,40850.0,257781
257788,VCS2576,2017,16929.0,257789
257807,VCS2599,2017,1916.0,257808
257813,VCS2606,2017,69450.0,257814
257816,VCS2609,2017,383619.0,257817
257817,VCS2610,2017,2040.0,257818
257823,VCS2616,2017,87395.0,257824
257829,VCS2623,2017,11789.0,257830
257847,VCS2647,2017,3069.0,257848
257851,VCS2652,2017,2296.0,257852
257874,VCS2679,2017,39397.0,257875
257875,VCS2680,2017,37769.0,257876
257910,VCS2716,2017,74491.0,257911
257937,VCS2745,2017,554.0,257938
257939,VCS2748,2017,236725.0,257940
257941,VCS2750,2017,59.0,257942
258017,VCS2830,2017,257711.0,258018
258019,VCS2833,2017,1384.0,258020
258021,VCS2835,2017,1482.0,258022
258038,VCS2852,2017,41855.0,258039
258275,VCS3115,2017,7831.0,258276
258492,VCS3342,2017,6885.0,258493
258498,VCS3350,2017,4665.0,258499
259020,VCS3937,2017,500.0,259021
260831,VCSOPR10,2017,78497.0,260832
260842,ACR0114,2018,307508.0,260843
260897,ACR0173,2018,1941.0,260898
260905,ACR0182,2018,8850.0,260906
260910,ACR0188,2018,2565.0,260911
260911,ACR0189,2018,5706.0,260912
260912,ACR0190,2018,24535.0,260913
260913,ACR0191,2018,112457.0,260914
260914,ACR0192,2018,5821.0,260915
260919,ACR0199,2018,70447.0,260920
260920,ACR0200,2018,9746.0,260921
260921,ACR0202,2018,21278.0,260922
260929,ACR0210,2018,26876.0,260930
260930,ACR0211,2018,76515.0,260931
260931,ACR0212,2018,672181.0,260932
260935,ACR0222,2018,16244.0,260936
260936,ACR0223,2018,41447.0,260937
260937,ACR0224,2018,82614.0,260938
260939,ACR0226,2018,225935.0,260940
260944,ACR0232,2018,53275.0,260945
260945,ACR0233,2018,57195.0,260946
260946,ACR0234,2018,15864.0,260947
260947,ACR0235,2018,6257.0,260948
260950,ACR0238,2018,16178.0,260951
260951,ACR0239,2018,7390.0,260952
260953,ACR0241,2018,13636.0,260954
260954,ACR0242,2018,22118.0,260955
260959,ACR0247,2018,8189.0,260960
260960,ACR0248,2018,111204.0,260961
260961,ACR0249,2018,185632.0,260962
260967,ACR0255,2018,16179.0,260968
260968,ACR0256,2018,12842.0,260969
260969,ACR0257,2018,2845.0,260970
260971,ACR0259,2018,5491.0,260972
260972,ACR0260,2018,111061.0,260973
260974,ACR0262,2018,53520.0,260975
260977,ACR0265,2018,10582.0,260978
260978,ACR0266,2018,210635.0,260979
260979,ACR0267,2018,83828.0,260980
260980,ACR0268,2018,813211.0,260981
260981,ACR0269,2018,548909.0,260982
260985,ACR0273,2018,223360.0,260986
260986,ACR0274,2018,97806.0,260987
260988,ACR0276,2018,4356.0,260989
260991,ACR0279,2018,43671.0,260992
260992,ACR0280,2018,19042.0,260993
260993,ACR0281,2018,3853.0,260994
260994,ACR0282,2018,70531.0,260995
260996,ACR0284,2018,15721.0,260997
260999,ACR0287,2018,243527.0,261000
261000,ACR0288,2018,1506.0,261001
261013,ACR0303,2018,159711.0,261014
261023,ACR0313,2018,15347.0,261024
261027,ACR0322,2018,9196.0,261028
261028,ACR0323,2018,15226.0,261029
261029,ACR0324,2018,329350.0,261030
261033,ACR0349,2018,24674.0,261034
261039,ACR0355,2018,7495.0,261040
261044,ACR0360,2018,261368.0,261045
261045,ACR0361,2018,1956370.0,261046
261050,ACR0367,2018,189550.0,261051
261051,ACR0368,2018,60390.0,261052
261054,ACR0371,2018,10442.0,261055
261056,ACR0373,2018,28045.0,261057
261057,ACR0374,2018,148572.0,261058
261058,ACR0375,2018,47996.0,261059
261059,ACR0376,2018,289199.0,261060
261060,ACR0377,2018,2093.0,261061
261061,ACR0378,2018,2873.0,261062
261064,ACR0382,2018,12439.0,261065
261067,ACR0386,2018,74774.0,261068
261069,ACR0388,2018,195079.0,261070
261070,ACR0389,2018,533964.0,261071
261071,ACR0390,2018,17208.0,261072
261073,ACR0393,2018,142237.0,261074
261074,ACR0394,2018,7734.0,261075
261077,ACR0398,2018,35276.0,261078
261079,ACR0401,2018,137262.0,261080
261081,ACR0403,2018,59904.0,261082
261082,ACR0404,2018,118326.0,261083
261086,ACR0410,2018,14314.0,261087
261087,ACR0411,2018,36604.0,261088
261091,ACR0417,2018,695969.0,261092
261093,ACR0419,2018,132126.0,261094
261094,ACR0420,2018,2153385.0,261095
261095,ACR0422,2018,11139.0,261096
261096,ACR0423,2018,23112.0,261097
261097,ACR0424,2018,13364.0,261098
261099,ACR0426,2018,140145.0,261100
261100,ACR0427,2018,1020684.0,261101
261102,ACR0429,2018,141087.0,261103
261104,ACR0431,2018,52322.0,261105
261105,ACR0432,2018,21967.0,261106
261106,ACR0433,2018,148592.0,261107
261107,ACR0435,2018,105029.0,261108
261108,ACR0436,2018,96146.0,261109
261113,ACR0441,2018,147165.0,261114
261120,ACR0448,2018,85790.0,261121
261121,ACR0449,2018,110988.0,261122
261125,ACR0455,2018,520153.0,261126
261129,ACR0459,2018,36631.0,261130
261149,ACR0481,2018,371461.0,261150
261151,ACR0483,2018,34662.0,261152
261154,ACR0487,2018,66579.0,261155
261163,ACR0499,2018,55962.0,261164
261166,ACR0502,2018,26208.0,261167
261170,ACR0507,2018,2758.0,261171
261171,ACR0508,2018,35282.0,261172
261172,ACR0509,2018,50871.0,261173
261176,ACR0516,2018,130336.0,261177
261178,ACR0518,2018,16782.0,261179
261188,ACR0530,2018,52251.0,261189
261189,ACR0531,2018,37043.0,261190
261226,ACR0573,2018,7167.0,261227
261830,ART0101,2018,159173.0,261831
261831,ART0102,2018,7252244.0,261832
261867,CAR400,2018,199888.0,261868
261870,CAR406,2018,48719.0,261871
261875,CAR416,2018,15883.0,261876
261878,CAR422,2018,53049.0,261879
261884,CAR432,2018,15808.0,261885
261886,CAR435,2018,91420.0,261887
261887,CAR436,2018,42576.0,261888
261892,CAR443,2018,54046.0,261893
261893,CAR444,2018,86433.0,261894
261908,CAR465,2018,25864.0,261909
261914,CAR473,2018,99403.0,261915
261916,CAR475,2018,121260.0,261917
261931,CAR491,2018,36913.0,261932
261932,CAR495,2018,18200.0,261933
261934,CAR497,2018,9470.0,261935
261935,CAR498,2018,137746.0,261936
261950,CAR521,2018,42545.0,261951
261952,CAR531,2018,17412.0,261953
261957,CAR545,2018,227508.0,261958
261965,CAR575,2018,1069.0,261966
261974,CAR592,2018,28771.0,261975
261975,CAR593,2018,50764.0,261976
261987,CAR621,2018,107690.0,261988
261993,CAR635,2018,117426.0,261994
261994,CAR639,2018,695030.0,261995
261997,CAR646,2018,6921.0,261998
262002,CAR659,2018,11540.0,262003
262005,CAR672,2018,2065.0,262006
262006,CAR674,2018,140990.0,262007
262007,CAR676,2018,1021.0,262008
262009,CAR683,2018,9147.0,262010
262011,CAR688,2018,4655.0,262012
262013,CAR694,2018,1748.0,262014
262022,CAR768,2018,89868.0,262023
262024,CAR772,2018,12312.0,262025
262033,CAR785,2018,25646.0,262034
262035,CAR790,2018,85883.0,262036
262042,CAR802,2018,4942.0,262043
262046,CAR807,2018,21075.0,262047
262047,CAR811,2018,74128.0,262048
262052,CAR817,2018,32071.0,262053
262054,CAR822,2018,4479.0,262055
262058,CAR829,2018,22838.0,262059
262065,CAR838,2018,51132.0,262066
262068,CAR844,2018,12204.0,262069
262070,CAR866,2018,22672.0,262071
262073,CAR880,2018,27599.0,262074
262074,CAR881,2018,33330.0,262075
262077,CAR886,2018,3231.0,262078
262078,CAR887,2018,48436.0,262079
262079,CAR888,2018,31500.0,262080
262081,CAR892,2018,63205.0,262082
262086,CAR911,2018,23472.0,262087
262087,CAR917,2018,33043.0,262088
262091,CAR935,2018,2399.0,262092
262105,CAR965,2018,11991.0,262106
262106,CAR969,2018,26920.0,262107
262108,CAR973,2018,170062.0,262109
262115,CAR982,2018,6845.0,262116
262116,CAR988,2018,11869.0,262117
262117,CAR989,2018,9146.0,262118
262120,CAR993,2018,8699.0,262121
262123,CAR996,2018,19568.0,262124
262125,CAR998,2018,7683.0,262126
262128,CAR1002,2018,3715.0,262129
262133,CAR1008,2018,14823.0,262134
262138,CAR1013,2018,95801.0,262139
262140,CAR1015,2018,7287.0,262141
262143,CAR1019,2018,12267.0,262144
262145,CAR1022,2018,33297.0,262146
262149,CAR1027,2018,144544.0,262150
262153,CAR1033,2018,5186.0,262154
262154,CAR1035,2018,15697.0,262155
262155,CAR1036,2018,16761.0,262156
262163,CAR1050,2018,22425.0,262164
262165,CAR1055,2018,10392.0,262166
262166,CAR1056,2018,6045.0,262167
262167,CAR1057,2018,7463.0,262168
262168,CAR1058,2018,13253.0,262169
262170,CAR1062,2018,3399.0,262171
262171,CAR1063,2018,6265.0,262172
262178,CAR1070,2018,86294.0,262179
262183,CAR1076,2018,13633.0,262184
262185,CAR1078,2018,18887.0,262186
262187,CAR1081,2018,32105.0,262188
262189,CAR1083,2018,17761.0,262190
262192,CAR1086,2018,13386.0,262193
262194,CAR1088,2018,19973.0,262195
262201,CAR1095,2018,66289.0,262202
262202,CAR1096,2018,11052.0,262203
262203,CAR1097,2018,5277.0,262204
262204,CAR1098,2018,140308.0,262205
262205,CAR1099,2018,77637.0,262206
262206,CAR1100,2018,66028.0,262207
262208,CAR1102,2018,3404.0,262209
262209,CAR1103,2018,15050.0,262210
262210,CAR1104,2018,14102.0,262211
262211,CAR1105,2018,283656.0,262212
262212,CAR1106,2018,19940.0,262213
262213,CAR1108,2018,19362.0,262214
262214,CAR1109,2018,42846.0,262215
262225,CAR1120,2018,52589.0,262226
262227,CAR1122,2018,12622.0,262228
262228,CAR1123,2018,15002.0,262229
262229,CAR1124,2018,16220.0,262230
262233,CAR1128,2018,9600.0,262234
262235,CAR1130,2018,9129.0,262236
262236,CAR1132,2018,8358.0,262237
262237,CAR1133,2018,4928.0,262238
262239,CAR1135,2018,16872.0,262240
262240,CAR1136,2018,45371.0,262241
262242,CAR1138,2018,29482.0,262243
262243,CAR1139,2018,202762.0,262244
262244,CAR1140,2018,76068.0,262245
262245,CAR1141,2018,5212.0,262246
262246,CAR1142,2018,2520.0,262247
262247,CAR1143,2018,15998.0,262248
262251,CAR1147,2018,34950.0,262252
262252,CAR1151,2018,10150.0,262253
262253,CAR1152,2018,11450.0,262254
262254,CAR1153,2018,13189.0,262255
262255,CAR1154,2018,9087.0,262256
262256,CAR1155,2018,23428.0,262257
262257,CAR1156,2018,685.0,262258
262260,CAR1159,2018,23660.0,262261
262261,CAR1160,2018,11180.0,262262
262262,CAR1161,2018,832.0,262263
262263,CAR1162,2018,1045.0,262264
262270,CAR1169,2018,67489.0,262271
262273,CAR1173,2018,7069.0,262274
262274,CAR1174,2018,4783.0,262275
262275,CAR1175,2018,117818.0,262276
262278,CAR1178,2018,21275.0,262279
262280,CAR1180,2018,41253.0,262281
262283,CAR1183,2018,82292.0,262284
262284,CAR1184,2018,2289.0,262285
262290,CAR1190,2018,18904.0,262291
262291,CAR1191,2018,54474.0,262292
262296,CAR1197,2018,89273.0,262297
262302,CAR1204,2018,1665.0,262303
262303,CAR1205,2018,2389712.0,262304
262304,CAR1206,2018,260576.0,262305
262306,CAR1208,2018,57896.0,262307
262307,CAR1209,2018,16976.0,262308
262311,CAR1213,2018,21450.0,262312
262313,CAR1215,2018,93408.0,262314
262315,CAR1217,2018,23154.0,262316
262319,CAR1232,2018,7280.0,262320
262324,CAR1237,2018,1887.0,262325
262325,CAR1238,2018,6178.0,262326
262333,CAR1246,2018,11920.0,262334
262334,CAR1247,2018,11848.0,262335
262340,CAR1253,2018,13090.0,262341
262342,CAR1257,2018,1586877.0,262343
262344,CAR1259,2018,4719.0,262345
262345,CAR1260,2018,1624.0,262346
262346,CAR1261,2018,9512.0,262347
262347,CAR1262,2018,6192.0,262348
262349,CAR1264,2018,6386504.0,262350
262350,CAR1265,2018,40057.0,262351
262362,CAR1279,2018,56727.0,262363
262363,CAR1280,2018,71572.0,262364
262365,CAR1282,2018,4076.0,262366
262366,CAR1283,2018,6519.0,262367
262367,CAR1284,2018,4830.0,262368
262368,CAR1285,2018,6810.0,262369
262371,CAR1288,2018,27942.0,262372
262372,CAR1289,2018,8330.0,262373
262373,CAR1290,2018,119844.0,262374
262378,CAR1295,2018,97831.0,262379
262379,CAR1296,2018,110290.0,262380
262382,CAR1299,2018,2070.0,262383
262383,CAR1300,2018,123703.0,262384
262384,CAR1301,2018,50473.0,262385
262385,CAR1302,2018,58745.0,262386
262386,CAR1303,2018,102700.0,262387
262387,CAR1305,2018,159218.0,262388
262388,CAR1306,2018,3485.0,262389
262389,CAR1308,2018,60855.0,262390
262390,CAR1309,2018,97696.0,262391
262391,CAR1310,2018,140146.0,262392
262392,CAR1311,2018,128012.0,262393
262393,CAR1312,2018,93703.0,262394
262394,CAR1313,2018,370976.0,262395
262399,CAR1318,2018,138241.0,262400
262404,CAR1325,2018,632.0,262405
262405,CAR1326,2018,56139.0,262406
262407,CAR1328,2018,105.0,262408
262412,CAR1333,2018,1811.0,262413
262421,CAR1344,2018,4025.0,262422
262422,CAR1345,2018,579.0,262423
262423,CAR1347,2018,1570.0,262424
262424,CAR1348,2018,486.0,262425
262425,CAR1350,2018,428.0,262426
262426,CAR1351,2018,237.0,262427
262427,CAR1352,2018,1217.0,262428
262428,CAR1353,2018,330.0,262429
262429,CAR1354,2018,1088.0,262430
262430,CAR1355,2018,374.0,262431
262431,CAR1356,2018,357.0,262432
262432,CAR1357,2018,539.0,262433
262433,CAR1358,2018,253.0,262434
262434,CAR1359,2018,286.0,262435
262435,CAR1360,2018,376.0,262436
262436,CAR1361,2018,680.0,262437
262437,CAR1362,2018,988.0,262438
262438,CAR1363,2018,752.0,262439
262439,CAR1364,2018,228.0,262440
262441,CAR1366,2018,230.0,262442
262444,CAR1372,2018,62442.0,262445
262447,CAR1375,2018,749.0,262448
262458,CAR1387,2018,7390.0,262459
262459,CAR1388,2018,9322.0,262460
262462,CAR1392,2018,752.0,262463
262464,CAR1396,2018,3214.0,262465
262483,CAR1428,2018,1387.0,262484
262509,CAR1459,2018,6561.0,262510
262935,CAR2047,2018,545.0,262936
263150,GS352,2018,108280.0,263151
263153,GS367,2018,122056.0,263154
263160,GS390,2018,71827.0,263161
263162,GS395,2018,27226.0,263163
263163,GS397,2018,144201.0,263164
263164,GS398,2018,234678.0,263165
263168,GS407,2018,551711.0,263169
263169,GS410,2018,11616.0,263170
263170,GS411,2018,11029.0,263171
263177,GS423,2018,1984.0,263178
263182,GS439,2018,11645.0,263183
263184,GS441,2018,41518.0,263185
263185,GS445,2018,29620.0,263186
263186,GS447,2018,764535.0,263187
263194,GS464,2018,312511.0,263195
263197,GS472,2018,203532.0,263198
263198,GS474,2018,203195.0,263199
263204,GS500,2018,52102.0,263205
263206,GS504,2018,87307.0,263207
263219,GS560,2018,21921.0,263220
263222,GS566,2018,32886.0,263223
263223,GS567,2018,121763.0,263224
263235,GS601,2018,37992.0,263236
263236,GS605,2018,148137.0,263237
263238,GS608,2018,216577.0,263239
263241,GS612,2018,77571.0,263242
263244,GS615,2018,1696.0,263245
263246,GS617,2018,147671.0,263247
263253,GS633,2018,998.0,263254
263270,GS666,2018,21343.0,263271
263271,GS670,2018,50320.0,263272
263273,GS672,2018,77841.0,263274
263276,GS683,2018,19275.0,263277
263277,GS685,2018,74590.0,263278
263284,GS702,2018,11605.0,263285
263290,GS716,2018,5713.0,263291
263296,GS733,2018,54247.0,263297
263300,GS744,2018,117354.0,263301
263301,GS745,2018,13723.0,263302
263302,GS746,2018,8693.0,263303
263303,GS748,2018,2108.0,263304
263305,GS750,2018,58921.0,263306
263306,GS751,2018,103000.0,263307
263307,GS753,2018,33213.0,263308
263310,GS764,2018,3135.0,263311
263311,GS765,2018,29868.0,263312
263312,GS768,2018,31904.0,263313
263313,GS769,2018,176391.0,263314
263334,GS813,2018,2211.0,263335
263336,GS816,2018,66382.0,263337
263337,GS817,2018,3245.0,263338
263343,GS828,2018,83102.0,263344
263345,GS832,2018,4510.0,263346
263347,GS835,2018,10282.0,263348
263349,GS840,2018,5729.0,263350
263356,GS849,2018,12690.0,263357
263359,GS854,2018,10403.0,263360
263360,GS858,2018,1590.0,263361
263376,GS879,2018,130673.0,263377
263386,GS905,2018,190234.0,263387
263387,GS906,2018,6157.0,263388
263391,GS913,2018,28522.0,263392
263395,GS922,2018,8024.0,263396
263403,GS935,2018,27817.0,263404
263405,GS939,2018,3458.0,263406
263407,GS947,2018,45485.0,263408
263409,GS950,2018,73072.0,263410
263420,GS971,2018,244832.0,263421
263423,GS976,2018,3935.0,263424
263427,GS980,2018,7974.0,263428
263437,GS997,2018,5879.0,263438
263440,GS1001,2018,149810.0,263441
263443,GS1006,2018,114.0,263444
263448,GS1015,2018,23142.0,263449
263450,GS1017,2018,27182.0,263451
263451,GS1018,2018,23628.0,263452
263452,GS1020,2018,80651.0,263453
263453,GS1021,2018,38806.0,263454
263460,GS1028,2018,6448.0,263461
263465,GS1033,2018,4459.0,263466
263466,GS1034,2018,46971.0,263467
263472,GS1041,2018,90130.0,263473
263473,GS1042,2018,56842.0,263474
263478,GS1049,2018,95298.0,263479
263480,GS1054,2018,32108.0,263481
263481,GS1055,2018,24000.0,263482
263483,GS1059,2018,1420.0,263484
263484,GS1060,2018,44857.0,263485
263489,GS1067,2018,57943.0,263490
263494,GS1074,2018,19707.0,263495
263497,GS1078,2018,41913.0,263498
263503,GS1091,2018,76202.0,263504
263506,GS1094,2018,4714.0,263507
263507,GS1095,2018,4559.0,263508
263508,GS1096,2018,4608.0,263509
263509,GS1097,2018,4499.0,263510
263510,GS1098,2018,2673.0,263511
263511,GS1100,2018,2646.0,263512
263512,GS1101,2018,3479.0,263513
263514,GS1103,2018,3518.0,263515
263515,GS1104,2018,3121.0,263516
263523,GS1117,2018,31793.0,263524
263526,GS1124,2018,7258.0,263527
263528,GS1128,2018,42432.0,263529
263529,GS1134,2018,53606.0,263530
263536,GS1146,2018,8098.0,263537
263537,GS1147,2018,1364.0,263538
263540,GS1162,2018,6487.0,263541
263547,GS1173,2018,12608.0,263548
263548,GS1174,2018,45994.0,263549
263550,GS1178,2018,30772.0,263551
263557,GS1190,2018,102941.0,263558
263558,GS1191,2018,3152.0,263559
263563,GS1199,2018,9190.0,263564
263571,GS1207,2018,29709.0,263572
263572,GS1208,2018,24684.0,263573
263575,GS1221,2018,2374.0,263576
263577,GS1223,2018,3865.0,263578
263581,GS1228,2018,32915.0,263582
263582,GS1229,2018,2314.0,263583
263583,GS1230,2018,15205.0,263584
263588,GS1237,2018,73721.0,263589
263595,GS1244,2018,8904.0,263596
263598,GS1248,2018,4885.0,263599
263599,GS1249,2018,872.0,263600
263601,GS1253,2018,36476.0,263602
263604,GS1267,2018,9782.0,263605
263607,GS1286,2018,62799.0,263608
263608,GS1288,2018,2113.0,263609
263612,GS1294,2018,10000.0,263613
263613,GS1295,2018,1199.0,263614
263614,GS1296,2018,10000.0,263615
263619,GS1303,2018,40676.0,263620
263620,GS1304,2018,350.0,263621
263621,GS1306,2018,10772.0,263622
263635,GS1321,2018,136118.0,263636
263636,GS1322,2018,112495.0,263637
263642,GS1330,2018,6734.0,263643
263643,GS1332,2018,10086.0,263644
263645,GS1334,2018,4808.0,263646
263654,GS1347,2018,45160.0,263655
263656,GS1350,2018,71699.0,263657
263658,GS1352,2018,7218.0,263659
263659,GS1353,2018,5891.0,263660
263662,GS1359,2018,10000.0,263663
263664,GS1363,2018,14172.0,263665
263665,GS1364,2018,67439.0,263666
263668,GS1367,2018,11036.0,263669
263677,GS1378,2018,4800.0,263678
263679,GS1382,2018,28967.0,263680
263680,GS1383,2018,25118.0,263681
263685,GS1588,2018,88890.0,263686
263690,GS1693,2018,9720.0,263691
263691,GS1694,2018,9720.0,263692
263692,GS1695,2018,9720.0,263693
263693,GS1696,2018,9720.0,263694
263694,GS1697,2018,9720.0,263695
263695,GS1698,2018,9720.0,263696
263696,GS1699,2018,9720.0,263697
263697,GS1700,2018,9720.0,263698
263698,GS1701,2018,9720.0,263699
263699,GS1702,2018,9325.0,263700
263700,GS1703,2018,9325.0,263701
263701,GS1704,2018,9325.0,263702
263702,GS1705,2018,9325.0,263703
263703,GS1706,2018,9325.0,263704
263704,GS1707,2018,9325.0,263705
263705,GS1708,2018,9325.0,263706
263706,GS1709,2018,9325.0,263707
263707,GS1710,2018,9325.0,263708
263708,GS1711,2018,9325.0,263709
263709,GS1712,2018,9325.0,263710
263710,GS1713,2018,9325.0,263711
263711,GS1714,2018,9325.0,263712
263712,GS1715,2018,9325.0,263713
263713,GS1716,2018,9325.0,263714
263714,GS1717,2018,9325.0,263715
263715,GS1718,2018,9325.0,263716
263716,GS1719,2018,9325.0,263717
263717,GS1720,2018,9325.0,263718
263718,GS1721,2018,9325.0,263719
263719,GS1722,2018,9325.0,263720
263720,GS1723,2018,9325.0,263721
263721,GS1724,2018,9325.0,263722
263722,GS1725,2018,9325.0,263723
263723,GS1726,2018,9325.0,263724
263724,GS1727,2018,9325.0,263725
263725,GS1728,2018,9325.0,263726
263727,GS1730,2018,9325.0,263728
263728,GS1731,2018,9325.0,263729
263729,GS1732,2018,9325.0,263730
263730,GS1733,2018,9325.0,263731
263731,GS1734,2018,9325.0,263732
263732,GS1735,2018,9325.0,263733
263733,GS1736,2018,9325.0,263734
263734,GS1737,2018,9325.0,263735
263735,GS1738,2018,9325.0,263736
263736,GS1739,2018,9720.0,263737
263737,GS1740,2018,9720.0,263738
263738,GS1741,2018,9720.0,263739
263739,GS1742,2018,9325.0,263740
263740,GS1743,2018,9325.0,263741
263741,GS1744,2018,8062.0,263742
263742,GS1745,2018,9402.0,263743
263746,GS1890,2018,95238.0,263747
263753,GS2094,2018,253747.0,263754
263754,GS2095,2018,50877.0,263755
263759,GS2290,2018,11945.0,263760
263761,GS2293,2018,32540.0,263762
263764,GS2296,2018,51312.0,263765
263765,GS2297,2018,400494.0,263766
263773,GS2397,2018,15351.0,263774
263787,GS2419,2018,98876.0,263788
263789,GS2421,2018,486.0,263790
263795,GS2429,2018,1180.0,263796
263800,GS2437,2018,5731.0,263801
263804,GS2441,2018,16359.0,263805
263806,GS2444,2018,35646.0,263807
263807,GS2445,2018,716.0,263808
263808,GS2446,2018,41072.0,263809
263809,GS2447,2018,48015.0,263810
263813,GS2456,2018,9485.0,263814
263814,GS2457,2018,12783.0,263815
263816,GS2460,2018,154593.0,263817
263818,GS2464,2018,16846.0,263819
263820,GS2468,2018,10667.0,263821
263823,GS2475,2018,58082.0,263824
263827,GS2479,2018,10000.0,263828
263828,GS2480,2018,10000.0,263829
263829,GS2481,2018,10000.0,263830
263831,GS2483,2018,117226.0,263832
263838,GS2490,2018,18845.0,263839
263842,GS2499,2018,122367.0,263843
263843,GS2500,2018,34668.0,263844
263844,GS2501,2018,47752.0,263845
263845,GS2502,2018,78196.0,263846
263846,GS2503,2018,75016.0,263847
263850,GS2510,2018,28610.0,263851
263857,GS2519,2018,43790.0,263858
263858,GS2520,2018,20573.0,263859
263860,GS2525,2018,324633.0,263861
263862,GS2528,2018,8167.0,263863
263869,GS2540,2018,7960.0,263870
263871,GS2542,2018,28439.0,263872
263872,GS2543,2018,49145.0,263873
263873,GS2544,2018,101431.0,263874
263874,GS2545,2018,92479.0,263875
263875,GS2546,2018,78532.0,263876
263880,GS2563,2018,5768.0,263881
263881,GS2564,2018,9677.0,263882
263883,GS2566,2018,9325.0,263884
263884,GS2567,2018,9325.0,263885
263885,GS2568,2018,9325.0,263886
263886,GS2569,2018,9325.0,263887
263887,GS2570,2018,9325.0,263888
263888,GS2571,2018,9325.0,263889
263889,GS2572,2018,9325.0,263890
263890,GS2573,2018,9325.0,263891
263891,GS2574,2018,9325.0,263892
263892,GS2575,2018,9325.0,263893
263893,GS2576,2018,9325.0,263894
263894,GS2577,2018,9720.0,263895
263895,GS2578,2018,9720.0,263896
263896,GS2579,2018,9325.0,263897
263897,GS2580,2018,9202.0,263898
263898,GS2581,2018,9325.0,263899
263899,GS2582,2018,9325.0,263900
263900,GS2583,2018,9339.0,263901
263901,GS2584,2018,9507.0,263902
263902,GS2585,2018,6917.0,263903
263909,GS2640,2018,49641.0,263910
263913,GS2644,2018,48384.0,263914
263920,GS2664,2018,52658.0,263921
263921,GS2665,2018,55758.0,263922
263929,GS2681,2018,20878.0,263930
263930,GS2682,2018,85887.0,263931
263939,GS2691,2018,78267.0,263940
263943,GS2707,2018,29464.0,263944
263954,GS2744,2018,8053.0,263955
263956,GS2750,2018,14157.0,263957
263957,GS2751,2018,21810.0,263958
263958,GS2758,2018,310032.0,263959
263959,GS2763,2018,126227.0,263960
263961,GS2765,2018,884.0,263962
263962,GS2766,2018,80364.0,263963
263966,GS2891,2018,8876.0,263967
263967,GS2892,2018,8948.0,263968
263968,GS2893,2018,8468.0,263969
263969,GS2894,2018,8791.0,263970
263971,GS2896,2018,10000.0,263972
263972,GS2898,2018,238056.0,263973
263975,GS2913,2018,5271.0,263976
263976,GS2940,2018,271711.0,263977
263977,GS2951,2018,600.0,263978
263979,GS3007,2018,1372.0,263980
263983,GS3015,2018,51435.0,263984
263986,GS3023,2018,1379.0,263987
263987,GS3024,2018,10000.0,263988
263993,GS3031,2018,1307.0,263994
263994,GS3039,2018,4456.0,263995
263995,GS3041,2018,34587.0,263996
263997,GS3072,2018,77448.0,263998
263998,GS3077,2018,29557.0,263999
264003,GS3105,2018,9973.0,264004
264004,GS3106,2018,9973.0,264005
264005,GS3107,2018,9973.0,264006
264006,GS3108,2018,9973.0,264007
264007,GS3109,2018,58062.0,264008
264010,GS3113,2018,58655.0,264011
264011,GS3114,2018,55717.0,264012
264013,GS3116,2018,54467.0,264014
264018,GS3253,2018,171895.0,264019
264022,GS3260,2018,4490.0,264023
264024,GS3262,2018,9619.0,264025
264026,GS3267,2018,5188.0,264027
264027,GS3305,2018,426.0,264028
264028,GS3306,2018,9967.0,264029
264030,GS3326,2018,12062.0,264031
264035,GS3343,2018,16779.0,264036
264042,GS3365,2018,6109.0,264043
264043,GS3366,2018,24542.0,264044
264044,GS3367,2018,31824.0,264045
264048,GS3372,2018,30531.0,264049
264052,GS3379,2018,65785.0,264053
264054,GS3381,2018,146.0,264055
264055,GS3404,2018,11450.0,264056
264056,GS3405,2018,5340.0,264057
264059,GS3410,2018,33843.0,264060
264063,GS3422,2018,10000.0,264064
264066,GS3429,2018,57632.0,264067
264067,GS3430,2018,9967.0,264068
264068,GS3431,2018,9984.0,264069
264069,GS3432,2018,9287.0,264070
264070,GS3433,2018,9967.0,264071
264071,GS3434,2018,214232.0,264072
264072,GS3443,2018,10000.0,264073
264073,GS3444,2018,8846.0,264074
264074,GS3445,2018,4776.0,264075
264075,GS3446,2018,8791.0,264076
264076,GS3447,2018,8918.0,264077
264077,GS3448,2018,8959.0,264078
264078,GS3449,2018,8630.0,264079
264079,GS3450,2018,8923.0,264080
264080,GS3451,2018,8810.0,264081
264081,GS3482,2018,8332.0,264082
264087,GS3493,2018,93492.0,264088
264089,GS3509,2018,10000.0,264090
264091,GS3511,2018,79729.0,264092
264092,GS3512,2018,70883.0,264093
264095,GS3515,2018,9252.0,264096
264096,GS3516,2018,9505.0,264097
264097,GS3517,2018,9195.0,264098
264098,GS3518,2018,9872.0,264099
264099,GS3519,2018,9433.0,264100
264100,GS3520,2018,9094.0,264101
264101,GS3521,2018,8636.0,264102
264102,GS3522,2018,8210.0,264103
264103,GS3523,2018,10000.0,264104
264104,GS3524,2018,10000.0,264105
264107,GS3544,2018,8724.0,264108
264108,GS3547,2018,94893.0,264109
264109,GS3551,2018,116375.0,264110
264113,GS3560,2018,9694.0,264114
264114,GS3561,2018,9973.0,264115
264115,GS3563,2018,10000.0,264116
264116,GS3564,2018,10000.0,264117
264118,GS3566,2018,54974.0,264119
264119,GS3567,2018,159519.0,264120
264121,GS3588,2018,9720.0,264122
264122,GS3589,2018,9325.0,264123
264123,GS3590,2018,9325.0,264124
264124,GS3591,2018,9325.0,264125
264125,GS3592,2018,9325.0,264126
264126,GS3593,2018,9325.0,264127
264127,GS3594,2018,9325.0,264128
264128,GS3595,2018,9325.0,264129
264129,GS3596,2018,8254.0,264130
264130,GS3597,2018,9345.0,264131
264131,GS3598,2018,9650.0,264132
264132,GS3599,2018,9325.0,264133
264133,GS3600,2018,9407.0,264134
264134,GS3601,2018,9572.0,264135
264136,GS3606,2018,8795.0,264137
264138,GS3618,2018,8363.0,264139
264139,GS3619,2018,8776.0,264140
264140,GS3620,2018,8538.0,264141
264141,GS3626,2018,3758.0,264142
264148,GS3705,2018,160920.0,264149
264154,GS3906,2018,12615.0,264155
264159,GS3945,2018,8935.0,264160
264161,GS3947,2018,8821.0,264162
264167,GS3958,2018,85466.0,264168
264170,GS3965,2018,42042.0,264171
264171,GS3966,2018,11484.0,264172
264172,GS3969,2018,195299.0,264173
264173,GS3971,2018,18479.0,264174
264176,GS3976,2018,368869.0,264177
264177,GS3992,2018,62980.0,264178
264179,GS4014,2018,7823.0,264180
264181,GS4036,2018,9672.0,264182
264187,GS4195,2018,22450.0,264188
264189,GS4202,2018,9980.0,264190
264190,GS4203,2018,9957.0,264191
264191,GS4205,2018,8462.0,264192
264194,GS4210,2018,12796.0,264195
264196,GS4220,2018,18879.0,264197
264197,GS4221,2018,180962.0,264198
264198,GS4233,2018,44033.0,264199
264199,GS4236,2018,21267.0,264200
264200,GS4238,2018,78957.0,264201
264202,GS4240,2018,4941.0,264203
264205,GS4259,2018,45693.0,264206
264206,GS4260,2018,10000.0,264207
264207,GS4261,2018,36616.0,264208
264208,GS4264,2018,103418.0,264209
264209,GS4265,2018,80563.0,264210
264211,GS4269,2018,14555.0,264212
264212,GS4270,2018,6157.0,264213
264213,GS4271,2018,10000.0,264214
264215,GS4273,2018,49024.0,264216
264216,GS4288,2018,18546.0,264217
264218,GS4290,2018,11551.0,264219
264219,GS4291,2018,37355.0,264220
264220,GS4296,2018,18456.0,264221
264221,GS4300,2018,27012.0,264222
264222,GS4364,2018,3962.0,264223
264225,GS4372,2018,3309.0,264226
264226,GS4373,2018,4207.0,264227
264227,GS4374,2018,2844.0,264228
264228,GS4375,2018,3308.0,264229
264229,GS4376,2018,2270.0,264230
264230,GS4377,2018,4354.0,264231
264231,GS4378,2018,3617.0,264232
264232,GS4379,2018,6054.0,264233
264233,GS4380,2018,3751.0,264234
264234,GS4381,2018,2977.0,264235
264235,GS4382,2018,4546.0,264236
264236,GS4383,2018,4183.0,264237
264237,GS4384,2018,2747.0,264238
264238,GS4385,2018,3672.0,264239
264239,GS4386,2018,7364.0,264240
264240,GS4387,2018,5152.0,264241
264241,GS4388,2018,5603.0,264242
264242,GS4389,2018,4630.0,264243
264243,GS4390,2018,597.0,264244
264244,GS4391,2018,5843.0,264245
264245,GS4392,2018,1621.0,264246
264246,GS4393,2018,3916.0,264247
264247,GS4394,2018,8724.0,264248
264248,GS4395,2018,5146.0,264249
264249,GS4396,2018,6368.0,264250
264250,GS4397,2018,8924.0,264251
264251,GS4398,2018,2001.0,264252
264252,GS4399,2018,283.0,264253
264253,GS4400,2018,9077.0,264254
264254,GS4401,2018,9104.0,264255
264255,GS4422,2018,849.0,264256
264256,GS4423,2018,849.0,264257
264258,GS4425,2018,152918.0,264259
264259,GS4426,2018,186142.0,264260
264265,GS4446,2018,17951.0,264266
264268,GS4518,2018,849.0,264269
264269,GS4519,2018,876.0,264270
264270,GS4530,2018,1369.0,264271
264271,GS4531,2018,46566.0,264272
264273,GS4533,2018,19129.0,264274
264276,GS4536,2018,1626.0,264277
264280,GS4546,2018,21150.0,264281
264281,GS4553,2018,10000.0,264282
264282,GS4557,2018,202616.0,264283
264287,GS4593,2018,2362.0,264288
264288,GS4596,2018,18763.0,264289
264291,GS4603,2018,110387.0,264292
264298,GS4634,2018,2200.0,264299
264301,GS4688,2018,6667.0,264302
264303,GS4702,2018,9700.0,264304
264304,GS4707,2018,71866.0,264305
264307,GS4797,2018,849.0,264308
264308,GS4798,2018,849.0,264309
264309,GS4799,2018,33968.0,264310
264310,GS4813,2018,119115.0,264311
264314,GS4822,2018,35143.0,264315
264315,GS4823,2018,3845.0,264316
264316,GS4824,2018,8273.0,264317
264321,GS4897,2018,10000.0,264322
264322,GS4898,2018,10000.0,264323
264323,GS4899,2018,9530.0,264324
264324,GS4900,2018,9860.0,264325
264325,GS4901,2018,10000.0,264326
264327,GS4906,2018,6657.0,264328
264328,GS4922,2018,14937.0,264329
264329,GS4962,2018,119432.0,264330
264334,GS5003,2018,67137.0,264335
264335,GS5007,2018,70336.0,264336
264338,GS5012,2018,9750.0,264339
264339,GS5013,2018,135738.0,264340
264344,GS5033,2018,10000.0,264345
264345,GS5034,2018,10000.0,264346
264346,GS5035,2018,10000.0,264347
264347,GS5036,2018,10000.0,264348
264349,GS5038,2018,10000.0,264350
264350,GS5039,2018,10000.0,264351
264351,GS5040,2018,10000.0,264352
264352,GS5041,2018,10000.0,264353
264353,GS5042,2018,10000.0,264354
264354,GS5043,2018,10000.0,264355
264355,GS5046,2018,37342.0,264356
264359,GS5064,2018,28775.0,264360
264361,GS5073,2018,79180.0,264362
264363,GS5099,2018,4519.0,264364
264364,GS5106,2018,10000.0,264365
264365,GS5107,2018,6612.0,264366
264368,GS5125,2018,123596.0,264369
264369,GS5186,2018,10000.0,264370
264370,GS5187,2018,10000.0,264371
264371,GS5188,2018,10000.0,264372
264372,GS5189,2018,10000.0,264373
264373,GS5190,2018,10000.0,264374
264374,GS5191,2018,10000.0,264375
264375,GS5192,2018,10000.0,264376
264376,GS5193,2018,10000.0,264377
264377,GS5194,2018,10000.0,264378
264378,GS5195,2018,4994.0,264379
264379,GS5196,2018,6005.0,264380
264380,GS5197,2018,6502.0,264381
264381,GS5199,2018,33078.0,264382
264384,GS5228,2018,33548.0,264385
264385,GS5229,2018,117561.0,264386
264386,GS5230,2018,10000.0,264387
264387,GS5244,2018,883.0,264388
264388,GS5245,2018,849.0,264389
264389,GS5256,2018,4594.0,264390
264390,GS5257,2018,19413.0,264391
264392,GS5303,2018,5273.0,264393
264399,GS5314,2018,49737.0,264400
264400,GS5315,2018,11976.0,264401
264402,GS5317,2018,11442.0,264403
264403,GS5322,2018,10000.0,264404
264404,GS5323,2018,10000.0,264405
264405,GS5324,2018,10000.0,264406
264406,GS5325,2018,10107.0,264407
264407,GS5326,2018,10107.0,264408
264408,GS5329,2018,10000.0,264409
264409,GS5330,2018,10000.0,264410
264410,GS5331,2018,10000.0,264411
264411,GS5332,2018,10000.0,264412
264412,GS5335,2018,10000.0,264413
264413,GS5336,2018,10000.0,264414
264414,GS5337,2018,10000.0,264415
264415,GS5338,2018,10000.0,264416
264416,GS5339,2018,10000.0,264417
264417,GS5340,2018,10000.0,264418
264418,GS5341,2018,10000.0,264419
264419,GS5342,2018,10000.0,264420
264420,GS5343,2018,10000.0,264421
264421,GS5344,2018,10000.0,264422
264423,GS5377,2018,21456.0,264424
264426,GS5391,2018,13301.0,264427
264427,GS5392,2018,10000.0,264428
264428,GS5393,2018,10000.0,264429
264429,GS5394,2018,9830.0,264430
264430,GS5395,2018,10000.0,264431
264431,GS5396,2018,9917.0,264432
264434,GS5417,2018,34946.0,264435
264435,GS5418,2018,37124.0,264436
264436,GS5434,2018,5936.0,264437
264437,GS5437,2018,10000.0,264438
264438,GS5438,2018,10000.0,264439
264439,GS5439,2018,10000.0,264440
264440,GS5440,2018,10000.0,264441
264441,GS5441,2018,10000.0,264442
264444,GS5444,2018,8395.0,264445
264446,GS5463,2018,12741.0,264447
264447,GS5519,2018,164151.0,264448
264448,GS5523,2018,210932.0,264449
264453,GS5575,2018,30668.0,264454
264454,GS5614,2018,224542.0,264455
264456,GS5617,2018,4672.0,264457
264457,GS5618,2018,78608.0,264458
264458,GS5624,2018,29516.0,264459
264460,GS5633,2018,20582.0,264461
264461,GS5634,2018,6695.0,264462
264462,GS5635,2018,6706.0,264463
264463,GS5636,2018,6619.0,264464
264464,GS5637,2018,6669.0,264465
264466,GS5642,2018,293547.0,264467
264467,GS5643,2018,16127.0,264468
264471,GS5660,2018,141.0,264472
264472,GS5661,2018,3583.0,264473
264473,GS5662,2018,5042.0,264474
264476,GS5698,2018,114096.0,264477
264477,GS5699,2018,53039.0,264478
264479,GS5780,2018,1394.0,264480
264480,GS5781,2018,7465.0,264481
264481,GS5782,2018,7527.0,264482
264482,GS5783,2018,7132.0,264483
264483,GS5796,2018,10000.0,264484
264484,GS5799,2018,135319.0,264485
264486,GS5801,2018,6534.0,264487
264489,GS5825,2018,10000.0,264490
264490,GS5826,2018,10000.0,264491
264491,GS5827,2018,10000.0,264492
264492,GS5830,2018,55884.0,264493
264493,GS5831,2018,3888.0,264494
264499,GS5860,2018,18806.0,264500
264500,GS5866,2018,85105.0,264501
264510,GS5923,2018,3503.0,264511
264511,GS5928,2018,209222.0,264512
264513,GS5951,2018,9648.0,264514
264514,GS5952,2018,9816.0,264515
264515,GS5953,2018,9535.0,264516
264516,GS5954,2018,9807.0,264517
264517,GS5955,2018,9728.0,264518
264521,GS6003,2018,8331.0,264522
264522,GS6004,2018,54038.0,264523
264523,GS6008,2018,6357.0,264524
264528,GS6037,2018,10000.0,264529
264529,GS6038,2018,10000.0,264530
264550,GS6101,2018,9851.0,264551
264551,GS6108,2018,35967.0,264552
264552,GS6109,2018,36618.0,264553
264553,GS6111,2018,36254.0,264554
264554,GS6112,2018,34290.0,264555
264555,GS6113,2018,34290.0,264556
264556,GS6114,2018,24950.0,264557
264557,GS6115,2018,23422.0,264558
264558,GS6116,2018,20429.0,264559
264559,GS6129,2018,8543.0,264560
264563,GS6152,2018,6770.0,264564
264564,GS6155,2018,26076.0,264565
264567,GS6212,2018,32390.0,264568
264568,GS6235,2018,10000.0,264569
264569,GS6236,2018,10000.0,264570
264570,GS6237,2018,10000.0,264571
264573,GS6264,2018,7846.0,264574
264576,GS6275,2018,41732.0,264577
264579,GS6289,2018,9596.0,264580
264581,GS6301,2018,46137.0,264582
264583,GS6338,2018,8599.0,264584
264584,GS6344,2018,2750.0,264585
264585,GS6349,2018,4880.0,264586
264586,GS6350,2018,2413.0,264587
264587,GS6351,2018,2606.0,264588
264589,GS6393,2018,48535.0,264590
264590,GS6394,2018,71148.0,264591
264593,GS6411,2018,54268.0,264594
264594,GS6414,2018,3485.0,264595
264597,GS6443,2018,2729.0,264598
264598,GS6444,2018,9728.0,264599
264599,GS6445,2018,9235.0,264600
264600,GS6460,2018,44.0,264601
264605,GS6513,2018,9000.0,264606
264606,GS6518,2018,5315.0,264607
264607,GS6519,2018,5616.0,264608
264608,GS6520,2018,5644.0,264609
264609,GS6521,2018,5096.0,264610
264610,GS6522,2018,5671.0,264611
264611,GS6523,2018,5315.0,264612
264612,GS6566,2018,7688.0,264613
264613,GS6586,2018,15306.0,264614
264614,GS6588,2018,31278.0,264615
264615,GS6597,2018,19561.0,264616
264617,GS6599,2018,7907.0,264618
264618,GS6600,2018,6535.0,264619
264619,GS6604,2018,29464.0,264620
264620,GS6607,2018,44770.0,264621
264622,GS6747,2018,96045.0,264623
264623,GS6748,2018,108162.0,264624
264624,GS6749,2018,244.0,264625
264627,GS6752,2018,1521.0,264628
264628,GS6753,2018,488016.0,264629
264629,GS6756,2018,35786.0,264630
264630,GS6760,2018,56291.0,264631
264631,GS6783,2018,10000.0,264632
264632,GS6784,2018,10000.0,264633
264633,GS6786,2018,9196.0,264634
264634,GS6787,2018,8996.0,264635
264635,GS6788,2018,9610.0,264636
264636,GS6789,2018,9339.0,264637
264637,GS6790,2018,9997.0,264638
264639,GS6830,2018,756.0,264640
264642,GS6836,2018,10000.0,264643
264643,GS6837,2018,9970.0,264644
264644,GS6838,2018,10000.0,264645
264645,GS6852,2018,5635.0,264646
264646,GS6853,2018,255976.0,264647
264647,GS6854,2018,100916.0,264648
264648,GS6855,2018,68714.0,264649
264649,GS6856,2018,14678.0,264650
264650,GS6857,2018,19158.0,264651
264651,GS6858,2018,53877.0,264652
264652,GS6861,2018,4109.0,264653
264657,GS6998,2018,1584.0,264658
264658,GS6999,2018,34461.0,264659
264660,GS7049,2018,93845.0,264661
264665,GS7090,2018,4008.0,264666
264669,GS7128,2018,535.0,264670
264670,GS7129,2018,1055.0,264671
264671,GS7130,2018,623.0,264672
264672,GS7131,2018,395.0,264673
264689,GS7153,2018,9258.0,264690
264700,GS7311,2018,996.0,264701
264701,GS7312,2018,372536.0,264702
264702,GS7317,2018,1.0,264703
264703,GS7318,2018,1881.0,264704
264704,GS7330,2018,10000.0,264705
264705,GS7331,2018,10000.0,264706
264706,GS7332,2018,10000.0,264707
264707,GS7333,2018,10000.0,264708
264708,GS7334,2018,10000.0,264709
264709,GS7335,2018,10000.0,264710
264710,GS7336,2018,10000.0,264711
264711,GS7343,2018,1266.0,264712
264715,GS7361,2018,24329.0,264716
264741,GS7436,2018,593.0,264742
264764,GS7466,2018,19535.0,264765
264765,GS7467,2018,17669.0,264766
264795,GS7498,2018,14169.0,264796
264800,GS7504,2018,10499.0,264801
264801,GS7505,2018,36969.0,264802
264802,GS7506,2018,4277.0,264803
264804,GS7508,2018,54229.0,264805
264806,GS7510,2018,22966.0,264807
264826,GS7531,2018,4104.0,264827
264838,GS7544,2018,1154.0,264839
264855,GS7561,2018,71.0,264856
264869,GS7576,2018,3571.0,264870
264880,GS7587,2018,30.0,264881
264919,GS7628,2018,11184.0,264920
264920,GS7629,2018,1340.0,264921
264948,GS7669,2018,5922.0,264949
264957,GS7679,2018,11780.0,264958
265028,GS7754,2018,50850.0,265029
265065,GS10220,2018,34076.0,265066
265066,GS10309,2018,34439.0,265067
265163,GS10810,2018,2611.0,265164
265164,GS10811,2018,1926.0,265165
265165,GS10812,2018,5101.0,265166
265166,GS10813,2018,4876.0,265167
265247,GS10974,2018,23208.0,265248
265249,GS10976,2018,22946.0,265250
265250,GS10977,2018,23016.0,265251
265251,GS10978,2018,22917.0,265252
265252,GS10979,2018,23254.0,265253
265253,GS10980,2018,23118.0,265254
265254,GS10981,2018,23168.0,265255
265255,GS10982,2018,21120.0,265256
265386,GS11154,2018,4519.0,265387
267407,VCS5,2018,20521.0,267408
267433,VCS33,2018,21307.0,267434
267434,VCS34,2018,10707.0,267435
267451,VCS51,2018,20539.0,267452
267454,VCS54,2018,27184.0,267455
267491,VCS92,2018,1167362.0,267492
267492,VCS93,2018,218325.0,267493
267518,VCS120,2018,9180.0,267519
267522,VCS124,2018,17809.0,267523
267535,VCS138,2018,76930.0,267536
267540,VCS143,2018,8121.0,267541
267541,VCS144,2018,129921.0,267542
267555,VCS158,2018,7262.0,267556
267591,VCS197,2018,55010.0,267592
267592,VCS198,2018,26029.0,267593
267596,VCS202,2018,8256.0,267597
267667,VCS273,2018,4643.0,267668
267675,VCS281,2018,45597.0,267676
267684,VCS290,2018,14514.0,267685
267686,VCS292,2018,241299.0,267687
267711,VCS318,2018,44931.0,267712
267725,VCS332,2018,11940.0,267726
267728,VCS335,2018,15857.0,267729
267729,VCS336,2018,7098.0,267730
267730,VCS337,2018,13798.0,267731
267746,VCS353,2018,4700.0,267747
267763,VCS370,2018,23270.0,267764
267769,VCS376,2018,2217.0,267770
267773,VCS380,2018,22508.0,267774
267774,VCS381,2018,10565.0,267775
267779,VCS386,2018,515.0,267780
267784,VCS391,2018,148565.0,267785
267797,VCS404,2018,2547.0,267798
267798,VCS405,2018,30674.0,267799
267804,VCS411,2018,22632.0,267805
267805,VCS412,2018,77454.0,267806
267806,VCS413,2018,109120.0,267807
267807,VCS414,2018,109087.0,267808
267808,VCS415,2018,59993.0,267809
267809,VCS416,2018,36292.0,267810
267810,VCS417,2018,58924.0,267811
267814,VCS421,2018,29084.0,267815
267815,VCS422,2018,48323.0,267816
267820,VCS427,2018,27636.0,267821
267821,VCS428,2018,45835.0,267822
267823,VCS430,2018,48061.0,267824
267831,VCS438,2018,327905.0,267832
267833,VCS440,2018,22449.0,267834
267834,VCS441,2018,71489.0,267835
267841,VCS448,2018,31501.0,267842
267843,VCS450,2018,21634.0,267844
267848,VCS455,2018,12473.0,267849
267849,VCS456,2018,19868.0,267850
267851,VCS458,2018,781.0,267852
267861,VCS468,2018,148043.0,267862
267869,VCS476,2018,4575.0,267870
267876,VCS483,2018,4187.0,267877
267879,VCS486,2018,181982.0,267880
267880,VCS487,2018,803211.0,267881
267881,VCS488,2018,218237.0,267882
267882,VCS489,2018,43735.0,267883
267886,VCS493,2018,1586.0,267887
267897,VCS504,2018,53552.0,267898
267899,VCS506,2018,152705.0,267900
267903,VCS510,2018,4707.0,267904
267906,VCS513,2018,262040.0,267907
267907,VCS514,2018,19885.0,267908
267927,VCS534,2018,15816.0,267928
267928,VCS535,2018,137940.0,267929
267929,VCS536,2018,45199.0,267930
267930,VCS537,2018,18171.0,267931
267933,VCS540,2018,96796.0,267934
267936,VCS543,2018,108766.0,267937
267937,VCS544,2018,55889.0,267938
267939,VCS546,2018,88949.0,267940
267941,VCS548,2018,97573.0,267942
267951,VCS558,2018,3492.0,267952
267955,VCS562,2018,207335.0,267956
267956,VCS563,2018,25929.0,267957
267969,VCS576,2018,11378.0,267970
267976,VCS583,2018,1716.0,267977
267979,VCS586,2018,3558.0,267980
267995,VCS602,2018,895.0,267996
267996,VCS603,2018,5533.0,267997
268000,VCS607,2018,160024.0,268001
268005,VCS612,2018,1443407.0,268006
268010,VCS617,2018,3900.0,268011
268011,VCS618,2018,88505.0,268012
268029,VCS636,2018,34296.0,268030
268031,VCS638,2018,12345.0,268032
268033,VCS640,2018,21342.0,268034
268046,VCS653,2018,211061.0,268047
268048,VCS655,2018,15079.0,268049
268049,VCS656,2018,338063.0,268050
268058,VCS665,2018,14976.0,268059
268065,VCS672,2018,72711.0,268066
268067,VCS674,2018,3403066.0,268068
268069,VCS676,2018,3567.0,268070
268075,VCS682,2018,31093.0,268076
268078,VCS685,2018,54988.0,268079
268090,VCS697,2018,135919.0,268091
268093,VCS700,2018,33719.0,268094
268094,VCS701,2018,24926.0,268095
268099,VCS706,2018,83047.0,268100
268101,VCS708,2018,61109.0,268102
268105,VCS713,2018,88342.0,268106
268106,VCS714,2018,61359.0,268107
268107,VCS715,2018,73940.0,268108
268108,VCS716,2018,69446.0,268109
268109,VCS717,2018,457448.0,268110
268118,VCS726,2018,22911.0,268119
268119,VCS727,2018,239521.0,268120
268120,VCS728,2018,365739.0,268121
268128,VCS736,2018,132183.0,268129
268129,VCS737,2018,128875.0,268130
268132,VCS740,2018,143809.0,268133
268142,VCS751,2018,4139.0,268143
268143,VCS752,2018,31797.0,268144
268144,VCS753,2018,162910.0,268145
268146,VCS755,2018,94912.0,268147
268147,VCS756,2018,468824.0,268148
268149,VCS758,2018,24853.0,268150
268150,VCS759,2018,13661.0,268151
268152,VCS761,2018,47442.0,268153
268153,VCS762,2018,115004.0,268154
268154,VCS763,2018,58098.0,268155
268171,VCS780,2018,231795.0,268172
268175,VCS784,2018,67158.0,268176
268177,VCS786,2018,1511668.0,268178
268181,VCS790,2018,1344.0,268182
268182,VCS791,2018,1765.0,268183
268184,VCS793,2018,73083.0,268185
268189,VCS798,2018,69754.0,268190
268198,VCS807,2018,119898.0,268199
268199,VCS808,2018,62451.0,268200
268204,VCS813,2018,118096.0,268205
268205,VCS814,2018,103539.0,268206
268207,VCS816,2018,10619.0,268208
268208,VCS817,2018,11336.0,268209
268210,VCS819,2018,15614.0,268211
268213,VCS822,2018,26219.0,268214
268214,VCS823,2018,81361.0,268215
268221,VCS830,2018,92138.0,268222
268224,VCS833,2018,33550.0,268225
268225,VCS834,2018,25018.0,268226
268226,VCS835,2018,60185.0,268227
268227,VCS836,2018,3213.0,268228
268231,VCS840,2018,27784.0,268232
268235,VCS844,2018,774899.0,268236
268240,VCS849,2018,89110.0,268241
268241,VCS850,2018,119126.0,268242
268243,VCS852,2018,17860.0,268244
268259,VCS868,2018,2317178.0,268260
268263,VCS872,2018,35623.0,268264
268264,VCS873,2018,289541.0,268265
268266,VCS875,2018,377145.0,268267
268270,VCS879,2018,22877.0,268271
268274,VCS883,2018,1120868.0,268275
268283,VCS892,2018,339116.0,268284
268284,VCS893,2018,12347.0,268285
268287,VCS896,2018,1189897.0,268288
268293,VCS902,2018,3623622.0,268294
268294,VCS903,2018,473639.0,268295
268296,VCS905,2018,88771.0,268297
268301,VCS910,2018,91259.0,268302
268302,VCS911,2018,84847.0,268303
268303,VCS912,2018,27795.0,268304
268308,VCS917,2018,163264.0,268309
268312,VCS921,2018,62277.0,268313
268315,VCS924,2018,19229.0,268316
268316,VCS925,2018,11684.0,268317
268317,VCS926,2018,13537.0,268318
268318,VCS927,2018,27723.0,268319
268319,VCS928,2018,91491.0,268320
268320,VCS929,2018,464591.0,268321
268325,VCS934,2018,5849190.0,268326
268326,VCS935,2018,25371.0,268327
268328,VCS937,2018,36829.0,268329
268332,VCS941,2018,872.0,268333
268335,VCS944,2018,1028498.0,268336
268338,VCS947,2018,108634.0,268339
268344,VCS953,2018,14899.0,268345
268345,VCS954,2018,281886.0,268346
268349,VCS958,2018,87268.0,268350
268350,VCS959,2018,702036.0,268351
268351,VCS960,2018,512971.0,268352
268352,VCS961,2018,1103673.0,268353
268353,VCS962,2018,584168.0,268354
268354,VCS963,2018,77342.0,268355
268356,VCS965,2018,2232.0,268357
268362,VCS971,2018,5348.0,268363
268365,VCS974,2018,23438.0,268366
268376,VCS985,2018,6472949.0,268377
268377,VCS986,2018,35593.0,268378
268378,VCS987,2018,207332.0,268379
268392,VCS1001,2018,109799.0,268393
268405,VCS1015,2018,5685.0,268406
268409,VCS1019,2018,79580.0,268410
268410,VCS1020,2018,22971.0,268411
268411,VCS1021,2018,8468.0,268412
268412,VCS1022,2018,6718.0,268413
268413,VCS1023,2018,25507.0,268414
268414,VCS1024,2018,10978.0,268415
268416,VCS1026,2018,8005.0,268417
268421,VCS1031,2018,58461.0,268422
268422,VCS1032,2018,20088.0,268423
268427,VCS1037,2018,168041.0,268428
268429,VCS1039,2018,62241.0,268430
268435,VCS1045,2018,48095.0,268436
268440,VCS1050,2018,18589.0,268441
268441,VCS1051,2018,91909.0,268442
268442,VCS1052,2018,95829.0,268443
268450,VCS1060,2018,33668.0,268451
268456,VCS1066,2018,35642.0,268457
268457,VCS1067,2018,617226.0,268458
268458,VCS1068,2018,24041.0,268459
268471,VCS1081,2018,17863.0,268472
268472,VCS1082,2018,844.0,268473
268478,VCS1088,2018,170.0,268479
268479,VCS1089,2018,6302.0,268480
268480,VCS1090,2018,21129.0,268481
268481,VCS1091,2018,35354.0,268482
268490,VCS1100,2018,439976.0,268491
268493,VCS1103,2018,251642.0,268494
268502,VCS1112,2018,188983.0,268503
268503,VCS1113,2018,165885.0,268504
268504,VCS1114,2018,14002.0,268505
268505,VCS1115,2018,282018.0,268506
268507,VCS1117,2018,103596.0,268508
268511,VCS1121,2018,136833.0,268512
268512,VCS1122,2018,338123.0,268513
268517,VCS1127,2018,58029.0,268518
268518,VCS1128,2018,97570.0,268519
268523,VCS1133,2018,25519.0,268524
268530,VCS1140,2018,119200.0,268531
268532,VCS1142,2018,3172.0,268533
268533,VCS1143,2018,43909.0,268534
268534,VCS1144,2018,3449.0,268535
268536,VCS1146,2018,1638542.0,268537
268542,VCS1152,2018,28572.0,268543
268549,VCS1160,2018,31515.0,268550
268557,VCS1168,2018,224306.0,268558
268563,VCS1174,2018,20079.0,268564
268570,VCS1181,2018,108405.0,268571
268572,VCS1183,2018,73214.0,268573
268574,VCS1185,2018,12814.0,268575
268576,VCS1187,2018,27043.0,268577
268577,VCS1188,2018,78969.0,268578
268578,VCS1189,2018,81164.0,268579
268579,VCS1190,2018,42255.0,268580
268580,VCS1191,2018,74541.0,268581
268583,VCS1194,2018,124325.0,268584
268584,VCS1195,2018,54927.0,268585
268585,VCS1196,2018,33259.0,268586
268586,VCS1197,2018,69899.0,268587
268587,VCS1198,2018,171718.0,268588
268588,VCS1199,2018,48423.0,268589
268589,VCS1200,2018,144731.0,268590
268590,VCS1201,2018,459234.0,268591
268591,VCS1202,2018,169214.0,268592
268592,VCS1203,2018,8677.0,268593
268593,VCS1204,2018,147633.0,268594
268594,VCS1205,2018,179657.0,268595
268595,VCS1206,2018,39479.0,268596
268596,VCS1207,2018,27540.0,268597
268598,VCS1209,2018,13733.0,268599
268599,VCS1210,2018,49440.0,268600
268600,VCS1211,2018,62324.0,268601
268603,VCS1214,2018,92133.0,268604
268605,VCS1216,2018,60050.0,268606
268606,VCS1217,2018,10125.0,268607
268607,VCS1218,2018,114748.0,268608
268610,VCS1221,2018,117636.0,268611
268620,VCS1231,2018,26624.0,268621
268621,VCS1232,2018,23597.0,268622
268622,VCS1233,2018,40519.0,268623
268625,VCS1236,2018,36107.0,268626
268627,VCS1238,2018,57334.0,268628
268630,VCS1241,2018,15064.0,268631
268631,VCS1242,2018,86187.0,268632
268636,VCS1247,2018,24770.0,268637
268637,VCS1248,2018,25378.0,268638
268638,VCS1249,2018,22458.0,268639
268639,VCS1250,2018,15789.0,268640
268643,VCS1254,2018,30824.0,268644
268646,VCS1257,2018,277275.0,268647
268647,VCS1258,2018,250573.0,268648
268675,VCS1286,2018,4191.0,268676
268678,VCS1289,2018,87004.0,268679
268680,VCS1291,2018,683638.0,268681
268685,VCS1297,2018,51057.0,268686
268688,VCS1300,2018,27701.0,268689
268689,VCS1301,2018,95956.0,268690
268696,VCS1308,2018,84732.0,268697
268698,VCS1310,2018,102030.0,268699
268703,VCS1315,2018,39807.0,268704
268705,VCS1317,2018,606.0,268706
268707,VCS1319,2018,29050.0,268708
268710,VCS1322,2018,90144.0,268711
268714,VCS1326,2018,203900.0,268715
268716,VCS1328,2018,50644.0,268717
268717,VCS1329,2018,110190.0,268718
268718,VCS1330,2018,19249.0,268719
268719,VCS1331,2018,17181.0,268720
268730,VCS1342,2018,29938.0,268731
268732,VCS1344,2018,72389.0,268733
268733,VCS1345,2018,196537.0,268734
268734,VCS1346,2018,75628.0,268735
268736,VCS1348,2018,57615.0,268737
268737,VCS1349,2018,69938.0,268738
268740,VCS1352,2018,22963.0,268741
268741,VCS1353,2018,438037.0,268742
268742,VCS1354,2018,26342.0,268743
268743,VCS1355,2018,7275.0,268744
268744,VCS1356,2018,352446.0,268745
268748,VCS1360,2018,671206.0,268749
268749,VCS1361,2018,4253.0,268750
268750,VCS1362,2018,61623.0,268751
268752,VCS1364,2018,85273.0,268753
268756,VCS1368,2018,31058.0,268757
268765,VCS1377,2018,15027.0,268766
268768,VCS1380,2018,16400.0,268769
268770,VCS1382,2018,315706.0,268771
268773,VCS1385,2018,13753.0,268774
268774,VCS1386,2018,51348.0,268775
268777,VCS1389,2018,167653.0,268778
268779,VCS1391,2018,328667.0,268780
268780,VCS1392,2018,216758.0,268781
268787,VCS1399,2018,111568.0,268788
268788,VCS1400,2018,183240.0,268789
268792,VCS1404,2018,88140.0,268793
268794,VCS1406,2018,127600.0,268795
268795,VCS1407,2018,39810.0,268796
268796,VCS1408,2018,800866.0,268797
268797,VCS1409,2018,27855.0,268798
268801,VCS1413,2018,38799.0,268802
268804,VCS1416,2018,29727.0,268805
268806,VCS1418,2018,35823.0,268807
268807,VCS1419,2018,18314.0,268808
268815,VCS1427,2018,21506.0,268816
268824,VCS1437,2018,26038.0,268825
268825,VCS1438,2018,19860.0,268826
268826,VCS1439,2018,24997.0,268827
268828,VCS1441,2018,27934.0,268829
268831,VCS1444,2018,71559.0,268832
268833,VCS1446,2018,382173.0,268834
268834,VCS1447,2018,403027.0,268835
268840,VCS1453,2018,55167.0,268841
268846,VCS1459,2018,13025.0,268847
268848,VCS1461,2018,265092.0,268849
268849,VCS1463,2018,119139.0,268850
268850,VCS1464,2018,353982.0,268851
268851,VCS1465,2018,92927.0,268852
268860,VCS1477,2018,5133319.0,268861
268862,VCS1479,2018,109218.0,268863
268863,VCS1480,2018,108712.0,268864
268864,VCS1481,2018,109429.0,268865
268865,VCS1482,2018,12463.0,268866
268866,VCS1483,2018,21348.0,268867
268868,VCS1485,2018,105088.0,268869
268876,VCS1495,2018,20678.0,268877
268878,VCS1497,2018,234077.0,268879
268880,VCS1499,2018,116412.0,268881
268881,VCS1500,2018,11638.0,268882
268887,VCS1506,2018,67625.0,268888
268899,VCS1519,2018,66209.0,268900
268900,VCS1520,2018,106136.0,268901
268901,VCS1521,2018,337070.0,268902
268902,VCS1522,2018,787269.0,268903
268903,VCS1523,2018,142903.0,268904
268909,VCS1529,2018,67871.0,268910
268910,VCS1530,2018,49206.0,268911
268911,VCS1532,2018,265706.0,268912
268917,VCS1538,2018,47246.0,268918
268918,VCS1539,2018,60021.0,268919
268919,VCS1541,2018,373456.0,268920
268920,VCS1542,2018,54765.0,268921
268921,VCS1543,2018,82735.0,268922
268924,VCS1546,2018,60410.0,268925
268925,VCS1547,2018,18439.0,268926
268927,VCS1549,2018,28609.0,268928
268932,VCS1554,2018,38392.0,268933
268935,VCS1559,2018,96412.0,268936
268936,VCS1560,2018,394335.0,268937
268941,VCS1566,2018,3175941.0,268942
268942,VCS1567,2018,51182.0,268943
268944,VCS1569,2018,55929.0,268945
268946,VCS1571,2018,188174.0,268947
268947,VCS1572,2018,75522.0,268948
268948,VCS1574,2018,101358.0,268949
268949,VCS1577,2018,57294.0,268950
268951,VCS1579,2018,29288.0,268952
268952,VCS1580,2018,666086.0,268953
268953,VCS1582,2018,199800.0,268954
268956,VCS1587,2018,105979.0,268957
268958,VCS1622,2018,907920.0,268959
268959,VCS1623,2018,6525.0,268960
268962,VCS1644,2018,176432.0,268963
268963,VCS1650,2018,439129.0,268964
268971,VCS1660,2018,71678.0,268972
268972,VCS1661,2018,106947.0,268973
268974,VCS1663,2018,24436.0,268975
268976,VCS1665,2018,9100.0,268977
268978,VCS1667,2018,117551.0,268979
268979,VCS1669,2018,179704.0,268980
268980,VCS1670,2018,102642.0,268981
268981,VCS1671,2018,137227.0,268982
268985,VCS1675,2018,1910.0,268986
268989,VCS1679,2018,116343.0,268990
268992,VCS1682,2018,5591.0,268993
268993,VCS1683,2018,14393.0,268994
268995,VCS1685,2018,36418.0,268996
268996,VCS1686,2018,436595.0,268997
268998,VCS1689,2018,129082.0,268999
269010,VCS1702,2018,21795.0,269011
269015,VCS1709,2018,292954.0,269016
269017,VCS1712,2018,13122.0,269018
269019,VCS1716,2018,7071.0,269020
269020,VCS1718,2018,160749.0,269021
269022,VCS1720,2018,38786.0,269023
269023,VCS1721,2018,57518.0,269024
269026,VCS1728,2018,1053564.0,269027
269029,VCS1732,2018,90495.0,269030
269030,VCS1733,2018,78671.0,269031
269031,VCS1734,2018,50569.0,269032
269032,VCS1735,2018,62773.0,269033
269033,VCS1736,2018,199356.0,269034
269036,VCS1740,2018,118057.0,269037
269037,VCS1741,2018,20738.0,269038
269038,VCS1742,2018,3163013.0,269039
269040,VCS1744,2018,9156.0,269041
269041,VCS1745,2018,79920.0,269042
269042,VCS1746,2018,219464.0,269043
269043,VCS1748,2018,3946277.0,269044
269046,VCS1752,2018,19647.0,269047
269047,VCS1753,2018,1364177.0,269048
269049,VCS1758,2018,70166.0,269050
269050,VCS1759,2018,40413.0,269051
269052,VCS1762,2018,207754.0,269053
269053,VCS1764,2018,31744.0,269054
269055,VCS1766,2018,3773.0,269056
269056,VCS1767,2018,407574.0,269057
269057,VCS1768,2018,378368.0,269058
269058,VCS1769,2018,4910.0,269059
269059,VCS1770,2018,225768.0,269060
269060,VCS1771,2018,146385.0,269061
269062,VCS1774,2018,22692.0,269063
269063,VCS1775,2018,1220967.0,269064
269064,VCS1776,2018,85651.0,269065
269066,VCS1781,2018,23145.0,269067
269067,VCS1782,2018,174648.0,269068
269068,VCS1783,2018,123453.0,269069
269069,VCS1784,2018,390627.0,269070
269070,VCS1786,2018,174210.0,269071
269071,VCS1787,2018,179981.0,269072
269072,VCS1788,2018,207067.0,269073
269073,VCS1789,2018,93823.0,269074
269074,VCS1790,2018,214977.0,269075
269075,VCS1791,2018,51787.0,269076
269076,VCS1792,2018,1195902.0,269077
269077,VCS1793,2018,274923.0,269078
269078,VCS1794,2018,76438.0,269079
269080,VCS1797,2018,83676.0,269081
269085,VCS1803,2018,10516.0,269086
269086,VCS1804,2018,61419.0,269087
269087,VCS1805,2018,810552.0,269088
269089,VCS1807,2018,13973.0,269090
269093,VCS1812,2018,340502.0,269094
269095,VCS1815,2018,1454173.0,269096
269096,VCS1816,2018,1759.0,269097
269097,VCS1817,2018,35819.0,269098
269098,VCS1819,2018,25752.0,269099
269099,VCS1820,2018,71676.0,269100
269101,VCS1822,2018,30334.0,269102
269102,VCS1823,2018,46752.0,269103
269109,VCS1830,2018,16532.0,269110
269110,VCS1831,2018,44258.0,269111
269117,VCS1840,2018,6922.0,269118
269119,VCS1842,2018,30318.0,269120
269121,VCS1844,2018,78163.0,269122
269128,VCS1851,2018,1731250.0,269129
269130,VCS1853,2018,24752.0,269131
269131,VCS1854,2018,23110.0,269132
269132,VCS1855,2018,326643.0,269133
269133,VCS1856,2018,117158.0,269134
269134,VCS1857,2018,1066.0,269135
269135,VCS1859,2018,151917.0,269136
269136,VCS1860,2018,152993.0,269137
269138,VCS1862,2018,26781.0,269139
269139,VCS1863,2018,30393.0,269140
269143,VCS1867,2018,844399.0,269144
269146,VCS1870,2018,2982.0,269147
269147,VCS1872,2018,134838.0,269148
269150,VCS1875,2018,538.0,269151
269152,VCS1878,2018,5159.0,269153
269155,VCS1882,2018,44399.0,269156
269156,VCS1883,2018,24882.0,269157
269157,VCS1884,2018,240.0,269158
269158,VCS1885,2018,26503.0,269159
269161,VCS1888,2018,21923.0,269162
269162,VCS1890,2018,275132.0,269163
269163,VCS1891,2018,401259.0,269164
269165,VCS1893,2018,44240.0,269166
269167,VCS1896,2018,15820.0,269168
269168,VCS1897,2018,504852.0,269169
269169,VCS1898,2018,127369.0,269170
269170,VCS1899,2018,492325.0,269171
269171,VCS1900,2018,39759.0,269172
269174,VCS1903,2018,366408.0,269175
269175,VCS1904,2018,86802.0,269176
269182,VCS1911,2018,26317.0,269183
269186,VCS1915,2018,22016.0,269187
269187,VCS1916,2018,55715.0,269188
269189,VCS1918,2018,72015.0,269190
269191,VCS1920,2018,43878.0,269192
269192,VCS1921,2018,4618.0,269193
269194,VCS1923,2018,4322.0,269195
269196,VCS1925,2018,2035.0,269197
269199,VCS1930,2018,104276.0,269200
269200,VCS1931,2018,283983.0,269201
269201,VCS1933,2018,25852.0,269202
269202,VCS1934,2018,715.0,269203
269203,VCS1935,2018,207052.0,269204
269205,VCS1937,2018,90700.0,269206
269206,VCS1939,2018,97802.0,269207
269207,VCS1940,2018,98489.0,269208
269208,VCS1941,2018,94634.0,269209
269210,VCS1943,2018,71247.0,269211
269211,VCS1944,2018,10669.0,269212
269214,VCS1947,2018,135212.0,269215
269216,VCS1949,2018,281351.0,269217
269217,VCS1950,2018,447805.0,269218
269220,VCS1953,2018,342703.0,269221
269225,VCS1959,2018,14882.0,269226
269237,VCS1971,2018,9411.0,269238
269242,VCS1976,2018,178156.0,269243
269247,VCS1981,2018,14673.0,269248
269251,VCS1985,2018,54996.0,269252
269253,VCS1987,2018,16964.0,269254
269256,VCS1990,2018,67909.0,269257
269259,VCS1993,2018,215723.0,269260
269262,VCS1996,2018,4797.0,269263
269263,VCS1997,2018,34767.0,269264
269265,VCS1999,2018,1536.0,269266
269266,VCS2000,2018,39751.0,269267
269268,VCS2002,2018,5058.0,269269
269270,VCS2004,2018,172470.0,269271
269271,VCS2005,2018,34108.0,269272
269289,VCS2023,2018,10746.0,269290
269292,VCS2026,2018,444865.0,269293
269299,VCS2033,2018,6335.0,269300
269302,VCS2036,2018,40787.0,269303
269304,VCS2038,2018,15335.0,269305
269318,VCS2052,2018,125297.0,269319
269319,VCS2053,2018,12992.0,269320
269325,VCS2059,2018,23196.0,269326
269331,VCS2065,2018,108167.0,269332
269336,VCS2070,2018,195252.0,269337
269339,VCS2073,2018,251.0,269340
269345,VCS2082,2018,244033.0,269346
269346,VCS2083,2018,120851.0,269347
269349,VCS2087,2018,90624.0,269350
269354,VCS2092,2018,33259.0,269355
269356,VCS2094,2018,47158.0,269357
269357,VCS2095,2018,42996.0,269358
269359,VCS2097,2018,67282.0,269360
269360,VCS2098,2018,286180.0,269361
269361,VCS2099,2018,75617.0,269362
269370,VCS2242,2018,64304.0,269371
269371,VCS2243,2018,42900.0,269372
269372,VCS2244,2018,89396.0,269373
269373,VCS2245,2018,19906.0,269374
269376,VCS2248,2018,101192.0,269377
269377,VCS2249,2018,56963.0,269378
269378,VCS2250,2018,186481.0,269379
269380,VCS2252,2018,1649462.0,269381
269383,VCS2260,2018,64444.0,269384
269386,VCS2263,2018,7154.0,269387
269387,VCS2278,2018,851385.0,269388
269388,VCS2290,2018,18160.0,269389
269389,VCS2291,2018,290306.0,269390
269390,VCS2292,2018,406599.0,269391
269400,VCS2303,2018,5162.0,269401
269404,VCS2307,2018,10073.0,269405
269405,VCS2308,2018,878.0,269406
269407,VCS2310,2018,117051.0,269408
269414,VCS2317,2018,3880.0,269415
269420,VCS2323,2018,22557.0,269421
269422,VCS2326,2018,107376.0,269423
269423,VCS2327,2018,111048.0,269424
269427,VCS2333,2018,2593.0,269428
269450,VCS2357,2018,3916.0,269451
269454,VCS2361,2018,28167.0,269455
269455,VCS2362,2018,60000.0,269456
269459,VCS2367,2018,33421.0,269460
269461,VCS2370,2018,40265.0,269462
269466,VCS2375,2018,11722.0,269467
269469,VCS2378,2018,45779.0,269470
269470,VCS2379,2018,141852.0,269471
269478,VCS2387,2018,56309.0,269479
269479,VCS2388,2018,5436.0,269480
269480,VCS2389,2018,3508.0,269481
269482,VCS2391,2018,30355.0,269483
269484,VCS2393,2018,4189.0,269485
269487,VCS2396,2018,60000.0,269488
269488,VCS2397,2018,60000.0,269489
269489,VCS2398,2018,60000.0,269490
269490,VCS2399,2018,60000.0,269491
269491,VCS2400,2018,650000.0,269492
269492,VCS2401,2018,24662.0,269493
269496,VCS2405,2018,61800.0,269497
269501,VCS2410,2018,29102.0,269502
269503,VCS2412,2018,2462.0,269504
269505,VCS2414,2018,51590.0,269506
269509,VCS2418,2018,17281.0,269510
269522,VCS2432,2018,4860.0,269523
269523,VCS2433,2018,217566.0,269524
269541,VCS2451,2018,37056.0,269542
269545,VCS2458,2018,558583.0,269546
269549,VCS2463,2018,7890.0,269550
269551,VCS2465,2018,65934.0,269552
269555,VCS2469,2018,4978.0,269556
269557,VCS2471,2018,702.0,269558
269561,VCS2476,2018,60000.0,269562
269562,VCS2477,2018,60000.0,269563
269563,VCS2478,2018,1483554.0,269564
269565,VCS2481,2018,10264.0,269566
269580,VCS2497,2018,29473.0,269581
269581,VCS2498,2018,97077.0,269582
269585,VCS2502,2018,1360914.0,269586
269587,VCS2504,2018,60000.0,269588
269589,VCS2506,2018,60000.0,269590
269590,VCS2507,2018,60000.0,269591
269591,VCS2508,2018,626826.0,269592
269593,VCS2510,2018,325498.0,269594
269594,VCS2511,2018,4588.0,269595
269595,VCS2512,2018,88559.0,269596
269612,VCS2532,2018,94969.0,269613
269618,VCS2538,2018,70343.0,269619
269626,VCS2552,2018,22710.0,269627
269628,VCS2554,2018,6061.0,269629
269629,VCS2555,2018,15339.0,269630
269630,VCS2556,2018,23414.0,269631
269632,VCS2558,2018,61254.0,269633
269635,VCS2565,2018,9426.0,269636
269636,VCS2566,2018,110563.0,269637
269644,VCS2576,2018,45780.0,269645
269669,VCS2606,2018,70727.0,269670
269672,VCS2609,2018,586156.0,269673
269673,VCS2610,2018,2040.0,269674
269679,VCS2616,2018,94503.0,269680
269685,VCS2623,2018,19786.0,269686
269690,VCS2629,2018,60000.0,269691
269692,VCS2631,2018,60000.0,269693
269693,VCS2632,2018,60000.0,269694
269694,VCS2633,2018,60000.0,269695
269695,VCS2634,2018,60000.0,269696
269703,VCS2647,2018,4909.0,269704
269707,VCS2652,2018,7047.0,269708
269730,VCS2679,2018,37288.0,269731
269731,VCS2680,2018,36267.0,269732
269760,VCS2710,2018,89222.0,269761
269793,VCS2745,2018,5143.0,269794
269795,VCS2748,2018,553951.0,269796
269797,VCS2750,2018,82.0,269798
269817,VCS2771,2018,60000.0,269818
269873,VCS2830,2018,215484.0,269874
269875,VCS2833,2018,3827.0,269876
269878,VCS2836,2018,963.0,269879
269880,VCS2838,2018,54.0,269881
269894,VCS2852,2018,113608.0,269895
269938,VCS2897,2018,70908.0,269939
269939,VCS2899,2018,60000.0,269940
269942,VCS2902,2018,60000.0,269943
269943,VCS2903,2018,60000.0,269944
269947,VCS2909,2018,60000.0,269948
269955,VCS2917,2018,60000.0,269956
269997,VCS2965,2018,38769.0,269998
270044,VCS3018,2018,310640.0,270045
270045,VCS3019,2018,16.0,270046
270112,VCS3094,2018,9181.0,270113
270131,VCS3115,2018,23193.0,270132
270348,VCS3342,2018,13332.0,270349
270354,VCS3350,2018,274503.0,270355
270366,VCS3363,2018,2082.0,270367
270371,VCS3368,2018,9061.0,270372
271511,VCS4657,2018,48426.0,271512
272698,ACR0114,2019,1362647.0,272699
272753,ACR0173,2019,1934.0,272754
272761,ACR0182,2019,8877.0,272762
272766,ACR0188,2019,1857.0,272767
272767,ACR0189,2019,5131.0,272768
272768,ACR0190,2019,25682.0,272769
272769,ACR0191,2019,109511.0,272770
272770,ACR0192,2019,11901.0,272771
272775,ACR0199,2019,60073.0,272776
272776,ACR0200,2019,9982.0,272777
272777,ACR0202,2019,26394.0,272778
272785,ACR0210,2019,30105.0,272786
272786,ACR0211,2019,25379.0,272787
272787,ACR0212,2019,326425.0,272788
272791,ACR0222,2019,15858.0,272792
272792,ACR0223,2019,38078.0,272793
272793,ACR0224,2019,79828.0,272794
272795,ACR0226,2019,127576.0,272796
272800,ACR0232,2019,59299.0,272801
272801,ACR0233,2019,67734.0,272802
272802,ACR0234,2019,10809.0,272803
272803,ACR0235,2019,6216.0,272804
272804,ACR0236,2019,5816.0,272805
272806,ACR0238,2019,15442.0,272807
272807,ACR0239,2019,5349.0,272808
272809,ACR0241,2019,11149.0,272810
272810,ACR0242,2019,43213.0,272811
272815,ACR0247,2019,3130.0,272816
272817,ACR0249,2019,70736.0,272818
272823,ACR0255,2019,338230.0,272824
272824,ACR0256,2019,12860.0,272825
272825,ACR0257,2019,2389.0,272826
272827,ACR0259,2019,8029.0,272828
272828,ACR0260,2019,22696.0,272829
272830,ACR0262,2019,56242.0,272831
272833,ACR0265,2019,17192.0,272834
272834,ACR0266,2019,22175.0,272835
272835,ACR0267,2019,105304.0,272836
272836,ACR0268,2019,797716.0,272837
272837,ACR0269,2019,343165.0,272838
272841,ACR0273,2019,135339.0,272842
272842,ACR0274,2019,99929.0,272843
272844,ACR0276,2019,74334.0,272845
272847,ACR0279,2019,38939.0,272848
272848,ACR0280,2019,91408.0,272849
272850,ACR0282,2019,120857.0,272851
272852,ACR0284,2019,16894.0,272853
272855,ACR0287,2019,148401.0,272856
272856,ACR0288,2019,2115.0,272857
272860,ACR0292,2019,27121.0,272861
272879,ACR0313,2019,15533.0,272880
272885,ACR0324,2019,357365.0,272886
272889,ACR0349,2019,22981.0,272890
272895,ACR0355,2019,9311.0,272896
272900,ACR0360,2019,280185.0,272901
272901,ACR0361,2019,47255.0,272902
272906,ACR0367,2019,114279.0,272907
272907,ACR0368,2019,24097.0,272908
272910,ACR0371,2019,10392.0,272911
272912,ACR0373,2019,37833.0,272913
272913,ACR0374,2019,63239.0,272914
272914,ACR0375,2019,82862.0,272915
272915,ACR0376,2019,147825.0,272916
272916,ACR0377,2019,2093.0,272917
272917,ACR0378,2019,2873.0,272918
272920,ACR0382,2019,31530.0,272921
272923,ACR0386,2019,52409.0,272924
272925,ACR0388,2019,181946.0,272926
272926,ACR0389,2019,129681.0,272927
272927,ACR0390,2019,13996.0,272928
272930,ACR0394,2019,7734.0,272931
272931,ACR0395,2019,826273.0,272932
272933,ACR0398,2019,308128.0,272934
272937,ACR0403,2019,11021.0,272938
272940,ACR0407,2019,36759.0,272941
272941,ACR0408,2019,11295.0,272942
272943,ACR0411,2019,50086.0,272944
272946,ACR0416,2019,2683458.0,272947
272947,ACR0417,2019,126710.0,272948
272948,ACR0418,2019,23060.0,272949
272951,ACR0422,2019,15912.0,272952
272953,ACR0424,2019,29853.0,272954
272954,ACR0425,2019,368959.0,272955
272956,ACR0427,2019,141549.0,272957
272957,ACR0428,2019,938531.0,272958
272965,ACR0437,2019,5147001.0,272966
272967,ACR0439,2019,564282.0,272968
272969,ACR0441,2019,76808.0,272970
272970,ACR0442,2019,113564.0,272971
272971,ACR0443,2019,114871.0,272972
272972,ACR0444,2019,88307.0,272973
272973,ACR0445,2019,54157.0,272974
272984,ACR0458,2019,304810.0,272985
272985,ACR0459,2019,84821.0,272986
272986,ACR0461,2019,85284.0,272987
272992,ACR0467,2019,20949.0,272993
272993,ACR0468,2019,83032.0,272994
272994,ACR0469,2019,44551.0,272995
272995,ACR0470,2019,9329.0,272996
272996,ACR0471,2019,35887.0,272997
272997,ACR0472,2019,83594.0,272998
272998,ACR0473,2019,125403.0,272999
272999,ACR0474,2019,149835.0,273000
273000,ACR0475,2019,91017.0,273001
273006,ACR0482,2019,101230.0,273007
273007,ACR0483,2019,34904.0,273008
273011,ACR0488,2019,83226.0,273012
273013,ACR0492,2019,84831.0,273014
273014,ACR0493,2019,36033.0,273015
273015,ACR0495,2019,84842.0,273016
273016,ACR0496,2019,51610.0,273017
273017,ACR0497,2019,42038.0,273018
273019,ACR0499,2019,161213.0,273020
273020,ACR0500,2019,106355.0,273021
273023,ACR0503,2019,136444.0,273024
273024,ACR0505,2019,13972.0,273025
273025,ACR0506,2019,135964.0,273026
273026,ACR0507,2019,55937.0,273027
273027,ACR0508,2019,35282.0,273028
273028,ACR0509,2019,50871.0,273029
273029,ACR0510,2019,70400.0,273030
273033,ACR0517,2019,129697.0,273034
273034,ACR0518,2019,49796.0,273035
273035,ACR0519,2019,31082.0,273036
273036,ACR0520,2019,79438.0,273037
273037,ACR0521,2019,62007.0,273038
273039,ACR0523,2019,118763.0,273040
273046,ACR0532,2019,108679.0,273047
273048,ACR0534,2019,96173.0,273049
273064,ACR0551,2019,526103.0,273065
273065,ACR0552,2019,333499.0,273066
273069,ACR0556,2019,1666749.0,273070
273070,ACR0557,2019,269803.0,273071
273075,ACR0564,2019,159.0,273076
273077,ACR0568,2019,730969.0,273078
273082,ACR0573,2019,76535.0,273083
273087,ACR0579,2019,17850.0,273088
273091,ACR0583,2019,1182.0,273092
273092,ACR0584,2019,2954.0,273093
273099,ACR0591,2019,200854.0,273100
273103,ACR0595,2019,30868.0,273104
273104,ACR0596,2019,69725.0,273105
273106,ACR0598,2019,401452.0,273107
273107,ACR0599,2019,44571.0,273108
273108,ACR0600,2019,34725.0,273109
273113,ACR0606,2019,291297.0,273114
273139,ACR0634,2019,85121.0,273140
273141,ACR0637,2019,136509.0,273142
273150,ACR0646,2019,754484.0,273151
273159,ACR0656,2019,2149053.0,273160
273161,ACR0658,2019,414184.0,273162
273163,ACR0660,2019,1463633.0,273164
273166,ACR0663,2019,93571.0,273167
273175,ACR0673,2019,30258.0,273176
273196,ACR0698,2019,41841.0,273197
273221,ACR0737,2019,44458.0,273222
273249,ACR0772,2019,63512.0,273250
273686,ART0101,2019,204302.0,273687
273687,ART0102,2019,4478401.0,273688
273714,ART0131,2019,751154.0,273715
273723,CAR400,2019,195962.0,273724
273726,CAR406,2019,47365.0,273727
273731,CAR416,2019,14643.0,273732
273734,CAR422,2019,52187.0,273735
273738,CAR429,2019,10864.0,273739
273740,CAR432,2019,679.0,273741
273743,CAR436,2019,55869.0,273744
273749,CAR444,2019,88011.0,273750
273764,CAR465,2019,21965.0,273765
273770,CAR473,2019,93422.0,273771
273772,CAR475,2019,114092.0,273773
273787,CAR491,2019,24901.0,273788
273788,CAR495,2019,47319.0,273789
273790,CAR497,2019,7074.0,273791
273791,CAR498,2019,117982.0,273792
273799,CAR509,2019,2635.0,273800
273805,CAR517,2019,34980.0,273806
273806,CAR521,2019,42496.0,273807
273808,CAR531,2019,31860.0,273809
273813,CAR545,2019,90993.0,273814
273817,CAR558,2019,23552.0,273818
273818,CAR560,2019,62594.0,273819
273821,CAR575,2019,1069.0,273822
273830,CAR592,2019,25772.0,273831
273831,CAR593,2019,50818.0,273832
273843,CAR621,2019,149199.0,273844
273844,CAR627,2019,31094.0,273845
273849,CAR635,2019,115874.0,273850
273850,CAR639,2019,684610.0,273851
273853,CAR646,2019,6804.0,273854
273858,CAR659,2019,11591.0,273859
273861,CAR672,2019,2065.0,273862
273862,CAR674,2019,163686.0,273863
273863,CAR676,2019,1252.0,273864
273865,CAR683,2019,53646.0,273866
273867,CAR688,2019,4664.0,273868
273869,CAR694,2019,1748.0,273870
273878,CAR768,2019,184000.0,273879
273880,CAR772,2019,3070.0,273881
273889,CAR785,2019,61621.0,273890
273891,CAR790,2019,83545.0,273892
273898,CAR802,2019,4563.0,273899
273902,CAR807,2019,16922.0,273903
273903,CAR811,2019,105039.0,273904
273908,CAR817,2019,28407.0,273909
273910,CAR822,2019,6544.0,273911
273914,CAR829,2019,19842.0,273915
273921,CAR838,2019,90845.0,273922
273924,CAR844,2019,13192.0,273925
273929,CAR880,2019,32494.0,273930
273930,CAR881,2019,28839.0,273931
273934,CAR887,2019,43122.0,273935
273935,CAR888,2019,32078.0,273936
273942,CAR911,2019,27885.0,273943
273943,CAR917,2019,30885.0,273944
273947,CAR935,2019,2199.0,273948
273962,CAR969,2019,30811.0,273963
273971,CAR982,2019,10483.0,273972
273972,CAR988,2019,13713.0,273973
273976,CAR993,2019,6822.0,273977
273979,CAR996,2019,19032.0,273980
273980,CAR997,2019,553.0,273981
273981,CAR998,2019,7187.0,273982
273984,CAR1002,2019,5676.0,273985
273989,CAR1008,2019,18159.0,273990
273994,CAR1013,2019,101395.0,273995
273996,CAR1015,2019,15295.0,273997
273999,CAR1019,2019,10848.0,274000
274005,CAR1027,2019,137123.0,274006
274008,CAR1032,2019,88642.0,274009
274010,CAR1035,2019,18657.0,274011
274011,CAR1036,2019,16411.0,274012
274019,CAR1050,2019,31435.0,274020
274023,CAR1057,2019,10513.0,274024
274026,CAR1062,2019,3442.0,274027
274027,CAR1063,2019,10772.0,274028
274034,CAR1070,2019,17879.0,274035
274039,CAR1076,2019,14732.0,274040
274041,CAR1078,2019,18306.0,274042
274045,CAR1083,2019,16679.0,274046
274048,CAR1086,2019,18543.0,274049
274050,CAR1088,2019,8238.0,274051
274056,CAR1094,2019,1563.0,274057
274057,CAR1095,2019,73862.0,274058
274058,CAR1096,2019,9035.0,274059
274060,CAR1098,2019,110461.0,274061
274061,CAR1099,2019,57295.0,274062
274062,CAR1100,2019,58837.0,274063
274064,CAR1102,2019,7153.0,274065
274065,CAR1103,2019,2178.0,274066
274067,CAR1105,2019,193290.0,274068
274068,CAR1106,2019,17016.0,274069
274070,CAR1109,2019,7616.0,274071
274071,CAR1110,2019,41714.0,274072
274083,CAR1122,2019,15546.0,274084
274085,CAR1124,2019,16113.0,274086
274089,CAR1128,2019,6501.0,274090
274091,CAR1130,2019,9129.0,274092
274092,CAR1132,2019,3369.0,274093
274093,CAR1133,2019,909.0,274094
274096,CAR1136,2019,50107.0,274097
274098,CAR1138,2019,31207.0,274099
274099,CAR1139,2019,215622.0,274100
274100,CAR1140,2019,77845.0,274101
274101,CAR1141,2019,12718.0,274102
274102,CAR1142,2019,3420.0,274103
274103,CAR1143,2019,15789.0,274104
274105,CAR1145,2019,8816.0,274106
274107,CAR1147,2019,36769.0,274108
274108,CAR1151,2019,1738.0,274109
274109,CAR1152,2019,11975.0,274110
274110,CAR1153,2019,11739.0,274111
274111,CAR1154,2019,14790.0,274112
274116,CAR1159,2019,18128.0,274117
274117,CAR1160,2019,11427.0,274118
274118,CAR1161,2019,848.0,274119
274119,CAR1162,2019,1089.0,274120
274126,CAR1169,2019,75488.0,274127
274129,CAR1173,2019,8781.0,274130
274131,CAR1175,2019,141794.0,274132
274136,CAR1180,2019,67556.0,274137
274140,CAR1184,2019,11332.0,274141
274146,CAR1190,2019,33507.0,274147
274147,CAR1191,2019,63685.0,274148
274152,CAR1197,2019,78691.0,274153
274158,CAR1204,2019,1329.0,274159
274159,CAR1205,2019,134164.0,274160
274162,CAR1208,2019,57896.0,274163
274163,CAR1209,2019,26670.0,274164
274167,CAR1213,2019,19795.0,274168
274169,CAR1215,2019,121165.0,274170
274171,CAR1217,2019,10638.0,274172
274175,CAR1232,2019,5437.0,274176
274180,CAR1237,2019,1889.0,274181
274181,CAR1238,2019,6263.0,274182
274188,CAR1245,2019,2842.0,274189
274189,CAR1246,2019,10162.0,274190
274190,CAR1247,2019,11855.0,274191
274196,CAR1253,2019,11691.0,274197
274198,CAR1257,2019,91631.0,274199
274200,CAR1259,2019,4613.0,274201
274201,CAR1260,2019,1470.0,274202
274202,CAR1261,2019,9512.0,274203
274203,CAR1262,2019,8416.0,274204
274206,CAR1265,2019,41346.0,274207
274213,CAR1274,2019,13637.0,274214
274214,CAR1275,2019,6285.0,274215
274220,CAR1281,2019,17767.0,274221
274221,CAR1282,2019,5165.0,274222
274222,CAR1283,2019,6845.0,274223
274223,CAR1284,2019,4983.0,274224
274224,CAR1285,2019,9191.0,274225
274227,CAR1288,2019,21734.0,274228
274230,CAR1291,2019,33561.0,274231
274231,CAR1292,2019,1318537.0,274232
274232,CAR1293,2019,1109602.0,274233
274236,CAR1297,2019,252639.0,274237
274237,CAR1298,2019,6955.0,274238
274238,CAR1299,2019,2439.0,274239
274251,CAR1314,2019,1350943.0,274252
274252,CAR1315,2019,25185.0,274253
274253,CAR1316,2019,17312.0,274254
274254,CAR1317,2019,28166.0,274255
274257,CAR1321,2019,2040.0,274258
274260,CAR1325,2019,2720.0,274261
274262,CAR1327,2019,65097.0,274263
274263,CAR1328,2019,237.0,274264
274264,CAR1329,2019,445192.0,274265
274265,CAR1330,2019,202313.0,274266
274267,CAR1332,2019,651698.0,274268
274268,CAR1333,2019,4321.0,274269
274270,CAR1335,2019,72627.0,274271
274271,CAR1336,2019,702185.0,274272
274273,CAR1339,2019,2430904.0,274274
274274,CAR1340,2019,20517.0,274275
274275,CAR1341,2019,73462.0,274276
274277,CAR1344,2019,5557.0,274278
274278,CAR1345,2019,991.0,274279
274279,CAR1347,2019,2666.0,274280
274280,CAR1348,2019,827.0,274281
274281,CAR1350,2019,728.0,274282
274282,CAR1351,2019,393.0,274283
274283,CAR1352,2019,2064.0,274284
274284,CAR1353,2019,560.0,274285
274285,CAR1354,2019,1897.0,274286
274286,CAR1355,2019,632.0,274287
274287,CAR1356,2019,615.0,274288
274288,CAR1357,2019,912.0,274289
274289,CAR1358,2019,430.0,274290
274290,CAR1359,2019,492.0,274291
274291,CAR1360,2019,654.0,274292
274292,CAR1361,2019,1157.0,274293
274293,CAR1362,2019,1659.0,274294
274294,CAR1363,2019,1282.0,274295
274295,CAR1364,2019,388.0,274296
274297,CAR1366,2019,393.0,274298
274298,CAR1367,2019,58918.0,274299
274299,CAR1368,2019,397099.0,274300
274300,CAR1372,2019,36243.0,274301
274303,CAR1375,2019,2137.0,274304
274304,CAR1376,2019,96280.0,274305
274305,CAR1377,2019,3362.0,274306
274314,CAR1387,2019,5832.0,274315
274315,CAR1388,2019,14283.0,274316
274316,CAR1389,2019,3.0,274317
274318,CAR1392,2019,9980.0,274319
274322,CAR1399,2019,4717.0,274323
274332,CAR1411,2019,5533.0,274333
274335,CAR1415,2019,5231.0,274336
274339,CAR1428,2019,3258.0,274340
274340,CAR1429,2019,1537.0,274341
274341,CAR1432,2019,805.0,274342
274342,CAR1433,2019,1453.0,274343
274343,CAR1434,2019,564.0,274344
274344,CAR1435,2019,943.0,274345
274346,CAR1437,2019,288.0,274347
274347,CAR1438,2019,748.0,274348
274351,CAR1443,2019,9196.0,274352
274352,CAR1445,2019,476.0,274353
274353,CAR1446,2019,772.0,274354
274354,CAR1447,2019,757.0,274355
274355,CAR1448,2019,4087.0,274356
274356,CAR1449,2019,3769.0,274357
274357,CAR1450,2019,3306.0,274358
274358,CAR1451,2019,1629.0,274359
274359,CAR1452,2019,327.0,274360
274360,CAR1453,2019,1607.0,274361
274361,CAR1454,2019,2637.0,274362
274365,CAR1459,2019,28656.0,274366
274404,CAR1513,2019,3741.0,274405
274425,CAR1542,2019,348.0,274426
274791,CAR2047,2019,1318.0,274792
275006,GS352,2019,110897.0,275007
275009,GS367,2019,148115.0,275010
275011,GS369,2019,5018.0,275012
275016,GS390,2019,70103.0,275017
275018,GS395,2019,16284.0,275019
275019,GS397,2019,135328.0,275020
275020,GS398,2019,234770.0,275021
275024,GS407,2019,673337.0,275025
275025,GS410,2019,9450.0,275026
275026,GS411,2019,8113.0,275027
275033,GS423,2019,415.0,275034
275036,GS437,2019,29087.0,275037
275037,GS438,2019,22224.0,275038
275038,GS439,2019,21155.0,275039
275040,GS441,2019,49415.0,275041
275041,GS445,2019,34169.0,275042
275042,GS447,2019,759570.0,275043
275050,GS464,2019,357766.0,275051
275053,GS472,2019,193044.0,275054
275054,GS474,2019,194070.0,275055
275060,GS500,2019,51671.0,275061
275062,GS504,2019,85860.0,275063
275078,GS566,2019,43523.0,275079
275079,GS567,2019,195900.0,275080
275091,GS601,2019,40631.0,275092
275094,GS608,2019,218251.0,275095
275097,GS612,2019,75243.0,275098
275102,GS617,2019,143235.0,275103
275109,GS633,2019,28251.0,275110
275126,GS666,2019,12103.0,275127
275127,GS670,2019,50923.0,275128
275129,GS672,2019,80414.0,275130
275132,GS683,2019,69064.0,275133
275133,GS685,2019,75006.0,275134
275140,GS702,2019,22193.0,275141
275141,GS707,2019,262600.0,275142
275146,GS716,2019,4285.0,275147
275152,GS733,2019,57823.0,275153
275156,GS744,2019,119902.0,275157
275157,GS745,2019,82116.0,275158
275159,GS748,2019,1254.0,275160
275160,GS749,2019,6884.0,275161
275161,GS750,2019,63986.0,275162
275162,GS751,2019,62440.0,275163
275163,GS753,2019,104278.0,275164
275166,GS764,2019,19396.0,275167
275167,GS765,2019,38484.0,275168
275168,GS768,2019,22258.0,275169
275169,GS769,2019,203287.0,275170
275190,GS813,2019,381.0,275191
275193,GS817,2019,2920.0,275194
275199,GS828,2019,122594.0,275200
275203,GS835,2019,14216.0,275204
275205,GS840,2019,569.0,275206
275212,GS849,2019,11413.0,275213
275232,GS879,2019,145500.0,275233
275242,GS905,2019,182821.0,275243
275247,GS913,2019,28273.0,275248
275251,GS922,2019,8025.0,275252
275259,GS935,2019,54140.0,275260
275261,GS939,2019,3498.0,275262
275265,GS950,2019,31873.0,275266
275283,GS980,2019,4946.0,275284
275293,GS997,2019,6110.0,275294
275296,GS1001,2019,161285.0,275297
275297,GS1003,2019,142.0,275298
275303,GS1014,2019,5658.0,275304
275304,GS1015,2019,47891.0,275305
275306,GS1017,2019,37441.0,275307
275307,GS1018,2019,33262.0,275308
275308,GS1020,2019,90993.0,275309
275309,GS1021,2019,34182.0,275310
275316,GS1028,2019,5921.0,275317
275321,GS1033,2019,4584.0,275322
275328,GS1041,2019,93901.0,275329
275329,GS1042,2019,45042.0,275330
275330,GS1044,2019,49655.0,275331
275334,GS1049,2019,103226.0,275335
275336,GS1054,2019,71621.0,275337
275337,GS1055,2019,54726.0,275338
275339,GS1059,2019,120.0,275340
275340,GS1060,2019,41890.0,275341
275341,GS1061,2019,126242.0,275342
275345,GS1067,2019,13995.0,275346
275350,GS1074,2019,18978.0,275351
275353,GS1078,2019,19972.0,275354
275358,GS1090,2019,4939.0,275359
275359,GS1091,2019,78024.0,275360
275362,GS1094,2019,4647.0,275363
275363,GS1095,2019,4495.0,275364
275364,GS1096,2019,4538.0,275365
275365,GS1097,2019,4442.0,275366
275366,GS1098,2019,2929.0,275367
275367,GS1100,2019,2386.0,275368
275368,GS1101,2019,2755.0,275369
275370,GS1103,2019,2747.0,275371
275371,GS1104,2019,2479.0,275372
275379,GS1117,2019,32124.0,275380
275382,GS1124,2019,6748.0,275383
275384,GS1128,2019,45156.0,275385
275385,GS1134,2019,102192.0,275386
275392,GS1146,2019,8680.0,275393
275393,GS1147,2019,1427.0,275394
275396,GS1162,2019,6839.0,275397
275403,GS1173,2019,36002.0,275404
275404,GS1174,2019,50416.0,275405
275406,GS1178,2019,31939.0,275407
275413,GS1190,2019,97151.0,275414
275414,GS1191,2019,6843.0,275415
275419,GS1199,2019,7975.0,275420
275427,GS1207,2019,25081.0,275428
275428,GS1208,2019,24728.0,275429
275431,GS1221,2019,2301.0,275432
275433,GS1223,2019,36057.0,275434
275437,GS1228,2019,40373.0,275438
275438,GS1229,2019,3177.0,275439
275439,GS1230,2019,16405.0,275440
275444,GS1237,2019,74737.0,275445
275451,GS1244,2019,12493.0,275452
275454,GS1248,2019,5315.0,275455
275457,GS1253,2019,34406.0,275458
275460,GS1267,2019,7744.0,275461
275463,GS1286,2019,58033.0,275464
275464,GS1288,2019,1703.0,275465
275468,GS1294,2019,8396.0,275469
275469,GS1295,2019,462.0,275470
275470,GS1296,2019,9999.0,275471
275475,GS1303,2019,38525.0,275476
275476,GS1304,2019,690.0,275477
275477,GS1306,2019,27747.0,275478
275489,GS1318,2019,10477.0,275490
275491,GS1321,2019,116209.0,275492
275492,GS1322,2019,104746.0,275493
275498,GS1330,2019,1945.0,275499
275499,GS1332,2019,10370.0,275500
275501,GS1334,2019,4144.0,275502
275510,GS1347,2019,44829.0,275511
275511,GS1348,2019,41971.0,275512
275512,GS1350,2019,80558.0,275513
275514,GS1352,2019,7827.0,275515
275515,GS1353,2019,6111.0,275516
275518,GS1359,2019,6533.0,275519
275520,GS1363,2019,25536.0,275521
275521,GS1364,2019,68817.0,275522
275524,GS1367,2019,7168.0,275525
275525,GS1368,2019,85280.0,275526
275533,GS1378,2019,75807.0,275534
275535,GS1382,2019,59540.0,275536
275536,GS1383,2019,59728.0,275537
275541,GS1588,2019,76519.0,275542
275546,GS1693,2019,7839.0,275547
275547,GS1694,2019,7839.0,275548
275548,GS1695,2019,7839.0,275549
275549,GS1696,2019,7839.0,275550
275550,GS1697,2019,7839.0,275551
275551,GS1698,2019,7839.0,275552
275552,GS1699,2019,7839.0,275553
275553,GS1700,2019,7839.0,275554
275554,GS1701,2019,7839.0,275555
275555,GS1702,2019,7839.0,275556
275556,GS1703,2019,7839.0,275557
275557,GS1704,2019,7839.0,275558
275558,GS1705,2019,7839.0,275559
275559,GS1706,2019,7839.0,275560
275560,GS1707,2019,7839.0,275561
275561,GS1708,2019,7839.0,275562
275562,GS1709,2019,7839.0,275563
275563,GS1710,2019,7839.0,275564
275564,GS1711,2019,7839.0,275565
275565,GS1712,2019,7839.0,275566
275566,GS1713,2019,7839.0,275567
275567,GS1714,2019,7839.0,275568
275568,GS1715,2019,7839.0,275569
275569,GS1716,2019,7839.0,275570
275570,GS1717,2019,7839.0,275571
275571,GS1718,2019,7839.0,275572
275572,GS1719,2019,7839.0,275573
275573,GS1720,2019,7839.0,275574
275574,GS1721,2019,7839.0,275575
275575,GS1722,2019,7839.0,275576
275576,GS1723,2019,7839.0,275577
275577,GS1724,2019,7839.0,275578
275578,GS1725,2019,7839.0,275579
275579,GS1726,2019,7839.0,275580
275580,GS1727,2019,7839.0,275581
275581,GS1728,2019,7839.0,275582
275583,GS1730,2019,7839.0,275584
275584,GS1731,2019,7839.0,275585
275585,GS1732,2019,7839.0,275586
275586,GS1733,2019,7839.0,275587
275587,GS1734,2019,7839.0,275588
275588,GS1735,2019,7839.0,275589
275589,GS1736,2019,7839.0,275590
275590,GS1737,2019,7839.0,275591
275591,GS1738,2019,7839.0,275592
275592,GS1739,2019,8086.0,275593
275593,GS1740,2019,8086.0,275594
275594,GS1741,2019,8086.0,275595
275595,GS1742,2019,7839.0,275596
275596,GS1743,2019,7839.0,275597
275597,GS1744,2019,7048.0,275598
275598,GS1745,2019,7887.0,275599
275609,GS2094,2019,281342.0,275610
275610,GS2095,2019,72881.0,275611
275615,GS2290,2019,15171.0,275616
275617,GS2293,2019,70564.0,275618
275620,GS2296,2019,154749.0,275621
275621,GS2297,2019,469713.0,275622
275629,GS2397,2019,7230.0,275630
275643,GS2419,2019,84098.0,275644
275645,GS2421,2019,486.0,275646
275651,GS2429,2019,7974.0,275652
275656,GS2437,2019,6218.0,275657
275662,GS2444,2019,21055.0,275663
275664,GS2446,2019,142.0,275665
275665,GS2447,2019,9357.0,275666
275669,GS2456,2019,8138.0,275670
275670,GS2457,2019,16662.0,275671
275672,GS2460,2019,167108.0,275673
275674,GS2464,2019,32741.0,275675
275676,GS2468,2019,21939.0,275677
275679,GS2475,2019,77073.0,275680
275683,GS2479,2019,9126.0,275684
275684,GS2480,2019,7074.0,275685
275685,GS2481,2019,8456.0,275686
275687,GS2483,2019,124794.0,275688
275691,GS2487,2019,5055.0,275692
275692,GS2488,2019,5192.0,275693
275694,GS2490,2019,9810.0,275695
275696,GS2497,2019,54291.0,275697
275698,GS2499,2019,112683.0,275699
275699,GS2500,2019,28831.0,275700
275700,GS2501,2019,45864.0,275701
275701,GS2502,2019,74719.0,275702
275702,GS2503,2019,72551.0,275703
275706,GS2510,2019,34555.0,275707
275713,GS2519,2019,44004.0,275714
275714,GS2520,2019,19846.0,275715
275716,GS2525,2019,217461.0,275717
275718,GS2528,2019,10000.0,275719
275720,GS2534,2019,6280.0,275721
275721,GS2535,2019,5817.0,275722
275725,GS2540,2019,8076.0,275726
275727,GS2542,2019,30973.0,275728
275728,GS2543,2019,49725.0,275729
275729,GS2544,2019,104881.0,275730
275730,GS2545,2019,96666.0,275731
275731,GS2546,2019,77984.0,275732
275737,GS2564,2019,36264.0,275738
275739,GS2566,2019,7839.0,275740
275740,GS2567,2019,7839.0,275741
275741,GS2568,2019,7839.0,275742
275742,GS2569,2019,7839.0,275743
275743,GS2570,2019,7839.0,275744
275744,GS2571,2019,7839.0,275745
275745,GS2572,2019,7839.0,275746
275746,GS2573,2019,7839.0,275747
275747,GS2574,2019,7839.0,275748
275748,GS2575,2019,7839.0,275749
275749,GS2576,2019,7839.0,275750
275750,GS2577,2019,8086.0,275751
275751,GS2578,2019,7839.0,275752
275752,GS2579,2019,7839.0,275753
275753,GS2580,2019,7762.0,275754
275754,GS2581,2019,7839.0,275755
275755,GS2582,2019,7839.0,275756
275756,GS2583,2019,7839.0,275757
275757,GS2584,2019,7839.0,275758
275758,GS2585,2019,5787.0,275759
275759,GS2587,2019,39688.0,275760
275769,GS2644,2019,39888.0,275770
275776,GS2664,2019,28397.0,275777
275777,GS2665,2019,45441.0,275778
275782,GS2678,2019,5038.0,275783
275783,GS2679,2019,4937.0,275784
275784,GS2680,2019,4105.0,275785
275785,GS2681,2019,20632.0,275786
275786,GS2682,2019,91733.0,275787
275795,GS2691,2019,76670.0,275796
275799,GS2707,2019,37299.0,275800
275810,GS2744,2019,9117.0,275811
275812,GS2750,2019,14157.0,275813
275813,GS2751,2019,18019.0,275814
275814,GS2758,2019,275083.0,275815
275815,GS2763,2019,119011.0,275816
275818,GS2766,2019,34477.0,275819
275822,GS2891,2019,6177.0,275823
275823,GS2892,2019,6227.0,275824
275824,GS2893,2019,5893.0,275825
275825,GS2894,2019,6118.0,275826
275827,GS2896,2019,9997.0,275828
275828,GS2898,2019,245977.0,275829
275831,GS2913,2019,6510.0,275832
275832,GS2940,2019,308904.0,275833
275835,GS3007,2019,1372.0,275836
275839,GS3015,2019,69140.0,275840
275843,GS3024,2019,10000.0,275844
275849,GS3031,2019,4821.0,275850
275850,GS3039,2019,4446.0,275851
275851,GS3041,2019,97098.0,275852
275853,GS3072,2019,24143.0,275854
275854,GS3077,2019,44142.0,275855
275859,GS3105,2019,8842.0,275860
275860,GS3106,2019,9198.0,275861
275861,GS3107,2019,10000.0,275862
275862,GS3108,2019,10000.0,275863
275863,GS3109,2019,52437.0,275864
275866,GS3113,2019,60917.0,275867
275867,GS3114,2019,55451.0,275868
275869,GS3116,2019,59290.0,275870
275874,GS3253,2019,178549.0,275875
275878,GS3260,2019,2320.0,275879
275880,GS3262,2019,8909.0,275881
275882,GS3267,2019,1621.0,275883
275883,GS3305,2019,434.0,275884
275884,GS3306,2019,5536.0,275885
275886,GS3326,2019,7237.0,275887
275891,GS3343,2019,19362.0,275892
275899,GS3366,2019,43.0,275900
275900,GS3367,2019,9782.0,275901
275904,GS3372,2019,23306.0,275905
275908,GS3379,2019,66501.0,275909
275911,GS3404,2019,12556.0,275912
275912,GS3405,2019,6437.0,275913
275915,GS3410,2019,32211.0,275916
275919,GS3422,2019,8479.0,275920
275922,GS3429,2019,72905.0,275923
275923,GS3430,2019,5536.0,275924
275924,GS3431,2019,5538.0,275925
275925,GS3432,2019,5507.0,275926
275926,GS3433,2019,5351.0,275927
275927,GS3434,2019,127404.0,275928
275928,GS3443,2019,8411.0,275929
275929,GS3444,2019,6156.0,275930
275930,GS3445,2019,7700.0,275931
275931,GS3446,2019,6118.0,275932
275932,GS3447,2019,6206.0,275933
275933,GS3448,2019,6234.0,275934
275934,GS3449,2019,6006.0,275935
275935,GS3450,2019,6210.0,275936
275936,GS3451,2019,6131.0,275937
275937,GS3482,2019,8068.0,275938
275943,GS3493,2019,95481.0,275944
275945,GS3509,2019,9877.0,275946
275947,GS3511,2019,146416.0,275948
275948,GS3512,2019,71843.0,275949
275950,GS3514,2019,23869.0,275951
275951,GS3515,2019,8574.0,275952
275952,GS3516,2019,8147.0,275953
275953,GS3517,2019,7912.0,275954
275954,GS3518,2019,8558.0,275955
275955,GS3519,2019,8133.0,275956
275956,GS3520,2019,7925.0,275957
275957,GS3521,2019,7387.0,275958
275958,GS3522,2019,8202.0,275959
275959,GS3523,2019,9149.0,275960
275960,GS3524,2019,9063.0,275961
275963,GS3544,2019,8448.0,275964
275964,GS3547,2019,60971.0,275965
275965,GS3551,2019,106250.0,275966
275967,GS3556,2019,1180.0,275968
275969,GS3560,2019,8065.0,275970
275970,GS3561,2019,9471.0,275971
275971,GS3563,2019,8411.0,275972
275972,GS3564,2019,8411.0,275973
275974,GS3566,2019,64500.0,275975
275975,GS3567,2019,168052.0,275976
275977,GS3588,2019,7839.0,275978
275978,GS3589,2019,7839.0,275979
275979,GS3590,2019,7839.0,275980
275980,GS3591,2019,7839.0,275981
275981,GS3592,2019,7839.0,275982
275982,GS3593,2019,7839.0,275983
275983,GS3594,2019,7839.0,275984
275984,GS3595,2019,7839.0,275985
275985,GS3596,2019,7171.0,275986
275986,GS3597,2019,7853.0,275987
275987,GS3598,2019,8042.0,275988
275988,GS3599,2019,7839.0,275989
275989,GS3600,2019,7839.0,275990
275990,GS3601,2019,7861.0,275991
275992,GS3606,2019,8607.0,275993
275994,GS3618,2019,8099.0,275995
275995,GS3619,2019,8499.0,275996
275996,GS3620,2019,8268.0,275997
275997,GS3626,2019,5433.0,275998
276004,GS3705,2019,166772.0,276005
276010,GS3906,2019,13544.0,276011
276015,GS3945,2019,6218.0,276016
276017,GS3947,2019,6139.0,276018
276023,GS3958,2019,185028.0,276024
276025,GS3964,2019,4167.0,276026
276026,GS3965,2019,41865.0,276027
276027,GS3966,2019,14759.0,276028
276028,GS3969,2019,180200.0,276029
276029,GS3971,2019,25357.0,276030
276032,GS3976,2019,328451.0,276033
276033,GS3992,2019,78200.0,276034
276035,GS4014,2019,7770.0,276036
276037,GS4036,2019,8975.0,276038
276043,GS4195,2019,22787.0,276044
276045,GS4202,2019,6669.0,276046
276046,GS4203,2019,6445.0,276047
276047,GS4205,2019,9222.0,276048
276050,GS4210,2019,15988.0,276051
276052,GS4220,2019,9017.0,276053
276053,GS4221,2019,344671.0,276054
276054,GS4233,2019,51171.0,276055
276055,GS4236,2019,21570.0,276056
276056,GS4238,2019,69702.0,276057
276058,GS4240,2019,8925.0,276059
276061,GS4259,2019,42692.0,276062
276062,GS4260,2019,7074.0,276063
276063,GS4261,2019,38126.0,276064
276064,GS4264,2019,99514.0,276065
276065,GS4265,2019,80563.0,276066
276067,GS4269,2019,17517.0,276068
276068,GS4270,2019,4443.0,276069
276069,GS4271,2019,10000.0,276070
276071,GS4273,2019,31540.0,276072
276072,GS4288,2019,18255.0,276073
276074,GS4290,2019,21512.0,276075
276075,GS4291,2019,34782.0,276076
276076,GS4296,2019,21481.0,276077
276077,GS4300,2019,28622.0,276078
276078,GS4364,2019,4715.0,276079
276081,GS4372,2019,3204.0,276082
276082,GS4373,2019,4073.0,276083
276083,GS4374,2019,2753.0,276084
276084,GS4375,2019,3204.0,276085
276085,GS4376,2019,2198.0,276086
276086,GS4377,2019,4216.0,276087
276087,GS4378,2019,3503.0,276088
276088,GS4379,2019,5862.0,276089
276089,GS4380,2019,3632.0,276090
276090,GS4381,2019,2883.0,276091
276091,GS4382,2019,4402.0,276092
276092,GS4383,2019,4051.0,276093
276093,GS4384,2019,2660.0,276094
276094,GS4385,2019,3556.0,276095
276095,GS4386,2019,7131.0,276096
276096,GS4387,2019,4988.0,276097
276097,GS4388,2019,5425.0,276098
276098,GS4389,2019,4484.0,276099
276099,GS4390,2019,579.0,276100
276100,GS4391,2019,5662.0,276101
276101,GS4392,2019,1572.0,276102
276102,GS4393,2019,3798.0,276103
276103,GS4394,2019,8460.0,276104
276104,GS4395,2019,4990.0,276105
276105,GS4396,2019,6176.0,276106
276106,GS4397,2019,8656.0,276107
276107,GS4398,2019,1941.0,276108
276108,GS4399,2019,275.0,276109
276109,GS4400,2019,8803.0,276110
276110,GS4401,2019,8829.0,276111
276111,GS4422,2019,9151.0,276112
276112,GS4423,2019,9151.0,276113
276114,GS4425,2019,168184.0,276115
276115,GS4426,2019,181908.0,276116
276119,GS4442,2019,41490.0,276120
276121,GS4446,2019,15720.0,276122
276124,GS4518,2019,9151.0,276125
276125,GS4519,2019,9124.0,276126
276126,GS4530,2019,8902.0,276127
276127,GS4531,2019,48538.0,276128
276129,GS4533,2019,23029.0,276130
276132,GS4536,2019,1265.0,276133
276136,GS4546,2019,4787.0,276137
276137,GS4553,2019,8411.0,276138
276138,GS4557,2019,163236.0,276139
276143,GS4593,2019,1546.0,276144
276144,GS4596,2019,18458.0,276145
276147,GS4603,2019,190706.0,276148
276154,GS4634,2019,1604.0,276155
276157,GS4688,2019,36781.0,276158
276159,GS4702,2019,3187.0,276160
276160,GS4707,2019,68638.0,276161
276163,GS4797,2019,9151.0,276164
276164,GS4798,2019,9151.0,276165
276165,GS4799,2019,34355.0,276166
276166,GS4813,2019,156495.0,276167
276170,GS4822,2019,60378.0,276171
276171,GS4823,2019,3657.0,276172
276172,GS4824,2019,13175.0,276173
276174,GS4875,2019,13963.0,276175
276177,GS4897,2019,8545.0,276178
276178,GS4898,2019,8545.0,276179
276179,GS4899,2019,8401.0,276180
276180,GS4900,2019,8441.0,276181
276181,GS4901,2019,8331.0,276182
276183,GS4906,2019,6083.0,276184
276184,GS4922,2019,65374.0,276185
276185,GS4962,2019,114954.0,276186
276190,GS5003,2019,75318.0,276191
276191,GS5007,2019,74094.0,276192
276195,GS5013,2019,150674.0,276196
276200,GS5033,2019,8331.0,276201
276201,GS5034,2019,8331.0,276202
276202,GS5035,2019,8401.0,276203
276203,GS5036,2019,8545.0,276204
276205,GS5038,2019,7486.0,276206
276206,GS5039,2019,7486.0,276207
276207,GS5040,2019,7476.0,276208
276208,GS5041,2019,7294.0,276209
276209,GS5042,2019,7238.0,276210
276210,GS5043,2019,7486.0,276211
276211,GS5046,2019,36258.0,276212
276215,GS5064,2019,12291.0,276216
276217,GS5073,2019,158360.0,276218
276219,GS5099,2019,59746.0,276220
276220,GS5106,2019,6699.0,276221
276221,GS5107,2019,56178.0,276222
276224,GS5125,2019,124389.0,276225
276225,GS5186,2019,6749.0,276226
276226,GS5187,2019,6276.0,276227
276227,GS5188,2019,6333.0,276228
276228,GS5189,2019,5393.0,276229
276229,GS5190,2019,4931.0,276230
276230,GS5191,2019,6369.0,276231
276231,GS5192,2019,7535.0,276232
276232,GS5193,2019,6489.0,276233
276233,GS5194,2019,5816.0,276234
276234,GS5195,2019,2380.0,276235
276235,GS5196,2019,5608.0,276236
276236,GS5197,2019,6287.0,276237
276237,GS5199,2019,30208.0,276238
276240,GS5228,2019,34500.0,276241
276241,GS5229,2019,123933.0,276242
276242,GS5230,2019,10000.0,276243
276243,GS5244,2019,9117.0,276244
276244,GS5245,2019,9151.0,276245
276245,GS5256,2019,12539.0,276246
276246,GS5257,2019,58983.0,276247
276248,GS5303,2019,7248.0,276249
276255,GS5314,2019,49979.0,276256
276256,GS5315,2019,13647.0,276257
276258,GS5317,2019,23826.0,276259
276259,GS5322,2019,4662.0,276260
276260,GS5323,2019,4653.0,276261
276261,GS5324,2019,4662.0,276262
276262,GS5325,2019,9895.0,276263
276263,GS5326,2019,9895.0,276264
276264,GS5329,2019,10000.0,276265
276265,GS5330,2019,10000.0,276266
276266,GS5331,2019,10000.0,276267
276267,GS5332,2019,10000.0,276268
276268,GS5335,2019,10000.0,276269
276269,GS5336,2019,10000.0,276270
276270,GS5337,2019,10000.0,276271
276271,GS5338,2019,10000.0,276272
276272,GS5339,2019,10000.0,276273
276273,GS5340,2019,10000.0,276274
276274,GS5341,2019,10000.0,276275
276275,GS5342,2019,10000.0,276276
276276,GS5343,2019,10000.0,276277
276277,GS5344,2019,10000.0,276278
276279,GS5377,2019,22568.0,276280
276282,GS5391,2019,19391.0,276283
276283,GS5392,2019,8545.0,276284
276284,GS5393,2019,8545.0,276285
276285,GS5394,2019,8418.0,276286
276286,GS5395,2019,8545.0,276287
276287,GS5396,2019,8269.0,276288
276290,GS5417,2019,34289.0,276291
276291,GS5418,2019,36934.0,276292
276292,GS5434,2019,5535.0,276293
276293,GS5437,2019,10000.0,276294
276294,GS5438,2019,10000.0,276295
276295,GS5439,2019,10000.0,276296
276296,GS5440,2019,10000.0,276297
276297,GS5441,2019,10000.0,276298
276300,GS5444,2019,10000.0,276301
276302,GS5463,2019,19438.0,276303
276303,GS5519,2019,208748.0,276304
276304,GS5523,2019,336854.0,276305
276308,GS5574,2019,6521.0,276309
276309,GS5575,2019,80382.0,276310
276310,GS5614,2019,191343.0,276311
276312,GS5617,2019,43340.0,276313
276313,GS5618,2019,80264.0,276314
276314,GS5624,2019,47112.0,276315
276316,GS5633,2019,22466.0,276317
276317,GS5634,2019,6118.0,276318
276318,GS5635,2019,6128.0,276319
276319,GS5636,2019,6048.0,276320
276320,GS5637,2019,6094.0,276321
276322,GS5642,2019,277373.0,276323
276323,GS5643,2019,16020.0,276324
276328,GS5661,2019,549.0,276329
276329,GS5662,2019,4687.0,276330
276332,GS5698,2019,130085.0,276333
276333,GS5699,2019,50396.0,276334
276335,GS5780,2019,1167.0,276336
276336,GS5781,2019,6060.0,276337
276337,GS5782,2019,6060.0,276338
276338,GS5783,2019,6614.0,276339
276339,GS5796,2019,9289.0,276340
276340,GS5799,2019,125903.0,276341
276342,GS5801,2019,10992.0,276343
276343,GS5802,2019,5388.0,276344
276345,GS5825,2019,10125.0,276346
276346,GS5826,2019,9263.0,276347
276347,GS5827,2019,9864.0,276348
276348,GS5830,2019,51184.0,276349
276349,GS5831,2019,23359.0,276350
276355,GS5860,2019,48866.0,276356
276356,GS5866,2019,84137.0,276357
276360,GS5889,2019,39.0,276361
276361,GS5890,2019,3005.0,276362
276362,GS5891,2019,202.0,276363
276363,GS5892,2019,4190.0,276364
276366,GS5923,2019,208.0,276367
276367,GS5928,2019,202262.0,276368
276369,GS5951,2019,9444.0,276370
276370,GS5952,2019,9472.0,276371
276371,GS5953,2019,9214.0,276372
276372,GS5954,2019,9433.0,276373
276373,GS5955,2019,9329.0,276374
276377,GS6003,2019,8041.0,276378
276378,GS6004,2019,55116.0,276379
276379,GS6008,2019,8093.0,276380
276384,GS6037,2019,4662.0,276385
276385,GS6038,2019,4662.0,276386
276391,GS6050,2019,6083.0,276392
276406,GS6101,2019,8130.0,276407
276407,GS6108,2019,31818.0,276408
276408,GS6109,2019,32398.0,276409
276409,GS6111,2019,31596.0,276410
276410,GS6112,2019,30320.0,276411
276411,GS6113,2019,30320.0,276412
276412,GS6114,2019,22030.0,276413
276413,GS6115,2019,22030.0,276414
276414,GS6116,2019,21672.0,276415
276415,GS6129,2019,8048.0,276416
276419,GS6152,2019,9590.0,276420
276420,GS6155,2019,20521.0,276421
276421,GS6189,2019,9066.0,276422
276423,GS6212,2019,30962.0,276424
276424,GS6235,2019,5623.0,276425
276425,GS6236,2019,5417.0,276426
276426,GS6237,2019,4829.0,276427
276428,GS6256,2019,15448.0,276429
276429,GS6264,2019,37666.0,276430
276430,GS6271,2019,15708.0,276431
276432,GS6275,2019,45029.0,276433
276433,GS6279,2019,20076.0,276434
276435,GS6289,2019,10065.0,276436
276436,GS6290,2019,447192.0,276437
276437,GS6301,2019,56229.0,276438
276439,GS6338,2019,7191.0,276440
276440,GS6344,2019,3166.0,276441
276441,GS6349,2019,6336.0,276442
276442,GS6350,2019,6087.0,276443
276443,GS6351,2019,6214.0,276444
276444,GS6356,2019,12862.0,276445
276445,GS6393,2019,72147.0,276446
276446,GS6394,2019,62743.0,276447
276447,GS6395,2019,7297.0,276448
276449,GS6411,2019,58304.0,276450
276450,GS6414,2019,9894.0,276451
276451,GS6419,2019,7870.0,276452
276453,GS6443,2019,3969.0,276454
276454,GS6444,2019,9610.0,276455
276455,GS6445,2019,9516.0,276456
276456,GS6460,2019,159.0,276457
276461,GS6513,2019,8997.0,276462
276462,GS6518,2019,8602.0,276463
276463,GS6519,2019,9006.0,276464
276464,GS6520,2019,8612.0,276465
276465,GS6521,2019,8625.0,276466
276466,GS6522,2019,8774.0,276467
276467,GS6523,2019,8935.0,276468
276468,GS6566,2019,7717.0,276469
276471,GS6597,2019,19374.0,276472
276472,GS6598,2019,11034.0,276473
276473,GS6599,2019,7965.0,276474
276474,GS6600,2019,9216.0,276475
276475,GS6604,2019,32703.0,276476
276476,GS6607,2019,45920.0,276477
276478,GS6747,2019,118504.0,276479
276479,GS6748,2019,94451.0,276480
276480,GS6749,2019,3683.0,276481
276483,GS6752,2019,8793.0,276484
276484,GS6753,2019,505329.0,276485
276485,GS6756,2019,63215.0,276486
276486,GS6760,2019,149445.0,276487
276487,GS6783,2019,5111.0,276488
276488,GS6784,2019,4795.0,276489
276489,GS6786,2019,6296.0,276490
276490,GS6787,2019,4614.0,276491
276491,GS6788,2019,5501.0,276492
276492,GS6789,2019,5511.0,276493
276493,GS6790,2019,5393.0,276494
276495,GS6830,2019,2585.0,276496
276496,GS6831,2019,17808.0,276497
276497,GS6832,2019,20093.0,276498
276498,GS6836,2019,5152.0,276499
276499,GS6837,2019,8786.0,276500
276500,GS6838,2019,8331.0,276501
276502,GS6853,2019,219560.0,276503
276503,GS6854,2019,50491.0,276504
276504,GS6855,2019,63677.0,276505
276505,GS6856,2019,13424.0,276506
276506,GS6857,2019,36468.0,276507
276507,GS6858,2019,30774.0,276508
276508,GS6861,2019,9767.0,276509
276513,GS6998,2019,3532.0,276514
276514,GS6999,2019,47657.0,276515
276516,GS7049,2019,289509.0,276517
276517,GS7071,2019,887469.0,276518
276521,GS7090,2019,10000.0,276522
276525,GS7128,2019,10000.0,276526
276526,GS7129,2019,10000.0,276527
276527,GS7130,2019,10000.0,276528
276528,GS7131,2019,10000.0,276529
276529,GS7132,2019,2440.0,276530
276530,GS7133,2019,1672.0,276531
276531,GS7134,2019,4669.0,276532
276532,GS7135,2019,5301.0,276533
276533,GS7136,2019,2070.0,276534
276539,GS7147,2019,9066.0,276540
276540,GS7148,2019,9066.0,276541
276541,GS7149,2019,9066.0,276542
276542,GS7150,2019,9066.0,276543
276544,GS7152,2019,196409.0,276545
276545,GS7153,2019,9972.0,276546
276546,GS7154,2019,80644.0,276547
276547,GS7164,2019,161201.0,276548
276548,GS7287,2019,937.0,276549
276549,GS7288,2019,1065.0,276550
276550,GS7289,2019,1111.0,276551
276551,GS7290,2019,1349.0,276552
276552,GS7291,2019,1081.0,276553
276553,GS7292,2019,1206.0,276554
276554,GS7293,2019,8364.0,276555
276556,GS7311,2019,9031.0,276557
276557,GS7312,2019,699518.0,276558
276558,GS7317,2019,2166.0,276559
276559,GS7318,2019,9440.0,276560
276560,GS7330,2019,8012.0,276561
276561,GS7331,2019,7487.0,276562
276562,GS7332,2019,8157.0,276563
276563,GS7333,2019,8157.0,276564
276564,GS7334,2019,7487.0,276565
276565,GS7335,2019,7486.0,276566
276566,GS7336,2019,7266.0,276567
276567,GS7343,2019,7548.0,276568
276568,GS7345,2019,42.0,276569
276570,GS7356,2019,991.0,276571
276572,GS7362,2019,3010.0,276573
276573,GS7363,2019,2999.0,276574
276574,GS7364,2019,2705.0,276575
276575,GS7365,2019,1636.0,276576
276576,GS7366,2019,1787.0,276577
276577,GS7367,2019,9534.0,276578
276578,GS7368,2019,9616.0,276579
276579,GS7369,2019,7699.0,276580
276580,GS7370,2019,7671.0,276581
276581,GS7371,2019,7589.0,276582
276582,GS7372,2019,7616.0,276583
276583,GS7391,2019,4454.0,276584
276586,GS7394,2019,9426.0,276587
276587,GS7395,2019,3835.0,276588
276588,GS7396,2019,3835.0,276589
276589,GS7397,2019,3835.0,276590
276590,GS7398,2019,3835.0,276591
276591,GS7399,2019,3835.0,276592
276592,GS7400,2019,3835.0,276593
276593,GS7401,2019,3792.0,276594
276594,GS7433,2019,61976.0,276595
276595,GS7434,2019,62048.0,276596
276596,GS7435,2019,281.0,276597
276597,GS7436,2019,4147.0,276598
276598,GS7437,2019,973.0,276599
276599,GS7438,2019,32682.0,276600
276602,GS7444,2019,2623.0,276603
276603,GS7448,2019,1872.0,276604
276604,GS7449,2019,827.0,276605
276605,GS7450,2019,3696.0,276606
276606,GS7451,2019,377.0,276607
276607,GS7452,2019,905.0,276608
276610,GS7456,2019,209.0,276611
276611,GS7457,2019,346.0,276612
276612,GS7458,2019,475.0,276613
276613,GS7459,2019,998.0,276614
276614,GS7460,2019,74.0,276615
276619,GS7465,2019,7974.0,276620
276620,GS7466,2019,38407.0,276621
276621,GS7467,2019,29686.0,276622
276622,GS7468,2019,150423.0,276623
276623,GS7469,2019,92074.0,276624
276624,GS7470,2019,2699.0,276625
276625,GS7471,2019,3595.0,276626
276626,GS7472,2019,3133.0,276627
276627,GS7473,2019,2039.0,276628
276628,GS7474,2019,1939.0,276629
276629,GS7475,2019,3011.0,276630
276630,GS7476,2019,2910.0,276631
276631,GS7477,2019,2796.0,276632
276632,GS7478,2019,2012.0,276633
276633,GS7479,2019,2176.0,276634
276634,GS7480,2019,964.0,276635
276635,GS7481,2019,509.0,276636
276636,GS7482,2019,624.0,276637
276638,GS7484,2019,86.0,276639
276647,GS7493,2019,12704.0,276648
276648,GS7495,2019,28432.0,276649
276649,GS7496,2019,7500.0,276650
276651,GS7498,2019,15592.0,276652
276656,GS7504,2019,11553.0,276657
276657,GS7505,2019,40739.0,276658
276658,GS7506,2019,14877.0,276659
276659,GS7507,2019,9407.0,276660
276660,GS7508,2019,60720.0,276661
276661,GS7509,2019,36237.0,276662
276662,GS7510,2019,42052.0,276663
276663,GS7512,2019,6028.0,276664
276675,GS7524,2019,2082.0,276676
276676,GS7525,2019,263470.0,276677
276677,GS7526,2019,24586.0,276678
276682,GS7531,2019,6740.0,276683
276683,GS7532,2019,228168.0,276684
276684,GS7533,2019,21.0,276685
276686,GS7535,2019,12758.0,276687
276688,GS7538,2019,400699.0,276689
276689,GS7539,2019,4933.0,276690
276694,GS7544,2019,30511.0,276695
276697,GS7547,2019,5595.0,276698
276698,GS7548,2019,11026.0,276699
276699,GS7549,2019,13914.0,276700
276701,GS7551,2019,35244.0,276702
276703,GS7553,2019,27635.0,276704
276706,GS7556,2019,505.0,276707
276711,GS7561,2019,7953.0,276712
276716,GS7566,2019,3072.0,276717
276720,GS7570,2019,7489.0,276721
276721,GS7571,2019,7489.0,276722
276725,GS7576,2019,31027.0,276726
276728,GS7579,2019,33607.0,276729
276736,GS7587,2019,6003.0,276737
276753,GS7604,2019,105437.0,276754
276754,GS7605,2019,102619.0,276755
276755,GS7606,2019,106415.0,276756
276759,GS7610,2019,24.0,276760
276763,GS7614,2019,23608.0,276764
276764,GS7615,2019,18605.0,276765
276775,GS7628,2019,95799.0,276776
276776,GS7629,2019,69558.0,276777
276777,GS7630,2019,59792.0,276778
276779,GS7632,2019,21794.0,276780
276780,GS7633,2019,25404.0,276781
276803,GS7668,2019,20890.0,276804
276804,GS7669,2019,56192.0,276805
276813,GS7679,2019,44217.0,276814
276820,GS7686,2019,1321.0,276821
276858,GS7724,2019,12110.0,276859
276860,GS7726,2019,14045.0,276861
276868,GS7737,2019,9108.0,276869
276875,GS7744,2019,12846.0,276876
276877,GS7746,2019,14805.0,276878
276884,GS7754,2019,116337.0,276885
276898,GS7783,2019,1446.0,276899
276921,GS10220,2019,34076.0,276922
276927,GS10457,2019,130.0,276928
276936,GS10657,2019,2098.0,276937
276937,GS10658,2019,682.0,276938
276938,GS10659,2019,3075.0,276939
276963,GS10718,2019,44.0,276964
276992,GS10782,2019,16748.0,276993
276997,GS10788,2019,1847.0,276998
276999,GS10790,2019,81483.0,277000
277008,GS10799,2019,1139.0,277009
277009,GS10800,2019,1115.0,277010
277010,GS10801,2019,745.0,277011
277011,GS10802,2019,608.0,277012
277012,GS10803,2019,316.0,277013
277013,GS10804,2019,331.0,277014
277014,GS10805,2019,158.0,277015
277019,GS10810,2019,32528.0,277020
277020,GS10811,2019,26347.0,277021
277021,GS10812,2019,69735.0,277022
277022,GS10813,2019,66723.0,277023
277103,GS10974,2019,44874.0,277104
277105,GS10976,2019,44330.0,277106
277106,GS10977,2019,44442.0,277107
277107,GS10978,2019,44226.0,277108
277108,GS10979,2019,44891.0,277109
277109,GS10980,2019,44601.0,277110
277110,GS10981,2019,44707.0,277111
277111,GS10982,2019,40758.0,277112
277242,GS11154,2019,7968.0,277243
277317,GS11241,2019,4754.0,277318
277380,GS11307,2019,26540.0,277381
277432,GS11401,2019,36126.0,277433
277433,GS11402,2019,7387.0,277434
277434,GS11403,2019,5919.0,277435
277435,GS11404,2019,10906.0,277436
277436,GS11405,2019,13550.0,277437
277447,GS11417,2019,1874.0,277448
277448,GS11418,2019,1956.0,277449
277449,GS11419,2019,2094.0,277450
277450,GS11420,2019,2108.0,277451
279263,VCS5,2019,23068.0,279264
279289,VCS33,2019,20189.0,279290
279290,VCS34,2019,10152.0,279291
279310,VCS54,2019,28911.0,279311
279321,VCS65,2019,2874.0,279322
279347,VCS92,2019,1256820.0,279348
279374,VCS120,2019,6563.0,279375
279391,VCS138,2019,78858.0,279392
279396,VCS143,2019,4217.0,279397
279397,VCS144,2019,104440.0,279398
279411,VCS158,2019,19100.0,279412
279447,VCS197,2019,53201.0,279448
279448,VCS198,2019,26109.0,279449
279452,VCS202,2019,6804.0,279453
279531,VCS281,2019,6665.0,279532
279540,VCS290,2019,10175.0,279541
279542,VCS292,2019,246512.0,279543
279567,VCS318,2019,76248.0,279568
279581,VCS332,2019,10493.0,279582
279584,VCS335,2019,16083.0,279585
279585,VCS336,2019,13850.0,279586
279586,VCS337,2019,19521.0,279587
279619,VCS370,2019,23973.0,279620
279629,VCS380,2019,19919.0,279630
279630,VCS381,2019,10799.0,279631
279640,VCS391,2019,147097.0,279641
279654,VCS405,2019,32777.0,279655
279660,VCS411,2019,27243.0,279661
279661,VCS412,2019,81308.0,279662
279662,VCS413,2019,95324.0,279663
279663,VCS414,2019,104386.0,279664
279664,VCS415,2019,40275.0,279665
279665,VCS416,2019,37032.0,279666
279666,VCS417,2019,59738.0,279667
279676,VCS427,2019,59091.0,279677
279677,VCS428,2019,56968.0,279678
279679,VCS430,2019,59800.0,279680
279687,VCS438,2019,345001.0,279688
279689,VCS440,2019,21140.0,279690
279690,VCS441,2019,56152.0,279691
279697,VCS448,2019,28924.0,279698
279699,VCS450,2019,17372.0,279700
279704,VCS455,2019,11892.0,279705
279705,VCS456,2019,20998.0,279706
279717,VCS468,2019,212830.0,279718
279735,VCS486,2019,143197.0,279736
279736,VCS487,2019,712808.0,279737
279737,VCS488,2019,228769.0,279738
279738,VCS489,2019,74380.0,279739
279753,VCS504,2019,50750.0,279754
279755,VCS506,2019,166220.0,279756
279759,VCS510,2019,5010.0,279760
279763,VCS514,2019,19885.0,279764
279783,VCS534,2019,110396.0,279784
279784,VCS535,2019,106186.0,279785
279785,VCS536,2019,123752.0,279786
279789,VCS540,2019,63216.0,279790
279792,VCS543,2019,76015.0,279793
279795,VCS546,2019,88610.0,279796
279797,VCS548,2019,93882.0,279798
279811,VCS562,2019,220877.0,279812
279832,VCS583,2019,1386.0,279833
279852,VCS603,2019,8249.0,279853
279856,VCS607,2019,217816.0,279857
279861,VCS612,2019,1377897.0,279862
279866,VCS617,2019,973.0,279867
279867,VCS618,2019,131848.0,279868
279887,VCS638,2019,17376.0,279888
279889,VCS640,2019,29233.0,279890
279902,VCS653,2019,34244.0,279903
279905,VCS656,2019,480603.0,279906
279914,VCS665,2019,14976.0,279915
279921,VCS672,2019,72716.0,279922
279923,VCS674,2019,1676895.0,279924
279931,VCS682,2019,30448.0,279932
279934,VCS685,2019,59747.0,279935
279946,VCS697,2019,114555.0,279947
279949,VCS700,2019,31940.0,279950
279950,VCS701,2019,23052.0,279951
279955,VCS706,2019,63590.0,279956
279957,VCS708,2019,52698.0,279958
279961,VCS713,2019,96503.0,279962
279963,VCS715,2019,43225.0,279964
279964,VCS716,2019,51635.0,279965
279965,VCS717,2019,410365.0,279966
279974,VCS726,2019,73008.0,279975
279975,VCS727,2019,242954.0,279976
279976,VCS728,2019,347325.0,279977
279984,VCS736,2019,97948.0,279985
279985,VCS737,2019,128875.0,279986
279988,VCS740,2019,294401.0,279989
279999,VCS752,2019,42163.0,280000
280000,VCS753,2019,135446.0,280001
280002,VCS755,2019,117911.0,280003
280003,VCS756,2019,444562.0,280004
280005,VCS758,2019,35136.0,280006
280006,VCS759,2019,35668.0,280007
280008,VCS761,2019,37057.0,280009
280009,VCS762,2019,159609.0,280010
280010,VCS763,2019,61640.0,280011
280027,VCS780,2019,222228.0,280028
280031,VCS784,2019,90914.0,280032
280037,VCS790,2019,25153.0,280038
280040,VCS793,2019,51732.0,280041
280043,VCS796,2019,221785.0,280044
280045,VCS798,2019,86682.0,280046
280054,VCS807,2019,102317.0,280055
280063,VCS816,2019,5841.0,280064
280066,VCS819,2019,14196.0,280067
280069,VCS822,2019,18187.0,280070
280071,VCS824,2019,138235.0,280072
280072,VCS825,2019,69023.0,280073
280073,VCS826,2019,5258.0,280074
280074,VCS827,2019,34503.0,280075
280080,VCS833,2019,32531.0,280081
280081,VCS834,2019,20232.0,280082
280082,VCS835,2019,58761.0,280083
280087,VCS840,2019,26865.0,280088
280091,VCS844,2019,833007.0,280092
280096,VCS849,2019,69035.0,280097
280097,VCS850,2019,80602.0,280098
280099,VCS852,2019,16745.0,280100
280115,VCS868,2019,2239195.0,280116
280119,VCS872,2019,30881.0,280120
280122,VCS875,2019,194505.0,280123
280126,VCS879,2019,19498.0,280127
280130,VCS883,2019,1024343.0,280131
280139,VCS892,2019,379412.0,280140
280143,VCS896,2019,1149984.0,280144
280149,VCS902,2019,1811810.0,280150
280150,VCS903,2019,456968.0,280151
280152,VCS905,2019,73834.0,280153
280157,VCS910,2019,95606.0,280158
280158,VCS911,2019,79993.0,280159
280159,VCS912,2019,45537.0,280160
280161,VCS914,2019,12988.0,280162
280164,VCS917,2019,148290.0,280165
280168,VCS921,2019,69126.0,280169
280172,VCS925,2019,12744.0,280173
280173,VCS926,2019,15194.0,280174
280174,VCS927,2019,29164.0,280175
280175,VCS928,2019,66950.0,280176
280176,VCS929,2019,780019.0,280177
280181,VCS934,2019,6295037.0,280182
280182,VCS935,2019,21805.0,280183
280194,VCS947,2019,98866.0,280195
280201,VCS954,2019,65483.0,280202
280205,VCS958,2019,87674.0,280206
280207,VCS960,2019,624642.0,280208
280209,VCS962,2019,638919.0,280210
280210,VCS963,2019,99848.0,280211
280221,VCS974,2019,29135.0,280222
280232,VCS985,2019,4737495.0,280233
280233,VCS986,2019,52196.0,280234
280234,VCS987,2019,140183.0,280235
280240,VCS993,2019,111073.0,280241
280242,VCS995,2019,43372.0,280243
280248,VCS1001,2019,88847.0,280249
280261,VCS1015,2019,5685.0,280262
280265,VCS1019,2019,125415.0,280266
280266,VCS1020,2019,22628.0,280267
280267,VCS1021,2019,8885.0,280268
280268,VCS1022,2019,6941.0,280269
280269,VCS1023,2019,22473.0,280270
280270,VCS1024,2019,11171.0,280271
280272,VCS1026,2019,8112.0,280273
280278,VCS1032,2019,10906.0,280279
280283,VCS1037,2019,280172.0,280284
280285,VCS1039,2019,64592.0,280286
280287,VCS1041,2019,29291.0,280288
280288,VCS1042,2019,16976.0,280289
280289,VCS1043,2019,122958.0,280290
280291,VCS1045,2019,51031.0,280292
280296,VCS1050,2019,29731.0,280297
280298,VCS1052,2019,101519.0,280299
280306,VCS1060,2019,20745.0,280307
280312,VCS1066,2019,40790.0,280313
280313,VCS1067,2019,745894.0,280314
280314,VCS1068,2019,14762.0,280315
280327,VCS1081,2019,19248.0,280328
280329,VCS1083,2019,39823.0,280330
280335,VCS1089,2019,5269.0,280336
280346,VCS1100,2019,609312.0,280347
280349,VCS1103,2019,253727.0,280350
280358,VCS1112,2019,188983.0,280359
280359,VCS1113,2019,160011.0,280360
280360,VCS1114,2019,5260.0,280361
280361,VCS1115,2019,518702.0,280362
280367,VCS1121,2019,139644.0,280368
280373,VCS1127,2019,84011.0,280374
280374,VCS1128,2019,97086.0,280375
280379,VCS1133,2019,10000.0,280380
280386,VCS1140,2019,89989.0,280387
280387,VCS1141,2019,644011.0,280388
280388,VCS1142,2019,6446.0,280389
280389,VCS1143,2019,45375.0,280390
280390,VCS1144,2019,829.0,280391
280398,VCS1152,2019,25202.0,280399
280405,VCS1160,2019,7466.0,280406
280408,VCS1163,2019,171183.0,280409
280413,VCS1168,2019,1229540.0,280414
280419,VCS1174,2019,37438.0,280420
280426,VCS1181,2019,93418.0,280427
280427,VCS1182,2019,237397.0,280428
280428,VCS1183,2019,97137.0,280429
280430,VCS1185,2019,15837.0,280431
280432,VCS1187,2019,28389.0,280433
280433,VCS1188,2019,78247.0,280434
280434,VCS1189,2019,81816.0,280435
280435,VCS1190,2019,45892.0,280436
280436,VCS1191,2019,74782.0,280437
280439,VCS1194,2019,111911.0,280440
280440,VCS1195,2019,54326.0,280441
280441,VCS1196,2019,36679.0,280442
280442,VCS1197,2019,68888.0,280443
280443,VCS1198,2019,233828.0,280444
280444,VCS1199,2019,27655.0,280445
280445,VCS1200,2019,137615.0,280446
280447,VCS1202,2019,209106.0,280448
280449,VCS1204,2019,84918.0,280450
280450,VCS1205,2019,257355.0,280451
280452,VCS1207,2019,23781.0,280453
280454,VCS1209,2019,14110.0,280455
280455,VCS1210,2019,48681.0,280456
280456,VCS1211,2019,62324.0,280457
280459,VCS1214,2019,93241.0,280460
280461,VCS1216,2019,83679.0,280462
280462,VCS1217,2019,9146.0,280463
280463,VCS1218,2019,313022.0,280464
280466,VCS1221,2019,129055.0,280467
280476,VCS1231,2019,24898.0,280477
280477,VCS1232,2019,25908.0,280478
280478,VCS1233,2019,55476.0,280479
280481,VCS1236,2019,34939.0,280482
280483,VCS1238,2019,59767.0,280484
280486,VCS1241,2019,14583.0,280487
280487,VCS1242,2019,76583.0,280488
280492,VCS1247,2019,24158.0,280493
280493,VCS1248,2019,25361.0,280494
280494,VCS1249,2019,22018.0,280495
280495,VCS1250,2019,15587.0,280496
280499,VCS1254,2019,28184.0,280500
280502,VCS1257,2019,282246.0,280503
280503,VCS1258,2019,229460.0,280504
280534,VCS1289,2019,88691.0,280535
280541,VCS1297,2019,59352.0,280542
280544,VCS1300,2019,20955.0,280545
280545,VCS1301,2019,100141.0,280546
280552,VCS1308,2019,98080.0,280553
280559,VCS1315,2019,30772.0,280560
280561,VCS1317,2019,606.0,280562
280563,VCS1319,2019,16219.0,280564
280566,VCS1322,2019,72669.0,280567
280570,VCS1326,2019,208172.0,280571
280572,VCS1328,2019,50644.0,280573
280573,VCS1329,2019,79071.0,280574
280574,VCS1330,2019,40534.0,280575
280575,VCS1331,2019,25090.0,280576
280584,VCS1340,2019,4438780.0,280585
280586,VCS1342,2019,25765.0,280587
280588,VCS1344,2019,116685.0,280589
280589,VCS1345,2019,273972.0,280590
280590,VCS1346,2019,70550.0,280591
280592,VCS1348,2019,58346.0,280593
280593,VCS1349,2019,68040.0,280594
280597,VCS1353,2019,457327.0,280598
280598,VCS1354,2019,29754.0,280599
280599,VCS1355,2019,6785.0,280600
280604,VCS1360,2019,321623.0,280605
280605,VCS1361,2019,4254.0,280606
280606,VCS1362,2019,66429.0,280607
280608,VCS1364,2019,78791.0,280609
280611,VCS1367,2019,51467.0,280612
280612,VCS1368,2019,32655.0,280613
280621,VCS1377,2019,16109.0,280622
280624,VCS1380,2019,231006.0,280625
280626,VCS1382,2019,318046.0,280627
280629,VCS1385,2019,15619.0,280630
280630,VCS1386,2019,52447.0,280631
280633,VCS1389,2019,236436.0,280634
280635,VCS1391,2019,10000.0,280636
280639,VCS1395,2019,530794.0,280640
280643,VCS1399,2019,5000.0,280644
280648,VCS1404,2019,90655.0,280649
280650,VCS1406,2019,125760.0,280651
280651,VCS1407,2019,88290.0,280652
280652,VCS1408,2019,770389.0,280653
280653,VCS1409,2019,39137.0,280654
280657,VCS1413,2019,37630.0,280658
280660,VCS1416,2019,37392.0,280661
280662,VCS1418,2019,32963.0,280663
280663,VCS1419,2019,18577.0,280664
280671,VCS1427,2019,22219.0,280672
280680,VCS1437,2019,27725.0,280681
280681,VCS1438,2019,21105.0,280682
280682,VCS1439,2019,24464.0,280683
280684,VCS1441,2019,23158.0,280685
280687,VCS1444,2019,40737.0,280688
280689,VCS1446,2019,367894.0,280690
280690,VCS1447,2019,418133.0,280691
280696,VCS1453,2019,63602.0,280697
280706,VCS1464,2019,548571.0,280707
280707,VCS1465,2019,99275.0,280708
280714,VCS1473,2019,5372.0,280715
280716,VCS1477,2019,5646054.0,280717
280718,VCS1479,2019,118157.0,280719
280719,VCS1480,2019,104650.0,280720
280720,VCS1481,2019,99809.0,280721
280721,VCS1482,2019,90100.0,280722
280722,VCS1483,2019,21423.0,280723
280724,VCS1485,2019,131488.0,280725
280730,VCS1493,2019,271680.0,280731
280732,VCS1495,2019,20925.0,280733
280733,VCS1496,2019,162412.0,280734
280734,VCS1497,2019,252996.0,280735
280736,VCS1499,2019,128596.0,280737
280737,VCS1500,2019,15212.0,280738
280743,VCS1506,2019,63633.0,280744
280755,VCS1519,2019,71246.0,280756
280756,VCS1520,2019,116829.0,280757
280757,VCS1521,2019,327592.0,280758
280758,VCS1522,2019,959446.0,280759
280759,VCS1523,2019,143853.0,280760
280765,VCS1529,2019,66941.0,280766
280766,VCS1530,2019,34940.0,280767
280767,VCS1532,2019,292394.0,280768
280773,VCS1538,2019,45777.0,280774
280774,VCS1539,2019,45056.0,280775
280776,VCS1542,2019,54194.0,280777
280777,VCS1543,2019,310416.0,280778
280780,VCS1546,2019,69829.0,280781
280781,VCS1547,2019,19889.0,280782
280783,VCS1549,2019,30090.0,280784
280788,VCS1554,2019,22221.0,280789
280791,VCS1559,2019,81341.0,280792
280792,VCS1560,2019,369475.0,280793
280797,VCS1566,2019,6800812.0,280798
280798,VCS1567,2019,9598.0,280799
280800,VCS1569,2019,55078.0,280801
280802,VCS1571,2019,275450.0,280803
280803,VCS1572,2019,81420.0,280804
280804,VCS1574,2019,101829.0,280805
280805,VCS1577,2019,57618.0,280806
280807,VCS1579,2019,33285.0,280808
280808,VCS1580,2019,639708.0,280809
280809,VCS1582,2019,205968.0,280810
280812,VCS1587,2019,99868.0,280813
280814,VCS1622,2019,704418.0,280815
280815,VCS1623,2019,6673.0,280816
280818,VCS1644,2019,225701.0,280819
280819,VCS1650,2019,955477.0,280820
280822,VCS1654,2019,144993.0,280823
280827,VCS1660,2019,73224.0,280828
280830,VCS1663,2019,11355.0,280831
280834,VCS1667,2019,113158.0,280835
280835,VCS1669,2019,203731.0,280836
280836,VCS1670,2019,98101.0,280837
280837,VCS1671,2019,128476.0,280838
280845,VCS1679,2019,117204.0,280846
280848,VCS1682,2019,6840.0,280849
280849,VCS1683,2019,17642.0,280850
280850,VCS1684,2019,55609.0,280851
280851,VCS1685,2019,35312.0,280852
280852,VCS1686,2019,445946.0,280853
280854,VCS1689,2019,129082.0,280855
280871,VCS1709,2019,281092.0,280872
280873,VCS1712,2019,13082.0,280874
280875,VCS1716,2019,15941.0,280876
280876,VCS1718,2019,182940.0,280877
280878,VCS1720,2019,72331.0,280879
280879,VCS1721,2019,85337.0,280880
280880,VCS1723,2019,24676.0,280881
280882,VCS1728,2019,986147.0,280883
280885,VCS1732,2019,97634.0,280886
280886,VCS1733,2019,78588.0,280887
280887,VCS1734,2019,55023.0,280888
280888,VCS1735,2019,64786.0,280889
280889,VCS1736,2019,202851.0,280890
280892,VCS1740,2019,104340.0,280893
280893,VCS1741,2019,20483.0,280894
280894,VCS1742,2019,3683633.0,280895
280896,VCS1744,2019,51741.0,280897
280897,VCS1745,2019,72422.0,280898
280898,VCS1746,2019,204769.0,280899
280899,VCS1748,2019,3946277.0,280900
280902,VCS1752,2019,135784.0,280903
280903,VCS1753,2019,1876317.0,280904
280905,VCS1758,2019,63300.0,280906
280908,VCS1762,2019,203420.0,280909
280909,VCS1764,2019,26615.0,280910
280911,VCS1766,2019,4436.0,280912
280912,VCS1767,2019,399456.0,280913
280913,VCS1768,2019,298587.0,280914
280914,VCS1769,2019,2898.0,280915
280915,VCS1770,2019,193667.0,280916
280916,VCS1771,2019,143446.0,280917
280918,VCS1774,2019,23008.0,280919
280919,VCS1775,2019,1355238.0,280920
280920,VCS1776,2019,87800.0,280921
280922,VCS1781,2019,3028.0,280923
280924,VCS1783,2019,117220.0,280925
280925,VCS1784,2019,578461.0,280926
280926,VCS1786,2019,273304.0,280927
280927,VCS1787,2019,153619.0,280928
280928,VCS1788,2019,188071.0,280929
280929,VCS1789,2019,94086.0,280930
280930,VCS1790,2019,208939.0,280931
280931,VCS1791,2019,150874.0,280932
280932,VCS1792,2019,1074124.0,280933
280933,VCS1793,2019,254353.0,280934
280936,VCS1797,2019,100643.0,280937
280939,VCS1800,2019,6825.0,280940
280941,VCS1803,2019,13436.0,280942
280942,VCS1804,2019,66685.0,280943
280943,VCS1805,2019,626090.0,280944
280945,VCS1807,2019,16945.0,280946
280951,VCS1815,2019,1908615.0,280952
280952,VCS1816,2019,13399.0,280953
280953,VCS1817,2019,38577.0,280954
280955,VCS1820,2019,268062.0,280956
280957,VCS1822,2019,30642.0,280958
280958,VCS1823,2019,48616.0,280959
280960,VCS1825,2019,83792.0,280961
280961,VCS1826,2019,83348.0,280962
280965,VCS1830,2019,15532.0,280966
280966,VCS1831,2019,46398.0,280967
280967,VCS1832,2019,87535.0,280968
280973,VCS1840,2019,12899.0,280974
280975,VCS1842,2019,213965.0,280976
280977,VCS1844,2019,147941.0,280978
280980,VCS1847,2019,677010.0,280981
280984,VCS1851,2019,1766149.0,280985
280985,VCS1852,2019,3064.0,280986
280986,VCS1853,2019,25764.0,280987
280987,VCS1854,2019,32729.0,280988
280988,VCS1855,2019,138976.0,280989
280989,VCS1856,2019,191327.0,280990
280990,VCS1857,2019,2245.0,280991
280991,VCS1859,2019,156029.0,280992
280992,VCS1860,2019,155250.0,280993
280993,VCS1861,2019,29477.0,280994
280994,VCS1862,2019,33891.0,280995
280995,VCS1863,2019,4529.0,280996
280997,VCS1865,2019,551461.0,280998
280998,VCS1866,2019,348219.0,280999
280999,VCS1867,2019,809686.0,281000
281002,VCS1870,2019,3714.0,281003
281003,VCS1872,2019,16619.0,281004
281006,VCS1875,2019,41638.0,281007
281008,VCS1878,2019,7406.0,281009
281011,VCS1882,2019,46356.0,281012
281012,VCS1883,2019,18138.0,281013
281014,VCS1885,2019,26017.0,281015
281017,VCS1888,2019,16276.0,281018
281018,VCS1890,2019,324621.0,281019
281019,VCS1891,2019,284219.0,281020
281021,VCS1893,2019,9856.0,281022
281023,VCS1896,2019,58523.0,281024
281024,VCS1897,2019,781218.0,281025
281025,VCS1898,2019,34007.0,281026
281026,VCS1899,2019,486832.0,281027
281027,VCS1900,2019,109150.0,281028
281030,VCS1903,2019,40058.0,281031
281031,VCS1904,2019,677920.0,281032
281032,VCS1905,2019,44834.0,281033
281033,VCS1906,2019,17811.0,281034
281034,VCS1907,2019,99152.0,281035
281035,VCS1908,2019,23027.0,281036
281038,VCS1911,2019,23117.0,281039
281040,VCS1913,2019,7445.0,281041
281041,VCS1914,2019,241042.0,281042
281042,VCS1915,2019,22110.0,281043
281045,VCS1918,2019,66303.0,281046
281047,VCS1920,2019,53250.0,281048
281048,VCS1921,2019,30315.0,281049
281050,VCS1923,2019,22738.0,281051
281052,VCS1925,2019,10696.0,281053
281054,VCS1929,2019,561.0,281055
281055,VCS1930,2019,128191.0,281056
281056,VCS1931,2019,735425.0,281057
281057,VCS1933,2019,29972.0,281058
281059,VCS1935,2019,103647.0,281060
281062,VCS1939,2019,91850.0,281063
281063,VCS1940,2019,94375.0,281064
281064,VCS1941,2019,112836.0,281065
281066,VCS1943,2019,23171.0,281067
281067,VCS1944,2019,10756.0,281068
281068,VCS1945,2019,10063.0,281069
281069,VCS1946,2019,107081.0,281070
281070,VCS1947,2019,136357.0,281071
281073,VCS1950,2019,457457.0,281074
281076,VCS1953,2019,81056.0,281077
281080,VCS1958,2019,36907.0,281081
281081,VCS1959,2019,14942.0,281082
281082,VCS1960,2019,28500.0,281083
281086,VCS1964,2019,61502.0,281087
281087,VCS1965,2019,35063.0,281088
281093,VCS1971,2019,24789.0,281094
281094,VCS1972,2019,93962.0,281095
281096,VCS1974,2019,62633.0,281097
281097,VCS1975,2019,43044.0,281098
281098,VCS1976,2019,376760.0,281099
281107,VCS1985,2019,59643.0,281108
281109,VCS1987,2019,278528.0,281110
281112,VCS1990,2019,76159.0,281113
281115,VCS1993,2019,292572.0,281116
281118,VCS1996,2019,86444.0,281119
281119,VCS1997,2019,168774.0,281120
281121,VCS1999,2019,147351.0,281122
281122,VCS2000,2019,158213.0,281123
281123,VCS2001,2019,120115.0,281124
281124,VCS2002,2019,165760.0,281125
281125,VCS2003,2019,21671.0,281126
281126,VCS2004,2019,384236.0,281127
281127,VCS2005,2019,93372.0,281128
281129,VCS2007,2019,19681.0,281130
281130,VCS2008,2019,10236.0,281131
281139,VCS2017,2019,18536.0,281140
281141,VCS2019,2019,85001.0,281142
281142,VCS2020,2019,318673.0,281143
281145,VCS2023,2019,15451.0,281146
281148,VCS2026,2019,439660.0,281149
281155,VCS2033,2019,11523.0,281156
281158,VCS2036,2019,96743.0,281159
281160,VCS2038,2019,53581.0,281161
281162,VCS2040,2019,22491.0,281163
281164,VCS2042,2019,58357.0,281165
281165,VCS2043,2019,150236.0,281166
281174,VCS2052,2019,198468.0,281175
281175,VCS2053,2019,13955.0,281176
281181,VCS2059,2019,228222.0,281182
281182,VCS2060,2019,4143.0,281183
281187,VCS2065,2019,266057.0,281188
281192,VCS2070,2019,320389.0,281193
281194,VCS2072,2019,247.0,281195
281195,VCS2073,2019,1268.0,281196
281198,VCS2077,2019,331.0,281199
281201,VCS2082,2019,339574.0,281202
281202,VCS2083,2019,149661.0,281203
281204,VCS2085,2019,5367.0,281205
281205,VCS2087,2019,135646.0,281206
281210,VCS2092,2019,104673.0,281211
281211,VCS2093,2019,1771.0,281212
281212,VCS2094,2019,48407.0,281213
281213,VCS2095,2019,47680.0,281214
281215,VCS2097,2019,97581.0,281216
281217,VCS2099,2019,16262.0,281218
281226,VCS2242,2019,57684.0,281227
281227,VCS2243,2019,36797.0,281228
281228,VCS2244,2019,80793.0,281229
281229,VCS2245,2019,34317.0,281230
281232,VCS2248,2019,90163.0,281233
281233,VCS2249,2019,65312.0,281234
281234,VCS2250,2019,350126.0,281235
281236,VCS2252,2019,1607271.0,281237
281239,VCS2260,2019,36777.0,281240
281240,VCS2261,2019,37824.0,281241
281242,VCS2263,2019,23403.0,281243
281243,VCS2278,2019,999975.0,281244
281245,VCS2291,2019,344680.0,281246
281246,VCS2292,2019,396048.0,281247
281247,VCS2293,2019,1327442.0,281248
281249,VCS2296,2019,15008.0,281250
281250,VCS2297,2019,1341866.0,281251
281252,VCS2299,2019,59835.0,281253
281255,VCS2302,2019,36480.0,281256
281256,VCS2303,2019,30390.0,281257
281260,VCS2307,2019,21421.0,281261
281261,VCS2308,2019,21070.0,281262
281262,VCS2309,2019,17473.0,281263
281263,VCS2310,2019,160410.0,281264
281270,VCS2317,2019,2677.0,281271
281272,VCS2319,2019,2164.0,281273
281278,VCS2326,2019,112110.0,281279
281279,VCS2327,2019,123977.0,281280
281285,VCS2335,2019,122059.0,281286
281286,VCS2336,2019,12767.0,281287
281287,VCS2337,2019,63091.0,281288
281296,VCS2347,2019,30184.0,281297
281301,VCS2352,2019,59811.0,281302
281302,VCS2353,2019,84814.0,281303
281303,VCS2354,2019,24772.0,281304
281306,VCS2357,2019,23433.0,281307
281307,VCS2358,2019,217177.0,281308
281310,VCS2361,2019,29908.0,281311
281311,VCS2362,2019,60000.0,281312
281315,VCS2367,2019,41025.0,281316
281316,VCS2369,2019,1457.0,281317
281317,VCS2370,2019,45579.0,281318
281322,VCS2375,2019,18470.0,281323
281325,VCS2378,2019,74733.0,281326
281326,VCS2379,2019,221828.0,281327
281334,VCS2387,2019,65018.0,281335
281338,VCS2391,2019,31820.0,281339
281343,VCS2396,2019,60000.0,281344
281344,VCS2397,2019,60000.0,281345
281345,VCS2398,2019,60000.0,281346
281346,VCS2399,2019,60000.0,281347
281348,VCS2401,2019,43330.0,281349
281349,VCS2402,2019,31515.0,281350
281352,VCS2405,2019,61800.0,281353
281357,VCS2410,2019,50944.0,281358
281358,VCS2411,2019,4453.0,281359
281359,VCS2412,2019,2572.0,281360
281361,VCS2414,2019,55049.0,281362
281365,VCS2418,2019,17281.0,281366
281380,VCS2434,2019,11016.0,281381
281397,VCS2451,2019,37056.0,281398
281398,VCS2452,2019,55570.0,281399
281399,VCS2455,2019,21144.0,281400
281400,VCS2457,2019,13047.0,281401
281401,VCS2458,2019,578140.0,281402
281407,VCS2465,2019,61603.0,281408
281411,VCS2469,2019,9365.0,281412
281413,VCS2471,2019,942.0,281414
281414,VCS2473,2019,18374.0,281415
281417,VCS2476,2019,60000.0,281418
281418,VCS2477,2019,60000.0,281419
281419,VCS2478,2019,2998783.0,281420
281420,VCS2479,2019,41.0,281421
281421,VCS2481,2019,10263.0,281422
281436,VCS2497,2019,29473.0,281437
281437,VCS2498,2019,99871.0,281438
281441,VCS2502,2019,1329664.0,281442
281443,VCS2504,2019,60000.0,281444
281445,VCS2506,2019,60000.0,281446
281446,VCS2507,2019,60000.0,281447
281447,VCS2508,2019,393921.0,281448
281449,VCS2510,2019,334613.0,281450
281450,VCS2511,2019,5227.0,281451
281451,VCS2512,2019,160758.0,281452
281468,VCS2532,2019,185865.0,281469
281471,VCS2535,2019,1359.0,281472
281473,VCS2537,2019,1810.0,281474
281474,VCS2538,2019,76274.0,281475
281482,VCS2552,2019,70343.0,281483
281484,VCS2554,2019,8649.0,281485
281485,VCS2555,2019,50796.0,281486
281486,VCS2556,2019,28469.0,281487
281488,VCS2558,2019,45606.0,281489
281491,VCS2565,2019,13670.0,281492
281492,VCS2566,2019,73498.0,281493
281500,VCS2576,2019,124154.0,281501
281509,VCS2588,2019,13142.0,281510
281510,VCS2590,2019,8115.0,281511
281524,VCS2605,2019,126982.0,281525
281525,VCS2606,2019,73058.0,281526
281528,VCS2609,2019,987084.0,281529
281529,VCS2610,2019,2040.0,281530
281541,VCS2623,2019,22183.0,281542
281546,VCS2629,2019,60000.0,281547
281548,VCS2631,2019,60000.0,281549
281549,VCS2632,2019,60000.0,281550
281550,VCS2633,2019,60000.0,281551
281551,VCS2634,2019,60000.0,281552
281559,VCS2647,2019,6555.0,281560
281563,VCS2652,2019,10930.0,281564
281586,VCS2679,2019,35944.0,281587
281587,VCS2680,2019,35081.0,281588
281616,VCS2710,2019,179699.0,281617
281627,VCS2723,2019,143356.0,281628
281640,VCS2736,2019,415826.0,281641
281641,VCS2737,2019,416043.0,281642
281642,VCS2738,2019,495490.0,281643
281649,VCS2745,2019,23035.0,281650
281651,VCS2748,2019,554515.0,281652
281652,VCS2749,2019,889786.0,281653
281653,VCS2750,2019,251.0,281654
281669,VCS2767,2019,138250.0,281670
281673,VCS2771,2019,60000.0,281674
281729,VCS2830,2019,233354.0,281730
281731,VCS2833,2019,4949.0,281732
281734,VCS2836,2019,29254.0,281735
281735,VCS2837,2019,899.0,281736
281736,VCS2838,2019,7080.0,281737
281737,VCS2839,2019,77.0,281738
281750,VCS2852,2019,161358.0,281751
281776,VCS2878,2019,38028.0,281777
281785,VCS2887,2019,352001.0,281786
281794,VCS2897,2019,106927.0,281795
281795,VCS2899,2019,60000.0,281796
281798,VCS2902,2019,60000.0,281799
281799,VCS2903,2019,60000.0,281800
281803,VCS2909,2019,60000.0,281804
281865,VCS2980,2019,17144.0,281866
281884,VCS3002,2019,8186.0,281885
281900,VCS3018,2019,337812.0,281901
281901,VCS3019,2019,210.0,281902
281968,VCS3094,2019,2390.0,281969
281987,VCS3115,2019,223068.0,281988
282075,VCS3207,2019,2157.0,282076
282204,VCS3342,2019,16782.0,282205
282207,VCS3346,2019,97428.0,282208
282210,VCS3350,2019,355951.0,282211
282222,VCS3363,2019,173.0,282223
282227,VCS3368,2019,28784.0,282228
282287,VCS3432,2019,3830.0,282288
282495,VCS3669,2019,5609.0,282496
282502,VCS3677,2019,23.0,282503
282564,VCS3746,2019,74.0,282565
282803,VCS4018,2019,162.0,282804
283609,VCS4971,2019,4893.0,283610
283610,VCS4972,2019,4113.0,283611
283611,VCS4973,2019,2715.0,283612
283612,VCS4974,2019,251.0,283613
283613,VCS4975,2019,320.0,283614
283615,VCS4977,2019,80.0,283616
283660,VCS5037,2019,708.0,283661
284554,ACR0114,2020,1179164.0,284555
284617,ACR0182,2020,729.0,284618
284623,ACR0189,2020,6055.0,284624
284624,ACR0190,2020,29681.0,284625
284625,ACR0191,2020,23129.0,284626
284626,ACR0192,2020,3628.0,284627
284631,ACR0199,2020,115611.0,284632
284632,ACR0200,2020,10176.0,284633
284641,ACR0210,2020,27259.0,284642
284642,ACR0211,2020,13088.0,284643
284643,ACR0212,2020,210375.0,284644
284647,ACR0222,2020,10402.0,284648
284648,ACR0223,2020,22349.0,284649
284649,ACR0224,2020,61831.0,284650
284651,ACR0226,2020,105538.0,284652
284656,ACR0232,2020,37114.0,284657
284658,ACR0234,2020,16323.0,284659
284659,ACR0235,2020,5107.0,284660
284662,ACR0238,2020,14662.0,284663
284665,ACR0241,2020,10957.0,284666
284666,ACR0242,2020,40242.0,284667
284671,ACR0247,2020,1163.0,284672
284673,ACR0249,2020,59275.0,284674
284680,ACR0256,2020,11222.0,284681
284681,ACR0257,2020,2389.0,284682
284683,ACR0259,2020,9205.0,284684
284686,ACR0262,2020,49301.0,284687
284689,ACR0265,2020,18351.0,284690
284690,ACR0266,2020,19910.0,284691
284691,ACR0267,2020,86201.0,284692
284692,ACR0268,2020,701479.0,284693
284693,ACR0269,2020,343195.0,284694
284696,ACR0272,2020,113496.0,284697
284697,ACR0273,2020,156498.0,284698
284698,ACR0274,2020,134036.0,284699
284700,ACR0276,2020,11337.0,284701
284703,ACR0279,2020,40938.0,284704
284704,ACR0280,2020,17991.0,284705
284706,ACR0282,2020,79606.0,284707
284708,ACR0284,2020,16894.0,284709
284711,ACR0287,2020,35335.0,284712
284712,ACR0288,2020,1631.0,284713
284716,ACR0292,2020,20422.0,284717
284725,ACR0303,2020,58025.0,284726
284735,ACR0313,2020,15646.0,284736
284741,ACR0324,2020,293430.0,284742
284745,ACR0349,2020,11508.0,284746
284751,ACR0355,2020,7320.0,284752
284756,ACR0360,2020,287456.0,284757
284757,ACR0361,2020,37566.0,284758
284762,ACR0367,2020,94217.0,284763
284763,ACR0368,2020,21639.0,284764
284766,ACR0371,2020,7628.0,284767
284768,ACR0373,2020,19948.0,284769
284769,ACR0374,2020,42778.0,284770
284770,ACR0375,2020,49577.0,284771
284771,ACR0376,2020,145147.0,284772
284772,ACR0377,2020,20785.0,284773
284773,ACR0378,2020,3787.0,284774
284776,ACR0382,2020,42356.0,284777
284779,ACR0386,2020,52520.0,284780
284781,ACR0388,2020,133327.0,284782
284782,ACR0389,2020,35257.0,284783
284783,ACR0390,2020,16643.0,284784
284786,ACR0394,2020,8516.0,284787
284787,ACR0395,2020,10606.0,284788
284789,ACR0398,2020,155288.0,284790
284793,ACR0403,2020,13071.0,284794
284796,ACR0407,2020,157720.0,284797
284799,ACR0411,2020,62370.0,284800
284801,ACR0413,2020,1074205.0,284802
284802,ACR0416,2020,379472.0,284803
284803,ACR0417,2020,88893.0,284804
284804,ACR0418,2020,10442.0,284805
284807,ACR0422,2020,39145.0,284808
284809,ACR0424,2020,39228.0,284810
284810,ACR0425,2020,25235.0,284811
284812,ACR0427,2020,128390.0,284813
284813,ACR0428,2020,1901.0,284814
284821,ACR0437,2020,1030824.0,284822
284823,ACR0439,2020,27192.0,284824
284825,ACR0441,2020,80296.0,284826
284840,ACR0458,2020,19547.0,284841
284841,ACR0459,2020,85392.0,284842
284848,ACR0467,2020,16367.0,284849
284851,ACR0470,2020,19994.0,284852
284863,ACR0483,2020,34904.0,284864
284870,ACR0493,2020,65942.0,284871
284875,ACR0499,2020,163231.0,284876
284880,ACR0505,2020,24580.0,284881
284881,ACR0506,2020,191603.0,284882
284882,ACR0507,2020,56174.0,284883
284883,ACR0508,2020,39339.0,284884
284884,ACR0509,2020,54145.0,284885
284890,ACR0518,2020,49794.0,284891
284891,ACR0519,2020,57549.0,284892
284894,ACR0522,2020,94565.0,284895
284903,ACR0533,2020,81042.0,284904
284904,ACR0534,2020,99045.0,284905
284905,ACR0535,2020,89632.0,284906
284906,ACR0536,2020,89898.0,284907
284907,ACR0537,2020,48826.0,284908
284908,ACR0538,2020,58481.0,284909
284909,ACR0539,2020,229866.0,284910
284910,ACR0540,2020,15657.0,284911
284911,ACR0542,2020,10532.0,284912
284912,ACR0543,2020,71885.0,284913
284915,ACR0546,2020,10640.0,284916
284916,ACR0547,2020,56697.0,284917
284918,ACR0549,2020,530326.0,284919
284919,ACR0550,2020,59364.0,284920
284927,ACR0558,2020,123214.0,284928
284929,ACR0561,2020,101273.0,284930
284930,ACR0562,2020,204983.0,284931
284931,ACR0564,2020,10193.0,284932
284932,ACR0566,2020,30508.0,284933
284934,ACR0569,2020,26680.0,284935
284936,ACR0571,2020,152843.0,284937
284937,ACR0572,2020,13824.0,284938
284939,ACR0574,2020,23337.0,284940
284940,ACR0576,2020,18684.0,284941
284941,ACR0577,2020,80326.0,284942
284943,ACR0579,2020,118832.0,284944
284944,ACR0580,2020,7471.0,284945
284946,ACR0582,2020,56334.0,284947
284947,ACR0583,2020,21863.0,284948
284948,ACR0584,2020,13561.0,284949
284949,ACR0585,2020,94592.0,284950
284950,ACR0586,2020,160994.0,284951
284951,ACR0587,2020,139657.0,284952
284952,ACR0588,2020,53639.0,284953
284953,ACR0589,2020,133145.0,284954
284954,ACR0590,2020,23846.0,284955
284956,ACR0592,2020,136882.0,284957
284959,ACR0595,2020,152669.0,284960
284960,ACR0596,2020,344857.0,284961
284968,ACR0604,2020,32120.0,284969
284970,ACR0607,2020,17318.0,284971
284972,ACR0609,2020,49358.0,284973
284975,ACR0613,2020,4989.0,284976
284976,ACR0614,2020,116551.0,284977
284979,ACR0617,2020,7662.0,284980
284982,ACR0620,2020,306412.0,284983
284983,ACR0621,2020,1610884.0,284984
284984,ACR0622,2020,1934327.0,284985
284985,ACR0623,2020,321718.0,284986
284986,ACR0624,2020,432039.0,284987
284988,ACR0627,2020,4520.0,284989
284989,ACR0628,2020,35200.0,284990
284990,ACR0629,2020,903568.0,284991
284992,ACR0631,2020,156893.0,284993
284994,ACR0633,2020,9145.0,284995
284995,ACR0634,2020,86859.0,284996
284997,ACR0637,2020,155221.0,284998
285000,ACR0640,2020,367047.0,285001
285001,ACR0641,2020,18605.0,285002
285002,ACR0642,2020,16102.0,285003
285008,ACR0648,2020,688636.0,285009
285012,ACR0652,2020,282972.0,285013
285016,ACR0657,2020,1698251.0,285017
285018,ACR0659,2020,421733.0,285019
285020,ACR0661,2020,1489757.0,285021
285021,ACR0662,2020,2074459.0,285022
285030,ACR0672,2020,133852.0,285031
285031,ACR0673,2020,66712.0,285032
285034,ACR0676,2020,1908868.0,285035
285038,ACR0680,2020,99766.0,285039
285049,ACR0693,2020,12383.0,285050
285052,ACR0698,2020,364613.0,285053
285055,ACR0702,2020,19389.0,285056
285063,ACR0716,2020,7018.0,285064
285067,ACR0722,2020,13825.0,285068
285087,ACR0747,2020,32742.0,285088
285091,ACR0754,2020,24609.0,285092
285096,ACR0760,2020,80697.0,285097
285105,ACR0772,2020,46504.0,285106
285107,ACR0774,2020,154340.0,285108
285109,ACR0776,2020,90374.0,285110
285114,ACR0782,2020,18931.0,285115
285119,ACR0791,2020,13360.0,285120
285140,ACR0813,2020,191372.0,285141
285543,ART0102,2020,6267852.0,285544
285570,ART0131,2020,918476.0,285571
285579,CAR400,2020,198757.0,285580
285581,CAR403,2020,49488.0,285582
285582,CAR406,2020,40967.0,285583
285587,CAR416,2020,8263.0,285588
285590,CAR422,2020,78010.0,285591
285594,CAR429,2020,35196.0,285595
285599,CAR436,2020,39232.0,285600
285604,CAR443,2020,91046.0,285605
285605,CAR444,2020,67919.0,285606
285620,CAR465,2020,37577.0,285621
285626,CAR473,2020,118197.0,285627
285628,CAR475,2020,110704.0,285629
285643,CAR491,2020,51559.0,285644
285644,CAR495,2020,48407.0,285645
285655,CAR509,2020,17907.0,285656
285661,CAR517,2020,79248.0,285662
285662,CAR521,2020,72535.0,285663
285663,CAR522,2020,34658.0,285664
285664,CAR531,2020,35232.0,285665
285673,CAR558,2020,31054.0,285674
285674,CAR560,2020,65510.0,285675
285676,CAR574,2020,17620.0,285677
285686,CAR592,2020,39224.0,285687
285687,CAR593,2020,28075.0,285688
285699,CAR621,2020,195448.0,285700
285700,CAR627,2020,25816.0,285701
285705,CAR635,2020,104154.0,285706
285706,CAR639,2020,600109.0,285707
285709,CAR646,2020,7945.0,285710
285714,CAR659,2020,11642.0,285715
285718,CAR674,2020,188125.0,285719
285719,CAR676,2020,1288.0,285720
285721,CAR683,2020,97819.0,285722
285723,CAR688,2020,4674.0,285724
285734,CAR768,2020,183349.0,285735
285745,CAR785,2020,57955.0,285746
285747,CAR790,2020,102406.0,285748
285754,CAR802,2020,4591.0,285755
285759,CAR811,2020,115992.0,285760
285764,CAR817,2020,18726.0,285765
285766,CAR822,2020,8084.0,285767
285768,CAR825,2020,20145.0,285769
285770,CAR829,2020,12659.0,285771
285777,CAR838,2020,80569.0,285778
285780,CAR844,2020,16024.0,285781
285782,CAR866,2020,23823.0,285783
285785,CAR880,2020,29938.0,285786
285786,CAR881,2020,30946.0,285787
285789,CAR886,2020,15226.0,285790
285790,CAR887,2020,33057.0,285791
285791,CAR888,2020,36381.0,285792
285798,CAR911,2020,25794.0,285799
285799,CAR917,2020,22294.0,285800
285818,CAR969,2020,29603.0,285819
285827,CAR982,2020,8973.0,285828
285828,CAR988,2020,8523.0,285829
285832,CAR993,2020,6924.0,285833
285835,CAR996,2020,12212.0,285836
285836,CAR997,2020,2599.0,285837
285837,CAR998,2020,2138.0,285838
285840,CAR1002,2020,5171.0,285841
285845,CAR1008,2020,19959.0,285846
285850,CAR1013,2020,106375.0,285851
285852,CAR1015,2020,4385.0,285853
285855,CAR1019,2020,15042.0,285856
285861,CAR1027,2020,150902.0,285862
285864,CAR1032,2020,24463.0,285865
285866,CAR1035,2020,20248.0,285867
285867,CAR1036,2020,18005.0,285868
285875,CAR1050,2020,23878.0,285876
285879,CAR1057,2020,3147.0,285880
285882,CAR1062,2020,3001.0,285883
285890,CAR1070,2020,16956.0,285891
285895,CAR1076,2020,22242.0,285896
285897,CAR1078,2020,24565.0,285898
285898,CAR1080,2020,16917.0,285899
285904,CAR1086,2020,13989.0,285905
285906,CAR1088,2020,21021.0,285907
285912,CAR1094,2020,6201.0,285913
285913,CAR1095,2020,76663.0,285914
285914,CAR1096,2020,9534.0,285915
285916,CAR1098,2020,149253.0,285917
285917,CAR1099,2020,35099.0,285918
285918,CAR1100,2020,68526.0,285919
285921,CAR1103,2020,2173.0,285922
285923,CAR1105,2020,182382.0,285924
285924,CAR1106,2020,22562.0,285925
285926,CAR1109,2020,8203.0,285927
285927,CAR1110,2020,51826.0,285928
285939,CAR1122,2020,7505.0,285940
285941,CAR1124,2020,16889.0,285942
285947,CAR1130,2020,9129.0,285948
285948,CAR1132,2020,4546.0,285949
285949,CAR1133,2020,1398.0,285950
285952,CAR1136,2020,51095.0,285953
285954,CAR1138,2020,28850.0,285955
285955,CAR1139,2020,252917.0,285956
285956,CAR1140,2020,84048.0,285957
285957,CAR1141,2020,7777.0,285958
285958,CAR1142,2020,3538.0,285959
285959,CAR1143,2020,18424.0,285960
285961,CAR1145,2020,10429.0,285962
285963,CAR1147,2020,35008.0,285964
285965,CAR1152,2020,13994.0,285966
285966,CAR1153,2020,7054.0,285967
285967,CAR1154,2020,13104.0,285968
285972,CAR1159,2020,15271.0,285973
285973,CAR1160,2020,9211.0,285974
285974,CAR1161,2020,866.0,285975
285975,CAR1162,2020,1057.0,285976
285985,CAR1173,2020,8544.0,285986
285987,CAR1175,2020,123365.0,285988
285992,CAR1180,2020,28326.0,285993
285995,CAR1183,2020,53752.0,285996
285996,CAR1184,2020,8393.0,285997
286002,CAR1190,2020,27286.0,286003
286003,CAR1191,2020,36476.0,286004
286008,CAR1197,2020,72575.0,286009
286014,CAR1204,2020,1686.0,286015
286015,CAR1205,2020,126875.0,286016
286018,CAR1208,2020,57896.0,286019
286023,CAR1213,2020,2052.0,286024
286025,CAR1215,2020,105660.0,286026
286027,CAR1217,2020,19851.0,286028
286031,CAR1232,2020,2244.0,286032
286036,CAR1237,2020,1875.0,286037
286037,CAR1238,2020,6214.0,286038
286045,CAR1246,2020,12134.0,286046
286046,CAR1247,2020,11265.0,286047
286052,CAR1253,2020,1685.0,286053
286054,CAR1257,2020,94840.0,286055
286056,CAR1259,2020,4479.0,286057
286057,CAR1260,2020,1450.0,286058
286058,CAR1261,2020,9432.0,286059
286059,CAR1262,2020,6581.0,286060
286061,CAR1264,2020,119846.0,286062
286062,CAR1265,2020,43554.0,286063
286069,CAR1274,2020,6821.0,286070
286070,CAR1275,2020,4149.0,286071
286076,CAR1281,2020,3079.0,286077
286077,CAR1282,2020,6593.0,286078
286079,CAR1284,2020,4991.0,286080
286080,CAR1285,2020,8310.0,286081
286086,CAR1291,2020,18648.0,286087
286087,CAR1292,2020,6736.0,286088
286088,CAR1293,2020,37793.0,286089
286089,CAR1294,2020,14632.0,286090
286093,CAR1298,2020,23301.0,286094
286094,CAR1299,2020,2418.0,286095
286107,CAR1314,2020,58569.0,286108
286108,CAR1315,2020,24654.0,286109
286109,CAR1316,2020,16994.0,286110
286110,CAR1317,2020,19752.0,286111
286113,CAR1321,2020,3093.0,286114
286116,CAR1325,2020,2399.0,286117
286119,CAR1328,2020,629.0,286120
286120,CAR1329,2020,2164.0,286121
286121,CAR1330,2020,6188.0,286122
286124,CAR1333,2020,4842.0,286125
286126,CAR1335,2020,386413.0,286127
286127,CAR1336,2020,24677.0,286128
286128,CAR1337,2020,10562.0,286129
286129,CAR1339,2020,14214.0,286130
286130,CAR1340,2020,15122.0,286131
286133,CAR1344,2020,5129.0,286134
286134,CAR1345,2020,896.0,286135
286135,CAR1347,2020,3496.0,286136
286136,CAR1348,2020,839.0,286137
286137,CAR1350,2020,591.0,286138
286138,CAR1351,2020,303.0,286139
286139,CAR1352,2020,2159.0,286140
286140,CAR1353,2020,447.0,286141
286141,CAR1354,2020,2120.0,286142
286142,CAR1355,2020,627.0,286143
286143,CAR1356,2020,665.0,286144
286144,CAR1357,2020,1098.0,286145
286145,CAR1358,2020,503.0,286146
286146,CAR1359,2020,469.0,286147
286147,CAR1360,2020,508.0,286148
286148,CAR1361,2020,1025.0,286149
286149,CAR1362,2020,1643.0,286150
286150,CAR1363,2020,1005.0,286151
286151,CAR1364,2020,552.0,286152
286153,CAR1366,2020,271.0,286154
286155,CAR1368,2020,20897.0,286156
286156,CAR1372,2020,69928.0,286157
286157,CAR1373,2020,494524.0,286158
286158,CAR1374,2020,418633.0,286159
286159,CAR1375,2020,1244.0,286160
286161,CAR1377,2020,5941.0,286162
286166,CAR1382,2020,80095.0,286167
286167,CAR1384,2020,301904.0,286168
286170,CAR1387,2020,11445.0,286171
286171,CAR1388,2020,14941.0,286172
286173,CAR1391,2020,840423.0,286174
286174,CAR1392,2020,18950.0,286175
286177,CAR1398,2020,4814.0,286178
286178,CAR1399,2020,5816.0,286179
286179,CAR1401,2020,119156.0,286180
286188,CAR1411,2020,7967.0,286189
286189,CAR1412,2020,24304.0,286190
286190,CAR1413,2020,87667.0,286191
286191,CAR1415,2020,5991.0,286192
286192,CAR1418,2020,49687.0,286193
286194,CAR1425,2020,3388.0,286195
286195,CAR1428,2020,4255.0,286196
286196,CAR1429,2020,2419.0,286197
286197,CAR1432,2020,1353.0,286198
286198,CAR1433,2020,2574.0,286199
286199,CAR1434,2020,1016.0,286200
286200,CAR1435,2020,1741.0,286201
286202,CAR1437,2020,510.0,286203
286203,CAR1438,2020,1369.0,286204
286205,CAR1441,2020,78211.0,286206
286207,CAR1443,2020,10424.0,286208
286208,CAR1445,2020,592.0,286209
286209,CAR1446,2020,1509.0,286210
286210,CAR1447,2020,1468.0,286211
286211,CAR1448,2020,6500.0,286212
286212,CAR1449,2020,4918.0,286213
286213,CAR1450,2020,4414.0,286214
286214,CAR1451,2020,2395.0,286215
286215,CAR1452,2020,498.0,286216
286216,CAR1453,2020,3218.0,286217
286217,CAR1454,2020,2896.0,286218
286218,CAR1455,2020,32986.0,286219
286219,CAR1456,2020,127338.0,286220
286220,CAR1458,2020,84267.0,286221
286221,CAR1459,2020,43874.0,286222
286223,CAR1461,2020,31412.0,286224
286224,CAR1462,2020,3509.0,286225
286225,CAR1463,2020,20112.0,286226
286226,CAR1464,2020,21027.0,286227
286227,CAR1465,2020,21010.0,286228
286246,CAR1494,2020,7399.0,286247
286247,CAR1495,2020,9855.0,286248
286248,CAR1496,2020,5011.0,286249
286249,CAR1497,2020,17791.0,286250
286251,CAR1499,2020,5176.0,286252
286252,CAR1500,2020,1050.0,286253
286253,CAR1505,2020,1310.0,286254
286254,CAR1506,2020,308.0,286255
286255,CAR1507,2020,9637.0,286256
286256,CAR1508,2020,3892.0,286257
286257,CAR1509,2020,5268.0,286258
286258,CAR1510,2020,3749.0,286259
286259,CAR1511,2020,711.0,286260
286260,CAR1513,2020,8880.0,286261
286261,CAR1514,2020,31945.0,286262
286263,CAR1517,2020,14634.0,286264
286264,CAR1521,2020,6707.0,286265
286265,CAR1522,2020,1421.0,286266
286266,CAR1523,2020,1484.0,286267
286267,CAR1524,2020,1201.0,286268
286268,CAR1525,2020,520.0,286269
286269,CAR1526,2020,243.0,286270
286270,CAR1527,2020,259.0,286271
286271,CAR1528,2020,98.0,286272
286272,CAR1529,2020,164.0,286273
286273,CAR1531,2020,5389.0,286274
286274,CAR1532,2020,19348.0,286275
286275,CAR1535,2020,193.0,286276
286276,CAR1536,2020,216.0,286277
286277,CAR1537,2020,1803.0,286278
286278,CAR1538,2020,98.0,286279
286279,CAR1539,2020,173.0,286280
286280,CAR1540,2020,48.0,286281
286281,CAR1542,2020,2521.0,286282
286282,CAR1543,2020,501.0,286283
286283,CAR1544,2020,1814.0,286284
286284,CAR1545,2020,14207.0,286285
286285,CAR1546,2020,918.0,286286
286286,CAR1547,2020,1981.0,286287
286287,CAR1548,2020,453.0,286288
286290,CAR1551,2020,5179.0,286291
286291,CAR1552,2020,3779.0,286292
286292,CAR1553,2020,1595.0,286293
286301,CAR1565,2020,11714.0,286302
286316,CAR1582,2020,718.0,286317
286647,CAR2047,2020,1330.0,286648
286862,GS352,2020,123030.0,286863
286865,GS367,2020,159020.0,286866
286867,GS369,2020,46887.0,286868
286872,GS390,2020,72360.0,286873
286874,GS395,2020,27755.0,286875
286875,GS397,2020,133714.0,286876
286876,GS398,2020,243613.0,286877
286880,GS407,2020,730999.0,286881
286881,GS410,2020,8982.0,286882
286889,GS423,2020,3376.0,286890
286892,GS437,2020,49542.0,286893
286893,GS438,2020,40929.0,286894
286894,GS439,2020,24713.0,286895
286896,GS441,2020,53876.0,286897
286897,GS445,2020,6472.0,286898
286898,GS447,2020,703298.0,286899
286906,GS464,2020,338520.0,286907
286909,GS472,2020,132400.0,286910
286910,GS474,2020,182753.0,286911
286916,GS500,2020,46709.0,286917
286918,GS504,2020,82587.0,286919
286933,GS565,2020,41920.0,286934
286934,GS566,2020,37422.0,286935
286935,GS567,2020,87375.0,286936
286947,GS601,2020,41533.0,286948
286950,GS608,2020,228112.0,286951
286953,GS612,2020,55134.0,286954
286958,GS617,2020,149891.0,286959
286965,GS633,2020,35243.0,286966
286983,GS670,2020,51248.0,286984
286985,GS672,2020,86281.0,286986
286988,GS683,2020,77111.0,286989
286989,GS685,2020,74522.0,286990
286996,GS702,2020,31560.0,286997
286997,GS707,2020,874500.0,286998
287002,GS716,2020,357.0,287003
287008,GS733,2020,9930.0,287009
287012,GS744,2020,119700.0,287013
287013,GS745,2020,82116.0,287014
287018,GS751,2020,62820.0,287019
287019,GS753,2020,111726.0,287020
287022,GS764,2020,19397.0,287023
287023,GS765,2020,39960.0,287024
287024,GS768,2020,26373.0,287025
287025,GS769,2020,219578.0,287026
287049,GS817,2020,219.0,287050
287055,GS828,2020,52219.0,287056
287059,GS835,2020,16636.0,287060
287068,GS849,2020,12786.0,287069
287088,GS879,2020,162894.0,287089
287098,GS905,2020,192611.0,287099
287099,GS906,2020,37578.0,287100
287103,GS913,2020,48456.0,287104
287107,GS922,2020,4947.0,287108
287115,GS935,2020,197624.0,287116
287117,GS939,2020,3782.0,287118
287127,GS961,2020,24660.0,287128
287132,GS971,2020,223512.0,287133
287149,GS997,2020,6097.0,287150
287152,GS1001,2020,108960.0,287153
287153,GS1003,2020,10108.0,287154
287159,GS1014,2020,15223.0,287160
287160,GS1015,2020,49306.0,287161
287162,GS1017,2020,43411.0,287163
287163,GS1018,2020,35079.0,287164
287164,GS1020,2020,93878.0,287165
287165,GS1021,2020,33426.0,287166
287172,GS1028,2020,4354.0,287173
287177,GS1033,2020,4541.0,287178
287178,GS1034,2020,50081.0,287179
287184,GS1041,2020,16188.0,287185
287185,GS1042,2020,38704.0,287186
287186,GS1044,2020,154845.0,287187
287190,GS1049,2020,112101.0,287191
287192,GS1054,2020,63366.0,287193
287193,GS1055,2020,35830.0,287194
287196,GS1060,2020,37522.0,287197
287197,GS1061,2020,142428.0,287198
287201,GS1067,2020,34795.0,287202
287206,GS1074,2020,7230.0,287207
287209,GS1078,2020,27120.0,287210
287214,GS1090,2020,42193.0,287215
287215,GS1091,2020,74622.0,287216
287218,GS1094,2020,4150.0,287219
287219,GS1095,2020,4030.0,287220
287220,GS1096,2020,4010.0,287221
287221,GS1097,2020,4018.0,287222
287222,GS1098,2020,2966.0,287223
287223,GS1100,2020,2456.0,287224
287224,GS1101,2020,2788.0,287225
287226,GS1103,2020,2756.0,287227
287227,GS1104,2020,2504.0,287228
287231,GS1109,2020,11867.0,287232
287235,GS1117,2020,30637.0,287236
287238,GS1124,2020,6683.0,287239
287240,GS1128,2020,48129.0,287241
287241,GS1134,2020,112694.0,287242
287242,GS1138,2020,42690.0,287243
287248,GS1146,2020,11578.0,287249
287249,GS1147,2020,559.0,287250
287250,GS1160,2020,23824.0,287251
287252,GS1162,2020,6185.0,287253
287259,GS1173,2020,36485.0,287260
287260,GS1174,2020,51872.0,287261
287262,GS1178,2020,13755.0,287263
287269,GS1190,2020,98660.0,287270
287270,GS1191,2020,9945.0,287271
287275,GS1199,2020,8896.0,287276
287283,GS1207,2020,22965.0,287284
287284,GS1208,2020,37355.0,287285
287287,GS1221,2020,1906.0,287288
287289,GS1223,2020,24171.0,287290
287293,GS1228,2020,10201.0,287294
287294,GS1229,2020,4088.0,287295
287295,GS1230,2020,15493.0,287296
287300,GS1237,2020,80634.0,287301
287310,GS1248,2020,7697.0,287311
287313,GS1253,2020,32683.0,287314
287316,GS1267,2020,2835.0,287317
287319,GS1286,2020,55116.0,287320
287320,GS1288,2020,1854.0,287321
287324,GS1294,2020,7367.0,287325
287326,GS1296,2020,9043.0,287327
287331,GS1303,2020,42080.0,287332
287333,GS1306,2020,18067.0,287334
287345,GS1318,2020,97387.0,287346
287347,GS1321,2020,115473.0,287348
287348,GS1322,2020,112933.0,287349
287355,GS1332,2020,10110.0,287356
287366,GS1347,2020,44150.0,287367
287367,GS1348,2020,65827.0,287368
287368,GS1350,2020,56027.0,287369
287370,GS1352,2020,6544.0,287371
287371,GS1353,2020,5904.0,287372
287374,GS1359,2020,3050.0,287375
287376,GS1363,2020,28103.0,287377
287377,GS1364,2020,71129.0,287378
287381,GS1368,2020,115722.0,287382
287389,GS1378,2020,68747.0,287390
287391,GS1382,2020,30984.0,287392
287392,GS1383,2020,58026.0,287393
287397,GS1588,2020,71071.0,287398
287398,GS1688,2020,24089.0,287399
287402,GS1693,2020,8528.0,287403
287403,GS1694,2020,8528.0,287404
287404,GS1695,2020,8528.0,287405
287405,GS1696,2020,8528.0,287406
287406,GS1697,2020,8528.0,287407
287407,GS1698,2020,8528.0,287408
287408,GS1699,2020,8528.0,287409
287409,GS1700,2020,8528.0,287410
287410,GS1701,2020,8528.0,287411
287411,GS1702,2020,8528.0,287412
287412,GS1703,2020,8291.0,287413
287413,GS1704,2020,8291.0,287414
287414,GS1705,2020,8291.0,287415
287415,GS1706,2020,8291.0,287416
287416,GS1707,2020,8291.0,287417
287417,GS1708,2020,8291.0,287418
287418,GS1709,2020,8291.0,287419
287419,GS1710,2020,8291.0,287420
287420,GS1711,2020,8291.0,287421
287421,GS1712,2020,8291.0,287422
287422,GS1713,2020,8291.0,287423
287423,GS1714,2020,8291.0,287424
287424,GS1715,2020,8291.0,287425
287425,GS1716,2020,8291.0,287426
287426,GS1717,2020,8291.0,287427
287427,GS1718,2020,8291.0,287428
287428,GS1719,2020,8291.0,287429
287429,GS1720,2020,8291.0,287430
287430,GS1721,2020,8291.0,287431
287431,GS1722,2020,8291.0,287432
287432,GS1723,2020,8291.0,287433
287433,GS1724,2020,8528.0,287434
287434,GS1725,2020,8528.0,287435
287435,GS1726,2020,8528.0,287436
287436,GS1727,2020,8528.0,287437
287437,GS1728,2020,8528.0,287438
287439,GS1730,2020,8528.0,287440
287440,GS1731,2020,8528.0,287441
287441,GS1732,2020,8528.0,287442
287442,GS1733,2020,8528.0,287443
287443,GS1734,2020,8528.0,287444
287444,GS1735,2020,8528.0,287445
287445,GS1736,2020,8528.0,287446
287446,GS1737,2020,8528.0,287447
287447,GS1738,2020,8528.0,287448
287448,GS1739,2020,8528.0,287449
287449,GS1740,2020,8528.0,287450
287450,GS1741,2020,8844.0,287451
287451,GS1742,2020,8528.0,287452
287452,GS1743,2020,8528.0,287453
287453,GS1744,2020,7520.0,287454
287454,GS1745,2020,8388.0,287455
287458,GS1890,2020,64826.0,287459
287465,GS2094,2020,358151.0,287466
287466,GS2095,2020,60000.0,287467
287473,GS2293,2020,70535.0,287474
287476,GS2296,2020,192543.0,287477
287477,GS2297,2020,856325.0,287478
287499,GS2419,2020,9835.0,287500
287507,GS2429,2020,5330.0,287508
287511,GS2435,2020,48292.0,287512
287512,GS2437,2020,5193.0,287513
287514,GS2439,2020,2305.0,287515
287515,GS2440,2020,289.0,287516
287516,GS2441,2020,19841.0,287517
287525,GS2456,2020,9991.0,287526
287526,GS2457,2020,24368.0,287527
287528,GS2460,2020,31089.0,287529
287530,GS2464,2020,34315.0,287531
287532,GS2468,2020,22552.0,287533
287535,GS2475,2020,87607.0,287536
287539,GS2479,2020,5270.0,287540
287540,GS2480,2020,3075.0,287541
287541,GS2481,2020,5310.0,287542
287543,GS2483,2020,19870.0,287544
287547,GS2487,2020,8050.0,287548
287548,GS2488,2020,8420.0,287549
287552,GS2497,2020,71754.0,287553
287554,GS2499,2020,125860.0,287555
287555,GS2500,2020,12843.0,287556
287556,GS2501,2020,15950.0,287557
287557,GS2502,2020,69040.0,287558
287558,GS2503,2020,71365.0,287559
287569,GS2519,2020,42775.0,287570
287570,GS2520,2020,19906.0,287571
287572,GS2525,2020,326886.0,287573
287574,GS2528,2020,5000.0,287575
287576,GS2534,2020,11369.0,287577
287577,GS2535,2020,14036.0,287578
287581,GS2540,2020,9457.0,287582
287583,GS2542,2020,30790.0,287584
287584,GS2543,2020,50880.0,287585
287585,GS2544,2020,106165.0,287586
287586,GS2545,2020,96424.0,287587
287587,GS2546,2020,83242.0,287588
287593,GS2564,2020,50888.0,287594
287595,GS2566,2020,8528.0,287596
287596,GS2567,2020,8291.0,287597
287597,GS2568,2020,8291.0,287598
287598,GS2569,2020,8291.0,287599
287599,GS2570,2020,8291.0,287600
287600,GS2571,2020,8291.0,287601
287601,GS2572,2020,8291.0,287602
287602,GS2573,2020,8291.0,287603
287603,GS2574,2020,8291.0,287604
287604,GS2575,2020,8528.0,287605
287605,GS2576,2020,8528.0,287606
287606,GS2577,2020,8528.0,287607
287607,GS2578,2020,8528.0,287608
287608,GS2579,2020,8291.0,287609
287609,GS2580,2020,8395.0,287610
287610,GS2581,2020,8469.0,287611
287611,GS2582,2020,8400.0,287612
287612,GS2583,2020,8528.0,287613
287613,GS2584,2020,8528.0,287614
287614,GS2585,2020,6312.0,287615
287615,GS2587,2020,81807.0,287616
287619,GS2596,2020,26963.0,287620
287638,GS2678,2020,12360.0,287639
287639,GS2679,2020,10980.0,287640
287640,GS2680,2020,10899.0,287641
287641,GS2681,2020,19352.0,287642
287642,GS2682,2020,94968.0,287643
287644,GS2684,2020,48568.0,287645
287645,GS2685,2020,42198.0,287646
287646,GS2686,2020,43879.0,287647
287647,GS2687,2020,47763.0,287648
287651,GS2691,2020,66198.0,287652
287655,GS2707,2020,17067.0,287656
287664,GS2735,2020,51409.0,287665
287668,GS2750,2020,12447.0,287669
287669,GS2751,2020,6006.0,287670
287670,GS2758,2020,268606.0,287671
287671,GS2763,2020,124435.0,287672
287678,GS2891,2020,2262.0,287679
287679,GS2892,2020,2280.0,287680
287680,GS2893,2020,2157.0,287681
287681,GS2894,2020,2240.0,287682
287683,GS2896,2020,4164.0,287684
287684,GS2898,2020,246992.0,287685
287687,GS2913,2020,7136.0,287688
287688,GS2940,2020,216476.0,287689
287691,GS3007,2020,1372.0,287692
287695,GS3015,2020,105947.0,287696
287699,GS3024,2020,10000.0,287700
287705,GS3031,2020,5459.0,287706
287706,GS3039,2020,4451.0,287707
287707,GS3041,2020,101163.0,287708
287709,GS3072,2020,41067.0,287710
287710,GS3077,2020,10309.0,287711
287715,GS3105,2020,6507.0,287716
287716,GS3106,2020,7200.0,287717
287717,GS3107,2020,10000.0,287718
287718,GS3108,2020,10000.0,287719
287719,GS3109,2020,63286.0,287720
287722,GS3113,2020,61076.0,287723
287723,GS3114,2020,58221.0,287724
287725,GS3116,2020,58788.0,287726
287730,GS3253,2020,261469.0,287731
287736,GS3262,2020,7955.0,287737
287738,GS3267,2020,1418.0,287739
287739,GS3305,2020,361.0,287740
287740,GS3306,2020,4377.0,287741
287742,GS3326,2020,9677.0,287743
287743,GS3334,2020,28853.0,287744
287747,GS3343,2020,25897.0,287748
287764,GS3379,2020,20608.0,287765
287767,GS3404,2020,13969.0,287768
287768,GS3405,2020,4928.0,287769
287771,GS3410,2020,34132.0,287772
287772,GS3411,2020,5807.0,287773
287775,GS3422,2020,1761.0,287776
287778,GS3429,2020,88662.0,287779
287779,GS3430,2020,4388.0,287780
287780,GS3431,2020,4388.0,287781
287781,GS3432,2020,4388.0,287782
287782,GS3433,2020,4367.0,287783
287783,GS3434,2020,278170.0,287784
287784,GS3443,2020,2899.0,287785
287785,GS3444,2020,2254.0,287786
287786,GS3445,2020,7683.0,287787
287787,GS3446,2020,2240.0,287788
287788,GS3447,2020,2272.0,287789
287789,GS3448,2020,2283.0,287790
287790,GS3449,2020,2199.0,287791
287791,GS3450,2020,2274.0,287792
287792,GS3451,2020,2244.0,287793
287793,GS3482,2020,1320.0,287794
287799,GS3493,2020,93888.0,287800
287801,GS3509,2020,8326.0,287802
287803,GS3511,2020,77533.0,287804
287804,GS3512,2020,75460.0,287805
287806,GS3514,2020,80169.0,287807
287807,GS3515,2020,2779.0,287808
287808,GS3516,2020,9563.0,287809
287809,GS3517,2020,10000.0,287810
287810,GS3518,2020,9995.0,287811
287811,GS3519,2020,9994.0,287812
287812,GS3520,2020,10000.0,287813
287813,GS3521,2020,10000.0,287814
287814,GS3522,2020,9994.0,287815
287815,GS3523,2020,9990.0,287816
287816,GS3524,2020,9999.0,287817
287819,GS3544,2020,1382.0,287820
287820,GS3547,2020,79890.0,287821
287821,GS3551,2020,116872.0,287822
287823,GS3556,2020,6852.0,287824
287825,GS3560,2020,5863.0,287826
287826,GS3561,2020,8427.0,287827
287827,GS3563,2020,3021.0,287828
287828,GS3564,2020,2990.0,287829
287830,GS3566,2020,60102.0,287831
287831,GS3567,2020,156703.0,287832
287833,GS3588,2020,8528.0,287834
287834,GS3589,2020,8291.0,287835
287835,GS3590,2020,8528.0,287836
287836,GS3591,2020,8528.0,287837
287837,GS3592,2020,8528.0,287838
287838,GS3593,2020,8528.0,287839
287839,GS3594,2020,8528.0,287840
287840,GS3595,2020,8528.0,287841
287841,GS3596,2020,7672.0,287842
287842,GS3597,2020,8305.0,287843
287843,GS3598,2020,8528.0,287844
287844,GS3599,2020,8457.0,287845
287845,GS3600,2020,8504.0,287846
287846,GS3601,2020,8556.0,287847
287848,GS3606,2020,8572.0,287849
287850,GS3618,2020,1325.0,287851
287851,GS3619,2020,1390.0,287852
287852,GS3620,2020,1353.0,287853
287853,GS3626,2020,8377.0,287854
287857,GS3668,2020,38482.0,287858
287860,GS3705,2020,117067.0,287861
287862,GS3852,2020,4223.0,287863
287866,GS3906,2020,16609.0,287867
287871,GS3945,2020,2276.0,287872
287873,GS3947,2020,2248.0,287874
287879,GS3958,2020,69717.0,287880
287881,GS3964,2020,6854.0,287882
287882,GS3965,2020,40542.0,287883
287883,GS3966,2020,14759.0,287884
287884,GS3969,2020,171066.0,287885
287885,GS3971,2020,26570.0,287886
287888,GS3976,2020,237524.0,287889
287889,GS3992,2020,56069.0,287890
287891,GS4014,2020,9313.0,287892
287893,GS4036,2020,8017.0,287894
287899,GS4195,2020,23053.0,287900
287901,GS4202,2020,5996.0,287902
287902,GS4203,2020,5265.0,287903
287903,GS4205,2020,7090.0,287904
287906,GS4210,2020,16106.0,287907
287908,GS4220,2020,6992.0,287909
287909,GS4221,2020,389306.0,287910
287910,GS4233,2020,63751.0,287911
287911,GS4236,2020,22264.0,287912
287912,GS4238,2020,75710.0,287913
287914,GS4240,2020,23592.0,287915
287917,GS4259,2020,38261.0,287918
287918,GS4260,2020,3034.0,287919
287919,GS4261,2020,36001.0,287920
287920,GS4264,2020,88853.0,287921
287921,GS4265,2020,78669.0,287922
287923,GS4269,2020,33932.0,287924
287925,GS4271,2020,10000.0,287926
287927,GS4273,2020,38495.0,287928
287928,GS4288,2020,17945.0,287929
287930,GS4290,2020,23687.0,287931
287931,GS4291,2020,12896.0,287932
287932,GS4296,2020,21308.0,287933
287933,GS4300,2020,32580.0,287934
287934,GS4364,2020,1607.0,287935
287937,GS4372,2020,524.0,287938
287938,GS4373,2020,667.0,287939
287939,GS4374,2020,451.0,287940
287940,GS4375,2020,524.0,287941
287941,GS4376,2020,360.0,287942
287942,GS4377,2020,690.0,287943
287943,GS4378,2020,573.0,287944
287944,GS4379,2020,959.0,287945
287945,GS4380,2020,594.0,287946
287946,GS4381,2020,472.0,287947
287947,GS4382,2020,720.0,287948
287948,GS4383,2020,663.0,287949
287949,GS4384,2020,435.0,287950
287950,GS4385,2020,582.0,287951
287951,GS4386,2020,1167.0,287952
287952,GS4387,2020,816.0,287953
287953,GS4388,2020,888.0,287954
287954,GS4389,2020,734.0,287955
287955,GS4390,2020,95.0,287956
287956,GS4391,2020,927.0,287957
287957,GS4392,2020,258.0,287958
287958,GS4393,2020,622.0,287959
287959,GS4394,2020,1385.0,287960
287960,GS4395,2020,817.0,287961
287961,GS4396,2020,1011.0,287962
287962,GS4397,2020,1417.0,287963
287963,GS4398,2020,318.0,287964
287964,GS4399,2020,45.0,287965
287965,GS4400,2020,1441.0,287966
287966,GS4401,2020,1445.0,287967
287967,GS4422,2020,6839.0,287968
287968,GS4423,2020,6839.0,287969
287970,GS4425,2020,185502.0,287971
287971,GS4426,2020,136864.0,287972
287975,GS4442,2020,51321.0,287976
287977,GS4446,2020,14667.0,287978
287980,GS4518,2020,6254.0,287981
287981,GS4519,2020,6700.0,287982
287982,GS4530,2020,8792.0,287983
287983,GS4531,2020,45550.0,287984
287985,GS4533,2020,30725.0,287986
287988,GS4536,2020,1846.0,287989
287993,GS4553,2020,2731.0,287994
287994,GS4557,2020,134608.0,287995
287999,GS4593,2020,2081.0,288000
288000,GS4596,2020,12676.0,288001
288003,GS4603,2020,90304.0,288004
288013,GS4688,2020,28140.0,288014
288016,GS4707,2020,63792.0,288017
288019,GS4797,2020,6450.0,288020
288020,GS4798,2020,6143.0,288021
288021,GS4799,2020,33372.0,288022
288022,GS4813,2020,137468.0,288023
288026,GS4822,2020,72951.0,288027
288028,GS4824,2020,10390.0,288029
288030,GS4875,2020,13584.0,288031
288032,GS4895,2020,17.0,288033
288033,GS4897,2020,3210.0,288034
288034,GS4898,2020,3210.0,288035
288035,GS4899,2020,3170.0,288036
288036,GS4900,2020,3210.0,288037
288037,GS4901,2020,2568.0,288038
288039,GS4906,2020,5308.0,288040
288040,GS4922,2020,66962.0,288041
288041,GS4962,2020,94561.0,288042
288046,GS5003,2020,76448.0,288047
288047,GS5007,2020,45096.0,288048
288051,GS5013,2020,92112.0,288052
288056,GS5033,2020,2568.0,288057
288057,GS5034,2020,2568.0,288058
288058,GS5035,2020,2640.0,288059
288059,GS5036,2020,3210.0,288060
288061,GS5038,2020,3882.0,288062
288062,GS5039,2020,3882.0,288063
288063,GS5040,2020,3868.0,288064
288064,GS5041,2020,3661.0,288065
288065,GS5042,2020,3597.0,288066
288066,GS5043,2020,3882.0,288067
288067,GS5046,2020,20982.0,288068
288069,GS5051,2020,42768.0,288070
288070,GS5052,2020,62614.0,288071
288073,GS5073,2020,79180.0,288074
288075,GS5099,2020,53538.0,288076
288076,GS5106,2020,6157.0,288077
288077,GS5107,2020,40176.0,288078
288080,GS5125,2020,166973.0,288081
288081,GS5186,2020,6105.0,288082
288082,GS5187,2020,4941.0,288083
288083,GS5188,2020,4942.0,288084
288084,GS5189,2020,3538.0,288085
288085,GS5190,2020,3312.0,288086
288086,GS5191,2020,5456.0,288087
288087,GS5192,2020,6833.0,288088
288088,GS5193,2020,6271.0,288089
288089,GS5194,2020,3769.0,288090
288090,GS5195,2020,1338.0,288091
288091,GS5196,2020,4846.0,288092
288092,GS5197,2020,5535.0,288093
288093,GS5199,2020,28203.0,288094
288096,GS5228,2020,33094.0,288097
288097,GS5229,2020,130071.0,288098
288098,GS5230,2020,5878.0,288099
288099,GS5244,2020,6463.0,288100
288100,GS5245,2020,6583.0,288101
288101,GS5256,2020,23001.0,288102
288102,GS5257,2020,68518.0,288103
288104,GS5303,2020,10975.0,288105
288111,GS5314,2020,54683.0,288112
288112,GS5315,2020,12410.0,288113
288114,GS5317,2020,52364.0,288115
288115,GS5322,2020,5012.0,288116
288116,GS5323,2020,4968.0,288117
288117,GS5324,2020,5012.0,288118
288118,GS5325,2020,9608.0,288119
288119,GS5326,2020,9792.0,288120
288120,GS5329,2020,7993.0,288121
288121,GS5330,2020,7386.0,288122
288122,GS5331,2020,8719.0,288123
288123,GS5332,2020,7374.0,288124
288124,GS5335,2020,8860.0,288125
288125,GS5336,2020,7358.0,288126
288126,GS5337,2020,9162.0,288127
288127,GS5338,2020,9468.0,288128
288128,GS5339,2020,9579.0,288129
288129,GS5340,2020,9435.0,288130
288130,GS5341,2020,10000.0,288131
288131,GS5342,2020,8889.0,288132
288132,GS5343,2020,9496.0,288133
288133,GS5344,2020,9107.0,288134
288138,GS5391,2020,28064.0,288139
288139,GS5392,2020,3210.0,288140
288140,GS5393,2020,3210.0,288141
288141,GS5394,2020,3209.0,288142
288142,GS5395,2020,3210.0,288143
288143,GS5396,2020,2568.0,288144
288146,GS5417,2020,33013.0,288147
288147,GS5418,2020,36238.0,288148
288148,GS5434,2020,5041.0,288149
288149,GS5437,2020,6597.0,288150
288150,GS5438,2020,6532.0,288151
288151,GS5439,2020,7765.0,288152
288152,GS5440,2020,6902.0,288153
288153,GS5441,2020,6471.0,288154
288156,GS5444,2020,10000.0,288157
288158,GS5463,2020,26130.0,288159
288159,GS5519,2020,285608.0,288160
288160,GS5523,2020,302863.0,288161
288164,GS5574,2020,8021.0,288165
288165,GS5575,2020,24633.0,288166
288166,GS5614,2020,156539.0,288167
288168,GS5617,2020,36096.0,288169
288169,GS5618,2020,80264.0,288170
288170,GS5624,2020,38328.0,288171
288172,GS5633,2020,22404.0,288173
288173,GS5634,2020,5347.0,288174
288174,GS5635,2020,5344.0,288175
288175,GS5636,2020,5271.0,288176
288176,GS5637,2020,5337.0,288177
288178,GS5642,2020,414682.0,288179
288179,GS5643,2020,15722.0,288180
288185,GS5662,2020,1083.0,288186
288186,GS5673,2020,15944.0,288187
288188,GS5698,2020,101156.0,288189
288189,GS5699,2020,27380.0,288190
288191,GS5780,2020,582.0,288192
288192,GS5781,2020,5545.0,288193
288193,GS5782,2020,5545.0,288194
288194,GS5783,2020,6050.0,288195
288195,GS5796,2020,6893.0,288196
288196,GS5799,2020,109720.0,288197
288198,GS5801,2020,13304.0,288199
288199,GS5802,2020,9364.0,288200
288201,GS5825,2020,5271.0,288202
288202,GS5826,2020,4660.0,288203
288203,GS5827,2020,4660.0,288204
288204,GS5830,2020,27355.0,288205
288205,GS5831,2020,18895.0,288206
288209,GS5842,2020,10000.0,288210
288211,GS5860,2020,26693.0,288212
288212,GS5866,2020,86086.0,288213
288216,GS5889,2020,1681.0,288217
288217,GS5890,2020,5290.0,288218
288218,GS5891,2020,3004.0,288219
288219,GS5892,2020,6249.0,288220
288223,GS5928,2020,190676.0,288224
288225,GS5951,2020,6712.0,288226
288226,GS5952,2020,5201.0,288227
288227,GS5953,2020,5178.0,288228
288228,GS5954,2020,4814.0,288229
288229,GS5955,2020,4835.0,288230
288230,GS5983,2020,86322.0,288231
288233,GS6003,2020,590.0,288234
288234,GS6004,2020,54472.0,288235
288235,GS6008,2020,6773.0,288236
288240,GS6037,2020,5012.0,288241
288241,GS6038,2020,5012.0,288242
288242,GS6041,2020,7931.0,288243
288243,GS6042,2020,6949.0,288244
288247,GS6050,2020,8929.0,288248
288262,GS6101,2020,5258.0,288263
288263,GS6108,2020,13290.0,288264
288264,GS6109,2020,13402.0,288265
288265,GS6111,2020,13290.0,288266
288266,GS6112,2020,12508.0,288267
288267,GS6113,2020,12508.0,288268
288268,GS6114,2020,9046.0,288269
288269,GS6115,2020,9046.0,288270
288270,GS6116,2020,8934.0,288271
288271,GS6129,2020,5732.0,288272
288275,GS6152,2020,9486.0,288276
288276,GS6155,2020,8154.0,288277
288277,GS6189,2020,4720.0,288278
288279,GS6212,2020,29609.0,288280
288280,GS6235,2020,5226.0,288281
288281,GS6236,2020,5000.0,288282
288282,GS6237,2020,4358.0,288283
288284,GS6256,2020,49497.0,288285
288285,GS6264,2020,36766.0,288286
288286,GS6271,2020,77911.0,288287
288288,GS6275,2020,42710.0,288289
288289,GS6279,2020,38020.0,288290
288291,GS6289,2020,10375.0,288292
288292,GS6290,2020,555025.0,288293
288293,GS6301,2020,53018.0,288294
288295,GS6338,2020,6592.0,288296
288296,GS6344,2020,4883.0,288297
288297,GS6349,2020,4454.0,288298
288298,GS6350,2020,5009.0,288299
288299,GS6351,2020,4208.0,288300
288300,GS6356,2020,8400.0,288301
288301,GS6393,2020,59165.0,288302
288302,GS6394,2020,58640.0,288303
288303,GS6395,2020,16660.0,288304
288305,GS6411,2020,60446.0,288306
288306,GS6414,2020,10071.0,288307
288307,GS6419,2020,9752.0,288308
288308,GS6420,2020,6946.0,288309
288309,GS6443,2020,3544.0,288310
288310,GS6444,2020,5685.0,288311
288311,GS6445,2020,5800.0,288312
288312,GS6460,2020,111.0,288313
288315,GS6503,2020,3920.0,288316
288317,GS6513,2020,6218.0,288318
288318,GS6518,2020,7263.0,288319
288319,GS6519,2020,6757.0,288320
288320,GS6520,2020,7218.0,288321
288321,GS6521,2020,6897.0,288322
288322,GS6522,2020,7370.0,288323
288323,GS6523,2020,5869.0,288324
288324,GS6566,2020,8035.0,288325
288326,GS6588,2020,17787.0,288327
288327,GS6597,2020,18136.0,288328
288328,GS6598,2020,23626.0,288329
288329,GS6599,2020,5112.0,288330
288330,GS6600,2020,6957.0,288331
288331,GS6604,2020,27330.0,288332
288332,GS6607,2020,46560.0,288333
288334,GS6747,2020,96202.0,288335
288335,GS6748,2020,64206.0,288336
288336,GS6749,2020,6363.0,288337
288337,GS6750,2020,4002.0,288338
288339,GS6752,2020,2627.0,288340
288340,GS6753,2020,453590.0,288341
288341,GS6756,2020,48223.0,288342
288342,GS6760,2020,194091.0,288343
288343,GS6783,2020,7073.0,288344
288344,GS6784,2020,7302.0,288345
288345,GS6786,2020,5253.0,288346
288346,GS6787,2020,3509.0,288347
288347,GS6788,2020,4343.0,288348
288348,GS6789,2020,4388.0,288349
288349,GS6790,2020,4365.0,288350
288351,GS6830,2020,3318.0,288352
288352,GS6831,2020,26712.0,288353
288353,GS6832,2020,51255.0,288354
288354,GS6836,2020,6032.0,288355
288355,GS6837,2020,3852.0,288356
288356,GS6838,2020,2568.0,288357
288358,GS6853,2020,147762.0,288359
288359,GS6854,2020,40468.0,288360
288360,GS6855,2020,55764.0,288361
288361,GS6856,2020,10114.0,288362
288362,GS6857,2020,19934.0,288363
288363,GS6858,2020,27025.0,288364
288364,GS6861,2020,8682.0,288365
288369,GS6998,2020,6055.0,288370
288370,GS6999,2020,40265.0,288371
288371,GS7002,2020,238.0,288372
288373,GS7071,2020,935664.0,288374
288377,GS7090,2020,8365.0,288378
288381,GS7128,2020,7535.0,288382
288385,GS7132,2020,8633.0,288386
288386,GS7133,2020,8751.0,288387
288387,GS7134,2020,8410.0,288388
288388,GS7135,2020,8487.0,288389
288389,GS7136,2020,7172.0,288390
288395,GS7147,2020,4689.0,288396
288396,GS7148,2020,4683.0,288397
288397,GS7149,2020,4683.0,288398
288398,GS7150,2020,4683.0,288399
288400,GS7152,2020,599872.0,288401
288401,GS7153,2020,9908.0,288402
288402,GS7154,2020,151375.0,288403
288403,GS7164,2020,197869.0,288404
288404,GS7287,2020,4995.0,288405
288405,GS7288,2020,5012.0,288406
288406,GS7289,2020,5012.0,288407
288407,GS7290,2020,5012.0,288408
288408,GS7291,2020,5012.0,288409
288409,GS7292,2020,5012.0,288410
288410,GS7293,2020,10000.0,288411
288412,GS7311,2020,2013.0,288413
288413,GS7312,2020,682462.0,288414
288414,GS7317,2020,6656.0,288415
288415,GS7318,2020,9996.0,288416
288416,GS7330,2020,4493.0,288417
288417,GS7331,2020,3779.0,288418
288418,GS7332,2020,4660.0,288419
288419,GS7333,2020,4660.0,288420
288420,GS7334,2020,3882.0,288421
288421,GS7335,2020,3882.0,288422
288422,GS7336,2020,3628.0,288423
288423,GS7343,2020,7033.0,288424
288424,GS7345,2020,4212.0,288425
288426,GS7356,2020,6367.0,288427
288428,GS7362,2020,5809.0,288429
288429,GS7363,2020,5809.0,288430
288430,GS7364,2020,7235.0,288431
288431,GS7365,2020,5809.0,288432
288432,GS7366,2020,6339.0,288433
288439,GS7391,2020,10000.0,288440
288442,GS7394,2020,8904.0,288443
288443,GS7395,2020,4683.0,288444
288444,GS7396,2020,4683.0,288445
288445,GS7397,2020,4683.0,288446
288446,GS7398,2020,4683.0,288447
288447,GS7399,2020,4683.0,288448
288448,GS7400,2020,4683.0,288449
288449,GS7401,2020,4683.0,288450
288450,GS7433,2020,83135.0,288451
288451,GS7434,2020,82198.0,288452
288452,GS7435,2020,447.0,288453
288453,GS7436,2020,5892.0,288454
288454,GS7437,2020,10000.0,288455
288455,GS7438,2020,70830.0,288456
288458,GS7444,2020,3413.0,288459
288459,GS7448,2020,5973.0,288460
288460,GS7449,2020,4552.0,288461
288461,GS7450,2020,8619.0,288462
288462,GS7451,2020,5648.0,288463
288463,GS7452,2020,2590.0,288464
288465,GS7454,2020,65.0,288466
288466,GS7456,2020,5643.0,288467
288467,GS7457,2020,4428.0,288468
288468,GS7458,2020,5661.0,288469
288469,GS7459,2020,7385.0,288470
288470,GS7460,2020,5450.0,288471
288475,GS7465,2020,7719.0,288476
288476,GS7466,2020,41479.0,288477
288477,GS7467,2020,29792.0,288478
288478,GS7468,2020,587433.0,288479
288479,GS7469,2020,131169.0,288480
288480,GS7470,2020,7959.0,288481
288481,GS7471,2020,8729.0,288482
288482,GS7472,2020,7769.0,288483
288483,GS7473,2020,7121.0,288484
288484,GS7474,2020,8879.0,288485
288485,GS7475,2020,6766.0,288486
288486,GS7476,2020,6789.0,288487
288487,GS7477,2020,6774.0,288488
288488,GS7478,2020,6197.0,288489
288489,GS7479,2020,6774.0,288490
288490,GS7480,2020,6197.0,288491
288491,GS7481,2020,6197.0,288492
288492,GS7482,2020,6771.0,288493
288493,GS7483,2020,6420.0,288494
288494,GS7484,2020,6501.0,288495
288501,GS7491,2020,9488.0,288502
288503,GS7493,2020,12733.0,288504
288504,GS7495,2020,69771.0,288505
288505,GS7496,2020,9777.0,288506
288507,GS7498,2020,19945.0,288508
288512,GS7504,2020,14780.0,288513
288513,GS7505,2020,52114.0,288514
288514,GS7506,2020,14594.0,288515
288515,GS7507,2020,14636.0,288516
288516,GS7508,2020,56218.0,288517
288517,GS7509,2020,56486.0,288518
288518,GS7510,2020,49017.0,288519
288519,GS7512,2020,6357.0,288520
288531,GS7524,2020,7321.0,288532
288532,GS7525,2020,442269.0,288533
288533,GS7526,2020,37746.0,288534
288534,GS7527,2020,169956.0,288535
288538,GS7531,2020,7366.0,288539
288539,GS7532,2020,463807.0,288540
288540,GS7533,2020,176431.0,288541
288541,GS7534,2020,281900.0,288542
288542,GS7535,2020,29139.0,288543
288544,GS7538,2020,902275.0,288545
288545,GS7539,2020,7723.0,288546
288546,GS7540,2020,1600.0,288547
288550,GS7544,2020,31306.0,288551
288553,GS7547,2020,194031.0,288554
288554,GS7548,2020,57896.0,288555
288555,GS7549,2020,77195.0,288556
288556,GS7550,2020,61653.0,288557
288557,GS7551,2020,62850.0,288558
288559,GS7553,2020,58304.0,288560
288562,GS7556,2020,8021.0,288563
288567,GS7561,2020,7997.0,288568
288572,GS7566,2020,9746.0,288573
288573,GS7567,2020,1688.0,288574
288576,GS7570,2020,9756.0,288577
288577,GS7571,2020,9756.0,288578
288578,GS7572,2020,28019.0,288579
288579,GS7574,2020,280.0,288580
288581,GS7576,2020,34777.0,288582
288584,GS7579,2020,22552.0,288585
288585,GS7580,2020,3790.0,288586
288586,GS7581,2020,4166.0,288587
288587,GS7582,2020,3855.0,288588
288588,GS7583,2020,3268.0,288589
288589,GS7584,2020,3890.0,288590
288590,GS7585,2020,3562.0,288591
288592,GS7587,2020,19131.0,288593
288597,GS7592,2020,32016.0,288598
288598,GS7593,2020,5480.0,288599
288609,GS7604,2020,105994.0,288610
288610,GS7605,2020,103616.0,288611
288611,GS7606,2020,105265.0,288612
288615,GS7610,2020,149.0,288616
288619,GS7614,2020,19276.0,288620
288620,GS7615,2020,16663.0,288621
288623,GS7620,2020,27935.0,288624
288631,GS7628,2020,74542.0,288632
288632,GS7629,2020,61762.0,288633
288633,GS7630,2020,59322.0,288634
288634,GS7631,2020,66517.0,288635
288635,GS7632,2020,81035.0,288636
288636,GS7633,2020,118236.0,288637
288640,GS7637,2020,40842.0,288641
288641,GS7638,2020,39155.0,288642
288642,GS7639,2020,32453.0,288643
288643,GS7640,2020,21206.0,288644
288644,GS7641,2020,14194.0,288645
288645,GS7642,2020,7868.0,288646
288646,GS7643,2020,1148.0,288647
288658,GS7666,2020,36612.0,288659
288659,GS7668,2020,28811.0,288660
288660,GS7669,2020,45219.0,288661
288661,GS7671,2020,5061.0,288662
288662,GS7672,2020,2467.0,288663
288667,GS7677,2020,31267.0,288668
288669,GS7679,2020,40766.0,288670
288676,GS7686,2020,6603.0,288677
288677,GS7687,2020,17890.0,288678
288678,GS7688,2020,1583.0,288679
288714,GS7724,2020,175205.0,288715
288716,GS7726,2020,659326.0,288717
288724,GS7737,2020,18326.0,288725
288731,GS7744,2020,80685.0,288732
288732,GS7745,2020,162169.0,288733
288733,GS7746,2020,96321.0,288734
288737,GS7750,2020,5006.0,288738
288740,GS7754,2020,107198.0,288741
288745,GS7760,2020,11329.0,288746
288747,GS7762,2020,38319.0,288748
288754,GS7783,2020,9496.0,288755
288758,GS7788,2020,20204.0,288759
288759,GS7789,2020,3625.0,288760
288762,GS7792,2020,14713.0,288763
288764,GS7794,2020,7705.0,288765
288777,GS10220,2020,34076.0,288778
288783,GS10457,2020,2926.0,288784
288786,GS10466,2020,1929.0,288787
288792,GS10657,2020,10703.0,288793
288793,GS10658,2020,9049.0,288794
288794,GS10659,2020,9742.0,288795
288811,GS10710,2020,13061.0,288812
288813,GS10712,2020,7357.0,288814
288817,GS10716,2020,131694.0,288818
288819,GS10718,2020,2344.0,288820
288824,GS10725,2020,5452.0,288825
288825,GS10726,2020,3283.0,288826
288834,GS10735,2020,750.0,288835
288835,GS10736,2020,1905.0,288836
288837,GS10738,2020,9176.0,288838
288838,GS10739,2020,20793.0,288839
288842,GS10776,2020,1124.0,288843
288843,GS10777,2020,2788.0,288844
288844,GS10778,2020,9324.0,288845
288845,GS10779,2020,9156.0,288846
288846,GS10780,2020,9262.0,288847
288847,GS10781,2020,2344.0,288848
288848,GS10782,2020,29789.0,288849
288849,GS10783,2020,2575.0,288850
288850,GS10784,2020,3162.0,288851
288853,GS10788,2020,6064.0,288854
288855,GS10790,2020,227263.0,288856
288864,GS10799,2020,3337.0,288865
288865,GS10800,2020,3313.0,288866
288866,GS10801,2020,3377.0,288867
288867,GS10802,2020,3221.0,288868
288868,GS10803,2020,3405.0,288869
288869,GS10804,2020,3540.0,288870
288870,GS10805,2020,3517.0,288871
288871,GS10806,2020,2261.0,288872
288872,GS10807,2020,912.0,288873
288875,GS10810,2020,32143.0,288876
288876,GS10811,2020,29341.0,288877
288877,GS10812,2020,66534.0,288878
288878,GS10813,2020,64448.0,288879
288881,GS10821,2020,17729.0,288882
288883,GS10823,2020,93.0,288884
288885,GS10825,2020,6110.0,288886
288886,GS10826,2020,147.0,288887
288892,GS10832,2020,431.0,288893
288894,GS10866,2020,3648.0,288895
288898,GS10872,2020,6486.0,288899
288899,GS10873,2020,5334.0,288900
288905,GS10879,2020,5475.0,288906
288908,GS10886,2020,9890.0,288909
288920,GS10903,2020,35244.0,288921
288921,GS10904,2020,35244.0,288922
288922,GS10905,2020,35244.0,288923
288923,GS10906,2020,35244.0,288924
288924,GS10907,2020,35244.0,288925
288925,GS10908,2020,35244.0,288926
288926,GS10909,2020,35244.0,288927
288927,GS10910,2020,35244.0,288928
288928,GS10911,2020,27446.0,288929
288929,GS10912,2020,27446.0,288930
288930,GS10913,2020,27446.0,288931
288931,GS10914,2020,27446.0,288932
288932,GS10915,2020,27446.0,288933
288933,GS10916,2020,27446.0,288934
288934,GS10917,2020,27446.0,288935
288935,GS10918,2020,27446.0,288936
288936,GS10919,2020,12808.0,288937
288937,GS10920,2020,12808.0,288938
288938,GS10921,2020,12512.0,288939
288959,GS10974,2020,43518.0,288960
288961,GS10976,2020,42939.0,288962
288962,GS10977,2020,43013.0,288963
288963,GS10978,2020,42771.0,288964
288964,GS10979,2020,43434.0,288965
288965,GS10980,2020,43114.0,288966
288966,GS10981,2020,43233.0,288967
288967,GS10982,2020,39416.0,288968
288971,GS10987,2020,3085.0,288972
288994,GS11010,2020,7729.0,288995
289047,GS11068,2020,34947.0,289048
289084,GS11140,2020,15558.0,289085
289089,GS11145,2020,35011.0,289090
289098,GS11154,2020,6265.0,289099
289105,GS11167,2020,57669.0,289106
289124,GS11190,2020,3198.0,289125
289140,GS11206,2020,14875.0,289141
289141,GS11207,2020,59586.0,289142
289143,GS11209,2020,3380.0,289144
289146,GS11212,2020,411.0,289147
289152,GS11218,2020,6110.0,289153
289155,GS11222,2020,82904.0,289156
289170,GS11238,2020,79424.0,289171
289171,GS11239,2020,68059.0,289172
289173,GS11241,2020,15440.0,289174
289186,GS11255,2020,78223.0,289187
289187,GS11256,2020,112790.0,289188
289236,GS11307,2020,78688.0,289237
289238,GS11309,2020,3862.0,289239
289239,GS11310,2020,542.0,289240
289253,GS11325,2020,606.0,289254
289259,GS11331,2020,10699.0,289260
289261,GS11334,2020,33136.0,289262
289262,GS11335,2020,6035.0,289263
289264,GS11337,2020,28182.0,289265
289265,GS11338,2020,2139.0,289266
289279,GS11358,2020,3379.0,289280
289288,GS11401,2020,172599.0,289289
289289,GS11402,2020,53125.0,289290
289290,GS11403,2020,31666.0,289291
289291,GS11404,2020,77483.0,289292
289292,GS11405,2020,92492.0,289293
289303,GS11417,2020,15679.0,289304
289304,GS11418,2020,15129.0,289305
289305,GS11419,2020,14789.0,289306
289306,GS11420,2020,14879.0,289307
289312,GS11426,2020,298.0,289313
289313,GS11427,2020,620.0,289314
289319,GS11437,2020,269.0,289320
289323,GS11441,2020,45.0,289324
289331,GS11455,2020,2256.0,289332
289338,GS11474,2020,51326.0,289339
289339,GS11475,2020,33652.0,289340
289345,GS11481,2020,20633.0,289346
289347,GS11483,2020,51942.0,289348
289348,GS11484,2020,70875.0,289349
289349,GS11485,2020,16333.0,289350
289367,GS11504,2020,16994.0,289368
289368,GS11505,2020,20702.0,289369
289410,GS11556,2020,38987.0,289411
289411,GS11557,2020,16658.0,289412
289412,GS11558,2020,272753.0,289413
289413,GS11559,2020,69246.0,289414
289414,GS11560,2020,62035.0,289415
289670,GS11899,2020,42329.0,289671
289744,GS11996,2020,878.0,289745
289745,GS11998,2020,777.0,289746
289840,GS12112,2020,78092.0,289841
289955,GS12243,2020,8901.0,289956
291119,VCS5,2020,24068.0,291120
291145,VCS33,2020,21976.0,291146
291146,VCS34,2020,11071.0,291147
291166,VCS54,2020,32632.0,291167
291203,VCS92,2020,1216454.0,291204
291204,VCS93,2020,14343.0,291205
291230,VCS120,2020,10691.0,291231
291247,VCS138,2020,90072.0,291248
291251,VCS142,2020,532089.0,291252
291303,VCS197,2020,54215.0,291304
291304,VCS198,2020,27628.0,291305
291308,VCS202,2020,6249.0,291309
291398,VCS292,2020,194052.0,291399
291423,VCS318,2020,115228.0,291424
291437,VCS332,2020,6047.0,291438
291440,VCS335,2020,17401.0,291441
291441,VCS336,2020,12038.0,291442
291442,VCS337,2020,22975.0,291443
291475,VCS370,2020,19654.0,291476
291485,VCS380,2020,21564.0,291486
291486,VCS381,2020,11278.0,291487
291496,VCS391,2020,38924.0,291497
291510,VCS405,2020,19252.0,291511
291516,VCS411,2020,22743.0,291517
291517,VCS412,2020,62164.0,291518
291518,VCS413,2020,100699.0,291519
291519,VCS414,2020,108788.0,291520
291520,VCS415,2020,52104.0,291521
291521,VCS416,2020,40696.0,291522
291532,VCS427,2020,42231.0,291533
291533,VCS428,2020,29678.0,291534
291535,VCS430,2020,45947.0,291536
291543,VCS438,2020,323986.0,291544
291545,VCS440,2020,8182.0,291546
291546,VCS441,2020,41531.0,291547
291553,VCS448,2020,25103.0,291554
291555,VCS450,2020,17897.0,291556
291561,VCS456,2020,10914.0,291562
291573,VCS468,2020,175584.0,291574
291591,VCS486,2020,153784.0,291592
291592,VCS487,2020,958676.0,291593
291593,VCS488,2020,186008.0,291594
291594,VCS489,2020,44197.0,291595
291615,VCS510,2020,4530.0,291616
291618,VCS513,2020,73633.0,291619
291619,VCS514,2020,19885.0,291620
291639,VCS534,2020,84711.0,291640
291640,VCS535,2020,96727.0,291641
291641,VCS536,2020,98467.0,291642
291648,VCS543,2020,89242.0,291649
291651,VCS546,2020,88668.0,291652
291653,VCS548,2020,92890.0,291654
291663,VCS558,2020,12205.0,291664
291667,VCS562,2020,278584.0,291668
291700,VCS595,2020,6086.0,291701
291701,VCS596,2020,29908.0,291702
291702,VCS597,2020,3731.0,291703
291708,VCS603,2020,5835.0,291709
291712,VCS607,2020,277899.0,291713
291717,VCS612,2020,1609384.0,291718
291723,VCS618,2020,114492.0,291724
291743,VCS638,2020,13502.0,291744
291745,VCS640,2020,39575.0,291746
291758,VCS653,2020,102900.0,291759
291761,VCS656,2020,29214.0,291762
291770,VCS665,2020,13728.0,291771
291777,VCS672,2020,72719.0,291778
291778,VCS673,2020,228657.0,291779
291787,VCS682,2020,29742.0,291788
291790,VCS685,2020,38276.0,291791
291805,VCS700,2020,18398.0,291806
291806,VCS701,2020,18915.0,291807
291811,VCS706,2020,59212.0,291812
291813,VCS708,2020,20160.0,291814
291821,VCS717,2020,366703.0,291822
291831,VCS727,2020,245581.0,291832
291832,VCS728,2020,371705.0,291833
291841,VCS737,2020,50139.0,291842
291844,VCS740,2020,156849.0,291845
291850,VCS747,2020,38317.0,291851
291855,VCS752,2020,29301.0,291856
291856,VCS753,2020,137467.0,291857
291858,VCS755,2020,101563.0,291859
291859,VCS756,2020,162110.0,291860
291861,VCS758,2020,32702.0,291862
291862,VCS759,2020,35383.0,291863
291864,VCS761,2020,33318.0,291865
291866,VCS763,2020,48576.0,291867
291883,VCS780,2020,223436.0,291884
291887,VCS784,2020,40904.0,291888
291899,VCS796,2020,3628.0,291900
291902,VCS799,2020,100358.0,291903
291910,VCS807,2020,103529.0,291911
291913,VCS810,2020,72738.0,291914
291922,VCS819,2020,13982.0,291923
291936,VCS833,2020,56567.0,291937
291937,VCS834,2020,31368.0,291938
291938,VCS835,2020,51688.0,291939
291943,VCS840,2020,24279.0,291944
291947,VCS844,2020,884129.0,291948
291952,VCS849,2020,70472.0,291953
291953,VCS850,2020,101584.0,291954
291955,VCS852,2020,17648.0,291956
291971,VCS868,2020,1883326.0,291972
291975,VCS872,2020,21337.0,291976
291976,VCS873,2020,356018.0,291977
291978,VCS875,2020,61280.0,291979
291986,VCS883,2020,815304.0,291987
291995,VCS892,2020,58870.0,291996
291999,VCS896,2020,485018.0,292000
292006,VCS903,2020,407591.0,292007
292008,VCS905,2020,80373.0,292009
292013,VCS910,2020,83218.0,292014
292014,VCS911,2020,77529.0,292015
292015,VCS912,2020,37591.0,292016
292020,VCS917,2020,152994.0,292021
292024,VCS921,2020,95012.0,292025
292028,VCS925,2020,10330.0,292029
292029,VCS926,2020,11583.0,292030
292030,VCS927,2020,26875.0,292031
292031,VCS928,2020,39181.0,292032
292032,VCS929,2020,838673.0,292033
292037,VCS934,2020,6984597.0,292038
292047,VCS944,2020,889110.0,292048
292050,VCS947,2020,89204.0,292051
292057,VCS954,2020,51728.0,292058
292061,VCS958,2020,98952.0,292062
292063,VCS960,2020,717339.0,292064
292065,VCS962,2020,348985.0,292066
292066,VCS963,2020,105177.0,292067
292077,VCS974,2020,27173.0,292078
292088,VCS985,2020,4739179.0,292089
292089,VCS986,2020,42055.0,292090
292099,VCS996,2020,119453.0,292100
292104,VCS1001,2020,76772.0,292105
292114,VCS1012,2020,5504.0,292115
292117,VCS1015,2020,5701.0,292118
292121,VCS1019,2020,98598.0,292122
292122,VCS1020,2020,23122.0,292123
292123,VCS1021,2020,8472.0,292124
292124,VCS1022,2020,4744.0,292125
292125,VCS1023,2020,19827.0,292126
292126,VCS1024,2020,10416.0,292127
292128,VCS1026,2020,8019.0,292129
292134,VCS1032,2020,12263.0,292135
292139,VCS1037,2020,347219.0,292140
292141,VCS1039,2020,57591.0,292142
292143,VCS1041,2020,230496.0,292144
292144,VCS1042,2020,168975.0,292145
292147,VCS1045,2020,40377.0,292148
292152,VCS1050,2020,29482.0,292153
292162,VCS1060,2020,28785.0,292163
292168,VCS1066,2020,30119.0,292169
292169,VCS1067,2020,781606.0,292170
292170,VCS1068,2020,13792.0,292171
292183,VCS1081,2020,14979.0,292184
292185,VCS1083,2020,38548.0,292186
292187,VCS1085,2020,229270.0,292188
292191,VCS1089,2020,3548.0,292192
292192,VCS1090,2020,313.0,292193
292202,VCS1100,2020,518653.0,292203
292205,VCS1103,2020,241817.0,292206
292211,VCS1109,2020,33138.0,292212
292214,VCS1112,2020,188984.0,292215
292215,VCS1113,2020,147765.0,292216
292216,VCS1114,2020,6564.0,292217
292223,VCS1121,2020,22679.0,292224
292229,VCS1127,2020,73608.0,292230
292230,VCS1128,2020,98798.0,292231
292235,VCS1133,2020,10000.0,292236
292242,VCS1140,2020,65314.0,292243
292243,VCS1141,2020,143480.0,292244
292244,VCS1142,2020,2122.0,292245
292245,VCS1143,2020,48924.0,292246
292246,VCS1144,2020,2938.0,292247
292254,VCS1152,2020,26443.0,292255
292255,VCS1153,2020,387.0,292256
292264,VCS1163,2020,75617.0,292265
292275,VCS1174,2020,16444.0,292276
292282,VCS1181,2020,5500.0,292283
292284,VCS1183,2020,96110.0,292285
292286,VCS1185,2020,12194.0,292287
292288,VCS1187,2020,11984.0,292289
292289,VCS1188,2020,70162.0,292290
292290,VCS1189,2020,28925.0,292291
292291,VCS1190,2020,40208.0,292292
292292,VCS1191,2020,59934.0,292293
292294,VCS1193,2020,7667.0,292295
292295,VCS1194,2020,104700.0,292296
292296,VCS1195,2020,51010.0,292297
292297,VCS1196,2020,29106.0,292298
292298,VCS1197,2020,46322.0,292299
292299,VCS1198,2020,180642.0,292300
292303,VCS1202,2020,189663.0,292304
292304,VCS1203,2020,794.0,292305
292306,VCS1205,2020,186671.0,292307
292308,VCS1207,2020,18144.0,292309
292310,VCS1209,2020,10306.0,292311
292311,VCS1210,2020,39535.0,292312
292312,VCS1211,2020,49967.0,292313
292315,VCS1214,2020,65641.0,292316
292317,VCS1216,2020,62717.0,292318
292319,VCS1218,2020,184068.0,292320
292322,VCS1221,2020,132114.0,292323
292332,VCS1231,2020,28488.0,292333
292333,VCS1232,2020,24476.0,292334
292337,VCS1236,2020,35998.0,292338
292339,VCS1238,2020,43084.0,292340
292342,VCS1241,2020,14127.0,292343
292343,VCS1242,2020,76377.0,292344
292348,VCS1247,2020,24018.0,292349
292349,VCS1248,2020,24846.0,292350
292350,VCS1249,2020,21829.0,292351
292351,VCS1250,2020,15015.0,292352
292355,VCS1254,2020,28394.0,292356
292358,VCS1257,2020,264134.0,292359
292359,VCS1258,2020,270489.0,292360
292387,VCS1286,2020,30653.0,292388
292390,VCS1289,2020,97270.0,292391
292397,VCS1297,2020,30888.0,292398
292400,VCS1300,2020,20224.0,292401
292401,VCS1301,2020,58235.0,292402
292408,VCS1308,2020,105734.0,292409
292415,VCS1315,2020,29337.0,292416
292417,VCS1317,2020,608.0,292418
292418,VCS1318,2020,228542.0,292419
292419,VCS1319,2020,4773.0,292420
292422,VCS1322,2020,65970.0,292423
292426,VCS1326,2020,366155.0,292427
292428,VCS1328,2020,58636.0,292429
292429,VCS1329,2020,73079.0,292430
292430,VCS1330,2020,34056.0,292431
292431,VCS1331,2020,8732.0,292432
292437,VCS1337,2020,55656.0,292438
292438,VCS1338,2020,137776.0,292439
292440,VCS1340,2020,1454054.0,292441
292442,VCS1342,2020,15753.0,292443
292444,VCS1344,2020,90392.0,292445
292445,VCS1345,2020,171893.0,292446
292446,VCS1346,2020,62612.0,292447
292448,VCS1348,2020,48195.0,292449
292449,VCS1349,2020,79196.0,292450
292453,VCS1353,2020,56066.0,292454
292454,VCS1354,2020,39378.0,292455
292455,VCS1355,2020,4580.0,292456
292460,VCS1360,2020,284494.0,292461
292461,VCS1361,2020,1889.0,292462
292462,VCS1362,2020,57011.0,292463
292464,VCS1364,2020,72868.0,292465
292467,VCS1367,2020,17561.0,292468
292468,VCS1368,2020,34553.0,292469
292477,VCS1377,2020,1047.0,292478
292480,VCS1380,2020,168088.0,292481
292482,VCS1382,2020,318046.0,292483
292486,VCS1386,2020,50137.0,292487
292493,VCS1393,2020,58028.0,292494
292504,VCS1404,2020,74110.0,292505
292506,VCS1406,2020,118996.0,292507
292508,VCS1408,2020,736986.0,292509
292509,VCS1409,2020,32379.0,292510
292513,VCS1413,2020,37175.0,292514
292516,VCS1416,2020,46192.0,292517
292518,VCS1418,2020,32822.0,292519
292527,VCS1427,2020,19702.0,292528
292536,VCS1437,2020,27950.0,292537
292537,VCS1438,2020,21878.0,292538
292538,VCS1439,2020,26922.0,292539
292543,VCS1444,2020,132454.0,292544
292545,VCS1446,2020,91177.0,292546
292546,VCS1447,2020,368481.0,292547
292552,VCS1453,2020,65770.0,292553
292562,VCS1464,2020,377199.0,292563
292563,VCS1465,2020,89578.0,292564
292565,VCS1468,2020,3552595.0,292566
292570,VCS1473,2020,13985.0,292571
292572,VCS1477,2020,5884249.0,292573
292574,VCS1479,2020,94542.0,292575
292575,VCS1480,2020,83321.0,292576
292576,VCS1481,2020,78861.0,292577
292577,VCS1482,2020,156284.0,292578
292578,VCS1483,2020,21354.0,292579
292580,VCS1485,2020,127542.0,292581
292588,VCS1495,2020,20317.0,292589
292589,VCS1496,2020,25170.0,292590
292590,VCS1497,2020,251694.0,292591
292592,VCS1499,2020,123206.0,292593
292593,VCS1500,2020,14640.0,292594
292596,VCS1503,2020,156801.0,292597
292599,VCS1506,2020,53073.0,292600
292611,VCS1519,2020,63394.0,292612
292612,VCS1520,2020,86774.0,292613
292613,VCS1521,2020,271072.0,292614
292614,VCS1522,2020,884101.0,292615
292615,VCS1523,2020,113330.0,292616
292622,VCS1530,2020,16234.0,292623
292623,VCS1532,2020,324968.0,292624
292626,VCS1535,2020,70705.0,292627
292629,VCS1538,2020,136146.0,292630
292630,VCS1539,2020,1372.0,292631
292632,VCS1542,2020,53622.0,292633
292633,VCS1543,2020,124591.0,292634
292636,VCS1546,2020,41982.0,292637
292637,VCS1547,2020,13941.0,292638
292639,VCS1549,2020,26754.0,292640
292647,VCS1559,2020,65147.0,292648
292648,VCS1560,2020,345061.0,292649
292656,VCS1569,2020,59377.0,292657
292658,VCS1571,2020,323505.0,292659
292659,VCS1572,2020,88283.0,292660
292660,VCS1574,2020,60806.0,292661
292661,VCS1577,2020,57941.0,292662
292663,VCS1579,2020,25155.0,292664
292664,VCS1580,2020,660368.0,292665
292665,VCS1582,2020,190174.0,292666
292668,VCS1587,2020,103938.0,292669
292670,VCS1622,2020,795043.0,292671
292671,VCS1623,2020,6805.0,292672
292674,VCS1644,2020,217377.0,292675
292675,VCS1650,2020,1868973.0,292676
292676,VCS1651,2020,71545.0,292677
292678,VCS1654,2020,20795.0,292679
292683,VCS1660,2020,64265.0,292684
292686,VCS1663,2020,11355.0,292687
292690,VCS1667,2020,114847.0,292691
292691,VCS1669,2020,156871.0,292692
292692,VCS1670,2020,94925.0,292693
292693,VCS1671,2020,107592.0,292694
292697,VCS1675,2020,1608.0,292698
292701,VCS1679,2020,104048.0,292702
292704,VCS1682,2020,9858.0,292705
292705,VCS1683,2020,14716.0,292706
292706,VCS1684,2020,7686.0,292707
292707,VCS1685,2020,29233.0,292708
292708,VCS1686,2020,397013.0,292709
292727,VCS1709,2020,293640.0,292728
292729,VCS1712,2020,13122.0,292730
292731,VCS1716,2020,29823.0,292732
292732,VCS1718,2020,90569.0,292733
292734,VCS1720,2020,73074.0,292735
292735,VCS1721,2020,86059.0,292736
292736,VCS1723,2020,65879.0,292737
292738,VCS1728,2020,756534.0,292739
292741,VCS1732,2020,102225.0,292742
292742,VCS1733,2020,78407.0,292743
292743,VCS1734,2020,51724.0,292744
292744,VCS1735,2020,22387.0,292745
292745,VCS1736,2020,174473.0,292746
292748,VCS1740,2020,121675.0,292749
292749,VCS1741,2020,17144.0,292750
292750,VCS1742,2020,3505143.0,292751
292752,VCS1744,2020,32006.0,292753
292753,VCS1745,2020,73542.0,292754
292754,VCS1746,2020,181363.0,292755
292755,VCS1748,2020,3946277.0,292756
292759,VCS1753,2020,2106282.0,292760
292760,VCS1754,2020,241686.0,292761
292761,VCS1758,2020,51769.0,292762
292762,VCS1759,2020,83498.0,292763
292764,VCS1762,2020,285058.0,292765
292765,VCS1764,2020,53369.0,292766
292767,VCS1766,2020,7678.0,292768
292768,VCS1767,2020,413215.0,292769
292771,VCS1770,2020,169752.0,292772
292772,VCS1771,2020,128233.0,292773
292774,VCS1774,2020,25276.0,292775
292775,VCS1775,2020,1458359.0,292776
292776,VCS1776,2020,75495.0,292777
292779,VCS1782,2020,172320.0,292780
292781,VCS1784,2020,617428.0,292782
292782,VCS1786,2020,278725.0,292783
292783,VCS1787,2020,122492.0,292784
292784,VCS1788,2020,145158.0,292785
292785,VCS1789,2020,90232.0,292786
292786,VCS1790,2020,184343.0,292787
292787,VCS1791,2020,152831.0,292788
292788,VCS1792,2020,1121895.0,292789
292789,VCS1793,2020,232397.0,292790
292790,VCS1794,2020,53390.0,292791
292792,VCS1797,2020,109790.0,292793
292795,VCS1800,2020,39821.0,292796
292797,VCS1803,2020,19375.0,292798
292798,VCS1804,2020,67280.0,292799
292799,VCS1805,2020,1519558.0,292800
292800,VCS1806,2020,15976.0,292801
292801,VCS1807,2020,15109.0,292802
292805,VCS1812,2020,1197102.0,292806
292807,VCS1815,2020,1944499.0,292808
292808,VCS1816,2020,14452.0,292809
292809,VCS1817,2020,46618.0,292810
292811,VCS1820,2020,261960.0,292812
292813,VCS1822,2020,27747.0,292814
292814,VCS1823,2020,38094.0,292815
292821,VCS1830,2020,15721.0,292822
292822,VCS1831,2020,39174.0,292823
292829,VCS1840,2020,13449.0,292830
292831,VCS1842,2020,222063.0,292832
292833,VCS1844,2020,149519.0,292834
292836,VCS1847,2020,397703.0,292837
292840,VCS1851,2020,1709793.0,292841
292841,VCS1852,2020,7026.0,292842
292842,VCS1853,2020,21285.0,292843
292843,VCS1854,2020,34671.0,292844
292844,VCS1855,2020,199672.0,292845
292845,VCS1856,2020,172237.0,292846
292846,VCS1857,2020,4568.0,292847
292847,VCS1859,2020,164383.0,292848
292848,VCS1860,2020,163504.0,292849
292849,VCS1861,2020,12366.0,292850
292850,VCS1862,2020,28837.0,292851
292852,VCS1864,2020,170715.0,292853
292853,VCS1865,2020,261083.0,292854
292855,VCS1867,2020,756932.0,292856
292858,VCS1870,2020,4155.0,292859
292862,VCS1875,2020,50388.0,292863
292864,VCS1878,2020,9058.0,292865
292867,VCS1882,2020,46111.0,292868
292868,VCS1883,2020,24852.0,292869
292870,VCS1885,2020,25999.0,292871
292874,VCS1890,2020,317371.0,292875
292877,VCS1893,2020,22554.0,292878
292878,VCS1895,2020,250838.0,292879
292879,VCS1896,2020,122810.0,292880
292880,VCS1897,2020,798220.0,292881
292881,VCS1898,2020,235825.0,292882
292882,VCS1899,2020,882336.0,292883
292883,VCS1900,2020,182318.0,292884
292886,VCS1903,2020,522964.0,292887
292887,VCS1904,2020,697972.0,292888
292888,VCS1905,2020,64093.0,292889
292889,VCS1906,2020,72777.0,292890
292890,VCS1907,2020,195330.0,292891
292891,VCS1908,2020,93872.0,292892
292894,VCS1911,2020,14258.0,292895
292896,VCS1913,2020,8056.0,292897
292897,VCS1914,2020,303724.0,292898
292898,VCS1915,2020,23223.0,292899
292899,VCS1916,2020,10840.0,292900
292901,VCS1918,2020,63930.0,292902
292903,VCS1920,2020,48879.0,292904
292904,VCS1921,2020,35754.0,292905
292906,VCS1923,2020,22863.0,292907
292908,VCS1925,2020,10817.0,292909
292909,VCS1926,2020,4097.0,292910
292910,VCS1929,2020,1835.0,292911
292912,VCS1931,2020,886685.0,292913
292913,VCS1933,2020,35822.0,292914
292918,VCS1939,2020,98397.0,292919
292919,VCS1940,2020,99379.0,292920
292920,VCS1941,2020,117877.0,292921
292923,VCS1944,2020,12662.0,292924
292924,VCS1945,2020,10156.0,292925
292925,VCS1946,2020,36985.0,292926
292926,VCS1947,2020,107815.0,292927
292928,VCS1949,2020,568713.0,292929
292929,VCS1950,2020,441208.0,292930
292933,VCS1954,2020,95215.0,292934
292936,VCS1958,2020,67153.0,292937
292937,VCS1959,2020,15037.0,292938
292938,VCS1960,2020,28008.0,292939
292942,VCS1964,2020,64579.0,292943
292943,VCS1965,2020,62963.0,292944
292948,VCS1970,2020,7867.0,292949
292949,VCS1971,2020,23718.0,292950
292950,VCS1972,2020,97925.0,292951
292952,VCS1974,2020,64840.0,292953
292953,VCS1975,2020,80004.0,292954
292954,VCS1976,2020,350534.0,292955
292963,VCS1985,2020,48427.0,292964
292965,VCS1987,2020,375872.0,292966
292968,VCS1990,2020,78599.0,292969
292971,VCS1993,2020,265868.0,292972
292974,VCS1996,2020,94003.0,292975
292975,VCS1997,2020,137563.0,292976
292977,VCS1999,2020,123430.0,292978
292978,VCS2000,2020,134569.0,292979
292979,VCS2001,2020,117919.0,292980
292980,VCS2002,2020,140305.0,292981
292981,VCS2003,2020,71503.0,292982
292985,VCS2007,2020,77187.0,292986
292986,VCS2008,2020,33423.0,292987
292995,VCS2017,2020,297463.0,292996
292997,VCS2019,2020,280961.0,292998
292998,VCS2020,2020,457384.0,292999
293001,VCS2023,2020,14512.0,293002
293011,VCS2033,2020,13574.0,293012
293018,VCS2040,2020,52389.0,293019
293020,VCS2042,2020,307057.0,293021
293021,VCS2043,2020,461519.0,293022
293030,VCS2052,2020,204119.0,293031
293031,VCS2053,2020,10484.0,293032
293037,VCS2059,2020,464178.0,293038
293038,VCS2060,2020,3417.0,293039
293043,VCS2065,2020,295334.0,293044
293048,VCS2070,2020,438882.0,293049
293050,VCS2072,2020,415.0,293051
293051,VCS2073,2020,3771.0,293052
293054,VCS2077,2020,644.0,293055
293055,VCS2079,2020,112185.0,293056
293057,VCS2082,2020,456391.0,293058
293058,VCS2083,2020,213681.0,293059
293060,VCS2085,2020,5459.0,293061
293061,VCS2087,2020,196699.0,293062
293066,VCS2092,2020,73494.0,293067
293067,VCS2093,2020,11062.0,293068
293068,VCS2094,2020,38661.0,293069
293069,VCS2095,2020,42930.0,293070
293071,VCS2097,2020,75285.0,293072
293090,VCS2250,2020,914007.0,293091
293092,VCS2252,2020,570104.0,293093
293094,VCS2259,2020,25680.0,293095
293096,VCS2261,2020,34860.0,293097
293099,VCS2278,2020,1151400.0,293100
293101,VCS2291,2020,381402.0,293102
293102,VCS2292,2020,360497.0,293103
293105,VCS2296,2020,60329.0,293106
293106,VCS2297,2020,1416568.0,293107
293108,VCS2299,2020,78980.0,293109
293111,VCS2302,2020,134726.0,293112
293112,VCS2303,2020,28488.0,293113
293116,VCS2307,2020,20681.0,293117
293117,VCS2308,2020,7733.0,293118
293118,VCS2309,2020,25108.0,293119
293119,VCS2310,2020,208846.0,293120
293126,VCS2317,2020,3647.0,293127
293128,VCS2319,2020,2164.0,293129
293134,VCS2326,2020,159571.0,293135
293135,VCS2327,2020,203744.0,293136
293141,VCS2335,2020,101678.0,293142
293142,VCS2336,2020,41552.0,293143
293143,VCS2337,2020,80550.0,293144
293144,VCS2338,2020,22104.0,293145
293145,VCS2339,2020,155813.0,293146
293146,VCS2340,2020,175.0,293147
293147,VCS2341,2020,1.0,293148
293148,VCS2342,2020,713.0,293149
293149,VCS2343,2020,5880.0,293150
293150,VCS2345,2020,122841.0,293151
293152,VCS2347,2020,184129.0,293153
293154,VCS2349,2020,106.0,293155
293157,VCS2352,2020,124719.0,293158
293158,VCS2353,2020,120677.0,293159
293159,VCS2354,2020,43636.0,293160
293160,VCS2355,2020,11668.0,293161
293162,VCS2357,2020,24329.0,293163
293163,VCS2358,2020,216499.0,293164
293166,VCS2361,2020,28581.0,293167
293167,VCS2362,2020,60000.0,293168
293170,VCS2366,2020,923.0,293171
293171,VCS2367,2020,75721.0,293172
293172,VCS2369,2020,4666.0,293173
293173,VCS2370,2020,45579.0,293174
293174,VCS2371,2020,4461.0,293175
293175,VCS2372,2020,22208.0,293176
293176,VCS2373,2020,16772.0,293177
293178,VCS2375,2020,26088.0,293179
293181,VCS2378,2020,114889.0,293182
293182,VCS2379,2020,329579.0,293183
293186,VCS2383,2020,12148.0,293187
293189,VCS2386,2020,6624.0,293190
293190,VCS2387,2020,116129.0,293191
293194,VCS2391,2020,22911.0,293195
293199,VCS2396,2020,60000.0,293200
293200,VCS2397,2020,60000.0,293201
293201,VCS2398,2020,60000.0,293202
293202,VCS2399,2020,60000.0,293203
293204,VCS2401,2020,172066.0,293205
293205,VCS2402,2020,404794.0,293206
293208,VCS2405,2020,46057.0,293209
293213,VCS2410,2020,100698.0,293214
293215,VCS2412,2020,2572.0,293216
293217,VCS2414,2020,48570.0,293218
293221,VCS2418,2020,14343.0,293222
293236,VCS2434,2020,18748.0,293237
293253,VCS2451,2020,36449.0,293254
293254,VCS2452,2020,57316.0,293255
293255,VCS2455,2020,57993.0,293256
293256,VCS2457,2020,60844.0,293257
293257,VCS2458,2020,579723.0,293258
293262,VCS2464,2020,117275.0,293263
293263,VCS2465,2020,78402.0,293264
293267,VCS2469,2020,11216.0,293268
293269,VCS2471,2020,1354.0,293270
293270,VCS2473,2020,105325.0,293271
293273,VCS2476,2020,60000.0,293274
293274,VCS2477,2020,60000.0,293275
293275,VCS2478,2020,3174810.0,293276
293276,VCS2479,2020,1342.0,293277
293277,VCS2481,2020,10264.0,293278
293279,VCS2483,2020,362515.0,293280
293292,VCS2497,2020,29473.0,293293
293293,VCS2498,2020,99870.0,293294
293294,VCS2499,2020,145096.0,293295
293297,VCS2502,2020,448722.0,293298
293298,VCS2503,2020,19258.0,293299
293299,VCS2504,2020,60000.0,293300
293301,VCS2506,2020,60000.0,293302
293302,VCS2507,2020,60000.0,293303
293303,VCS2508,2020,362221.0,293304
293305,VCS2510,2020,390448.0,293306
293307,VCS2512,2020,238126.0,293308
293318,VCS2525,2020,70368.0,293319
293324,VCS2532,2020,168643.0,293325
293327,VCS2535,2020,6983.0,293328
293329,VCS2537,2020,6938.0,293330
293330,VCS2538,2020,123848.0,293331
293331,VCS2539,2020,113876.0,293332
293332,VCS2540,2020,274807.0,293333
293338,VCS2552,2020,179706.0,293339
293340,VCS2554,2020,13542.0,293341
293341,VCS2555,2020,118355.0,293342
293342,VCS2556,2020,33654.0,293343
293344,VCS2558,2020,311936.0,293345
293347,VCS2565,2020,17794.0,293348
293356,VCS2576,2020,263344.0,293357
293365,VCS2588,2020,124066.0,293366
293366,VCS2590,2020,17153.0,293367
293367,VCS2591,2020,7416.0,293368
293369,VCS2593,2020,2437.0,293370
293376,VCS2600,2020,1134577.0,293377
293380,VCS2605,2020,692516.0,293381
293381,VCS2606,2020,74442.0,293382
293384,VCS2609,2020,1108187.0,293385
293385,VCS2610,2020,2040.0,293386
293386,VCS2611,2020,247488.0,293387
293389,VCS2614,2020,52963.0,293390
293390,VCS2615,2020,100426.0,293391
293397,VCS2623,2020,22183.0,293398
293402,VCS2629,2020,60000.0,293403
293404,VCS2631,2020,60000.0,293405
293405,VCS2632,2020,60000.0,293406
293406,VCS2633,2020,60000.0,293407
293407,VCS2634,2020,60000.0,293408
293408,VCS2635,2020,158786.0,293409
293409,VCS2636,2020,20665.0,293410
293414,VCS2645,2020,231017.0,293415
293415,VCS2647,2020,7238.0,293416
293419,VCS2652,2020,18316.0,293420
293425,VCS2659,2020,166516.0,293426
293429,VCS2664,2020,186635.0,293430
293442,VCS2679,2020,3472.0,293443
293443,VCS2680,2020,33995.0,293444
293453,VCS2691,2020,271566.0,293454
293454,VCS2692,2020,237853.0,293455
293455,VCS2693,2020,32786.0,293456
293458,VCS2696,2020,100150.0,293459
293459,VCS2697,2020,45924.0,293460
293468,VCS2706,2020,69003.0,293469
293470,VCS2708,2020,18.0,293471
293471,VCS2709,2020,3524.0,293472
293472,VCS2710,2020,177764.0,293473
293483,VCS2723,2020,167414.0,293484
293488,VCS2728,2020,31010.0,293489
293491,VCS2731,2020,15855.0,293492
293496,VCS2736,2020,875765.0,293497
293497,VCS2737,2020,640615.0,293498
293498,VCS2738,2020,507342.0,293499
293499,VCS2739,2020,173801.0,293500
293504,VCS2744,2020,623.0,293505
293505,VCS2745,2020,23035.0,293506
293506,VCS2746,2020,113507.0,293507
293507,VCS2748,2020,557606.0,293508
293508,VCS2749,2020,892224.0,293509
293509,VCS2750,2020,434.0,293510
293511,VCS2752,2020,1017.0,293512
293512,VCS2753,2020,5624.0,293513
293513,VCS2754,2020,11426.0,293514
293521,VCS2762,2020,63822.0,293522
293525,VCS2767,2020,139155.0,293526
293526,VCS2768,2020,498240.0,293527
293527,VCS2769,2020,60000.0,293528
293529,VCS2771,2020,60000.0,293530
293585,VCS2830,2020,196351.0,293586
293587,VCS2833,2020,5917.0,293588
293590,VCS2836,2020,45206.0,293591
293591,VCS2837,2020,28442.0,293592
293592,VCS2838,2020,13088.0,293593
293593,VCS2839,2020,2729.0,293594
293600,VCS2846,2020,128410.0,293601
293602,VCS2848,2020,19791.0,293603
293606,VCS2852,2020,180992.0,293607
293618,VCS2864,2020,19007.0,293619
293620,VCS2866,2020,9756.0,293621
293632,VCS2878,2020,598482.0,293633
293633,VCS2879,2020,7323.0,293634
293634,VCS2880,2020,4002.0,293635
293641,VCS2887,2020,157817.0,293642
293650,VCS2897,2020,136879.0,293651
293651,VCS2899,2020,60000.0,293652
293654,VCS2902,2020,60000.0,293655
293655,VCS2903,2020,60000.0,293656
293659,VCS2909,2020,60000.0,293660
293661,VCS2911,2020,60000.0,293662
293663,VCS2913,2020,45797.0,293664
293686,VCS2938,2020,14620.0,293687
293699,VCS2951,2020,77476.0,293700
293704,VCS2957,2020,80990.0,293705
293708,VCS2964,2020,6322.0,293709
293714,VCS2971,2020,1829.0,293715
293721,VCS2980,2020,42105.0,293722
293723,VCS2982,2020,116570.0,293724
293729,VCS2989,2020,3764.0,293730
293731,VCS2992,2020,703.0,293732
293740,VCS3002,2020,55235.0,293741
293743,VCS3005,2020,54756.0,293744
293748,VCS3010,2020,501525.0,293749
293756,VCS3018,2020,362323.0,293757
293757,VCS3019,2020,509.0,293758
293758,VCS3020,2020,1369.0,293759
293778,VCS3046,2020,5964.0,293779
293779,VCS3047,2020,9544.0,293780
293793,VCS3063,2020,4529.0,293794
293824,VCS3094,2020,3581.0,293825
293825,VCS3095,2020,5053.0,293826
293838,VCS3109,2020,265.0,293839
293843,VCS3115,2020,222970.0,293844
293863,VCS3135,2020,18736.0,293864
293880,VCS3154,2020,5038.0,293881
293887,VCS3161,2020,4874.0,293888
293931,VCS3207,2020,4613.0,293932
294000,VCS3279,2020,456395.0,294001
294003,VCS3282,2020,3215.0,294004
294060,VCS3342,2020,19344.0,294061
294062,VCS3344,2020,561023.0,294063
294063,VCS3346,2020,140453.0,294064
294065,VCS3348,2020,5523.0,294066
294078,VCS3363,2020,1789.0,294079
294083,VCS3368,2020,41100.0,294084
294086,VCS3371,2020,63908.0,294087
294143,VCS3432,2020,42910.0,294144
294159,VCS3448,2020,25907.0,294160
294238,VCS3545,2020,8391.0,294239
294245,VCS3556,2020,440.0,294246
294279,VCS3590,2020,48996.0,294280
294289,VCS3601,2020,47568.0,294290
294300,VCS3613,2020,595.0,294301
294332,VCS3649,2020,4133.0,294333
294351,VCS3669,2020,22434.0,294352
294358,VCS3677,2020,69.0,294359
294369,VCS3689,2020,116.0,294370
294396,VCS3720,2020,1456.0,294397
294420,VCS3746,2020,913.0,294421
294659,VCS4018,2020,133.0,294660
294679,VCS4043,2020,1286.0,294680
294733,VCS4102,2020,35964.0,294734
294821,VCS4201,2020,41220.0,294822
294879,VCS4268,2020,298.0,294880
294929,VCS4324,2020,1165.0,294930
295049,VCS4456,2020,6146.0,295050
295096,VCS4511,2020,12150.0,295097
295465,VCS4971,2020,4307.0,295466
295466,VCS4972,2020,7372.0,295467
295467,VCS4973,2020,5631.0,295468
295468,VCS4974,2020,3955.0,295469
295469,VCS4975,2020,3263.0,295470
295470,VCS4976,2020,331.0,295471
295471,VCS4977,2020,3576.0,295472
295472,VCS4978,2020,2373.0,295473
295473,VCS4979,2020,373.0,295474
295516,VCS5037,2020,11799.0,295517
296410,ACR0114,2021,804970.0,296411
296465,ACR0173,2021,1908.0,296466
296473,ACR0182,2021,6975.0,296474
296479,ACR0189,2021,6173.0,296480
296482,ACR0192,2021,4767.0,296483
296487,ACR0199,2021,113716.0,296488
296488,ACR0200,2021,9914.0,296489
296497,ACR0210,2021,17864.0,296498
296498,ACR0211,2021,25241.0,296499
296503,ACR0222,2021,10893.0,296504
296504,ACR0223,2021,17891.0,296505
296505,ACR0224,2021,61672.0,296506
296507,ACR0226,2021,115309.0,296508
296515,ACR0235,2021,8824.0,296516
296516,ACR0236,2021,13436.0,296517
296518,ACR0238,2021,21737.0,296519
296519,ACR0239,2021,1790.0,296520
296521,ACR0241,2021,13549.0,296522
296522,ACR0242,2021,47616.0,296523
296527,ACR0247,2021,26421.0,296528
296528,ACR0248,2021,67738.0,296529
296536,ACR0256,2021,13539.0,296537
296537,ACR0257,2021,1904.0,296538
296539,ACR0259,2021,11091.0,296540
296542,ACR0262,2021,57207.0,296543
296545,ACR0265,2021,19587.0,296546
296546,ACR0266,2021,18624.0,296547
296547,ACR0267,2021,108814.0,296548
296548,ACR0268,2021,675257.0,296549
296549,ACR0269,2021,355488.0,296550
296554,ACR0274,2021,122623.0,296555
296556,ACR0276,2021,59867.0,296557
296559,ACR0279,2021,41944.0,296560
296560,ACR0280,2021,64031.0,296561
296561,ACR0281,2021,6511.0,296562
296562,ACR0282,2021,95203.0,296563
296564,ACR0284,2021,4642.0,296565
296567,ACR0287,2021,14669.0,296568
296568,ACR0288,2021,1893.0,296569
296572,ACR0292,2021,24254.0,296573
296581,ACR0303,2021,17005.0,296582
296591,ACR0313,2021,19151.0,296592
296597,ACR0324,2021,356266.0,296598
296607,ACR0355,2021,9850.0,296608
296612,ACR0360,2021,286891.0,296613
296618,ACR0367,2021,75723.0,296619
296619,ACR0368,2021,16399.0,296620
296622,ACR0371,2021,10915.0,296623
296624,ACR0373,2021,4496.0,296625
296625,ACR0374,2021,14986.0,296626
296626,ACR0375,2021,34431.0,296627
296627,ACR0376,2021,150382.0,296628
296629,ACR0378,2021,2709.0,296630
296632,ACR0382,2021,47812.0,296633
296635,ACR0386,2021,38088.0,296636
296637,ACR0388,2021,149451.0,296638
296638,ACR0389,2021,23409.0,296639
296642,ACR0394,2021,11882.0,296643
296645,ACR0398,2021,121525.0,296646
296649,ACR0403,2021,19458.0,296650
296652,ACR0407,2021,221888.0,296653
296655,ACR0411,2021,57553.0,296656
296658,ACR0416,2021,199482.0,296659
296660,ACR0418,2021,4402.0,296661
296663,ACR0422,2021,11811.0,296664
296665,ACR0424,2021,39309.0,296666
296668,ACR0427,2021,119647.0,296669
296669,ACR0428,2021,6415.0,296670
296677,ACR0437,2021,303634.0,296678
296679,ACR0439,2021,31498.0,296680
296681,ACR0441,2021,76916.0,296682
296696,ACR0458,2021,22007.0,296697
296697,ACR0459,2021,85922.0,296698
296707,ACR0470,2021,15962.0,296708
296719,ACR0483,2021,34904.0,296720
296726,ACR0493,2021,79907.0,296727
296731,ACR0499,2021,154044.0,296732
296736,ACR0505,2021,24722.0,296737
296737,ACR0506,2021,190288.0,296738
296738,ACR0507,2021,53602.0,296739
296739,ACR0508,2021,39232.0,296740
296740,ACR0509,2021,53997.0,296741
296746,ACR0518,2021,48521.0,296747
296747,ACR0519,2021,57425.0,296748
296760,ACR0534,2021,99706.0,296761
296763,ACR0537,2021,18225.0,296764
296765,ACR0539,2021,44235.0,296766
296767,ACR0542,2021,12745.0,296768
296769,ACR0544,2021,51681.0,296770
296771,ACR0546,2021,8285.0,296772
296774,ACR0549,2021,10718.0,296775
296779,ACR0554,2021,327085.0,296780
296783,ACR0558,2021,100740.0,296784
296784,ACR0560,2021,70251.0,296785
296786,ACR0562,2021,205761.0,296787
296788,ACR0566,2021,51430.0,296789
296790,ACR0569,2021,52810.0,296791
296792,ACR0571,2021,266266.0,296793
296793,ACR0572,2021,32325.0,296794
296795,ACR0574,2021,50520.0,296796
296796,ACR0576,2021,35939.0,296797
296798,ACR0578,2021,94880.0,296799
296806,ACR0586,2021,141414.0,296807
296807,ACR0587,2021,408049.0,296808
296808,ACR0588,2021,137599.0,296809
296810,ACR0590,2021,61834.0,296811
296812,ACR0592,2021,298404.0,296813
296813,ACR0593,2021,5715.0,296814
296814,ACR0594,2021,9405.0,296815
296815,ACR0595,2021,177165.0,296816
296816,ACR0596,2021,408974.0,296817
296817,ACR0597,2021,5704.0,296818
296823,ACR0603,2021,3900.0,296824
296824,ACR0604,2021,135041.0,296825
296826,ACR0607,2021,32294.0,296827
296827,ACR0608,2021,100810.0,296828
296828,ACR0609,2021,64529.0,296829
296829,ACR0610,2021,18450.0,296830
296830,ACR0611,2021,49713.0,296831
296831,ACR0613,2021,121415.0,296832
296832,ACR0614,2021,285550.0,296833
296834,ACR0616,2021,79814.0,296835
296835,ACR0617,2021,75900.0,296836
296836,ACR0618,2021,276912.0,296837
296837,ACR0619,2021,163910.0,296838
296843,ACR0625,2021,136658.0,296844
296845,ACR0628,2021,51606.0,296846
296849,ACR0632,2021,37308.0,296850
296850,ACR0633,2021,78055.0,296851
296851,ACR0634,2021,89918.0,296852
296852,ACR0636,2021,93755.0,296853
296853,ACR0637,2021,132086.0,296854
296854,ACR0638,2021,1794450.0,296855
296855,ACR0639,2021,36496.0,296856
296859,ACR0643,2021,420980.0,296860
296860,ACR0644,2021,33491.0,296861
296861,ACR0645,2021,72142.0,296862
296863,ACR0647,2021,85188.0,296864
296865,ACR0649,2021,85100.0,296866
296867,ACR0651,2021,16986.0,296868
296869,ACR0653,2021,30542.0,296870
296879,ACR0664,2021,122213.0,296880
296881,ACR0666,2021,93937.0,296882
296882,ACR0668,2021,18102.0,296883
296884,ACR0670,2021,17238.0,296885
296885,ACR0671,2021,73042.0,296886
296886,ACR0672,2021,97905.0,296887
296887,ACR0673,2021,49761.0,296888
296888,ACR0674,2021,55569.0,296889
296889,ACR0675,2021,64387.0,296890
296891,ACR0677,2021,32348.0,296892
296892,ACR0678,2021,186441.0,296893
296893,ACR0679,2021,73695.0,296894
296894,ACR0680,2021,193101.0,296895
296895,ACR0681,2021,32194.0,296896
296897,ACR0683,2021,24286.0,296898
296898,ACR0684,2021,71675.0,296899
296899,ACR0685,2021,113271.0,296900
296900,ACR0686,2021,89712.0,296901
296901,ACR0687,2021,10514.0,296902
296902,ACR0690,2021,10095.0,296903
296904,ACR0692,2021,58191.0,296905
296905,ACR0693,2021,867.0,296906
296906,ACR0694,2021,14188.0,296907
296907,ACR0695,2021,10451.0,296908
296908,ACR0698,2021,363617.0,296909
296909,ACR0699,2021,17916.0,296910
296910,ACR0701,2021,577808.0,296911
296911,ACR0702,2021,10942.0,296912
296913,ACR0705,2021,14998.0,296914
296914,ACR0706,2021,306989.0,296915
296915,ACR0707,2021,25376.0,296916
296916,ACR0708,2021,18868.0,296917
296917,ACR0709,2021,3187.0,296918
296918,ACR0710,2021,7169.0,296919
296919,ACR0716,2021,87734.0,296920
296920,ACR0718,2021,9483.0,296921
296921,ACR0720,2021,1180.0,296922
296923,ACR0722,2021,14841.0,296924
296925,ACR0729,2021,12956.0,296926
296928,ACR0732,2021,21810.0,296929
296929,ACR0733,2021,41552.0,296930
296930,ACR0734,2021,14387.0,296931
296931,ACR0735,2021,21574.0,296932
296938,ACR0742,2021,33076.0,296939
296946,ACR0753,2021,3164.0,296947
296947,ACR0754,2021,56848.0,296948
296955,ACR0764,2021,1439650.0,296956
296956,ACR0765,2021,318479.0,296957
296957,ACR0766,2021,790397.0,296958
296958,ACR0767,2021,804831.0,296959
296959,ACR0768,2021,212324.0,296960
296962,ACR0773,2021,1368452.0,296963
296964,ACR0775,2021,343908.0,296965
296966,ACR0777,2021,51793.0,296967
296970,ACR0782,2021,151449.0,296971
296978,ACR0794,2021,904574.0,296979
296979,ACR0795,2021,294699.0,296980
296980,ACR0796,2021,1107195.0,296981
296981,ACR0797,2021,1712931.0,296982
296988,ACR0805,2021,178538.0,296989
296996,ACR0813,2021,66468.0,296997
297000,ACR0817,2021,169066.0,297001
297001,ACR0818,2021,1259253.0,297002
297002,ACR0819,2021,292094.0,297003
297007,ACR0824,2021,55015.0,297008
297011,ACR0829,2021,134047.0,297012
297012,ACR0830,2021,47025.0,297013
297021,ACR0840,2021,112071.0,297022
297047,ACR0868,2021,16508.0,297048
297063,ACR0886,2021,189460.0,297064
297080,ACR0904,2021,164129.0,297081
297093,ACR0919,2021,51973.0,297094
297097,ACR0923,2021,63180.0,297098
297399,ART0102,2021,7144362.0,297400
297421,ART0126,2021,100000.0,297422
297433,CAR398,2021,77517.0,297434
297435,CAR400,2021,211183.0,297436
297437,CAR403,2021,28499.0,297438
297438,CAR406,2021,48724.0,297439
297443,CAR416,2021,5123.0,297444
297446,CAR422,2021,77442.0,297447
297450,CAR429,2021,58301.0,297451
297455,CAR436,2021,61627.0,297456
297460,CAR443,2021,128515.0,297461
297461,CAR444,2021,78217.0,297462
297476,CAR465,2021,27473.0,297477
297482,CAR473,2021,139543.0,297483
297484,CAR475,2021,100693.0,297485
297497,CAR489,2021,23788.0,297498
297499,CAR491,2021,62208.0,297500
297500,CAR495,2021,58992.0,297501
297511,CAR509,2021,16757.0,297512
297512,CAR512,2021,44386.0,297513
297517,CAR517,2021,73913.0,297518
297518,CAR521,2021,65770.0,297519
297519,CAR522,2021,38325.0,297520
297520,CAR531,2021,29405.0,297521
297529,CAR558,2021,43894.0,297530
297530,CAR560,2021,81150.0,297531
297532,CAR574,2021,15193.0,297533
297542,CAR592,2021,42594.0,297543
297555,CAR621,2021,177462.0,297556
297556,CAR627,2021,22677.0,297557
297561,CAR635,2021,104607.0,297562
297562,CAR639,2021,627279.0,297563
297565,CAR646,2021,13897.0,297566
297570,CAR659,2021,11728.0,297571
297574,CAR674,2021,214610.0,297575
297575,CAR676,2021,1332.0,297576
297577,CAR683,2021,9882.0,297578
297579,CAR688,2021,4923.0,297580
297590,CAR768,2021,144335.0,297591
297601,CAR785,2021,26125.0,297602
297603,CAR790,2021,82950.0,297604
297610,CAR802,2021,3385.0,297611
297615,CAR811,2021,161126.0,297616
297622,CAR822,2021,7112.0,297623
297624,CAR825,2021,22618.0,297625
297626,CAR829,2021,8848.0,297627
297633,CAR838,2021,80747.0,297634
297636,CAR844,2021,13725.0,297637
297638,CAR866,2021,25574.0,297639
297641,CAR880,2021,41093.0,297642
297642,CAR881,2021,35242.0,297643
297645,CAR886,2021,12597.0,297646
297646,CAR887,2021,32337.0,297647
297647,CAR888,2021,32000.0,297648
297654,CAR911,2021,23146.0,297655
297655,CAR917,2021,14689.0,297656
297674,CAR969,2021,23856.0,297675
297676,CAR973,2021,92941.0,297677
297684,CAR988,2021,8800.0,297685
297688,CAR993,2021,6955.0,297689
297691,CAR996,2021,19987.0,297692
297692,CAR997,2021,4570.0,297693
297696,CAR1002,2021,6080.0,297697
297701,CAR1008,2021,18652.0,297702
297706,CAR1013,2021,110099.0,297707
297708,CAR1015,2021,4385.0,297709
297711,CAR1019,2021,6982.0,297712
297717,CAR1027,2021,143067.0,297718
297720,CAR1032,2021,25262.0,297721
297722,CAR1035,2021,18322.0,297723
297723,CAR1036,2021,16737.0,297724
297731,CAR1050,2021,41536.0,297732
297738,CAR1062,2021,6312.0,297739
297739,CAR1063,2021,12801.0,297740
297746,CAR1070,2021,8737.0,297747
297760,CAR1086,2021,12021.0,297761
297769,CAR1095,2021,86726.0,297770
297772,CAR1098,2021,113615.0,297773
297773,CAR1099,2021,52469.0,297774
297774,CAR1100,2021,73440.0,297775
297776,CAR1102,2021,1440.0,297777
297777,CAR1103,2021,2170.0,297778
297779,CAR1105,2021,346846.0,297780
297780,CAR1106,2021,23606.0,297781
297782,CAR1109,2021,7880.0,297783
297783,CAR1110,2021,40029.0,297784
297796,CAR1123,2021,13040.0,297797
297797,CAR1124,2021,15581.0,297798
297803,CAR1130,2021,61386.0,297804
297804,CAR1132,2021,5980.0,297805
297805,CAR1133,2021,1646.0,297806
297810,CAR1138,2021,40098.0,297811
297811,CAR1139,2021,228567.0,297812
297812,CAR1140,2021,84418.0,297813
297813,CAR1141,2021,5022.0,297814
297817,CAR1145,2021,16341.0,297818
297821,CAR1152,2021,16676.0,297822
297830,CAR1161,2021,833.0,297831
297831,CAR1162,2021,1163.0,297832
297841,CAR1173,2021,21183.0,297842
297848,CAR1180,2021,33082.0,297849
297852,CAR1184,2021,11869.0,297853
297858,CAR1190,2021,27946.0,297859
297859,CAR1191,2021,68817.0,297860
297864,CAR1197,2021,55904.0,297865
297870,CAR1204,2021,1344.0,297871
297871,CAR1205,2021,125568.0,297872
297875,CAR1209,2021,22269.0,297876
297879,CAR1213,2021,28179.0,297880
297881,CAR1215,2021,85518.0,297882
297892,CAR1237,2021,1777.0,297893
297893,CAR1238,2021,5953.0,297894
297901,CAR1246,2021,11043.0,297902
297902,CAR1247,2021,10425.0,297903
297910,CAR1257,2021,37584.0,297911
297912,CAR1259,2021,4301.0,297913
297913,CAR1260,2021,1551.0,297914
297914,CAR1261,2021,9401.0,297915
297917,CAR1264,2021,85225.0,297918
297918,CAR1265,2021,49659.0,297919
297925,CAR1274,2021,12920.0,297926
297926,CAR1275,2021,6582.0,297927
297932,CAR1281,2021,11373.0,297933
297933,CAR1282,2021,4970.0,297934
297935,CAR1284,2021,4777.0,297936
297936,CAR1285,2021,6068.0,297937
297942,CAR1291,2021,20245.0,297943
297943,CAR1292,2021,43421.0,297944
297944,CAR1293,2021,38266.0,297945
297949,CAR1298,2021,20205.0,297950
297950,CAR1299,2021,2337.0,297951
297964,CAR1315,2021,21907.0,297965
297965,CAR1316,2021,23755.0,297966
297966,CAR1317,2021,23325.0,297967
297969,CAR1321,2021,3258.0,297970
297971,CAR1324,2021,3910.0,297972
297972,CAR1325,2021,3426.0,297973
297975,CAR1328,2021,688.0,297976
297976,CAR1329,2021,2359.0,297977
297977,CAR1330,2021,6181.0,297978
297980,CAR1333,2021,2688.0,297981
297982,CAR1335,2021,372322.0,297983
297983,CAR1336,2021,29988.0,297984
297985,CAR1339,2021,99636.0,297986
297989,CAR1344,2021,5353.0,297990
297990,CAR1345,2021,305.0,297991
297991,CAR1347,2021,1480.0,297992
297992,CAR1348,2021,310.0,297993
297993,CAR1350,2021,184.0,297994
297994,CAR1351,2021,91.0,297995
297995,CAR1352,2021,815.0,297996
297996,CAR1353,2021,137.0,297997
297997,CAR1354,2021,825.0,297998
297998,CAR1355,2021,228.0,297999
297999,CAR1356,2021,255.0,298000
298000,CAR1357,2021,447.0,298001
298001,CAR1358,2021,201.0,298002
298002,CAR1359,2021,166.0,298003
298003,CAR1360,2021,150.0,298004
298004,CAR1361,2021,345.0,298005
298005,CAR1362,2021,601.0,298006
298006,CAR1363,2021,303.0,298007
298007,CAR1364,2021,241.0,298008
298009,CAR1366,2021,70.0,298010
298011,CAR1368,2021,32831.0,298012
298012,CAR1372,2021,85131.0,298013
298013,CAR1373,2021,27030.0,298014
298014,CAR1374,2021,27721.0,298015
298017,CAR1377,2021,3732.0,298018
298021,CAR1381,2021,1390794.0,298022
298022,CAR1382,2021,26326.0,298023
298023,CAR1384,2021,64162.0,298024
298026,CAR1387,2021,9096.0,298027
298027,CAR1388,2021,4164.0,298028
298030,CAR1392,2021,23070.0,298031
298033,CAR1398,2021,5818.0,298034
298034,CAR1399,2021,7494.0,298035
298042,CAR1408,2021,203085.0,298043
298043,CAR1409,2021,241701.0,298044
298044,CAR1411,2021,24277.0,298045
298047,CAR1415,2021,5154.0,298048
298050,CAR1425,2021,4209.0,298051
298051,CAR1428,2021,2802.0,298052
298052,CAR1429,2021,2492.0,298053
298053,CAR1432,2021,454.0,298054
298054,CAR1433,2021,889.0,298055
298055,CAR1434,2021,353.0,298056
298056,CAR1435,2021,612.0,298057
298057,CAR1436,2021,1282518.0,298058
298058,CAR1437,2021,175.0,298059
298059,CAR1438,2021,480.0,298060
298063,CAR1443,2021,11830.0,298064
298064,CAR1445,2021,923.0,298065
298065,CAR1446,2021,1175.0,298066
298066,CAR1447,2021,1227.0,298067
298067,CAR1448,2021,4533.0,298068
298068,CAR1449,2021,1444.0,298069
298069,CAR1450,2021,2739.0,298070
298070,CAR1451,2021,1557.0,298071
298071,CAR1452,2021,375.0,298072
298072,CAR1453,2021,2286.0,298073
298073,CAR1454,2021,898.0,298074
298074,CAR1455,2021,38049.0,298075
298077,CAR1459,2021,91547.0,298078
298079,CAR1461,2021,23175.0,298080
298080,CAR1462,2021,4233.0,298081
298081,CAR1463,2021,26146.0,298082
298082,CAR1464,2021,27970.0,298083
298083,CAR1465,2021,8863.0,298084
298090,CAR1480,2021,2092821.0,298091
298091,CAR1481,2021,56964.0,298092
298094,CAR1486,2021,9662.0,298095
298101,CAR1493,2021,70708.0,298102
298102,CAR1494,2021,31204.0,298103
298103,CAR1495,2021,36150.0,298104
298104,CAR1496,2021,23013.0,298105
298105,CAR1497,2021,71000.0,298106
298106,CAR1498,2021,60731.0,298107
298107,CAR1499,2021,3096.0,298108
298108,CAR1500,2021,627.0,298109
298109,CAR1505,2021,1815.0,298110
298110,CAR1506,2021,544.0,298111
298111,CAR1507,2021,20310.0,298112
298112,CAR1508,2021,5783.0,298113
298113,CAR1509,2021,7693.0,298114
298114,CAR1510,2021,7242.0,298115
298115,CAR1511,2021,629.0,298116
298116,CAR1513,2021,10231.0,298117
298117,CAR1514,2021,40264.0,298118
298118,CAR1515,2021,122101.0,298119
298119,CAR1517,2021,524.0,298120
298120,CAR1521,2021,6634.0,298121
298121,CAR1522,2021,1406.0,298122
298122,CAR1523,2021,5350.0,298123
298123,CAR1524,2021,6578.0,298124
298124,CAR1525,2021,514.0,298125
298125,CAR1526,2021,967.0,298126
298126,CAR1527,2021,711.0,298127
298127,CAR1528,2021,1270.0,298128
298128,CAR1529,2021,836.0,298129
298129,CAR1531,2021,7405.0,298130
298130,CAR1532,2021,25034.0,298131
298131,CAR1535,2021,471.0,298132
298132,CAR1536,2021,561.0,298133
298133,CAR1537,2021,4481.0,298134
298134,CAR1538,2021,263.0,298135
298135,CAR1539,2021,529.0,298136
298136,CAR1540,2021,123.0,298137
298137,CAR1542,2021,3756.0,298138
298138,CAR1543,2021,996.0,298139
298139,CAR1544,2021,2960.0,298140
298140,CAR1545,2021,14113.0,298141
298141,CAR1546,2021,2244.0,298142
298142,CAR1547,2021,4954.0,298143
298143,CAR1548,2021,1117.0,298144
298146,CAR1551,2021,13197.0,298147
298147,CAR1552,2021,9371.0,298148
298148,CAR1553,2021,3953.0,298149
298153,CAR1559,2021,588.0,298154
298155,CAR1562,2021,6406.0,298156
298156,CAR1564,2021,2862.0,298157
298157,CAR1565,2021,65790.0,298158
298158,CAR1566,2021,29756.0,298159
298159,CAR1567,2021,28875.0,298160
298160,CAR1568,2021,30890.0,298161
298161,CAR1569,2021,12468.0,298162
298164,CAR1572,2021,343.0,298165
298165,CAR1573,2021,3278.0,298166
298166,CAR1574,2021,45205.0,298167
298167,CAR1576,2021,9557.0,298168
298168,CAR1577,2021,23134.0,298169
298171,CAR1580,2021,1063.0,298172
298172,CAR1582,2021,21989.0,298173
298173,CAR1584,2021,6883.0,298174
298174,CAR1585,2021,5745.0,298175
298175,CAR1586,2021,16135.0,298176
298176,CAR1587,2021,2132.0,298177
298177,CAR1588,2021,3682.0,298178
298178,CAR1589,2021,1708.0,298179
298179,CAR1590,2021,2134.0,298180
298180,CAR1591,2021,1109.0,298181
298181,CAR1593,2021,9467.0,298182
298182,CAR1594,2021,12967.0,298183
298183,CAR1595,2021,3394.0,298184
298184,CAR1596,2021,2033.0,298185
298185,CAR1597,2021,1693.0,298186
298192,CAR1606,2021,18811.0,298193
298193,CAR1607,2021,20675.0,298194
298194,CAR1608,2021,22859.0,298195
298197,CAR1611,2021,6005.0,298198
298198,CAR1612,2021,6750.0,298199
298199,CAR1613,2021,5990.0,298200
298207,CAR1621,2021,6621.0,298208
298208,CAR1622,2021,17658.0,298209
298209,CAR1623,2021,15696.0,298210
298211,CAR1625,2021,6546.0,298212
298212,CAR1626,2021,24309.0,298213
298213,CAR1627,2021,5612.0,298214
298218,CAR1635,2021,3753.0,298219
298219,CAR1636,2021,1275.0,298220
298220,CAR1637,2021,1279.0,298221
298221,CAR1638,2021,3129.0,298222
298227,CAR1648,2021,19542.0,298228
298228,CAR1649,2021,162.0,298229
298235,CAR1657,2021,6275.0,298236
298236,CAR1658,2021,14232.0,298237
298237,CAR1659,2021,10274.0,298238
298238,CAR1660,2021,26029.0,298239
298239,CAR1661,2021,11130.0,298240
298242,CAR1664,2021,11623.0,298243
298247,CAR1674,2021,62949.0,298248
298261,CAR1696,2021,13190.0,298262
298325,CAR1808,2021,4046.0,298326
298338,CAR1824,2021,888.0,298339
298340,CAR1826,2021,2190.0,298341
298341,CAR1827,2021,1330.0,298342
298343,CAR1829,2021,55838.0,298344
298367,CAR1863,2021,152206.0,298368
298368,CAR1864,2021,139471.0,298369
298369,CAR1865,2021,153060.0,298370
298503,CAR2047,2021,1349.0,298504
298718,GS352,2021,116316.0,298719
298721,GS367,2021,150781.0,298722
298723,GS369,2021,38974.0,298724
298728,GS390,2021,68633.0,298729
298731,GS397,2021,46186.0,298732
298732,GS398,2021,251271.0,298733
298736,GS407,2021,683663.0,298737
298737,GS410,2021,4441.0,298738
298745,GS423,2021,3730.0,298746
298747,GS436,2021,14701.0,298748
298748,GS437,2021,48274.0,298749
298749,GS438,2021,52550.0,298750
298750,GS439,2021,10831.0,298751
298754,GS447,2021,1078354.0,298755
298762,GS464,2021,469066.0,298763
298766,GS474,2021,184687.0,298767
298774,GS504,2021,77177.0,298775
298789,GS565,2021,14139.0,298790
298790,GS566,2021,34094.0,298791
298791,GS567,2021,55919.0,298792
298803,GS601,2021,45875.0,298804
298806,GS608,2021,243548.0,298807
298814,GS617,2021,152158.0,298815
298821,GS633,2021,32189.0,298822
298832,GS653,2021,4298.0,298833
298839,GS670,2021,45672.0,298840
298841,GS672,2021,78917.0,298842
298844,GS683,2021,71262.0,298845
298845,GS685,2021,65648.0,298846
298852,GS702,2021,31744.0,298853
298853,GS707,2021,683608.0,298854
298868,GS744,2021,116038.0,298869
298869,GS745,2021,68392.0,298870
298874,GS751,2021,52392.0,298875
298875,GS753,2021,123942.0,298876
298878,GS764,2021,19710.0,298879
298880,GS768,2021,23175.0,298881
298881,GS769,2021,236881.0,298882
298911,GS828,2021,54167.0,298912
298915,GS835,2021,12202.0,298916
298924,GS849,2021,10819.0,298925
298927,GS854,2021,30928.0,298928
298944,GS879,2021,183549.0,298945
298954,GS905,2021,180058.0,298955
298955,GS906,2021,48627.0,298956
298959,GS913,2021,24662.0,298960
298971,GS935,2021,215004.0,298972
298973,GS939,2021,3450.0,298974
298975,GS947,2021,15501.0,298976
298977,GS950,2021,13493.0,298978
298980,GS955,2021,22897.0,298981
298984,GS963,2021,32355.0,298985
298988,GS971,2021,292503.0,298989
298995,GS980,2021,7773.0,298996
299005,GS997,2021,8541.0,299006
299009,GS1003,2021,7880.0,299010
299016,GS1015,2021,52804.0,299017
299018,GS1017,2021,48421.0,299019
299019,GS1018,2021,38237.0,299020
299020,GS1020,2021,84820.0,299021
299021,GS1021,2021,36101.0,299022
299033,GS1033,2021,4766.0,299034
299034,GS1034,2021,74476.0,299035
299042,GS1044,2021,114948.0,299043
299046,GS1049,2021,79057.0,299047
299048,GS1054,2021,79908.0,299049
299052,GS1060,2021,37134.0,299053
299053,GS1061,2021,160428.0,299054
299057,GS1067,2021,58963.0,299058
299062,GS1074,2021,15210.0,299063
299065,GS1078,2021,31420.0,299066
299071,GS1091,2021,84025.0,299072
299074,GS1094,2021,3290.0,299075
299075,GS1095,2021,3922.0,299076
299076,GS1096,2021,3989.0,299077
299077,GS1097,2021,4007.0,299078
299078,GS1098,2021,3000.0,299079
299079,GS1100,2021,2458.0,299080
299080,GS1101,2021,2814.0,299081
299082,GS1103,2021,2727.0,299083
299083,GS1104,2021,2550.0,299084
299087,GS1109,2021,61786.0,299088
299091,GS1117,2021,30905.0,299092
299094,GS1124,2021,5809.0,299095
299096,GS1128,2021,36934.0,299097
299097,GS1134,2021,124865.0,299098
299098,GS1138,2021,203270.0,299099
299104,GS1146,2021,3419.0,299105
299106,GS1160,2021,27077.0,299107
299108,GS1162,2021,4795.0,299109
299115,GS1173,2021,17081.0,299116
299116,GS1174,2021,55504.0,299117
299118,GS1178,2021,33695.0,299119
299125,GS1190,2021,104009.0,299126
299126,GS1191,2021,10000.0,299127
299131,GS1199,2021,4639.0,299132
299139,GS1207,2021,20961.0,299140
299140,GS1208,2021,22537.0,299141
299145,GS1223,2021,18914.0,299146
299150,GS1229,2021,1787.0,299151
299151,GS1230,2021,16558.0,299152
299156,GS1237,2021,73051.0,299157
299161,GS1242,2021,74274.0,299162
299169,GS1253,2021,2670.0,299170
299172,GS1267,2021,82.0,299173
299176,GS1288,2021,1883.0,299177
299180,GS1294,2021,8202.0,299181
299182,GS1296,2021,10761.0,299183
299187,GS1303,2021,40919.0,299188
299201,GS1318,2021,98630.0,299202
299203,GS1321,2021,137803.0,299204
299204,GS1322,2021,113961.0,299205
299211,GS1332,2021,9434.0,299212
299212,GS1333,2021,2000.0,299213
299222,GS1347,2021,57076.0,299223
299223,GS1348,2021,99041.0,299224
299226,GS1352,2021,6045.0,299227
299227,GS1353,2021,5592.0,299228
299230,GS1359,2021,2998.0,299231
299232,GS1363,2021,30670.0,299233
299233,GS1364,2021,73680.0,299234
299237,GS1368,2021,115164.0,299238
299245,GS1378,2021,60715.0,299246
299248,GS1383,2021,72966.0,299249
299253,GS1588,2021,62201.0,299254
299254,GS1688,2021,24622.0,299255
299258,GS1693,2021,8668.0,299259
299259,GS1694,2021,8668.0,299260
299260,GS1695,2021,8668.0,299261
299261,GS1696,2021,8668.0,299262
299262,GS1697,2021,8668.0,299263
299263,GS1698,2021,8668.0,299264
299264,GS1699,2021,8668.0,299265
299265,GS1700,2021,8668.0,299266
299266,GS1701,2021,8668.0,299267
299267,GS1702,2021,8668.0,299268
299268,GS1703,2021,8668.0,299269
299269,GS1704,2021,8668.0,299270
299270,GS1705,2021,8668.0,299271
299271,GS1706,2021,8668.0,299272
299272,GS1707,2021,8668.0,299273
299273,GS1708,2021,8668.0,299274
299274,GS1709,2021,8668.0,299275
299275,GS1710,2021,8668.0,299276
299276,GS1711,2021,8668.0,299277
299277,GS1712,2021,8668.0,299278
299278,GS1713,2021,8668.0,299279
299279,GS1714,2021,8668.0,299280
299280,GS1715,2021,8668.0,299281
299281,GS1716,2021,8668.0,299282
299282,GS1717,2021,8668.0,299283
299283,GS1718,2021,8668.0,299284
299284,GS1719,2021,8668.0,299285
299285,GS1720,2021,8668.0,299286
299286,GS1721,2021,8668.0,299287
299287,GS1722,2021,8668.0,299288
299288,GS1723,2021,8668.0,299289
299289,GS1724,2021,8668.0,299290
299290,GS1725,2021,8668.0,299291
299291,GS1726,2021,8955.0,299292
299292,GS1727,2021,8955.0,299293
299293,GS1728,2021,8955.0,299294
299295,GS1730,2021,8955.0,299296
299296,GS1731,2021,8955.0,299297
299297,GS1732,2021,8955.0,299298
299298,GS1733,2021,8955.0,299299
299299,GS1734,2021,8955.0,299300
299300,GS1735,2021,8955.0,299301
299301,GS1736,2021,8955.0,299302
299302,GS1737,2021,8955.0,299303
299303,GS1738,2021,8955.0,299304
299304,GS1739,2021,8955.0,299305
299305,GS1740,2021,8955.0,299306
299306,GS1741,2021,8955.0,299307
299307,GS1742,2021,8668.0,299308
299308,GS1743,2021,8668.0,299309
299309,GS1744,2021,6582.0,299310
299310,GS1745,2021,8785.0,299311
299314,GS1890,2021,150987.0,299315
299316,GS2088,2021,35267.0,299317
299321,GS2094,2021,458563.0,299322
299322,GS2095,2021,60000.0,299323
299332,GS2296,2021,218374.0,299333
299367,GS2435,2021,63319.0,299368
299368,GS2437,2021,4804.0,299369
299370,GS2439,2021,3665.0,299371
299371,GS2440,2021,396.0,299372
299372,GS2441,2021,24415.0,299373
299381,GS2456,2021,5656.0,299382
299382,GS2457,2021,22668.0,299383
299386,GS2464,2021,40504.0,299387
299388,GS2468,2021,22173.0,299389
299391,GS2475,2021,79520.0,299392
299395,GS2479,2021,2253.0,299396
299396,GS2480,2021,1942.0,299397
299397,GS2481,2021,2915.0,299398
299408,GS2497,2021,79098.0,299409
299410,GS2499,2021,5197.0,299411
299413,GS2502,2021,71858.0,299414
299414,GS2503,2021,72723.0,299415
299425,GS2519,2021,40924.0,299426
299426,GS2520,2021,19067.0,299427
299428,GS2525,2021,247490.0,299429
299433,GS2535,2021,13506.0,299434
299437,GS2540,2021,9520.0,299438
299439,GS2542,2021,33452.0,299440
299440,GS2543,2021,55113.0,299441
299441,GS2544,2021,99868.0,299442
299442,GS2545,2021,91141.0,299443
299443,GS2546,2021,97254.0,299444
299449,GS2564,2021,13402.0,299450
299451,GS2566,2021,8668.0,299452
299452,GS2567,2021,8668.0,299453
299453,GS2568,2021,8668.0,299454
299454,GS2569,2021,8668.0,299455
299455,GS2570,2021,8668.0,299456
299456,GS2571,2021,8668.0,299457
299457,GS2572,2021,8668.0,299458
299458,GS2573,2021,8668.0,299459
299459,GS2574,2021,8668.0,299460
299460,GS2575,2021,8668.0,299461
299461,GS2576,2021,8955.0,299462
299462,GS2577,2021,8955.0,299463
299463,GS2578,2021,8668.0,299464
299464,GS2579,2021,8668.0,299465
299465,GS2580,2021,8548.0,299466
299466,GS2581,2021,8883.0,299467
299467,GS2582,2021,8800.0,299468
299468,GS2583,2021,8696.0,299469
299469,GS2584,2021,8823.0,299470
299470,GS2585,2021,6519.0,299471
299471,GS2587,2021,82455.0,299472
299475,GS2596,2021,32577.0,299476
299497,GS2681,2021,22361.0,299498
299498,GS2682,2021,103585.0,299499
299500,GS2684,2021,65656.0,299501
299501,GS2685,2021,55666.0,299502
299502,GS2686,2021,58078.0,299503
299503,GS2687,2021,63524.0,299504
299511,GS2707,2021,19069.0,299512
299524,GS2750,2021,10780.0,299525
299526,GS2758,2021,276064.0,299527
299527,GS2763,2021,120932.0,299528
299534,GS2891,2021,706.0,299535
299535,GS2892,2021,495.0,299536
299536,GS2893,2021,468.0,299537
299537,GS2894,2021,702.0,299538
299540,GS2898,2021,259191.0,299541
299543,GS2913,2021,1916.0,299544
299544,GS2940,2021,216470.0,299545
299551,GS3015,2021,111837.0,299552
299555,GS3024,2021,10849.0,299556
299561,GS3031,2021,1659.0,299562
299563,GS3041,2021,110342.0,299564
299565,GS3072,2021,50213.0,299566
299566,GS3077,2021,6850.0,299567
299571,GS3105,2021,6102.0,299572
299572,GS3106,2021,6851.0,299573
299573,GS3107,2021,9883.0,299574
299574,GS3108,2021,9525.0,299575
299575,GS3109,2021,61560.0,299576
299578,GS3113,2021,61670.0,299579
299579,GS3114,2021,66532.0,299580
299581,GS3116,2021,65061.0,299582
299586,GS3253,2021,295754.0,299587
299592,GS3262,2021,7814.0,299593
299594,GS3267,2021,1250.0,299595
299596,GS3306,2021,425.0,299597
299598,GS3326,2021,10000.0,299599
299599,GS3334,2021,29655.0,299600
299623,GS3404,2021,3435.0,299624
299624,GS3405,2021,9433.0,299625
299625,GS3407,2021,22398.0,299626
299627,GS3410,2021,32876.0,299628
299628,GS3411,2021,35003.0,299629
299634,GS3429,2021,45473.0,299635
299635,GS3430,2021,425.0,299636
299636,GS3431,2021,425.0,299637
299637,GS3432,2021,425.0,299638
299638,GS3433,2021,425.0,299639
299639,GS3434,2021,178145.0,299640
299640,GS3443,2021,2360.0,299641
299641,GS3444,2021,893.0,299642
299642,GS3445,2021,8538.0,299643
299643,GS3446,2021,1008.0,299644
299644,GS3447,2021,1022.0,299645
299645,GS3448,2021,905.0,299646
299646,GS3449,2021,1107.0,299647
299647,GS3450,2021,1144.0,299648
299648,GS3451,2021,1212.0,299649
299655,GS3493,2021,118946.0,299656
299657,GS3509,2021,7490.0,299658
299659,GS3511,2021,75635.0,299660
299660,GS3512,2021,80836.0,299661
299662,GS3514,2021,80791.0,299663
299664,GS3516,2021,4668.0,299665
299665,GS3517,2021,8919.0,299666
299666,GS3518,2021,8452.0,299667
299667,GS3519,2021,8193.0,299668
299668,GS3520,2021,9860.0,299669
299669,GS3521,2021,8418.0,299670
299670,GS3522,2021,8760.0,299671
299671,GS3523,2021,9049.0,299672
299672,GS3524,2021,9006.0,299673
299676,GS3547,2021,55685.0,299677
299677,GS3551,2021,104076.0,299678
299679,GS3556,2021,6352.0,299680
299681,GS3560,2021,5551.0,299682
299682,GS3561,2021,7188.0,299683
299683,GS3563,2021,1377.0,299684
299684,GS3564,2021,2160.0,299685
299686,GS3566,2021,64282.0,299687
299687,GS3567,2021,67588.0,299688
299689,GS3588,2021,8668.0,299690
299690,GS3589,2021,8668.0,299691
299691,GS3590,2021,8955.0,299692
299692,GS3591,2021,8955.0,299693
299693,GS3592,2021,8955.0,299694
299694,GS3593,2021,8955.0,299695
299695,GS3594,2021,8955.0,299696
299696,GS3595,2021,8668.0,299697
299697,GS3596,2021,6946.0,299698
299698,GS3597,2021,8685.0,299699
299699,GS3598,2021,8904.0,299700
299700,GS3599,2021,8802.0,299701
299701,GS3600,2021,8832.0,299702
299702,GS3601,2021,8802.0,299703
299709,GS3626,2021,9258.0,299710
299716,GS3705,2021,84299.0,299717
299718,GS3852,2021,27326.0,299719
299722,GS3906,2021,16355.0,299723
299727,GS3945,2021,613.0,299728
299729,GS3947,2021,1035.0,299730
299735,GS3958,2021,31128.0,299736
299737,GS3964,2021,7142.0,299738
299738,GS3965,2021,44781.0,299739
299739,GS3966,2021,14759.0,299740
299740,GS3969,2021,186735.0,299741
299741,GS3971,2021,26478.0,299742
299744,GS3976,2021,250301.0,299745
299745,GS3992,2021,33352.0,299746
299747,GS4014,2021,9432.0,299748
299749,GS4036,2021,7897.0,299750
299755,GS4195,2021,22856.0,299756
299757,GS4202,2021,595.0,299758
299758,GS4203,2021,510.0,299759
299764,GS4220,2021,3719.0,299765
299765,GS4221,2021,388242.0,299766
299766,GS4233,2021,95537.0,299767
299767,GS4236,2021,24306.0,299768
299768,GS4238,2021,72520.0,299769
299770,GS4240,2021,7204.0,299771
299773,GS4259,2021,37859.0,299774
299774,GS4260,2021,1529.0,299775
299775,GS4261,2021,38981.0,299776
299776,GS4264,2021,47022.0,299777
299777,GS4265,2021,74108.0,299778
299779,GS4269,2021,17102.0,299780
299783,GS4273,2021,38435.0,299784
299784,GS4288,2021,17719.0,299785
299786,GS4290,2021,23278.0,299787
299788,GS4296,2021,9378.0,299789
299790,GS4364,2021,1105.0,299791
299823,GS4422,2021,6889.0,299824
299824,GS4423,2021,9358.0,299825
299826,GS4425,2021,48879.0,299827
299827,GS4426,2021,78679.0,299828
299831,GS4442,2021,51980.0,299832
299833,GS4446,2021,14451.0,299834
299836,GS4518,2021,6835.0,299837
299837,GS4519,2021,6872.0,299838
299839,GS4531,2021,13478.0,299840
299841,GS4533,2021,16714.0,299842
299846,GS4539,2021,187486.0,299847
299849,GS4553,2021,1948.0,299850
299850,GS4557,2021,157731.0,299851
299855,GS4593,2021,3816.0,299856
299859,GS4603,2021,13568.0,299860
299862,GS4613,2021,27059.0,299863
299863,GS4614,2021,26873.0,299864
299864,GS4615,2021,27142.0,299865
299872,GS4707,2021,65063.0,299873
299875,GS4797,2021,6853.0,299876
299876,GS4798,2021,6825.0,299877
299877,GS4799,2021,32838.0,299878
299878,GS4813,2021,112173.0,299879
299882,GS4822,2021,56026.0,299883
299884,GS4824,2021,7447.0,299885
299886,GS4875,2021,1133.0,299887
299888,GS4895,2021,19719.0,299889
299895,GS4906,2021,3527.0,299896
299896,GS4922,2021,64793.0,299897
299897,GS4962,2021,114801.0,299898
299902,GS5003,2021,86156.0,299903
299903,GS5007,2021,40129.0,299904
299904,GS5009,2021,174694.0,299905
299907,GS5013,2021,72602.0,299908
299917,GS5038,2021,4626.0,299918
299918,GS5039,2021,4626.0,299919
299919,GS5040,2021,4609.0,299920
299920,GS5041,2021,4362.0,299921
299921,GS5042,2021,4284.0,299922
299922,GS5043,2021,4626.0,299923
299931,GS5099,2021,51569.0,299932
299932,GS5106,2021,3475.0,299933
299933,GS5107,2021,20035.0,299934
299936,GS5125,2021,176381.0,299937
299937,GS5186,2021,4334.0,299938
299938,GS5187,2021,2890.0,299939
299939,GS5188,2021,3018.0,299940
299940,GS5189,2021,1901.0,299941
299941,GS5190,2021,2590.0,299942
299942,GS5191,2021,2741.0,299943
299943,GS5192,2021,3676.0,299944
299944,GS5193,2021,4296.0,299945
299945,GS5194,2021,2154.0,299946
299946,GS5195,2021,410.0,299947
299947,GS5196,2021,3393.0,299948
299948,GS5197,2021,2627.0,299949
299949,GS5199,2021,21715.0,299950
299952,GS5228,2021,32687.0,299953
299953,GS5229,2021,131172.0,299954
299954,GS5230,2021,5911.0,299955
299955,GS5244,2021,6851.0,299956
299956,GS5245,2021,6865.0,299957
299957,GS5256,2021,10200.0,299958
299958,GS5257,2021,79421.0,299959
299960,GS5303,2021,14804.0,299961
299967,GS5314,2021,54683.0,299968
299968,GS5315,2021,13096.0,299969
299970,GS5317,2021,60000.0,299971
299971,GS5322,2021,2918.0,299972
299972,GS5323,2021,2892.0,299973
299973,GS5324,2021,2918.0,299974
299974,GS5325,2021,9850.0,299975
299975,GS5326,2021,9941.0,299976
299976,GS5329,2021,7270.0,299977
299977,GS5330,2021,6837.0,299978
299978,GS5331,2021,8270.0,299979
299979,GS5332,2021,6549.0,299980
299980,GS5335,2021,6914.0,299981
299981,GS5336,2021,6542.0,299982
299982,GS5337,2021,7246.0,299983
299983,GS5338,2021,9059.0,299984
299984,GS5339,2021,8104.0,299985
299985,GS5340,2021,9229.0,299986
299986,GS5341,2021,9467.0,299987
299987,GS5342,2021,7673.0,299988
299988,GS5343,2021,8809.0,299989
299989,GS5344,2021,9027.0,299990
299991,GS5377,2021,7950.0,299992
299994,GS5391,2021,24493.0,299995
300002,GS5417,2021,19649.0,300003
300003,GS5418,2021,35047.0,300004
300004,GS5434,2021,4608.0,300005
300005,GS5437,2021,6465.0,300006
300006,GS5438,2021,6426.0,300007
300007,GS5439,2021,8140.0,300008
300008,GS5440,2021,6911.0,300009
300009,GS5441,2021,5858.0,300010
300012,GS5444,2021,10000.0,300013
300014,GS5463,2021,28245.0,300015
300015,GS5519,2021,144332.0,300016
300016,GS5523,2021,188872.0,300017
300020,GS5574,2021,8388.0,300021
300021,GS5575,2021,39928.0,300022
300022,GS5614,2021,160207.0,300023
300025,GS5618,2021,80265.0,300026
300029,GS5634,2021,3560.0,300030
300030,GS5635,2021,3547.0,300031
300031,GS5636,2021,3497.0,300032
300032,GS5637,2021,3562.0,300033
300034,GS5642,2021,510271.0,300035
300035,GS5643,2021,15517.0,300036
300042,GS5673,2021,47967.0,300043
300044,GS5698,2021,103487.0,300045
300045,GS5699,2021,12791.0,300046
300047,GS5780,2021,376.0,300048
300048,GS5781,2021,5069.0,300049
300049,GS5782,2021,5069.0,300050
300050,GS5783,2021,5531.0,300051
300051,GS5796,2021,205.0,300052
300052,GS5799,2021,119022.0,300053
300054,GS5801,2021,14531.0,300055
300055,GS5802,2021,10000.0,300056
300057,GS5825,2021,6478.0,300058
300058,GS5826,2021,5552.0,300059
300059,GS5827,2021,5552.0,300060
300060,GS5830,2021,27356.0,300061
300065,GS5842,2021,10000.0,300066
300067,GS5860,2021,27165.0,300068
300068,GS5866,2021,82587.0,300069
300072,GS5889,2021,4836.0,300073
300073,GS5890,2021,4851.0,300074
300074,GS5891,2021,4676.0,300075
300075,GS5892,2021,5716.0,300076
300079,GS5928,2021,191879.0,300080
300081,GS5951,2021,6830.0,300082
300082,GS5952,2021,5305.0,300083
300083,GS5953,2021,5154.0,300084
300084,GS5954,2021,4916.0,300085
300085,GS5955,2021,4543.0,300086
300086,GS5983,2021,125054.0,300087
300087,GS5988,2021,494.0,300088
300090,GS6004,2021,28311.0,300091
300091,GS6008,2021,6337.0,300092
300096,GS6037,2021,2918.0,300097
300097,GS6038,2021,2918.0,300098
300098,GS6041,2021,9180.0,300099
300099,GS6042,2021,8184.0,300100
300127,GS6129,2021,1670.0,300128
300129,GS6139,2021,30319.0,300130
300131,GS6152,2021,10000.0,300132
300132,GS6155,2021,8665.0,300133
300133,GS6189,2021,11580.0,300134
300134,GS6193,2021,159616.0,300135
300135,GS6212,2021,19871.0,300136
300136,GS6235,2021,5510.0,300137
300137,GS6236,2021,5620.0,300138
300138,GS6237,2021,4591.0,300139
300140,GS6256,2021,73387.0,300141
300144,GS6275,2021,41761.0,300145
300147,GS6289,2021,10334.0,300148
300148,GS6290,2021,521010.0,300149
300149,GS6301,2021,47787.0,300150
300151,GS6338,2021,2899.0,300152
300152,GS6344,2021,5086.0,300153
300153,GS6349,2021,2247.0,300154
300154,GS6350,2021,3228.0,300155
300155,GS6351,2021,2304.0,300156
300156,GS6356,2021,32353.0,300157
300157,GS6393,2021,53868.0,300158
300158,GS6394,2021,50947.0,300159
300159,GS6395,2021,46829.0,300160
300162,GS6414,2021,10024.0,300163
300163,GS6419,2021,9829.0,300164
300164,GS6420,2021,8497.0,300165
300165,GS6443,2021,3393.0,300166
300168,GS6460,2021,581.0,300169
300171,GS6503,2021,37675.0,300172
300174,GS6518,2021,5137.0,300175
300175,GS6519,2021,5034.0,300176
300176,GS6520,2021,5242.0,300177
300177,GS6521,2021,5673.0,300178
300178,GS6522,2021,7135.0,300179
300179,GS6523,2021,5922.0,300180
300180,GS6566,2021,7491.0,300181
300182,GS6588,2021,16429.0,300183
300183,GS6597,2021,14185.0,300184
300184,GS6598,2021,26550.0,300185
300185,GS6599,2021,4700.0,300186
300186,GS6600,2021,5697.0,300187
300187,GS6604,2021,23934.0,300188
300188,GS6607,2021,48941.0,300189
300192,GS6749,2021,6111.0,300193
300193,GS6750,2021,8241.0,300194
300195,GS6752,2021,2335.0,300196
300197,GS6756,2021,46422.0,300198
300198,GS6760,2021,188389.0,300199
300199,GS6783,2021,4851.0,300200
300200,GS6784,2021,4836.0,300201
300201,GS6786,2021,510.0,300202
300202,GS6787,2021,340.0,300203
300203,GS6788,2021,425.0,300204
300204,GS6789,2021,425.0,300205
300205,GS6790,2021,425.0,300206
300206,GS6793,2021,84427.0,300207
300207,GS6830,2021,4469.0,300208
300208,GS6831,2021,25416.0,300209
300210,GS6836,2021,4870.0,300211
300215,GS6854,2021,43656.0,300216
300218,GS6857,2021,17516.0,300219
300220,GS6861,2021,6897.0,300221
300223,GS6887,2021,3773.0,300224
300225,GS6998,2021,6582.0,300226
300226,GS6999,2021,41855.0,300227
300227,GS7002,2021,2195.0,300228
300229,GS7071,2021,932161.0,300230
300232,GS7080,2021,113391.0,300233
300233,GS7090,2021,8686.0,300234
300234,GS7091,2021,38494.0,300235
300235,GS7105,2021,163230.0,300236
300236,GS7112,2021,2302.0,300237
300237,GS7128,2021,12245.0,300238
300241,GS7132,2021,6517.0,300242
300242,GS7133,2021,6364.0,300243
300243,GS7134,2021,7659.0,300244
300244,GS7135,2021,5550.0,300245
300245,GS7136,2021,5041.0,300246
300247,GS7138,2021,94698.0,300248
300251,GS7147,2021,11518.0,300252
300252,GS7148,2021,11519.0,300253
300253,GS7149,2021,11470.0,300254
300254,GS7150,2021,11421.0,300255
300256,GS7152,2021,652971.0,300257
300257,GS7153,2021,9681.0,300258
300258,GS7154,2021,124889.0,300259
300260,GS7287,2021,2918.0,300261
300261,GS7288,2021,2918.0,300262
300262,GS7289,2021,2918.0,300263
300263,GS7290,2021,2918.0,300264
300264,GS7291,2021,2918.0,300265
300265,GS7292,2021,2918.0,300266
300266,GS7293,2021,10000.0,300267
300268,GS7311,2021,1779.0,300269
300269,GS7312,2021,1103044.0,300270
300270,GS7317,2021,7083.0,300271
300271,GS7318,2021,9852.0,300272
300272,GS7330,2021,5352.0,300273
300273,GS7331,2021,4304.0,300274
300274,GS7332,2021,5552.0,300275
300275,GS7333,2021,5552.0,300276
300276,GS7334,2021,4626.0,300277
300277,GS7335,2021,4626.0,300278
300278,GS7336,2021,4321.0,300279
300279,GS7343,2021,6333.0,300280
300280,GS7345,2021,5170.0,300281
300282,GS7356,2021,6986.0,300283
300284,GS7362,2021,4205.0,300285
300285,GS7363,2021,4181.0,300286
300286,GS7364,2021,4467.0,300287
300287,GS7365,2021,3773.0,300288
300288,GS7366,2021,3663.0,300289
300295,GS7391,2021,10000.0,300296
300298,GS7394,2021,7524.0,300299
300299,GS7395,2021,11352.0,300300
300300,GS7396,2021,11297.0,300301
300301,GS7397,2021,11250.0,300302
300302,GS7398,2021,11192.0,300303
300303,GS7399,2021,11157.0,300304
300304,GS7400,2021,11085.0,300305
300305,GS7401,2021,11059.0,300306
300306,GS7433,2021,76396.0,300307
300307,GS7434,2021,75844.0,300308
300308,GS7435,2021,208.0,300309
300309,GS7436,2021,5819.0,300310
300310,GS7437,2021,10000.0,300311
300311,GS7438,2021,95762.0,300312
300314,GS7444,2021,10000.0,300315
300315,GS7448,2021,5983.0,300316
300316,GS7449,2021,9382.0,300317
300317,GS7450,2021,8961.0,300318
300318,GS7451,2021,9338.0,300319
300319,GS7452,2021,5702.0,300320
300320,GS7453,2021,5012.0,300321
300321,GS7454,2021,5823.0,300322
300322,GS7456,2021,7034.0,300323
300323,GS7457,2021,5729.0,300324
300324,GS7458,2021,6090.0,300325
300325,GS7459,2021,6668.0,300326
300326,GS7460,2021,5581.0,300327
300331,GS7465,2021,6661.0,300332
300332,GS7466,2021,40282.0,300333
300333,GS7467,2021,29719.0,300334
300334,GS7468,2021,638840.0,300335
300335,GS7469,2021,136167.0,300336
300336,GS7470,2021,5149.0,300337
300337,GS7471,2021,5575.0,300338
300338,GS7472,2021,5153.0,300339
300339,GS7473,2021,4601.0,300340
300340,GS7474,2021,5617.0,300341
300341,GS7475,2021,6833.0,300342
300342,GS7476,2021,6907.0,300343
300343,GS7477,2021,6980.0,300344
300344,GS7478,2021,6767.0,300345
300345,GS7479,2021,5930.0,300346
300346,GS7480,2021,6926.0,300347
300347,GS7481,2021,6447.0,300348
300348,GS7482,2021,6958.0,300349
300349,GS7483,2021,7141.0,300350
300350,GS7484,2021,6955.0,300351
300357,GS7491,2021,56088.0,300358
300359,GS7493,2021,13062.0,300360
300360,GS7495,2021,140914.0,300361
300361,GS7496,2021,1551.0,300362
300362,GS7497,2021,36721.0,300363
300370,GS7506,2021,14389.0,300371
300371,GS7507,2021,14427.0,300372
300374,GS7510,2021,44406.0,300375
300375,GS7512,2021,5483.0,300376
300376,GS7513,2021,12625.0,300377
300387,GS7524,2021,5795.0,300388
300388,GS7525,2021,508246.0,300389
300389,GS7526,2021,32837.0,300390
300390,GS7527,2021,188914.0,300391
300395,GS7532,2021,459836.0,300396
300396,GS7533,2021,199937.0,300397
300397,GS7534,2021,507020.0,300398
300398,GS7535,2021,1243.0,300399
300400,GS7538,2021,525490.0,300401
300401,GS7539,2021,6431.0,300402
300402,GS7540,2021,4191.0,300403
300406,GS7544,2021,29129.0,300407
300409,GS7547,2021,99245.0,300410
300410,GS7548,2021,58120.0,300411
300411,GS7549,2021,77391.0,300412
300412,GS7550,2021,71297.0,300413
300413,GS7551,2021,54210.0,300414
300416,GS7554,2021,898.0,300417
300418,GS7556,2021,10753.0,300419
300419,GS7557,2021,34767.0,300420
300428,GS7566,2021,9330.0,300429
300429,GS7567,2021,9299.0,300430
300432,GS7570,2021,2270.0,300433
300433,GS7571,2021,2270.0,300434
300434,GS7572,2021,266746.0,300435
300435,GS7574,2021,3302.0,300436
300436,GS7575,2021,53360.0,300437
300437,GS7576,2021,41351.0,300438
300441,GS7580,2021,5753.0,300442
300442,GS7581,2021,5537.0,300443
300443,GS7582,2021,5555.0,300444
300444,GS7583,2021,4601.0,300445
300445,GS7584,2021,5076.0,300446
300446,GS7585,2021,5599.0,300447
300448,GS7587,2021,44562.0,300449
300453,GS7592,2021,54879.0,300454
300454,GS7593,2021,53623.0,300455
300455,GS7594,2021,17744.0,300456
300463,GS7602,2021,18080.0,300464
300465,GS7604,2021,99539.0,300466
300466,GS7605,2021,97482.0,300467
300467,GS7606,2021,98638.0,300468
300471,GS7610,2021,56.0,300472
300475,GS7614,2021,2329.0,300476
300477,GS7616,2021,58558.0,300478
300479,GS7620,2021,149587.0,300480
300481,GS7622,2021,43276.0,300482
300482,GS7623,2021,166.0,300483
300484,GS7625,2021,70375.0,300485
300487,GS7628,2021,75218.0,300488
300488,GS7629,2021,70737.0,300489
300489,GS7630,2021,67504.0,300490
300490,GS7631,2021,57488.0,300491
300491,GS7632,2021,104795.0,300492
300492,GS7633,2021,123586.0,300493
300494,GS7635,2021,1162.0,300495
300496,GS7637,2021,52758.0,300497
300497,GS7638,2021,52774.0,300498
300498,GS7639,2021,52774.0,300499
300499,GS7640,2021,52273.0,300500
300500,GS7641,2021,52713.0,300501
300501,GS7642,2021,49500.0,300502
300502,GS7643,2021,52796.0,300503
300503,GS7644,2021,27309.0,300504
300511,GS7652,2021,33996.0,300512
300513,GS7664,2021,287677.0,300514
300514,GS7666,2021,40541.0,300515
300516,GS7669,2021,32688.0,300517
300517,GS7671,2021,5570.0,300518
300518,GS7672,2021,4962.0,300519
300522,GS7676,2021,62985.0,300523
300523,GS7677,2021,48058.0,300524
300525,GS7679,2021,23095.0,300526
300533,GS7687,2021,43234.0,300534
300534,GS7688,2021,35220.0,300535
300535,GS7689,2021,9319.0,300536
300538,GS7692,2021,15338.0,300539
300567,GS7721,2021,38176.0,300568
300570,GS7724,2021,285532.0,300571
300572,GS7726,2021,685471.0,300573
300574,GS7731,2021,9188.0,300575
300576,GS7733,2021,16190.0,300577
300577,GS7734,2021,20915.0,300578
300578,GS7735,2021,42294.0,300579
300580,GS7737,2021,19198.0,300581
300582,GS7739,2021,28888.0,300583
300587,GS7744,2021,91909.0,300588
300588,GS7745,2021,721958.0,300589
300589,GS7746,2021,80193.0,300590
300593,GS7750,2021,203292.0,300594
300596,GS7754,2021,49409.0,300597
300601,GS7760,2021,704830.0,300602
300603,GS7762,2021,37630.0,300604
300610,GS7783,2021,20723.0,300611
300614,GS7788,2021,35419.0,300615
300615,GS7789,2021,35500.0,300616
300618,GS7792,2021,14082.0,300619
300620,GS7794,2021,23868.0,300621
300627,GS7801,2021,149071.0,300628
300633,GS10220,2021,34076.0,300634
300639,GS10457,2021,13088.0,300640
300642,GS10466,2021,3622.0,300643
300643,GS10529,2021,24013.0,300644
300648,GS10657,2021,9390.0,300649
300649,GS10658,2021,7898.0,300650
300650,GS10659,2021,9327.0,300651
300667,GS10710,2021,67936.0,300668
300669,GS10712,2021,31174.0,300670
300673,GS10716,2021,533392.0,300674
300675,GS10718,2021,5275.0,300676
300680,GS10725,2021,9749.0,300681
300681,GS10726,2021,9918.0,300682
300690,GS10735,2021,4918.0,300691
300691,GS10736,2021,8045.0,300692
300692,GS10737,2021,945.0,300693
300693,GS10738,2021,26566.0,300694
300695,GS10740,2021,4402.0,300696
300696,GS10741,2021,1685.0,300697
300697,GS10742,2021,651.0,300698
300698,GS10776,2021,3838.0,300699
300699,GS10777,2021,4572.0,300700
300700,GS10778,2021,10000.0,300701
300701,GS10779,2021,10000.0,300702
300702,GS10780,2021,10000.0,300703
300703,GS10781,2021,9895.0,300704
300704,GS10782,2021,41667.0,300705
300705,GS10783,2021,10379.0,300706
300706,GS10784,2021,9460.0,300707
300709,GS10788,2021,8626.0,300710
300711,GS10790,2021,598106.0,300712
300712,GS10791,2021,105535.0,300713
300713,GS10792,2021,24970.0,300714
300715,GS10794,2021,55944.0,300716
300718,GS10797,2021,1467.0,300719
300719,GS10798,2021,11407.0,300720
300720,GS10799,2021,6080.0,300721
300721,GS10800,2021,5924.0,300722
300722,GS10801,2021,6066.0,300723
300723,GS10802,2021,6025.0,300724
300724,GS10803,2021,5768.0,300725
300725,GS10804,2021,6422.0,300726
300726,GS10805,2021,5484.0,300727
300727,GS10806,2021,5998.0,300728
300728,GS10807,2021,4111.0,300729
300729,GS10808,2021,22456.0,300730
300730,GS10809,2021,16909.0,300731
300733,GS10812,2021,64165.0,300734
300734,GS10813,2021,62749.0,300735
300737,GS10821,2021,37791.0,300738
300739,GS10823,2021,1008.0,300740
300741,GS10825,2021,37789.0,300742
300742,GS10826,2021,8885.0,300743
300743,GS10827,2021,6232.0,300744
300744,GS10828,2021,3882.0,300745
300748,GS10832,2021,874.0,300749
300750,GS10866,2021,6771.0,300751
300754,GS10872,2021,9717.0,300755
300755,GS10873,2021,10765.0,300756
300761,GS10879,2021,37807.0,300762
300763,GS10885,2021,134409.0,300764
300764,GS10886,2021,78312.0,300765
300765,GS10887,2021,24956.0,300766
300766,GS10888,2021,22736.0,300767
300767,GS10889,2021,33690.0,300768
300768,GS10890,2021,41327.0,300769
300770,GS10897,2021,2827.0,300771
300772,GS10899,2021,14578.0,300773
300773,GS10900,2021,38342.0,300774
300774,GS10901,2021,38342.0,300775
300775,GS10902,2021,38342.0,300776
300776,GS10903,2021,42018.0,300777
300777,GS10904,2021,42018.0,300778
300778,GS10905,2021,42018.0,300779
300779,GS10906,2021,42018.0,300780
300780,GS10907,2021,42018.0,300781
300781,GS10908,2021,42018.0,300782
300782,GS10909,2021,42018.0,300783
300783,GS10910,2021,42018.0,300784
300784,GS10911,2021,34937.0,300785
300785,GS10912,2021,34215.0,300786
300786,GS10913,2021,34010.0,300787
300787,GS10914,2021,33567.0,300788
300788,GS10915,2021,32723.0,300789
300789,GS10916,2021,32723.0,300790
300790,GS10917,2021,32723.0,300791
300791,GS10918,2021,32723.0,300792
300792,GS10919,2021,15270.0,300793
300793,GS10920,2021,15270.0,300794
300794,GS10921,2021,14919.0,300795
300795,GS10922,2021,7461.0,300796
300796,GS10923,2021,7264.0,300797
300797,GS10924,2021,2559.0,300798
300809,GS10967,2021,68302.0,300810
300810,GS10968,2021,1037.0,300811
300812,GS10970,2021,349.0,300813
300815,GS10974,2021,55884.0,300816
300816,GS10975,2021,22947.0,300817
300817,GS10976,2021,55305.0,300818
300818,GS10977,2021,55437.0,300819
300819,GS10978,2021,55715.0,300820
300820,GS10979,2021,55585.0,300821
300821,GS10980,2021,56237.0,300822
300822,GS10981,2021,56802.0,300823
300823,GS10982,2021,52515.0,300824
300827,GS10987,2021,12450.0,300828
300828,GS10988,2021,8681.0,300829
300829,GS10989,2021,5467.0,300830
300830,GS10990,2021,1869.0,300831
300831,GS10991,2021,334.0,300832
300850,GS11010,2021,33392.0,300851
300869,GS11029,2021,7169.0,300870
300877,GS11041,2021,4160.0,300878
300878,GS11042,2021,830.0,300879
300903,GS11068,2021,41430.0,300904
300904,GS11070,2021,7045.0,300905
300905,GS11071,2021,5413.0,300906
300908,GS11074,2021,2599.0,300909
300931,GS11098,2021,4420.0,300932
300933,GS11133,2021,5158.0,300934
300934,GS11134,2021,5210.0,300935
300936,GS11136,2021,2959.0,300937
300940,GS11140,2021,143226.0,300941
300945,GS11145,2021,336686.0,300946
300947,GS11147,2021,35883.0,300948
300948,GS11148,2021,35518.0,300949
300949,GS11149,2021,35258.0,300950
300950,GS11150,2021,9459.0,300951
300951,GS11151,2021,8952.0,300952
300952,GS11152,2021,7744.0,300953
300955,GS11155,2021,820.0,300956
300961,GS11167,2021,139432.0,300962
300978,GS11188,2021,140.0,300979
300980,GS11190,2021,10329.0,300981
300982,GS11192,2021,24376.0,300983
300983,GS11193,2021,46104.0,300984
300984,GS11194,2021,44431.0,300985
300985,GS11195,2021,696.0,300986
300986,GS11196,2021,31306.0,300987
300987,GS11197,2021,24502.0,300988
300988,GS11198,2021,43038.0,300989
300989,GS11199,2021,35220.0,300990
300990,GS11200,2021,2984.0,300991
300992,GS11202,2021,48041.0,300993
300995,GS11205,2021,5773.0,300996
300996,GS11206,2021,34527.0,300997
300997,GS11207,2021,382277.0,300998
300999,GS11209,2021,28573.0,301000
301002,GS11212,2021,6199.0,301003
301008,GS11218,2021,37789.0,301009
301011,GS11222,2021,393936.0,301012
301012,GS11223,2021,51033.0,301013
301015,GS11227,2021,27671.0,301016
301016,GS11228,2021,26460.0,301017
301017,GS11229,2021,22717.0,301018
301018,GS11230,2021,23186.0,301019
301019,GS11231,2021,24931.0,301020
301020,GS11232,2021,21906.0,301021
301021,GS11233,2021,798.0,301022
301022,GS11234,2021,748.0,301023
301023,GS11235,2021,749.0,301024
301024,GS11236,2021,21610.0,301025
301025,GS11237,2021,23003.0,301026
301026,GS11238,2021,360396.0,301027
301027,GS11239,2021,317574.0,301028
301028,GS11240,2021,15334.0,301029
301029,GS11241,2021,15679.0,301030
301035,GS11247,2021,74.0,301036
301039,GS11251,2021,28760.0,301040
301042,GS11255,2021,433178.0,301043
301043,GS11256,2021,365005.0,301044
301044,GS11259,2021,52916.0,301045
301045,GS11260,2021,48909.0,301046
301046,GS11261,2021,51406.0,301047
301047,GS11262,2021,52130.0,301048
301048,GS11263,2021,52931.0,301049
301049,GS11264,2021,40821.0,301050
301050,GS11265,2021,57528.0,301051
301051,GS11266,2021,54549.0,301052
301052,GS11267,2021,52386.0,301053
301053,GS11268,2021,56749.0,301054
301054,GS11269,2021,53989.0,301055
301055,GS11270,2021,54621.0,301056
301056,GS11271,2021,45026.0,301057
301057,GS11272,2021,51237.0,301058
301058,GS11273,2021,57042.0,301059
301059,GS11274,2021,53878.0,301060
301060,GS11275,2021,57218.0,301061
301061,GS11276,2021,56145.0,301062
301062,GS11277,2021,56582.0,301063
301063,GS11278,2021,56749.0,301064
301064,GS11279,2021,56313.0,301065
301065,GS11280,2021,57071.0,301066
301066,GS11281,2021,52183.0,301067
301067,GS11282,2021,52032.0,301068
301068,GS11283,2021,53954.0,301069
301069,GS11284,2021,53854.0,301070
301070,GS11285,2021,54250.0,301071
301071,GS11286,2021,47090.0,301072
301072,GS11287,2021,18172.0,301073
301073,GS11288,2021,51009.0,301074
301074,GS11289,2021,49126.0,301075
301075,GS11290,2021,50534.0,301076
301076,GS11291,2021,55139.0,301077
301077,GS11292,2021,56291.0,301078
301078,GS11293,2021,55758.0,301079
301079,GS11294,2021,58085.0,301080
301080,GS11295,2021,58367.0,301081
301081,GS11296,2021,57350.0,301082
301082,GS11297,2021,58010.0,301083
301083,GS11298,2021,55185.0,301084
301084,GS11299,2021,57706.0,301085
301085,GS11300,2021,55058.0,301086
301086,GS11301,2021,49735.0,301087
301087,GS11302,2021,54633.0,301088
301088,GS11303,2021,55714.0,301089
301089,GS11304,2021,20753.0,301090
301090,GS11305,2021,14363.0,301091
301091,GS11306,2021,1107.0,301092
301092,GS11307,2021,60128.0,301093
301093,GS11308,2021,2060.0,301094
301094,GS11309,2021,37789.0,301095
301095,GS11310,2021,37287.0,301096
301096,GS11311,2021,34780.0,301097
301097,GS11312,2021,31951.0,301098
301098,GS11313,2021,16098.0,301099
301099,GS11314,2021,11066.0,301100
301109,GS11325,2021,33608.0,301110
301110,GS11326,2021,28064.0,301111
301111,GS11327,2021,21666.0,301112
301115,GS11331,2021,287468.0,301116
301117,GS11334,2021,454701.0,301118
301118,GS11335,2021,207349.0,301119
301119,GS11336,2021,206817.0,301120
301120,GS11337,2021,464834.0,301121
301121,GS11338,2021,149037.0,301122
301129,GS11352,2021,170.0,301130
301135,GS11358,2021,19491.0,301136
301143,GS11400,2021,413901.0,301144
301144,GS11401,2021,182036.0,301145
301145,GS11402,2021,55963.0,301146
301146,GS11403,2021,34383.0,301147
301147,GS11404,2021,82380.0,301148
301148,GS11405,2021,91656.0,301149
301151,GS11409,2021,79.0,301152
301156,GS11414,2021,21788.0,301157
301157,GS11415,2021,23804.0,301158
301159,GS11417,2021,15238.0,301160
301160,GS11418,2021,14702.0,301161
301161,GS11419,2021,14173.0,301162
301162,GS11420,2021,14215.0,301163
301166,GS11424,2021,5307.0,301167
301168,GS11426,2021,19465.0,301169
301169,GS11427,2021,37974.0,301170
301170,GS11432,2021,15019.0,301171
301171,GS11433,2021,21816.0,301172
301172,GS11434,2021,4853.0,301173
301175,GS11437,2021,24556.0,301176
301178,GS11440,2021,790787.0,301179
301179,GS11441,2021,14109.0,301180
301184,GS11451,2021,68813.0,301185
301187,GS11455,2021,48457.0,301188
301189,GS11466,2021,1608.0,301190
301194,GS11474,2021,48241.0,301195
301195,GS11475,2021,32382.0,301196
301196,GS11476,2021,47857.0,301197
301197,GS11477,2021,52812.0,301198
301198,GS11478,2021,41158.0,301199
301199,GS11479,2021,43236.0,301200
301200,GS11480,2021,34991.0,301201
301201,GS11481,2021,38757.0,301202
301202,GS11482,2021,346582.0,301203
301203,GS11483,2021,100844.0,301204
301204,GS11484,2021,147136.0,301205
301205,GS11485,2021,16447.0,301206
301206,GS11486,2021,66392.0,301207
301207,GS11488,2021,514941.0,301208
301208,GS11489,2021,34509.0,301209
301209,GS11490,2021,76416.0,301210
301210,GS11491,2021,165641.0,301211
301215,GS11496,2021,55288.0,301216
301217,GS11498,2021,63254.0,301218
301218,GS11499,2021,57955.0,301219
301219,GS11500,2021,74611.0,301220
301220,GS11501,2021,103884.0,301221
301222,GS11503,2021,69441.0,301223
301223,GS11504,2021,31428.0,301224
301224,GS11505,2021,39661.0,301225
301229,GS11513,2021,30270.0,301230
301230,GS11514,2021,29844.0,301231
301231,GS11515,2021,29436.0,301232
301232,GS11516,2021,29165.0,301233
301233,GS11517,2021,28800.0,301234
301234,GS11518,2021,28529.0,301235
301235,GS11519,2021,28267.0,301236
301236,GS11520,2021,28063.0,301237
301237,GS11521,2021,27884.0,301238
301238,GS11522,2021,27825.0,301239
301239,GS11523,2021,27615.0,301240
301240,GS11524,2021,27402.0,301241
301241,GS11525,2021,27160.0,301242
301242,GS11526,2021,26869.0,301243
301243,GS11527,2021,26625.0,301244
301244,GS11528,2021,26422.0,301245
301245,GS11529,2021,26307.0,301246
301246,GS11530,2021,26096.0,301247
301247,GS11531,2021,25565.0,301248
301248,GS11532,2021,24804.0,301249
301249,GS11533,2021,24215.0,301250
301250,GS11534,2021,23652.0,301251
301252,GS11537,2021,4531.0,301253
301253,GS11538,2021,7439.0,301254
301254,GS11539,2021,14442.0,301255
301264,GS11551,2021,8371.0,301265
301266,GS11556,2021,3695.0,301267
301267,GS11557,2021,685361.0,301268
301268,GS11558,2021,201222.0,301269
301269,GS11559,2021,54084.0,301270
301270,GS11560,2021,40606.0,301271
301271,GS11561,2021,198468.0,301272
301273,GS11564,2021,5431.0,301274
301277,GS11568,2021,9864.0,301278
301280,GS11571,2021,468151.0,301281
301281,GS11572,2021,468152.0,301282
301294,GS11593,2021,119346.0,301295
301296,GS11595,2021,147925.0,301297
301297,GS11596,2021,35307.0,301298
301300,GS11603,2021,3041.0,301301
301301,GS11604,2021,2960.0,301302
301303,GS11606,2021,5024.0,301304
301305,GS11608,2021,33437.0,301306
301306,GS11609,2021,33671.0,301307
301307,GS11610,2021,33390.0,301308
301308,GS11611,2021,33293.0,301309
301309,GS11612,2021,33789.0,301310
301310,GS11613,2021,23378.0,301311
301311,GS11614,2021,117597.0,301312
301313,GS11617,2021,73754.0,301314
301314,GS11618,2021,53739.0,301315
301315,GS11619,2021,2408.0,301316
301319,GS11624,2021,7182.0,301320
301321,GS11628,2021,10792.0,301322
301322,GS11629,2021,8794.0,301323
301323,GS11630,2021,6272.0,301324
301324,GS11631,2021,2878.0,301325
301325,GS11632,2021,207.0,301326
301333,GS11644,2021,2978.0,301334
301334,GS11645,2021,1601.0,301335
301335,GS11646,2021,19.0,301336
301341,GS11655,2021,19537.0,301342
301342,GS11656,2021,19883.0,301343
301353,GS11671,2021,20645.0,301354
301354,GS11672,2021,4129.0,301355
301355,GS11673,2021,10878.0,301356
301356,GS11674,2021,59406.0,301357
301366,GS11691,2021,50696.0,301367
301367,GS11692,2021,14751.0,301368
301368,GS11693,2021,102720.0,301369
301391,GS11722,2021,1185.0,301392
301396,GS11728,2021,285984.0,301397
301401,GS11736,2021,190203.0,301402
301406,GS11744,2021,1261.0,301407
301407,GS11745,2021,1261.0,301408
301408,GS11747,2021,456.0,301409
301409,GS11748,2021,456.0,301410
301410,GS11749,2021,456.0,301411
301411,GS11750,2021,456.0,301412
301412,GS11751,2021,456.0,301413
301413,GS11752,2021,456.0,301414
301414,GS11753,2021,71.0,301415
301458,GS11807,2021,640.0,301459
301460,GS11809,2021,2692.0,301461
301461,GS11810,2021,2097.0,301462
301462,GS11811,2021,1309.0,301463
301463,GS11812,2021,266.0,301464
301494,GS11863,2021,13927.0,301495
301518,GS11891,2021,55154.0,301519
301519,GS11892,2021,62618.0,301520
301521,GS11894,2021,9639.0,301522
301522,GS11895,2021,19498.0,301523
301523,GS11896,2021,9343.0,301524
301524,GS11897,2021,8257.0,301525
301525,GS11898,2021,3635.0,301526
301526,GS11899,2021,56455.0,301527
301528,GS11902,2021,5692.0,301529
301529,GS11903,2021,15246.0,301530
301530,GS11904,2021,856.0,301531
301531,GS11905,2021,14349.0,301532
301532,GS11906,2021,39932.0,301533
301533,GS11907,2021,42830.0,301534
301534,GS11908,2021,17967.0,301535
301535,GS11909,2021,39937.0,301536
301536,GS11910,2021,40649.0,301537
301537,GS11911,2021,39643.0,301538
301538,GS11912,2021,41163.0,301539
301539,GS11913,2021,40946.0,301540
301540,GS11914,2021,32220.0,301541
301541,GS11915,2021,42830.0,301542
301542,GS11916,2021,41359.0,301543
301543,GS11917,2021,39522.0,301544
301544,GS11918,2021,37280.0,301545
301545,GS11919,2021,39138.0,301546
301546,GS11920,2021,40855.0,301547
301547,GS11921,2021,26109.0,301548
301548,GS11922,2021,39394.0,301549
301549,GS11923,2021,41106.0,301550
301550,GS11924,2021,42830.0,301551
301551,GS11925,2021,3480.0,301552
301552,GS11926,2021,42830.0,301553
301553,GS11927,2021,27565.0,301554
301554,GS11928,2021,7644.0,301555
301555,GS11929,2021,18893.0,301556
301556,GS11930,2021,42830.0,301557
301557,GS11931,2021,42830.0,301558
301558,GS11932,2021,41294.0,301559
301559,GS11933,2021,2862.0,301560
301600,GS11996,2021,18433.0,301601
301601,GS11998,2021,12740.0,301602
301602,GS11999,2021,5348.0,301603
301603,GS12000,2021,2146.0,301604
301604,GS12001,2021,858.0,301605
301605,GS12002,2021,986.0,301606
301606,GS12003,2021,696.0,301607
301616,GS12015,2021,981.0,301617
301644,GS12045,2021,133603.0,301645
301646,GS12047,2021,599029.0,301647
301657,GS12062,2021,957858.0,301658
301660,GS12065,2021,208551.0,301661
301696,GS12112,2021,502721.0,301697
301729,GS12147,2021,69657.0,301730
301811,GS12243,2021,31033.0,301812
302015,GS12482,2021,127.0,302016
302975,VCS5,2021,20475.0,302976
303001,VCS33,2021,30520.0,303002
303022,VCS54,2021,40116.0,303023
303059,VCS92,2021,1188832.0,303060
303060,VCS93,2021,271695.0,303061
303086,VCS120,2021,8610.0,303087
303103,VCS138,2021,102987.0,303104
303123,VCS158,2021,18312.0,303124
303160,VCS198,2021,24809.0,303161
303164,VCS202,2021,5123.0,303165
303254,VCS292,2021,225354.0,303255
303279,VCS318,2021,70105.0,303280
303296,VCS335,2021,18129.0,303297
303297,VCS336,2021,10688.0,303298
303298,VCS337,2021,26385.0,303299
303331,VCS370,2021,23799.0,303332
303341,VCS380,2021,22427.0,303342
303342,VCS381,2021,12912.0,303343
303366,VCS405,2021,10256.0,303367
303372,VCS411,2021,11324.0,303373
303373,VCS412,2021,79427.0,303374
303374,VCS413,2021,95589.0,303375
303375,VCS414,2021,108791.0,303376
303376,VCS415,2021,29255.0,303377
303377,VCS416,2021,51418.0,303378
303388,VCS427,2021,70876.0,303389
303389,VCS428,2021,22440.0,303390
303391,VCS430,2021,11998.0,303392
303399,VCS438,2021,73237.0,303400
303402,VCS441,2021,41343.0,303403
303409,VCS448,2021,31007.0,303410
303411,VCS450,2021,17902.0,303412
303429,VCS468,2021,173721.0,303430
303450,VCS489,2021,57182.0,303451
303471,VCS510,2021,5372.0,303472
303474,VCS513,2021,155901.0,303475
303475,VCS514,2021,19885.0,303476
303495,VCS534,2021,48802.0,303496
303504,VCS543,2021,107648.0,303505
303509,VCS548,2021,88818.0,303510
303523,VCS562,2021,235288.0,303524
303537,VCS576,2021,5689.0,303538
303538,VCS577,2021,27294.0,303539
303564,VCS603,2021,3181.0,303565
303568,VCS607,2021,172832.0,303569
303573,VCS612,2021,1637325.0,303574
303579,VCS618,2021,89548.0,303580
303599,VCS638,2021,8712.0,303600
303601,VCS640,2021,42656.0,303602
303614,VCS653,2021,122100.0,303615
303633,VCS672,2021,72745.0,303634
303634,VCS673,2021,34935.0,303635
303643,VCS682,2021,29691.0,303644
303661,VCS700,2021,33721.0,303662
303662,VCS701,2021,21273.0,303663
303667,VCS706,2021,56330.0,303668
303669,VCS708,2021,5202.0,303670
303673,VCS713,2021,46356.0,303674
303677,VCS717,2021,359841.0,303678
303687,VCS727,2021,218475.0,303688
303688,VCS728,2021,400705.0,303689
303700,VCS740,2021,124186.0,303701
303706,VCS747,2021,33538.0,303707
303711,VCS752,2021,23784.0,303712
303712,VCS753,2021,106602.0,303713
303714,VCS755,2021,69247.0,303715
303715,VCS756,2021,157712.0,303716
303717,VCS758,2021,12963.0,303718
303718,VCS759,2021,14418.0,303719
303743,VCS784,2021,67742.0,303744
303755,VCS796,2021,3628.0,303756
303766,VCS807,2021,78662.0,303767
303773,VCS814,2021,8588.0,303774
303778,VCS819,2021,8641.0,303779
303792,VCS833,2021,51107.0,303793
303793,VCS834,2021,38841.0,303794
303794,VCS835,2021,27904.0,303795
303799,VCS840,2021,28697.0,303800
303811,VCS852,2021,17485.0,303812
303831,VCS872,2021,33047.0,303832
303832,VCS873,2021,24161.0,303833
303834,VCS875,2021,95303.0,303835
303838,VCS879,2021,2718.0,303839
303842,VCS883,2021,60367.0,303843
303858,VCS899,2021,677799.0,303859
303864,VCS905,2021,58363.0,303865
303868,VCS909,2021,45378.0,303869
303869,VCS910,2021,84902.0,303870
303870,VCS911,2021,79971.0,303871
303871,VCS912,2021,19447.0,303872
303876,VCS917,2021,106807.0,303877
303884,VCS925,2021,10375.0,303885
303885,VCS926,2021,13242.0,303886
303886,VCS927,2021,25734.0,303887
303887,VCS928,2021,31881.0,303888
303888,VCS929,2021,786226.0,303889
303893,VCS934,2021,2904200.0,303894
303906,VCS947,2021,78469.0,303907
303920,VCS961,2021,616476.0,303921
303921,VCS962,2021,300546.0,303922
303928,VCS969,2021,366046.0,303929
303933,VCS974,2021,25159.0,303934
303945,VCS986,2021,3245.0,303946
303946,VCS987,2021,491804.0,303947
303953,VCS994,2021,102337.0,303954
303960,VCS1001,2021,88160.0,303961
303970,VCS1012,2021,4373.0,303971
303973,VCS1015,2021,5685.0,303974
303977,VCS1019,2021,46883.0,303978
303978,VCS1020,2021,21992.0,303979
303979,VCS1021,2021,9614.0,303980
303980,VCS1022,2021,1166.0,303981
303981,VCS1023,2021,22483.0,303982
303982,VCS1024,2021,12008.0,303983
303984,VCS1026,2021,6501.0,303985
303990,VCS1032,2021,6271.0,303991
303995,VCS1037,2021,1162.0,303996
303997,VCS1039,2021,23082.0,303998
303999,VCS1041,2021,207369.0,304000
304000,VCS1042,2021,159211.0,304001
304001,VCS1043,2021,185555.0,304002
304003,VCS1045,2021,41264.0,304004
304008,VCS1050,2021,12855.0,304009
304018,VCS1060,2021,31464.0,304019
304039,VCS1081,2021,16700.0,304040
304041,VCS1083,2021,9543.0,304042
304048,VCS1090,2021,37944.0,304049
304058,VCS1100,2021,271702.0,304059
304061,VCS1103,2021,229559.0,304062
304067,VCS1109,2021,34723.0,304068
304085,VCS1127,2021,44574.0,304086
304086,VCS1128,2021,114954.0,304087
304091,VCS1133,2021,405.0,304092
304098,VCS1140,2021,34849.0,304099
304099,VCS1141,2021,31766.0,304100
304101,VCS1143,2021,10732.0,304102
304110,VCS1152,2021,15918.0,304111
304111,VCS1153,2021,671.0,304112
304120,VCS1163,2021,32334.0,304121
304131,VCS1174,2021,8566.0,304132
304142,VCS1185,2021,9850.0,304143
304143,VCS1186,2021,124319.0,304144
304145,VCS1188,2021,15085.0,304146
304147,VCS1190,2021,27159.0,304148
304148,VCS1191,2021,67578.0,304149
304151,VCS1194,2021,122205.0,304152
304152,VCS1195,2021,25908.0,304153
304153,VCS1196,2021,2534.0,304154
304154,VCS1197,2021,58486.0,304155
304155,VCS1198,2021,120609.0,304156
304159,VCS1202,2021,208194.0,304160
304160,VCS1203,2021,8259.0,304161
304162,VCS1205,2021,86768.0,304163
304164,VCS1207,2021,20611.0,304165
304167,VCS1210,2021,41683.0,304168
304168,VCS1211,2021,53792.0,304169
304171,VCS1214,2021,74192.0,304172
304173,VCS1216,2021,82152.0,304174
304188,VCS1231,2021,30536.0,304189
304189,VCS1232,2021,27154.0,304190
304193,VCS1236,2021,31679.0,304194
304195,VCS1238,2021,43898.0,304196
304197,VCS1240,2021,405382.0,304198
304198,VCS1241,2021,13005.0,304199
304205,VCS1248,2021,24245.0,304206
304211,VCS1254,2021,29045.0,304212
304214,VCS1257,2021,308728.0,304215
304215,VCS1258,2021,265811.0,304216
304243,VCS1286,2021,1398.0,304244
304246,VCS1289,2021,89138.0,304247
304253,VCS1297,2021,20971.0,304254
304256,VCS1300,2021,14873.0,304257
304264,VCS1308,2021,93832.0,304265
304271,VCS1315,2021,27849.0,304272
304273,VCS1317,2021,513.0,304274
304275,VCS1319,2021,23127.0,304276
304278,VCS1322,2021,56318.0,304279
304284,VCS1328,2021,62784.0,304285
304286,VCS1330,2021,9835.0,304287
304298,VCS1342,2021,9111.0,304299
304301,VCS1345,2021,238003.0,304302
304302,VCS1346,2021,60812.0,304303
304304,VCS1348,2021,72484.0,304305
304305,VCS1349,2021,75059.0,304306
304310,VCS1354,2021,37621.0,304311
304311,VCS1355,2021,819.0,304312
304318,VCS1362,2021,68148.0,304319
304320,VCS1364,2021,87475.0,304321
304323,VCS1367,2021,17561.0,304324
304324,VCS1368,2021,21305.0,304325
304333,VCS1377,2021,17505.0,304334
304336,VCS1380,2021,90754.0,304337
304338,VCS1382,2021,318047.0,304339
304341,VCS1385,2021,2247.0,304342
304342,VCS1386,2021,52116.0,304343
304360,VCS1404,2021,79313.0,304361
304362,VCS1406,2021,129773.0,304363
304365,VCS1409,2021,2588.0,304366
304369,VCS1413,2021,35824.0,304370
304372,VCS1416,2021,56660.0,304373
304374,VCS1418,2021,30416.0,304375
304375,VCS1419,2021,6131.0,304376
304392,VCS1437,2021,31126.0,304393
304393,VCS1438,2021,24501.0,304394
304394,VCS1439,2021,29210.0,304395
304399,VCS1444,2021,127153.0,304400
304402,VCS1447,2021,304579.0,304403
304408,VCS1453,2021,69984.0,304409
304417,VCS1463,2021,359796.0,304418
304419,VCS1465,2021,98622.0,304420
304426,VCS1473,2021,20220.0,304427
304428,VCS1477,2021,2775200.0,304429
304430,VCS1479,2021,97728.0,304431
304431,VCS1480,2021,93220.0,304432
304432,VCS1481,2021,86106.0,304433
304433,VCS1482,2021,75929.0,304434
304434,VCS1483,2021,21642.0,304435
304436,VCS1485,2021,8974.0,304437
304444,VCS1495,2021,20819.0,304445
304445,VCS1496,2021,26430.0,304446
304446,VCS1497,2021,233171.0,304447
304449,VCS1500,2021,12053.0,304450
304467,VCS1519,2021,62205.0,304468
304468,VCS1520,2021,92790.0,304469
304469,VCS1521,2021,296893.0,304470
304470,VCS1522,2021,691737.0,304471
304471,VCS1523,2021,83668.0,304472
304482,VCS1535,2021,24933.0,304483
304485,VCS1538,2021,55945.0,304486
304486,VCS1539,2021,13459.0,304487
304488,VCS1542,2021,13296.0,304489
304489,VCS1543,2021,78965.0,304490
304493,VCS1547,2021,24659.0,304494
304495,VCS1549,2021,21727.0,304496
304502,VCS1558,2021,223415.0,304503
304503,VCS1559,2021,81427.0,304504
304504,VCS1560,2021,358669.0,304505
304512,VCS1569,2021,54577.0,304513
304514,VCS1571,2021,216756.0,304515
304515,VCS1572,2021,77001.0,304516
304517,VCS1577,2021,28893.0,304518
304519,VCS1579,2021,24362.0,304520
304520,VCS1580,2021,647147.0,304521
304521,VCS1582,2021,203911.0,304522
304524,VCS1587,2021,90933.0,304525
304526,VCS1622,2021,729916.0,304527
304527,VCS1623,2021,2483.0,304528
304531,VCS1650,2021,2437137.0,304532
304534,VCS1654,2021,134638.0,304535
304539,VCS1660,2021,70751.0,304540
304540,VCS1661,2021,255697.0,304541
304542,VCS1663,2021,6011.0,304543
304547,VCS1669,2021,158870.0,304548
304548,VCS1670,2021,94018.0,304549
304549,VCS1671,2021,66398.0,304550
304557,VCS1679,2021,99615.0,304558
304560,VCS1682,2021,12521.0,304561
304561,VCS1683,2021,17210.0,304562
304562,VCS1684,2021,7686.0,304563
304564,VCS1686,2021,497962.0,304565
304583,VCS1709,2021,289043.0,304584
304585,VCS1712,2021,8712.0,304586
304587,VCS1716,2021,43147.0,304588
304590,VCS1720,2021,72875.0,304591
304591,VCS1721,2021,90870.0,304592
304592,VCS1723,2021,104650.0,304593
304594,VCS1728,2021,768896.0,304595
304597,VCS1732,2021,92564.0,304598
304598,VCS1733,2021,75366.0,304599
304599,VCS1734,2021,43836.0,304600
304601,VCS1736,2021,243482.0,304602
304604,VCS1740,2021,105101.0,304605
304605,VCS1741,2021,8165.0,304606
304606,VCS1742,2021,3165770.0,304607
304608,VCS1744,2021,22475.0,304609
304609,VCS1745,2021,72266.0,304610
304610,VCS1746,2021,195907.0,304611
304611,VCS1748,2021,3841272.0,304612
304615,VCS1753,2021,2083363.0,304616
304616,VCS1754,2021,451694.0,304617
304618,VCS1759,2021,46380.0,304619
304620,VCS1762,2021,213094.0,304621
304621,VCS1764,2021,79217.0,304622
304623,VCS1766,2021,10006.0,304624
304624,VCS1767,2021,381575.0,304625
304627,VCS1770,2021,177413.0,304628
304628,VCS1771,2021,129674.0,304629
304630,VCS1774,2021,26406.0,304631
304631,VCS1775,2021,1765037.0,304632
304632,VCS1776,2021,76857.0,304633
304637,VCS1784,2021,633723.0,304638
304638,VCS1786,2021,275895.0,304639
304639,VCS1787,2021,144242.0,304640
304640,VCS1788,2021,180553.0,304641
304641,VCS1789,2021,89049.0,304642
304642,VCS1790,2021,217782.0,304643
304643,VCS1791,2021,148508.0,304644
304644,VCS1792,2021,1141135.0,304645
304645,VCS1793,2021,241925.0,304646
304646,VCS1794,2021,9187.0,304647
304648,VCS1797,2021,106015.0,304649
304651,VCS1800,2021,38464.0,304652
304653,VCS1803,2021,23409.0,304654
304654,VCS1804,2021,13261.0,304655
304655,VCS1805,2021,1877353.0,304656
304657,VCS1807,2021,15321.0,304658
304661,VCS1812,2021,370656.0,304662
304664,VCS1816,2021,4652.0,304665
304665,VCS1817,2021,46192.0,304666
304667,VCS1820,2021,259333.0,304668
304669,VCS1822,2021,28757.0,304670
304670,VCS1823,2021,41555.0,304671
304677,VCS1830,2021,15598.0,304678
304678,VCS1831,2021,41673.0,304679
304687,VCS1842,2021,152520.0,304688
304689,VCS1844,2021,98516.0,304690
304692,VCS1847,2021,119245.0,304693
304696,VCS1851,2021,1691105.0,304697
304697,VCS1852,2021,7542.0,304698
304698,VCS1853,2021,22719.0,304699
304699,VCS1854,2021,35678.0,304700
304700,VCS1855,2021,239388.0,304701
304701,VCS1856,2021,180007.0,304702
304702,VCS1857,2021,6324.0,304703
304703,VCS1859,2021,120835.0,304704
304704,VCS1860,2021,126017.0,304705
304705,VCS1861,2021,9880.0,304706
304706,VCS1862,2021,18111.0,304707
304709,VCS1865,2021,315259.0,304710
304711,VCS1867,2021,768432.0,304712
304714,VCS1870,2021,3085.0,304715
304718,VCS1875,2021,10662.0,304719
304720,VCS1878,2021,11886.0,304721
304724,VCS1883,2021,11444.0,304725
304725,VCS1884,2021,3813.0,304726
304726,VCS1885,2021,25221.0,304727
304730,VCS1890,2021,297954.0,304731
304733,VCS1893,2021,30731.0,304734
304735,VCS1896,2021,81712.0,304736
304736,VCS1897,2021,943855.0,304737
304737,VCS1898,2021,163282.0,304738
304739,VCS1900,2021,352693.0,304740
304742,VCS1903,2021,450765.0,304743
304743,VCS1904,2021,675358.0,304744
304744,VCS1905,2021,62963.0,304745
304745,VCS1906,2021,77782.0,304746
304746,VCS1907,2021,200624.0,304747
304747,VCS1908,2021,128650.0,304748
304750,VCS1911,2021,24679.0,304751
304752,VCS1913,2021,8125.0,304753
304753,VCS1914,2021,298651.0,304754
304754,VCS1915,2021,21982.0,304755
304755,VCS1916,2021,10631.0,304756
304757,VCS1918,2021,57449.0,304758
304760,VCS1921,2021,38015.0,304761
304762,VCS1923,2021,23316.0,304763
304764,VCS1925,2021,10925.0,304765
304765,VCS1926,2021,12135.0,304766
304768,VCS1931,2021,869791.0,304769
304769,VCS1933,2021,37551.0,304770
304774,VCS1939,2021,96397.0,304775
304775,VCS1940,2021,97238.0,304776
304780,VCS1945,2021,6901.0,304781
304781,VCS1946,2021,53551.0,304782
304782,VCS1947,2021,129070.0,304783
304784,VCS1949,2021,283286.0,304785
304785,VCS1950,2021,465395.0,304786
304789,VCS1954,2021,161134.0,304790
304792,VCS1958,2021,61025.0,304793
304793,VCS1959,2021,14716.0,304794
304798,VCS1964,2021,56202.0,304799
304799,VCS1965,2021,52741.0,304800
304804,VCS1970,2021,73384.0,304805
304805,VCS1971,2021,22956.0,304806
304806,VCS1972,2021,99494.0,304807
304808,VCS1974,2021,56025.0,304809
304809,VCS1975,2021,74145.0,304810
304810,VCS1976,2021,272606.0,304811
304819,VCS1985,2021,67230.0,304820
304821,VCS1987,2021,393884.0,304822
304823,VCS1989,2021,8247.0,304824
304824,VCS1990,2021,75115.0,304825
304827,VCS1993,2021,274843.0,304828
304830,VCS1996,2021,91407.0,304831
304831,VCS1997,2021,149537.0,304832
304832,VCS1998,2021,92756.0,304833
304833,VCS1999,2021,134586.0,304834
304834,VCS2000,2021,141765.0,304835
304835,VCS2001,2021,132083.0,304836
304836,VCS2002,2021,151964.0,304837
304837,VCS2003,2021,80654.0,304838
304841,VCS2007,2021,78795.0,304842
304842,VCS2008,2021,33918.0,304843
304848,VCS2014,2021,31691.0,304849
304851,VCS2017,2021,206569.0,304852
304853,VCS2019,2021,315790.0,304854
304854,VCS2020,2021,451106.0,304855
304857,VCS2023,2021,7168.0,304858
304867,VCS2033,2021,7768.0,304868
304873,VCS2039,2021,21647.0,304874
304874,VCS2040,2021,57513.0,304875
304876,VCS2042,2021,354217.0,304877
304886,VCS2052,2021,199752.0,304887
304891,VCS2057,2021,66579.0,304892
304892,VCS2058,2021,28581.0,304893
304893,VCS2059,2021,467085.0,304894
304894,VCS2060,2021,7965.0,304895
304899,VCS2065,2021,300715.0,304900
304903,VCS2069,2021,399168.0,304904
304904,VCS2070,2021,525714.0,304905
304906,VCS2072,2021,420.0,304907
304907,VCS2073,2021,61001.0,304908
304913,VCS2082,2021,555255.0,304914
304914,VCS2083,2021,277586.0,304915
304922,VCS2092,2021,5989.0,304923
304923,VCS2093,2021,15900.0,304924
304924,VCS2094,2021,32252.0,304925
304927,VCS2097,2021,42598.0,304928
304946,VCS2250,2021,1760849.0,304947
304950,VCS2259,2021,34759.0,304951
304952,VCS2261,2021,40440.0,304953
304955,VCS2278,2021,190309.0,304956
304957,VCS2291,2021,95328.0,304958
304958,VCS2292,2021,183182.0,304959
304961,VCS2296,2021,44568.0,304962
304964,VCS2299,2021,107664.0,304965
304967,VCS2302,2021,183104.0,304968
304968,VCS2303,2021,27523.0,304969
304972,VCS2307,2021,17438.0,304973
304973,VCS2308,2021,39578.0,304974
304974,VCS2309,2021,27326.0,304975
304975,VCS2310,2021,346792.0,304976
304976,VCS2311,2021,33768.0,304977
304977,VCS2312,2021,34225.0,304978
304978,VCS2313,2021,34893.0,304979
304979,VCS2314,2021,35112.0,304980
304980,VCS2315,2021,36608.0,304981
304984,VCS2319,2021,13433.0,304985
304987,VCS2322,2021,37504.0,304988
304997,VCS2335,2021,101816.0,304998
304998,VCS2336,2021,40495.0,304999
304999,VCS2337,2021,95108.0,305000
305002,VCS2340,2021,201009.0,305003
305003,VCS2341,2021,239123.0,305004
305004,VCS2342,2021,651202.0,305005
305006,VCS2345,2021,321600.0,305007
305008,VCS2347,2021,197823.0,305009
305009,VCS2348,2021,192.0,305010
305010,VCS2349,2021,24251.0,305011
305011,VCS2350,2021,95.0,305012
305012,VCS2351,2021,38392.0,305013
305013,VCS2352,2021,159730.0,305014
305014,VCS2353,2021,139358.0,305015
305015,VCS2354,2021,55947.0,305016
305016,VCS2355,2021,149124.0,305017
305018,VCS2357,2021,28078.0,305019
305019,VCS2358,2021,243289.0,305020
305022,VCS2361,2021,219396.0,305023
305025,VCS2365,2021,27421.0,305026
305026,VCS2366,2021,121867.0,305027
305027,VCS2367,2021,58520.0,305028
305028,VCS2369,2021,28349.0,305029
305030,VCS2371,2021,169699.0,305031
305031,VCS2372,2021,668818.0,305032
305034,VCS2375,2021,50367.0,305035
305037,VCS2378,2021,168887.0,305038
305042,VCS2383,2021,62327.0,305043
305043,VCS2384,2021,243072.0,305044
305049,VCS2390,2021,11.0,305050
305060,VCS2401,2021,132364.0,305061
305061,VCS2402,2021,394577.0,305062
305069,VCS2410,2021,117526.0,305070
305071,VCS2412,2021,11334.0,305072
305073,VCS2414,2021,49291.0,305074
305092,VCS2434,2021,19234.0,305093
305107,VCS2449,2021,23657.0,305108
305110,VCS2452,2021,43220.0,305111
305111,VCS2455,2021,65097.0,305112
305112,VCS2457,2021,64003.0,305113
305118,VCS2464,2021,257519.0,305119
305119,VCS2465,2021,42179.0,305120
305122,VCS2468,2021,102460.0,305123
305123,VCS2469,2021,39146.0,305124
305125,VCS2471,2021,1360.0,305126
305126,VCS2473,2021,101058.0,305127
305132,VCS2479,2021,1338.0,305133
305133,VCS2481,2021,10263.0,305134
305135,VCS2483,2021,383857.0,305136
305139,VCS2487,2021,35746.0,305140
305140,VCS2489,2021,37643.0,305141
305141,VCS2490,2021,38931.0,305142
305142,VCS2491,2021,39759.0,305143
305143,VCS2492,2021,38045.0,305144
305144,VCS2493,2021,36423.0,305145
305148,VCS2497,2021,6310.0,305149
305150,VCS2499,2021,92702.0,305151
305153,VCS2502,2021,492944.0,305154
305154,VCS2503,2021,81864.0,305155
305155,VCS2504,2021,60000.0,305156
305156,VCS2505,2021,98995.0,305157
305159,VCS2508,2021,599770.0,305160
305163,VCS2512,2021,63730.0,305164
305166,VCS2516,2021,32044.0,305167
305172,VCS2522,2021,10022.0,305173
305173,VCS2523,2021,3138.0,305174
305174,VCS2525,2021,79414.0,305175
305180,VCS2532,2021,247971.0,305181
305183,VCS2535,2021,8676.0,305184
305185,VCS2537,2021,15305.0,305186
305187,VCS2539,2021,652480.0,305188
305188,VCS2540,2021,300432.0,305189
305191,VCS2548,2021,1626.0,305192
305193,VCS2551,2021,803858.0,305194
305194,VCS2552,2021,136592.0,305195
305196,VCS2554,2021,10954.0,305197
305197,VCS2555,2021,90779.0,305198
305198,VCS2556,2021,5734.0,305199
305203,VCS2565,2021,7956.0,305204
305216,VCS2582,2021,35349.0,305217
305221,VCS2588,2021,241702.0,305222
305222,VCS2590,2021,20616.0,305223
305223,VCS2591,2021,31683.0,305224
305224,VCS2592,2021,27479.0,305225
305225,VCS2593,2021,22625.0,305226
305226,VCS2594,2021,36750.0,305227
305227,VCS2595,2021,36925.0,305228
305233,VCS2601,2021,80318.0,305234
305236,VCS2605,2021,777075.0,305237
305237,VCS2606,2021,69975.0,305238
305239,VCS2608,2021,193635.0,305240
305240,VCS2609,2021,997778.0,305241
305241,VCS2610,2021,1360.0,305242
305242,VCS2611,2021,614734.0,305243
305245,VCS2614,2021,51484.0,305246
305246,VCS2615,2021,105312.0,305247
305253,VCS2623,2021,7394.0,305254
305258,VCS2629,2021,60000.0,305259
305260,VCS2631,2021,60000.0,305261
305261,VCS2632,2021,60000.0,305262
305262,VCS2633,2021,60000.0,305263
305263,VCS2634,2021,60000.0,305264
305264,VCS2635,2021,412652.0,305265
305265,VCS2636,2021,169235.0,305266
305268,VCS2639,2021,155404.0,305269
305270,VCS2645,2021,335007.0,305271
305271,VCS2647,2021,6302.0,305272
305275,VCS2652,2021,9387.0,305276
305278,VCS2656,2021,180540.0,305279
305279,VCS2657,2021,491041.0,305280
305281,VCS2659,2021,437030.0,305282
305285,VCS2664,2021,218312.0,305286
305290,VCS2671,2021,9080.0,305291
305291,VCS2672,2021,8840.0,305292
305299,VCS2680,2021,32156.0,305300
305304,VCS2685,2021,36130.0,305305
305305,VCS2687,2021,36995.0,305306
305306,VCS2688,2021,35391.0,305307
305307,VCS2689,2021,36257.0,305308
305308,VCS2690,2021,36206.0,305309
305309,VCS2691,2021,394428.0,305310
305310,VCS2692,2021,352743.0,305311
305311,VCS2693,2021,39417.0,305312
305313,VCS2695,2021,60838.0,305314
305314,VCS2696,2021,160944.0,305315
305315,VCS2697,2021,72674.0,305316
305318,VCS2700,2021,153967.0,305319
305319,VCS2701,2021,1765.0,305320
305324,VCS2706,2021,117238.0,305325
305326,VCS2708,2021,219.0,305327
305327,VCS2709,2021,22202.0,305328
305328,VCS2710,2021,179677.0,305329
305329,VCS2711,2021,386735.0,305330
305330,VCS2712,2021,1057731.0,305331
305331,VCS2713,2021,760605.0,305332
305339,VCS2723,2021,86424.0,305340
305344,VCS2728,2021,58415.0,305345
305347,VCS2731,2021,102956.0,305348
305350,VCS2734,2021,50016.0,305351
305351,VCS2735,2021,225828.0,305352
305352,VCS2736,2021,1503664.0,305353
305353,VCS2737,2021,1124521.0,305354
305354,VCS2738,2021,871219.0,305355
305355,VCS2739,2021,371861.0,305356
305360,VCS2744,2021,1942.0,305361
305361,VCS2745,2021,9341.0,305362
305362,VCS2746,2021,219049.0,305363
305363,VCS2748,2021,555720.0,305364
305364,VCS2749,2021,626507.0,305365
305365,VCS2750,2021,715.0,305366
305367,VCS2752,2021,6982.0,305368
305368,VCS2753,2021,31175.0,305369
305369,VCS2754,2021,24394.0,305370
305377,VCS2762,2021,243639.0,305378
305382,VCS2768,2021,216653.0,305383
305385,VCS2771,2021,60000.0,305386
305386,VCS2772,2021,19535.0,305387
305387,VCS2773,2021,34170.0,305388
305388,VCS2774,2021,5757.0,305389
305389,VCS2775,2021,22506.0,305390
305391,VCS2777,2021,8560.0,305392
305393,VCS2779,2021,1391.0,305394
305436,VCS2825,2021,34124.0,305437
305437,VCS2826,2021,34454.0,305438
305438,VCS2827,2021,36510.0,305439
305439,VCS2828,2021,507694.0,305440
305441,VCS2830,2021,116366.0,305442
305443,VCS2833,2021,5961.0,305444
305445,VCS2835,2021,52496.0,305446
305446,VCS2836,2021,59598.0,305447
305447,VCS2837,2021,59642.0,305448
305448,VCS2838,2021,12982.0,305449
305449,VCS2839,2021,6560.0,305450
305450,VCS2840,2021,38324.0,305451
305456,VCS2846,2021,313227.0,305457
305458,VCS2848,2021,41297.0,305459
305462,VCS2852,2021,180478.0,305463
305471,VCS2861,2021,6959.0,305472
305472,VCS2862,2021,4173.0,305473
305473,VCS2863,2021,26594.0,305474
305474,VCS2864,2021,43297.0,305475
305476,VCS2866,2021,47490.0,305477
305488,VCS2878,2021,620099.0,305489
305489,VCS2879,2021,34783.0,305490
305490,VCS2880,2021,2808.0,305491
305497,VCS2887,2021,336468.0,305498
305498,VCS2888,2021,165.0,305499
305500,VCS2890,2021,505.0,305501
305505,VCS2895,2021,104873.0,305506
305506,VCS2897,2021,168611.0,305507
305507,VCS2899,2021,60000.0,305508
305510,VCS2902,2021,60000.0,305511
305511,VCS2903,2021,60000.0,305512
305514,VCS2908,2021,18067.0,305515
305515,VCS2909,2021,60000.0,305516
305516,VCS2910,2021,60000.0,305517
305518,VCS2912,2021,60000.0,305519
305519,VCS2913,2021,88886.0,305520
305527,VCS2922,2021,2309.0,305528
305534,VCS2930,2021,4137966.0,305535
305535,VCS2931,2021,4750.0,305536
305542,VCS2938,2021,62264.0,305543
305543,VCS2939,2021,389.0,305544
305555,VCS2951,2021,185906.0,305556
305560,VCS2957,2021,167202.0,305561
305564,VCS2964,2021,52935.0,305565
305570,VCS2971,2021,4393.0,305571
305578,VCS2981,2021,8927.0,305579
305585,VCS2989,2021,17310.0,305586
305587,VCS2992,2021,2812.0,305588
305594,VCS3000,2021,69421.0,305595
305596,VCS3002,2021,65894.0,305597
305599,VCS3005,2021,118309.0,305600
305600,VCS3006,2021,7149.0,305601
305605,VCS3011,2021,13207.0,305606
305610,VCS3016,2021,52165.0,305611
305611,VCS3017,2021,294.0,305612
305612,VCS3018,2021,383738.0,305613
305613,VCS3019,2021,743.0,305614
305614,VCS3020,2021,60414.0,305615
305618,VCS3025,2021,69913.0,305619
305634,VCS3046,2021,56789.0,305635
305635,VCS3047,2021,57741.0,305636
305643,VCS3056,2021,46908.0,305644
305649,VCS3063,2021,54499.0,305650
305664,VCS3078,2021,898.0,305665
305680,VCS3094,2021,2638.0,305681
305681,VCS3095,2021,38952.0,305682
305684,VCS3099,2021,30336.0,305685
305686,VCS3101,2021,14263.0,305687
305694,VCS3109,2021,5601.0,305695
305699,VCS3115,2021,220809.0,305700
305712,VCS3128,2021,133676.0,305713
305716,VCS3132,2021,33228.0,305717
305718,VCS3134,2021,93200.0,305719
305736,VCS3154,2021,56715.0,305737
305740,VCS3158,2021,97394.0,305741
305742,VCS3160,2021,49619.0,305743
305743,VCS3161,2021,42641.0,305744
305787,VCS3207,2021,7811.0,305788
305804,VCS3225,2021,57512.0,305805
305824,VCS3245,2021,27527.0,305825
305859,VCS3282,2021,15089.0,305860
305863,VCS3286,2021,31.0,305864
305873,VCS3298,2021,24402.0,305874
305916,VCS3342,2021,16947.0,305917
305919,VCS3346,2021,115087.0,305920
305921,VCS3348,2021,283640.0,305922
305922,VCS3350,2021,494669.0,305923
305924,VCS3352,2021,132503.0,305925
305934,VCS3363,2021,6850.0,305935
305939,VCS3368,2021,48998.0,305940
305940,VCS3369,2021,130271.0,305941
305961,VCS3393,2021,14892.0,305962
305999,VCS3432,2021,32281.0,306000
306015,VCS3448,2021,138769.0,306016
306017,VCS3450,2021,19871.0,306018
306085,VCS3534,2021,9645.0,306086
306093,VCS3544,2021,24591.0,306094
306094,VCS3545,2021,55480.0,306095
306101,VCS3556,2021,8607.0,306102
306107,VCS3562,2021,6576.0,306108
306115,VCS3570,2021,30508.0,306116
306145,VCS3601,2021,41196.0,306146
306147,VCS3603,2021,45441.0,306148
306148,VCS3604,2021,6105.0,306149
306156,VCS3613,2021,2906.0,306157
306158,VCS3616,2021,28915.0,306159
306167,VCS3625,2021,69892.0,306168
306168,VCS3626,2021,38291.0,306169
306172,VCS3630,2021,9708.0,306173
306188,VCS3649,2021,68662.0,306189
306190,VCS3651,2021,17909.0,306191
306200,VCS3662,2021,34143.0,306201
306207,VCS3669,2021,22434.0,306208
306214,VCS3677,2021,69.0,306215
306215,VCS3678,2021,61131.0,306216
306224,VCS3688,2021,34068.0,306225
306225,VCS3689,2021,4072.0,306226
306232,VCS3696,2021,82273.0,306233
306247,VCS3715,2021,527.0,306248
306252,VCS3720,2021,23276.0,306253
306270,VCS3739,2021,240648.0,306271
306276,VCS3746,2021,1802.0,306277
306297,VCS3767,2021,11471.0,306298
306315,VCS3786,2021,312.0,306316
306317,VCS3788,2021,2489.0,306318
306325,VCS3797,2021,36215.0,306326
306355,VCS3839,2021,10532.0,306356
306374,VCS3861,2021,31131.0,306375
306379,VCS3866,2021,12933.0,306380
306382,VCS3869,2021,3894.0,306383
306383,VCS3870,2021,20517.0,306384
306384,VCS3871,2021,22489.0,306385
306385,VCS3872,2021,39033.0,306386
306386,VCS3873,2021,2091.0,306387
306392,VCS3880,2021,39075.0,306393
306400,VCS3889,2021,13543.0,306401
306408,VCS3898,2021,128568.0,306409
306411,VCS3901,2021,57965.0,306412
306430,VCS3922,2021,2220.0,306431
306447,VCS3940,2021,34952.0,306448
306450,VCS3944,2021,8914.0,306451
306455,VCS3949,2021,8694.0,306456
306456,VCS3950,2021,20625.0,306457
306481,VCS3980,2021,13678.0,306482
306496,VCS3996,2021,6030.0,306497
306497,VCS3997,2021,114585.0,306498
306512,VCS4014,2021,12471.0,306513
306515,VCS4018,2021,7242.0,306516
306519,VCS4022,2021,19585.0,306520
306535,VCS4043,2021,4566.0,306536
306548,VCS4057,2021,214716.0,306549
306559,VCS4070,2021,14070.0,306560
306589,VCS4102,2021,197310.0,306590
306622,VCS4139,2021,2239.0,306623
306625,VCS4143,2021,64333.0,306626
306626,VCS4144,2021,3854.0,306627
306632,VCS4150,2021,638.0,306633
306638,VCS4157,2021,12430.0,306639
306673,VCS4195,2021,2542.0,306674
306674,VCS4196,2021,13173.0,306675
306677,VCS4201,2021,31679.0,306678
306681,VCS4205,2021,2301.0,306682
306682,VCS4206,2021,30685.0,306683
306686,VCS4216,2021,6342.0,306687
306701,VCS4231,2021,57489.0,306702
306718,VCS4249,2021,15505.0,306719
306735,VCS4268,2021,10097.0,306736
306785,VCS4324,2021,5345.0,306786
306795,VCS4334,2021,328.0,306796
306796,VCS4335,2021,199.0,306797
306808,VCS4347,2021,5639.0,306809
306828,VCS4367,2021,1038.0,306829
306843,VCS4382,2021,188.0,306844
306844,VCS4383,2021,11371.0,306845
306871,VCS4412,2021,15081.0,306872
306872,VCS4413,2021,2990.0,306873
306881,VCS4423,2021,36456.0,306882
306885,VCS4429,2021,608724.0,306886
306893,VCS4443,2021,9893.0,306894
306905,VCS4456,2021,17799.0,306906
306917,VCS4472,2021,12697.0,306918
306980,VCS4544,2021,6404.0,306981
306982,VCS4546,2021,3648.0,306983
306983,VCS4547,2021,37480.0,306984
306993,VCS4558,2021,100.0,306994
306994,VCS4559,2021,9250.0,306995
307218,VCS4835,2021,4198.0,307219
307267,VCS4888,2021,35431.0,307268
308266,ACR0114,2022,716959.0,308267
308329,ACR0182,2022,595.0,308330
308335,ACR0189,2022,11051.0,308336
308338,ACR0192,2022,4864.0,308339
308343,ACR0199,2022,138123.0,308344
308344,ACR0200,2022,8032.0,308345
308353,ACR0210,2022,10301.0,308354
308354,ACR0211,2022,45795.0,308355
308359,ACR0222,2022,10292.0,308360
308360,ACR0223,2022,17171.0,308361
308363,ACR0226,2022,40026.0,308364
308375,ACR0239,2022,2636.0,308376
308378,ACR0242,2022,35423.0,308379
308384,ACR0248,2022,126227.0,308385
308385,ACR0249,2022,125410.0,308386
308395,ACR0259,2022,12310.0,308396
308398,ACR0262,2022,28535.0,308399
308401,ACR0265,2022,20906.0,308402
308402,ACR0266,2022,12032.0,308403
308403,ACR0267,2022,130295.0,308404
308404,ACR0268,2022,634079.0,308405
308405,ACR0269,2022,6927.0,308406
308410,ACR0274,2022,207883.0,308411
308412,ACR0276,2022,73429.0,308413
308416,ACR0280,2022,40056.0,308417
308417,ACR0281,2022,2110.0,308418
308418,ACR0282,2022,103097.0,308419
308420,ACR0284,2022,4642.0,308421
308423,ACR0287,2022,7547.0,308424
308424,ACR0288,2022,1797.0,308425
308428,ACR0292,2022,13824.0,308429
308437,ACR0303,2022,20138.0,308438
308447,ACR0313,2022,19105.0,308448
308463,ACR0355,2022,10727.0,308464
308474,ACR0367,2022,23347.0,308475
308475,ACR0368,2022,16171.0,308476
308478,ACR0371,2022,10687.0,308479
308480,ACR0373,2022,30764.0,308481
308481,ACR0374,2022,1986.0,308482
308482,ACR0375,2022,6223.0,308483
308483,ACR0376,2022,107230.0,308484
308485,ACR0378,2022,2682.0,308486
308488,ACR0382,2022,40956.0,308489
308491,ACR0386,2022,11873.0,308492
308493,ACR0388,2022,150000.0,308494
308501,ACR0398,2022,5363.0,308502
308505,ACR0403,2022,14429.0,308506
308508,ACR0407,2022,244391.0,308509
308511,ACR0411,2022,65753.0,308512
308519,ACR0422,2022,12187.0,308520
308521,ACR0424,2022,35668.0,308522
308524,ACR0427,2022,139987.0,308525
308525,ACR0428,2022,6431.0,308526
308533,ACR0437,2022,124044.0,308534
308535,ACR0439,2022,29315.0,308536
308552,ACR0458,2022,22007.0,308553
308553,ACR0459,2022,72489.0,308554
308563,ACR0470,2022,13254.0,308564
308575,ACR0483,2022,34904.0,308576
308582,ACR0493,2022,79813.0,308583
308587,ACR0499,2022,164162.0,308588
308592,ACR0505,2022,24939.0,308593
308593,ACR0506,2022,165730.0,308594
308602,ACR0518,2022,40563.0,308603
308603,ACR0519,2022,58492.0,308604
308616,ACR0534,2022,100120.0,308617
308623,ACR0542,2022,19398.0,308624
308625,ACR0544,2022,53968.0,308626
308627,ACR0546,2022,16484.0,308628
308630,ACR0549,2022,9245.0,308631
308635,ACR0554,2022,38486.0,308636
308639,ACR0558,2022,87822.0,308640
308640,ACR0560,2022,103750.0,308641
308642,ACR0562,2022,68157.0,308643
308644,ACR0566,2022,21165.0,308645
308646,ACR0569,2022,51813.0,308647
308647,ACR0570,2022,30279.0,308648
308648,ACR0571,2022,268423.0,308649
308649,ACR0572,2022,35680.0,308650
308651,ACR0574,2022,41964.0,308652
308652,ACR0576,2022,32359.0,308653
308654,ACR0578,2022,77171.0,308655
308662,ACR0586,2022,137185.0,308663
308663,ACR0587,2022,246715.0,308664
308664,ACR0588,2022,83803.0,308665
308666,ACR0590,2022,38047.0,308667
308668,ACR0592,2022,243938.0,308669
308669,ACR0593,2022,17296.0,308670
308670,ACR0594,2022,24949.0,308671
308671,ACR0595,2022,162846.0,308672
308672,ACR0596,2022,418861.0,308673
308680,ACR0604,2022,103549.0,308681
308682,ACR0607,2022,28722.0,308683
308684,ACR0609,2022,57326.0,308685
308685,ACR0610,2022,29604.0,308686
308686,ACR0611,2022,45985.0,308687
308687,ACR0613,2022,121415.0,308688
308688,ACR0614,2022,224003.0,308689
308690,ACR0616,2022,76057.0,308691
308691,ACR0617,2022,72874.0,308692
308692,ACR0618,2022,282326.0,308693
308701,ACR0628,2022,48505.0,308702
308703,ACR0630,2022,100641.0,308704
308705,ACR0632,2022,48240.0,308706
308706,ACR0633,2022,67752.0,308707
308707,ACR0634,2022,49516.0,308708
308709,ACR0637,2022,128586.0,308710
308710,ACR0638,2022,276279.0,308711
308711,ACR0639,2022,15743.0,308712
308715,ACR0643,2022,137775.0,308716
308716,ACR0644,2022,73501.0,308717
308719,ACR0647,2022,125846.0,308720
308722,ACR0650,2022,14977.0,308723
308723,ACR0651,2022,29277.0,308724
308725,ACR0653,2022,15715.0,308726
308735,ACR0664,2022,75167.0,308736
308738,ACR0668,2022,12158.0,308739
308739,ACR0669,2022,62598.0,308740
308742,ACR0672,2022,25901.0,308743
308744,ACR0674,2022,41618.0,308745
308745,ACR0675,2022,65587.0,308746
308747,ACR0677,2022,60622.0,308748
308749,ACR0679,2022,190019.0,308750
308750,ACR0680,2022,176676.0,308751
308751,ACR0681,2022,65587.0,308752
308753,ACR0683,2022,29437.0,308754
308754,ACR0684,2022,189939.0,308755
308755,ACR0685,2022,321929.0,308756
308757,ACR0687,2022,30749.0,308758
308758,ACR0690,2022,328393.0,308759
308762,ACR0694,2022,14745.0,308763
308763,ACR0695,2022,16644.0,308764
308765,ACR0699,2022,44226.0,308766
308766,ACR0701,2022,776685.0,308767
308768,ACR0704,2022,29185.0,308769
308769,ACR0705,2022,340363.0,308770
308773,ACR0709,2022,79665.0,308774
308774,ACR0710,2022,138193.0,308775
308775,ACR0716,2022,87155.0,308776
308776,ACR0718,2022,221264.0,308777
308777,ACR0720,2022,39052.0,308778
308778,ACR0721,2022,46595.0,308779
308781,ACR0729,2022,16804.0,308782
308782,ACR0730,2022,22161.0,308783
308784,ACR0732,2022,36390.0,308785
308785,ACR0733,2022,69247.0,308786
308786,ACR0734,2022,30042.0,308787
308787,ACR0735,2022,66715.0,308788
308788,ACR0736,2022,31818.0,308789
308793,ACR0741,2022,6375.0,308794
308794,ACR0742,2022,6805.0,308795
308795,ACR0743,2022,3665.0,308796
308796,ACR0744,2022,75576.0,308797
308797,ACR0745,2022,11387.0,308798
308798,ACR0746,2022,42364.0,308799
308800,ACR0751,2022,224039.0,308801
308801,ACR0752,2022,34902.0,308802
308802,ACR0753,2022,3478.0,308803
308803,ACR0754,2022,55749.0,308804
308804,ACR0755,2022,76661.0,308805
308806,ACR0758,2022,24294.0,308807
308809,ACR0761,2022,115415.0,308810
308810,ACR0762,2022,114791.0,308811
308816,ACR0771,2022,49718.0,308817
308823,ACR0778,2022,115823.0,308824
308824,ACR0780,2022,129471.0,308825
308825,ACR0781,2022,315158.0,308826
308826,ACR0782,2022,151449.0,308827
308827,ACR0783,2022,339084.0,308828
308828,ACR0785,2022,115742.0,308829
308829,ACR0786,2022,106246.0,308830
308830,ACR0790,2022,45463.0,308831
308832,ACR0792,2022,40926.0,308833
308838,ACR0799,2022,61861.0,308839
308839,ACR0800,2022,33888.0,308840
308840,ACR0801,2022,85250.0,308841
308841,ACR0802,2022,104150.0,308842
308845,ACR0806,2022,49803.0,308846
308848,ACR0809,2022,242181.0,308849
308849,ACR0810,2022,52817.0,308850
308851,ACR0812,2022,2130.0,308852
308853,ACR0814,2022,78271.0,308854
308854,ACR0815,2022,19002.0,308855
308859,ACR0820,2022,26898.0,308860
308860,ACR0821,2022,44000.0,308861
308861,ACR0822,2022,103454.0,308862
308862,ACR0823,2022,88945.0,308863
308865,ACR0827,2022,937572.0,308866
308866,ACR0828,2022,67740.0,308867
308870,ACR0832,2022,1102120.0,308871
308871,ACR0833,2022,1016515.0,308872
308872,ACR0834,2022,305601.0,308873
308873,ACR0835,2022,239150.0,308874
308874,ACR0836,2022,675572.0,308875
308877,ACR0840,2022,219923.0,308878
308883,ACR0846,2022,151019.0,308884
308884,ACR0847,2022,1038402.0,308885
308885,ACR0848,2022,194432.0,308886
308888,ACR0851,2022,552412.0,308889
308889,ACR0852,2022,223370.0,308890
308891,ACR0855,2022,278294.0,308892
308892,ACR0856,2022,100653.0,308893
308895,ACR0860,2022,85152.0,308896
308898,ACR0863,2022,106683.0,308899
308899,ACR0864,2022,62244.0,308900
308900,ACR0865,2022,553542.0,308901
308901,ACR0866,2022,507014.0,308902
308902,ACR0867,2022,54789.0,308903
308903,ACR0868,2022,3722.0,308904
308904,ACR0869,2022,1855393.0,308905
308906,ACR0873,2022,53510.0,308907
308909,ACR0876,2022,51632.0,308910
308913,ACR0880,2022,73248.0,308914
308920,ACR0887,2022,154417.0,308921
308921,ACR0888,2022,53284.0,308922
308929,ACR0896,2022,4977.0,308930
308949,ACR0919,2022,114133.0,308950
308953,ACR0923,2022,83971.0,308954
308956,ACR0926,2022,230064.0,308957
308957,ACR0927,2022,71852.0,308958
308958,ACR0928,2022,755.0,308959
308972,ACR0945,2022,205798.0,308973
308974,ACR0948,2022,153840.0,308975
308976,ACR0952,2022,15171.0,308977
308977,ACR0953,2022,9507.0,308978
308988,ACR0967,2022,102.0,308989
309002,ACR0988,2022,27874.0,309003
309007,ACR0994,2022,770381.0,309008
309008,ACR0995,2022,282587.0,309009
309009,ACR0996,2022,1150192.0,309010
309010,ACR0997,2022,1603000.0,309011
309018,ACR1005,2022,30694.0,309019
309019,ACR1006,2022,4176.0,309020
309021,ACR1008,2022,26766.0,309022
309027,ACR1014,2022,121144.0,309028
309043,ACR1032,2022,18209.0,309044
309044,ACR1033,2022,10782.0,309045
309057,ACR1048,2022,59991.0,309058
309058,ACR1049,2022,128198.0,309059
309063,ACR1055,2022,21015.0,309064
309064,ACR1056,2022,16648.0,309065
309067,ACR1060,2022,79281.0,309068
309085,ACR1088,2022,5017.0,309086
309255,ART0102,2022,8732929.0,309256
309281,ART0130,2022,169794.0,309282
309289,CAR398,2022,131174.0,309290
309291,CAR400,2022,212352.0,309292
309293,CAR403,2022,29455.0,309294
309294,CAR406,2022,42592.0,309295
309302,CAR422,2022,75811.0,309303
309306,CAR429,2022,52123.0,309307
309311,CAR436,2022,74990.0,309312
309316,CAR443,2022,128912.0,309317
309317,CAR444,2022,80848.0,309318
309332,CAR465,2022,21600.0,309333
309333,CAR466,2022,47558.0,309334
309338,CAR473,2022,121374.0,309339
309340,CAR475,2022,115191.0,309341
309355,CAR491,2022,57147.0,309356
309356,CAR495,2022,33881.0,309357
309367,CAR509,2022,18584.0,309368
309368,CAR512,2022,69938.0,309369
309370,CAR514,2022,51121.0,309371
309371,CAR515,2022,17383.0,309372
309372,CAR516,2022,16963.0,309373
309373,CAR517,2022,96070.0,309374
309374,CAR521,2022,72852.0,309375
309375,CAR522,2022,52645.0,309376
309376,CAR531,2022,31100.0,309377
309385,CAR558,2022,111738.0,309386
309386,CAR560,2022,84301.0,309387
309388,CAR574,2022,6919.0,309389
309398,CAR592,2022,61684.0,309399
309411,CAR621,2022,147184.0,309412
309412,CAR627,2022,13237.0,309413
309417,CAR635,2022,104348.0,309418
309418,CAR639,2022,574204.0,309419
309426,CAR659,2022,14010.0,309427
309430,CAR674,2022,252021.0,309431
309431,CAR676,2022,1376.0,309432
309433,CAR683,2022,11641.0,309434
309435,CAR688,2022,7496.0,309436
309446,CAR768,2022,226898.0,309447
309459,CAR790,2022,88133.0,309460
309466,CAR802,2022,5875.0,309467
309471,CAR811,2022,129580.0,309472
309480,CAR825,2022,13110.0,309481
309482,CAR829,2022,10752.0,309483
309489,CAR838,2022,92349.0,309490
309492,CAR844,2022,11810.0,309493
309494,CAR866,2022,28776.0,309495
309497,CAR880,2022,38388.0,309498
309498,CAR881,2022,24896.0,309499
309501,CAR886,2022,8786.0,309502
309502,CAR887,2022,21441.0,309503
309503,CAR888,2022,26264.0,309504
309510,CAR911,2022,24000.0,309511
309511,CAR917,2022,10531.0,309512
309530,CAR969,2022,36215.0,309531
309540,CAR988,2022,10815.0,309541
309544,CAR993,2022,101314.0,309545
309547,CAR996,2022,17435.0,309548
309552,CAR1002,2022,6653.0,309553
309557,CAR1008,2022,22257.0,309558
309564,CAR1015,2022,4385.0,309565
309573,CAR1027,2022,105777.0,309574
309576,CAR1032,2022,26462.0,309577
309578,CAR1035,2022,31051.0,309579
309579,CAR1036,2022,23667.0,309580
309587,CAR1050,2022,59943.0,309588
309602,CAR1070,2022,562843.0,309603
309616,CAR1086,2022,15703.0,309617
309625,CAR1095,2022,84417.0,309626
309626,CAR1096,2022,22506.0,309627
309628,CAR1098,2022,125039.0,309629
309629,CAR1099,2022,71294.0,309630
309630,CAR1100,2022,72380.0,309631
309633,CAR1103,2022,2168.0,309634
309635,CAR1105,2022,261720.0,309636
309638,CAR1109,2022,8453.0,309639
309639,CAR1110,2022,40657.0,309640
309653,CAR1124,2022,11736.0,309654
309660,CAR1132,2022,5145.0,309661
309661,CAR1133,2022,1890.0,309662
309666,CAR1138,2022,40519.0,309667
309667,CAR1139,2022,206767.0,309668
309668,CAR1140,2022,88966.0,309669
309669,CAR1141,2022,8101.0,309670
309673,CAR1145,2022,14908.0,309674
309677,CAR1152,2022,13790.0,309678
309686,CAR1161,2022,904.0,309687
309687,CAR1162,2022,1197.0,309688
309699,CAR1175,2022,64530.0,309700
309704,CAR1180,2022,10662.0,309705
309714,CAR1190,2022,33346.0,309715
309715,CAR1191,2022,8606.0,309716
309720,CAR1197,2022,56917.0,309721
309726,CAR1204,2022,1350.0,309727
309727,CAR1205,2022,78327.0,309728
309730,CAR1208,2022,43121.0,309731
309731,CAR1209,2022,7789.0,309732
309748,CAR1237,2022,1776.0,309749
309749,CAR1238,2022,5988.0,309750
309757,CAR1246,2022,8470.0,309758
309758,CAR1247,2022,10061.0,309759
309766,CAR1257,2022,73786.0,309767
309768,CAR1259,2022,4301.0,309769
309769,CAR1260,2022,1583.0,309770
309770,CAR1261,2022,8382.0,309771
309773,CAR1264,2022,85225.0,309774
309774,CAR1265,2022,53995.0,309775
309782,CAR1275,2022,5732.0,309783
309788,CAR1281,2022,7732.0,309789
309789,CAR1282,2022,1008.0,309790
309791,CAR1284,2022,4621.0,309792
309792,CAR1285,2022,1370.0,309793
309798,CAR1291,2022,7716.0,309799
309799,CAR1292,2022,59145.0,309800
309800,CAR1293,2022,53955.0,309801
309805,CAR1298,2022,22576.0,309806
309806,CAR1299,2022,2345.0,309807
309820,CAR1315,2022,23571.0,309821
309821,CAR1316,2022,23716.0,309822
309822,CAR1317,2022,32266.0,309823
309825,CAR1321,2022,4037.0,309826
309828,CAR1325,2022,30973.0,309829
309831,CAR1328,2022,691.0,309832
309832,CAR1329,2022,4750.0,309833
309833,CAR1330,2022,3947.0,309834
309838,CAR1335,2022,310921.0,309839
309839,CAR1336,2022,30280.0,309840
309840,CAR1337,2022,15734.0,309841
309841,CAR1339,2022,96579.0,309842
309842,CAR1340,2022,16586.0,309843
309845,CAR1344,2022,5591.0,309846
309867,CAR1368,2022,34887.0,309868
309868,CAR1372,2022,106207.0,309869
309869,CAR1373,2022,4545.0,309870
309870,CAR1374,2022,7068.0,309871
309877,CAR1381,2022,196301.0,309878
309878,CAR1382,2022,27400.0,309879
309879,CAR1384,2022,66166.0,309880
309886,CAR1392,2022,129801.0,309887
309889,CAR1398,2022,5841.0,309890
309890,CAR1399,2022,4027.0,309891
309898,CAR1408,2022,151833.0,309899
309899,CAR1409,2022,228599.0,309900
309900,CAR1411,2022,6967.0,309901
309903,CAR1415,2022,5057.0,309904
309906,CAR1425,2022,4241.0,309907
309907,CAR1428,2022,19214.0,309908
309908,CAR1429,2022,2665.0,309909
309913,CAR1436,2022,41564.0,309914
309918,CAR1442,2022,76213.0,309919
309919,CAR1443,2022,7975.0,309920
309920,CAR1445,2022,919.0,309921
309921,CAR1446,2022,1482.0,309922
309922,CAR1447,2022,1137.0,309923
309923,CAR1448,2022,4544.0,309924
309924,CAR1449,2022,793.0,309925
309925,CAR1450,2022,3625.0,309926
309926,CAR1451,2022,2180.0,309927
309927,CAR1452,2022,256.0,309928
309928,CAR1453,2022,2244.0,309929
309929,CAR1454,2022,2265.0,309930
309933,CAR1459,2022,386546.0,309934
309935,CAR1461,2022,31849.0,309936
309936,CAR1462,2022,4547.0,309937
309937,CAR1463,2022,26794.0,309938
309938,CAR1464,2022,31287.0,309939
309946,CAR1480,2022,4399846.0,309947
309958,CAR1494,2022,28162.0,309959
309959,CAR1495,2022,36940.0,309960
309960,CAR1496,2022,19599.0,309961
309961,CAR1497,2022,55585.0,309962
309965,CAR1505,2022,1492.0,309966
309966,CAR1506,2022,653.0,309967
309967,CAR1507,2022,89295.0,309968
309968,CAR1508,2022,7127.0,309969
309969,CAR1509,2022,9915.0,309970
309970,CAR1510,2022,8925.0,309971
309971,CAR1511,2022,417.0,309972
309972,CAR1513,2022,19978.0,309973
309973,CAR1514,2022,26935.0,309974
309976,CAR1521,2022,11539.0,309977
309977,CAR1522,2022,6074.0,309978
309978,CAR1523,2022,9766.0,309979
309979,CAR1524,2022,8609.0,309980
309981,CAR1526,2022,1039.0,309982
309982,CAR1527,2022,955.0,309983
309983,CAR1528,2022,1467.0,309984
309984,CAR1529,2022,1009.0,309985
309985,CAR1531,2022,3377.0,309986
309986,CAR1532,2022,24820.0,309987
309987,CAR1535,2022,235.0,309988
309988,CAR1536,2022,394.0,309989
309989,CAR1537,2022,2740.0,309990
309990,CAR1538,2022,176.0,309991
309991,CAR1539,2022,361.0,309992
309992,CAR1540,2022,77.0,309993
309993,CAR1542,2022,9484.0,309994
309994,CAR1543,2022,3387.0,309995
309995,CAR1544,2022,8402.0,309996
310005,CAR1554,2022,396414.0,310006
310010,CAR1560,2022,59147.0,310011
310011,CAR1562,2022,13412.0,310012
310012,CAR1564,2022,3834.0,310013
310013,CAR1565,2022,14675.0,310014
310014,CAR1566,2022,66612.0,310015
310015,CAR1567,2022,60663.0,310016
310016,CAR1568,2022,193765.0,310017
310017,CAR1569,2022,14492.0,310018
310020,CAR1572,2022,3054.0,310021
310021,CAR1573,2022,4876.0,310022
310022,CAR1574,2022,69421.0,310023
310023,CAR1576,2022,12217.0,310024
310024,CAR1577,2022,23678.0,310025
310025,CAR1578,2022,102599.0,310026
310027,CAR1580,2022,4516.0,310028
310028,CAR1582,2022,10958.0,310029
310029,CAR1584,2022,209205.0,310030
310030,CAR1585,2022,22426.0,310031
310031,CAR1586,2022,18248.0,310032
310032,CAR1587,2022,2439.0,310033
310033,CAR1588,2022,4140.0,310034
310034,CAR1589,2022,2312.0,310035
310035,CAR1590,2022,2902.0,310036
310036,CAR1591,2022,1213.0,310037
310037,CAR1593,2022,56056.0,310038
310038,CAR1594,2022,49541.0,310039
310039,CAR1595,2022,15264.0,310040
310040,CAR1596,2022,8847.0,310041
310041,CAR1597,2022,1680.0,310042
310048,CAR1606,2022,20312.0,310049
310049,CAR1607,2022,21270.0,310050
310050,CAR1608,2022,23547.0,310051
310053,CAR1611,2022,7993.0,310054
310054,CAR1612,2022,9017.0,310055
310055,CAR1613,2022,8288.0,310056
310062,CAR1620,2022,1917.0,310063
310063,CAR1621,2022,8182.0,310064
310064,CAR1622,2022,27597.0,310065
310065,CAR1623,2022,25576.0,310066
310066,CAR1624,2022,118801.0,310067
310067,CAR1625,2022,15511.0,310068
310068,CAR1626,2022,54740.0,310069
310069,CAR1627,2022,8734.0,310070
310070,CAR1629,2022,4250.0,310071
310072,CAR1632,2022,2017.0,310073
310073,CAR1633,2022,2561.0,310074
310074,CAR1635,2022,26744.0,310075
310075,CAR1636,2022,4962.0,310076
310076,CAR1637,2022,49019.0,310077
310077,CAR1638,2022,16456.0,310078
310078,CAR1641,2022,72.0,310079
310079,CAR1642,2022,9469.0,310080
310080,CAR1643,2022,817.0,310081
310082,CAR1645,2022,5162.0,310083
310083,CAR1648,2022,101660.0,310084
310084,CAR1649,2022,3780.0,310085
310085,CAR1650,2022,1603.0,310086
310086,CAR1651,2022,2913.0,310087
310087,CAR1652,2022,2956.0,310088
310088,CAR1653,2022,2174.0,310089
310091,CAR1657,2022,25136.0,310092
310092,CAR1658,2022,59599.0,310093
310093,CAR1659,2022,40441.0,310094
310094,CAR1660,2022,103121.0,310095
310095,CAR1661,2022,42573.0,310096
310096,CAR1662,2022,70833.0,310097
310097,CAR1663,2022,195693.0,310098
310098,CAR1664,2022,45402.0,310099
310103,CAR1674,2022,338385.0,310104
310104,CAR1675,2022,8498.0,310105
310114,CAR1690,2022,169.0,310115
310115,CAR1693,2022,1866.0,310116
310116,CAR1694,2022,2396.0,310117
310117,CAR1696,2022,100850.0,310118
310118,CAR1704,2022,18784.0,310119
310119,CAR1710,2022,63039.0,310120
310135,CAR1728,2022,5707.0,310136
310136,CAR1729,2022,10264.0,310137
310137,CAR1731,2022,2122.0,310138
310139,CAR1735,2022,9514.0,310140
310140,CAR1736,2022,2268.0,310141
310141,CAR1737,2022,1743.0,310142
310142,CAR1739,2022,56939.0,310143
310145,CAR1744,2022,21943.0,310146
310146,CAR1745,2022,12412.0,310147
310147,CAR1746,2022,11615.0,310148
310148,CAR1747,2022,15418.0,310149
310149,CAR1748,2022,10609.0,310150
310150,CAR1749,2022,6747.0,310151
310151,CAR1767,2022,4628.0,310152
310168,CAR1789,2022,4134.0,310169
310170,CAR1792,2022,1330.0,310171
310171,CAR1793,2022,2383.0,310172
310172,CAR1794,2022,561.0,310173
310173,CAR1797,2022,4239.0,310174
310174,CAR1798,2022,792.0,310175
310175,CAR1799,2022,656.0,310176
310177,CAR1801,2022,1918.0,310178
310178,CAR1802,2022,1093.0,310179
310179,CAR1804,2022,3812.0,310180
310188,CAR1817,2022,4315.0,310189
310189,CAR1818,2022,23996.0,310190
310191,CAR1820,2022,37214.0,310192
310193,CAR1823,2022,3657.0,310194
310194,CAR1824,2022,4111.0,310195
310195,CAR1825,2022,19094.0,310196
310196,CAR1826,2022,11291.0,310197
310197,CAR1827,2022,13512.0,310198
310199,CAR1829,2022,143817.0,310200
310203,CAR1834,2022,7798.0,310204
310208,CAR1847,2022,17143.0,310209
310210,CAR1850,2022,26110.0,310211
310211,CAR1851,2022,14734.0,310212
310212,CAR1852,2022,5814.0,310213
310213,CAR1853,2022,3836.0,310214
310214,CAR1854,2022,840.0,310215
310215,CAR1855,2022,206.0,310216
310216,CAR1856,2022,1035.0,310217
310218,CAR1858,2022,4839.0,310219
310219,CAR1859,2022,26780.0,310220
310223,CAR1863,2022,195673.0,310224
310224,CAR1864,2022,178420.0,310225
310225,CAR1865,2022,195657.0,310226
310227,CAR1868,2022,1805.0,310228
310228,CAR1869,2022,1852.0,310229
310229,CAR1870,2022,720.0,310230
310237,CAR1883,2022,498.0,310238
310238,CAR1884,2022,1286.0,310239
310240,CAR1889,2022,3514.0,310241
310241,CAR1893,2022,1513.0,310242
310249,CAR1906,2022,1463.0,310250
310250,CAR1907,2022,2356.0,310251
310254,CAR1915,2022,248.0,310255
310278,CAR1948,2022,18228.0,310279
310285,CAR1955,2022,1927.0,310286
310286,CAR1956,2022,1709.0,310287
310359,CAR2047,2022,1372.0,310360
310572,GS347,2022,26575.0,310573
310573,GS351,2022,160542.0,310574
310574,GS352,2022,124282.0,310575
310575,GS353,2022,9338.0,310576
310577,GS367,2022,151562.0,310578
310578,GS368,2022,31226.0,310579
310579,GS369,2022,52596.0,310580
310583,GS388,2022,24115.0,310584
310584,GS390,2022,66891.0,310585
310587,GS397,2022,5258.0,310588
310588,GS398,2022,268949.0,310589
310589,GS399,2022,18085.0,310590
310592,GS407,2022,312799.0,310593
310601,GS423,2022,1113.0,310602
310603,GS436,2022,66472.0,310604
310604,GS437,2022,45443.0,310605
310605,GS438,2022,41138.0,310606
310606,GS439,2022,23168.0,310607
310607,GS440,2022,56993.0,310608
310610,GS447,2022,1131153.0,310611
310618,GS464,2022,507963.0,310619
310622,GS474,2022,178866.0,310623
310630,GS504,2022,36883.0,310631
310646,GS566,2022,9641.0,310647
310647,GS567,2022,32441.0,310648
310652,GS576,2022,10241.0,310653
310653,GS577,2022,26568.0,310654
310659,GS601,2022,45034.0,310660
310662,GS608,2022,230174.0,310663
310670,GS617,2022,141720.0,310671
310677,GS633,2022,27092.0,310678
310688,GS653,2022,40939.0,310689
310689,GS655,2022,105427.0,310690
310695,GS670,2022,13781.0,310696
310697,GS672,2022,84716.0,310698
310698,GS675,2022,35776.0,310699
310700,GS683,2022,73145.0,310701
310701,GS685,2022,57001.0,310702
310708,GS702,2022,34862.0,310709
310709,GS707,2022,379687.0,310710
310713,GS715,2022,23363.0,310714
310717,GS726,2022,2605.0,310718
310721,GS735,2022,109119.0,310722
310724,GS744,2022,123631.0,310725
310730,GS751,2022,61764.0,310731
310731,GS753,2022,125724.0,310732
310734,GS764,2022,21337.0,310735
310737,GS769,2022,253599.0,310738
310767,GS828,2022,48764.0,310768
310771,GS835,2022,13466.0,310772
310776,GS845,2022,48570.0,310777
310783,GS854,2022,93511.0,310784
310795,GS872,2022,446.0,310796
310800,GS879,2022,238699.0,310801
310810,GS905,2022,186300.0,310811
310811,GS906,2022,51116.0,310812
310815,GS913,2022,16880.0,310816
310827,GS935,2022,163362.0,310828
310829,GS939,2022,3763.0,310830
310831,GS947,2022,55956.0,310832
310833,GS950,2022,72923.0,310834
310836,GS955,2022,87359.0,310837
310840,GS963,2022,54878.0,310841
310844,GS971,2022,297920.0,310845
310851,GS980,2022,5878.0,310852
310861,GS997,2022,3420.0,310862
310865,GS1003,2022,7283.0,310866
310872,GS1015,2022,46063.0,310873
310874,GS1017,2022,46180.0,310875
310875,GS1018,2022,38741.0,310876
310876,GS1020,2022,106498.0,310877
310877,GS1021,2022,36617.0,310878
310889,GS1033,2022,539.0,310890
310890,GS1034,2022,69573.0,310891
310898,GS1044,2022,101326.0,310899
310902,GS1049,2022,59906.0,310903
310904,GS1054,2022,78851.0,310905
310908,GS1060,2022,36776.0,310909
310913,GS1067,2022,59114.0,310914
310914,GS1068,2022,29090.0,310915
310916,GS1072,2022,55083.0,310917
310926,GS1090,2022,41055.0,310927
310927,GS1091,2022,84516.0,310928
310933,GS1097,2022,1034.0,310934
310934,GS1098,2022,2738.0,310935
310935,GS1100,2022,2535.0,310936
310936,GS1101,2022,2696.0,310937
310938,GS1103,2022,2671.0,310939
310939,GS1104,2022,2443.0,310940
310947,GS1117,2022,29510.0,310948
310950,GS1124,2022,7348.0,310951
310952,GS1128,2022,41874.0,310953
310953,GS1134,2022,98159.0,310954
310954,GS1138,2022,191122.0,310955
310962,GS1160,2022,4256.0,310963
310971,GS1173,2022,16205.0,310972
310972,GS1174,2022,50568.0,310973
310974,GS1178,2022,31832.0,310975
310981,GS1190,2022,95234.0,310982
310982,GS1191,2022,10000.0,310983
310987,GS1199,2022,4623.0,310988
310995,GS1207,2022,52077.0,310996
310996,GS1208,2022,22088.0,310997
311001,GS1223,2022,70140.0,311002
311007,GS1230,2022,12708.0,311008
311012,GS1237,2022,79857.0,311013
311017,GS1242,2022,92599.0,311018
311032,GS1288,2022,659.0,311033
311036,GS1294,2022,4434.0,311037
311038,GS1296,2022,10000.0,311039
311043,GS1303,2022,42116.0,311044
311057,GS1318,2022,92521.0,311058
311059,GS1321,2022,217454.0,311060
311060,GS1322,2022,118434.0,311061
311067,GS1332,2022,9111.0,311068
311068,GS1333,2022,21385.0,311069
311078,GS1347,2022,69428.0,311079
311079,GS1348,2022,95365.0,311080
311082,GS1352,2022,3675.0,311083
311083,GS1353,2022,2795.0,311084
311086,GS1359,2022,2791.0,311087
311088,GS1363,2022,29940.0,311089
311089,GS1364,2022,80315.0,311090
311093,GS1368,2022,114884.0,311094
311101,GS1378,2022,17206.0,311102
311103,GS1382,2022,31625.0,311104
311104,GS1383,2022,66127.0,311105
311109,GS1588,2022,60196.0,311110
311110,GS1688,2022,25529.0,311111
311114,GS1693,2022,8420.0,311115
311115,GS1694,2022,8420.0,311116
311116,GS1695,2022,8420.0,311117
311117,GS1696,2022,8420.0,311118
311118,GS1697,2022,8420.0,311119
311119,GS1698,2022,8420.0,311120
311120,GS1699,2022,8420.0,311121
311121,GS1700,2022,8420.0,311122
311122,GS1701,2022,8420.0,311123
311123,GS1702,2022,8420.0,311124
311124,GS1703,2022,8420.0,311125
311125,GS1704,2022,8420.0,311126
311126,GS1705,2022,8420.0,311127
311127,GS1706,2022,8420.0,311128
311128,GS1707,2022,8420.0,311129
311129,GS1708,2022,8420.0,311130
311130,GS1709,2022,8420.0,311131
311131,GS1710,2022,8420.0,311132
311132,GS1711,2022,8420.0,311133
311133,GS1712,2022,8420.0,311134
311134,GS1713,2022,8420.0,311135
311135,GS1714,2022,8420.0,311136
311136,GS1715,2022,8420.0,311137
311137,GS1716,2022,8420.0,311138
311138,GS1717,2022,8420.0,311139
311139,GS1718,2022,8420.0,311140
311140,GS1719,2022,8420.0,311141
311141,GS1720,2022,8420.0,311142
311142,GS1721,2022,8420.0,311143
311143,GS1722,2022,8420.0,311144
311144,GS1723,2022,8420.0,311145
311145,GS1724,2022,8420.0,311146
311146,GS1725,2022,8420.0,311147
311147,GS1726,2022,8685.0,311148
311148,GS1727,2022,8685.0,311149
311149,GS1728,2022,8685.0,311150
311151,GS1730,2022,8685.0,311152
311152,GS1731,2022,8685.0,311153
311153,GS1732,2022,8685.0,311154
311154,GS1733,2022,8685.0,311155
311155,GS1734,2022,8420.0,311156
311156,GS1735,2022,8420.0,311157
311157,GS1736,2022,8420.0,311158
311158,GS1737,2022,8420.0,311159
311159,GS1738,2022,8685.0,311160
311160,GS1739,2022,8685.0,311161
311161,GS1740,2022,8685.0,311162
311162,GS1741,2022,8685.0,311163
311163,GS1742,2022,8685.0,311164
311164,GS1743,2022,8685.0,311165
311165,GS1744,2022,6497.0,311166
311166,GS1745,2022,8529.0,311167
311170,GS1890,2022,153298.0,311171
311172,GS2088,2022,43214.0,311173
311177,GS2094,2022,757025.0,311178
311178,GS2095,2022,60000.0,311179
311188,GS2296,2022,558502.0,311189
311219,GS2429,2022,4730.0,311220
311223,GS2435,2022,58539.0,311224
311224,GS2437,2022,5708.0,311225
311226,GS2439,2022,3665.0,311227
311227,GS2440,2022,396.0,311228
311228,GS2441,2022,27092.0,311229
311237,GS2456,2022,4280.0,311238
311238,GS2457,2022,26656.0,311239
311242,GS2464,2022,41254.0,311243
311244,GS2468,2022,25542.0,311245
311247,GS2475,2022,67996.0,311248
311251,GS2479,2022,2126.0,311252
311252,GS2480,2022,1331.0,311253
311253,GS2481,2022,2056.0,311254
311264,GS2497,2022,15922.0,311265
311269,GS2502,2022,41181.0,311270
311270,GS2503,2022,12406.0,311271
311281,GS2519,2022,14181.0,311282
311282,GS2520,2022,11082.0,311283
311284,GS2525,2022,225918.0,311285
311289,GS2535,2022,606.0,311290
311293,GS2540,2022,3926.0,311294
311295,GS2542,2022,12765.0,311296
311296,GS2543,2022,55080.0,311297
311297,GS2544,2022,113888.0,311298
311298,GS2545,2022,100014.0,311299
311299,GS2546,2022,86524.0,311300
311307,GS2566,2022,8685.0,311308
311308,GS2567,2022,8420.0,311309
311309,GS2568,2022,8420.0,311310
311310,GS2569,2022,8420.0,311311
311311,GS2570,2022,8420.0,311312
311312,GS2571,2022,8420.0,311313
311313,GS2572,2022,8420.0,311314
311314,GS2573,2022,8420.0,311315
311315,GS2574,2022,8420.0,311316
311316,GS2575,2022,8420.0,311317
311317,GS2576,2022,8685.0,311318
311318,GS2577,2022,8685.0,311319
311319,GS2578,2022,8420.0,311320
311320,GS2579,2022,8420.0,311321
311321,GS2580,2022,8402.0,311322
311322,GS2581,2022,8420.0,311323
311323,GS2582,2022,8542.0,311324
311324,GS2583,2022,8446.0,311325
311325,GS2584,2022,8564.0,311326
311326,GS2585,2022,6323.0,311327
311331,GS2596,2022,1783.0,311332
311353,GS2681,2022,16621.0,311354
311354,GS2682,2022,115811.0,311355
311355,GS2683,2022,6690.0,311356
311356,GS2684,2022,60084.0,311357
311357,GS2685,2022,51403.0,311358
311358,GS2686,2022,55632.0,311359
311359,GS2687,2022,61808.0,311360
311367,GS2707,2022,22200.0,311368
311380,GS2750,2022,12064.0,311381
311382,GS2758,2022,258939.0,311383
311383,GS2763,2022,42259.0,311384
311396,GS2898,2022,257791.0,311397
311399,GS2913,2022,5687.0,311400
311400,GS2940,2022,216425.0,311401
311407,GS3015,2022,116459.0,311408
311411,GS3024,2022,10000.0,311412
311417,GS3031,2022,1659.0,311418
311419,GS3041,2022,99884.0,311420
311421,GS3072,2022,35344.0,311422
311422,GS3077,2022,49981.0,311423
311427,GS3105,2022,10000.0,311428
311428,GS3106,2022,10000.0,311429
311429,GS3107,2022,10000.0,311430
311430,GS3108,2022,10000.0,311431
311431,GS3109,2022,57967.0,311432
311434,GS3113,2022,54833.0,311435
311435,GS3114,2022,59027.0,311436
311437,GS3116,2022,65214.0,311438
311442,GS3253,2022,301333.0,311443
311448,GS3262,2022,6848.0,311449
311450,GS3267,2022,736.0,311451
311454,GS3326,2022,8333.0,311455
311455,GS3334,2022,1705.0,311456
311480,GS3405,2022,7860.0,311481
311481,GS3407,2022,28315.0,311482
311483,GS3410,2022,31017.0,311484
311484,GS3411,2022,5917.0,311485
311495,GS3434,2022,209410.0,311496
311496,GS3443,2022,2587.0,311497
311498,GS3445,2022,10000.0,311499
311511,GS3493,2022,107565.0,311512
311513,GS3509,2022,9739.0,311514
311515,GS3511,2022,56928.0,311516
311516,GS3512,2022,74390.0,311517
311518,GS3514,2022,75423.0,311519
311520,GS3516,2022,1872.0,311521
311521,GS3517,2022,10000.0,311522
311522,GS3518,2022,6566.0,311523
311523,GS3519,2022,10000.0,311524
311524,GS3520,2022,10000.0,311525
311525,GS3521,2022,10000.0,311526
311526,GS3522,2022,9817.0,311527
311527,GS3523,2022,10000.0,311528
311528,GS3524,2022,10000.0,311529
311533,GS3551,2022,109705.0,311534
311535,GS3556,2022,5910.0,311536
311537,GS3560,2022,10000.0,311538
311538,GS3561,2022,10000.0,311539
311540,GS3564,2022,1325.0,311541
311542,GS3566,2022,60097.0,311543
311543,GS3567,2022,130054.0,311544
311545,GS3588,2022,8420.0,311546
311546,GS3589,2022,8420.0,311547
311547,GS3590,2022,8685.0,311548
311548,GS3591,2022,8685.0,311549
311549,GS3592,2022,8685.0,311550
311550,GS3593,2022,8420.0,311551
311551,GS3594,2022,8685.0,311552
311552,GS3595,2022,8685.0,311553
311553,GS3596,2022,6832.0,311554
311554,GS3597,2022,8436.0,311555
311555,GS3598,2022,8685.0,311556
311556,GS3599,2022,8482.0,311557
311557,GS3600,2022,8572.0,311558
311558,GS3601,2022,8544.0,311559
311565,GS3626,2022,9834.0,311566
311572,GS3705,2022,81167.0,311573
311574,GS3852,2022,30389.0,311575
311578,GS3906,2022,14095.0,311579
311593,GS3964,2022,2348.0,311594
311594,GS3965,2022,34729.0,311595
311595,GS3966,2022,14759.0,311596
311596,GS3969,2022,169892.0,311597
311597,GS3971,2022,23495.0,311598
311600,GS3976,2022,273896.0,311601
311605,GS4036,2022,7896.0,311606
311618,GS4210,2022,19833.0,311619
311621,GS4221,2022,324415.0,311622
311622,GS4233,2022,136844.0,311623
311623,GS4236,2022,21019.0,311624
311624,GS4238,2022,61642.0,311625
311629,GS4259,2022,37472.0,311630
311630,GS4260,2022,1540.0,311631
311631,GS4261,2022,39038.0,311632
311633,GS4265,2022,35649.0,311634
311635,GS4269,2022,5218.0,311636
311640,GS4288,2022,17780.0,311641
311642,GS4290,2022,23253.0,311643
311646,GS4364,2022,10218.0,311647
311679,GS4422,2022,8566.0,311680
311680,GS4423,2022,8583.0,311681
311683,GS4426,2022,64730.0,311684
311687,GS4442,2022,51760.0,311688
311689,GS4446,2022,13405.0,311690
311692,GS4518,2022,8571.0,311693
311693,GS4519,2022,8979.0,311694
311697,GS4533,2022,19826.0,311698
311702,GS4539,2022,177577.0,311703
311705,GS4553,2022,1315.0,311706
311706,GS4557,2022,165255.0,311707
311711,GS4593,2022,2999.0,311712
311718,GS4613,2022,22422.0,311719
311719,GS4614,2022,21296.0,311720
311720,GS4615,2022,21509.0,311721
311727,GS4702,2022,5068.0,311728
311728,GS4707,2022,59978.0,311729
311731,GS4797,2022,8507.0,311732
311732,GS4798,2022,8762.0,311733
311733,GS4799,2022,32665.0,311734
311740,GS4824,2022,8011.0,311741
311742,GS4875,2022,11546.0,311743
311744,GS4895,2022,5687.0,311745
311751,GS4906,2022,1719.0,311752
311752,GS4922,2022,64612.0,311753
311753,GS4962,2022,102957.0,311754
311758,GS5003,2022,68368.0,311759
311759,GS5007,2022,4129.0,311760
311760,GS5009,2022,200728.0,311761
311773,GS5038,2022,4243.0,311774
311774,GS5039,2022,4235.0,311775
311775,GS5040,2022,4243.0,311776
311776,GS5041,2022,4060.0,311777
311777,GS5042,2022,3875.0,311778
311778,GS5043,2022,4270.0,311779
311787,GS5099,2022,32166.0,311788
311788,GS5106,2022,3302.0,311789
311792,GS5125,2022,147241.0,311793
311793,GS5186,2022,3645.0,311794
311794,GS5187,2022,2833.0,311795
311795,GS5188,2022,3082.0,311796
311796,GS5189,2022,2139.0,311797
311797,GS5190,2022,2064.0,311798
311798,GS5191,2022,2852.0,311799
311799,GS5192,2022,3797.0,311800
311800,GS5193,2022,3903.0,311801
311801,GS5194,2022,1432.0,311802
311802,GS5195,2022,636.0,311803
311803,GS5196,2022,2757.0,311804
311804,GS5197,2022,2262.0,311805
311808,GS5228,2022,33007.0,311809
311809,GS5229,2022,137426.0,311810
311810,GS5230,2022,6070.0,311811
311811,GS5244,2022,9038.0,311812
311812,GS5245,2022,9038.0,311813
311813,GS5256,2022,10532.0,311814
311814,GS5257,2022,38766.0,311815
311816,GS5303,2022,13651.0,311817
311821,GS5312,2022,1309.0,311822
311823,GS5314,2022,54683.0,311824
311824,GS5315,2022,13096.0,311825
311826,GS5317,2022,60000.0,311827
311827,GS5322,2022,1990.0,311828
311828,GS5323,2022,1974.0,311829
311829,GS5324,2022,1990.0,311830
311830,GS5325,2022,10000.0,311831
311831,GS5326,2022,10000.0,311832
311832,GS5329,2022,9883.0,311833
311833,GS5330,2022,9800.0,311834
311834,GS5331,2022,10000.0,311835
311835,GS5332,2022,7609.0,311836
311836,GS5335,2022,6670.0,311837
311837,GS5336,2022,6089.0,311838
311838,GS5337,2022,9188.0,311839
311839,GS5338,2022,9254.0,311840
311840,GS5339,2022,10000.0,311841
311841,GS5340,2022,9892.0,311842
311842,GS5341,2022,10000.0,311843
311843,GS5342,2022,8637.0,311844
311844,GS5343,2022,9435.0,311845
311845,GS5344,2022,10000.0,311846
311847,GS5377,2022,21997.0,311848
311850,GS5391,2022,11324.0,311851
311859,GS5418,2022,3638.0,311860
311860,GS5434,2022,3534.0,311861
311861,GS5437,2022,8640.0,311862
311862,GS5438,2022,9058.0,311863
311863,GS5439,2022,9067.0,311864
311864,GS5440,2022,8436.0,311865
311865,GS5441,2022,7485.0,311866
311868,GS5444,2022,10000.0,311869
311871,GS5519,2022,143646.0,311872
311872,GS5523,2022,181702.0,311873
311876,GS5574,2022,7729.0,311877
311877,GS5575,2022,36869.0,311878
311878,GS5614,2022,195421.0,311879
311881,GS5618,2022,51004.0,311882
311885,GS5634,2022,2268.0,311886
311886,GS5635,2022,2260.0,311887
311887,GS5636,2022,2228.0,311888
311888,GS5637,2022,2269.0,311889
311890,GS5642,2022,516426.0,311891
311891,GS5643,2022,15619.0,311892
311900,GS5698,2022,102851.0,311901
311901,GS5699,2022,49424.0,311902
311903,GS5780,2022,1435.0,311904
311904,GS5781,2022,3887.0,311905
311905,GS5782,2022,3887.0,311906
311906,GS5783,2022,4241.0,311907
311908,GS5799,2022,102632.0,311909
311910,GS5801,2022,15564.0,311911
311911,GS5802,2022,6817.0,311912
311913,GS5825,2022,5859.0,311914
311914,GS5826,2022,5293.0,311915
311915,GS5827,2022,5056.0,311916
311916,GS5830,2022,16628.0,311917
311924,GS5866,2022,84711.0,311925
311928,GS5889,2022,4314.0,311929
311929,GS5890,2022,3720.0,311930
311930,GS5891,2022,4160.0,311931
311931,GS5892,2022,4384.0,311932
311933,GS5920,2022,45751.0,311934
311935,GS5928,2022,181355.0,311936
311937,GS5951,2022,5984.0,311938
311938,GS5952,2022,4809.0,311939
311939,GS5953,2022,4490.0,311940
311940,GS5954,2022,4552.0,311941
311941,GS5955,2022,4042.0,311942
311943,GS5988,2022,2968.0,311944
311946,GS6004,2022,18890.0,311947
311947,GS6008,2022,6760.0,311948
311952,GS6037,2022,1927.0,311953
311953,GS6038,2022,1990.0,311954
311954,GS6041,2022,8719.0,311955
311955,GS6042,2022,7774.0,311956
311985,GS6139,2022,35490.0,311986
311987,GS6152,2022,8454.0,311988
311988,GS6155,2022,8536.0,311989
311989,GS6189,2022,9697.0,311990
311990,GS6193,2022,184584.0,311991
311991,GS6212,2022,28340.0,311992
311992,GS6235,2022,6387.0,311993
311993,GS6236,2022,6246.0,311994
311994,GS6237,2022,5563.0,311995
311996,GS6256,2022,85219.0,311997
311998,GS6271,2022,89848.0,311999
311999,GS6272,2022,378.0,312000
312000,GS6275,2022,17778.0,312001
312003,GS6289,2022,10110.0,312004
312004,GS6290,2022,512411.0,312005
312005,GS6301,2022,46693.0,312006
312008,GS6344,2022,6015.0,312009
312009,GS6349,2022,2646.0,312010
312010,GS6350,2022,2907.0,312011
312011,GS6351,2022,2737.0,312012
312012,GS6356,2022,37872.0,312013
312013,GS6393,2022,52422.0,312014
312014,GS6394,2022,54658.0,312015
312015,GS6395,2022,69547.0,312016
312018,GS6414,2022,3387.0,312019
312019,GS6419,2022,8160.0,312020
312020,GS6420,2022,7844.0,312021
312021,GS6443,2022,3225.0,312022
312024,GS6460,2022,451.0,312025
312027,GS6503,2022,45043.0,312028
312030,GS6518,2022,1717.0,312031
312031,GS6519,2022,1786.0,312032
312032,GS6520,2022,1865.0,312033
312033,GS6521,2022,2196.0,312034
312034,GS6522,2022,3585.0,312035
312035,GS6523,2022,2447.0,312036
312036,GS6566,2022,7183.0,312037
312038,GS6588,2022,18427.0,312039
312039,GS6597,2022,8645.0,312040
312040,GS6598,2022,56311.0,312041
312041,GS6599,2022,3041.0,312042
312042,GS6600,2022,4618.0,312043
312043,GS6604,2022,5823.0,312044
312044,GS6607,2022,31604.0,312045
312048,GS6749,2022,6463.0,312049
312049,GS6750,2022,4174.0,312050
312051,GS6752,2022,1963.0,312052
312053,GS6756,2022,4803.0,312054
312054,GS6760,2022,186998.0,312055
312055,GS6783,2022,2825.0,312056
312056,GS6784,2022,3520.0,312057
312062,GS6793,2022,106676.0,312063
312063,GS6830,2022,3603.0,312064
312064,GS6831,2022,6246.0,312065
312066,GS6836,2022,3923.0,312067
312071,GS6854,2022,6583.0,312072
312074,GS6857,2022,2565.0,312075
312076,GS6861,2022,3543.0,312077
312079,GS6887,2022,19345.0,312080
312081,GS6998,2022,5942.0,312082
312082,GS6999,2022,38174.0,312083
312083,GS7002,2022,19885.0,312084
312085,GS7071,2022,909798.0,312086
312088,GS7080,2022,107898.0,312089
312089,GS7090,2022,8818.0,312090
312090,GS7091,2022,88211.0,312091
312091,GS7105,2022,235906.0,312092
312092,GS7112,2022,4795.0,312093
312093,GS7128,2022,17664.0,312094
312097,GS7132,2022,9791.0,312098
312098,GS7133,2022,9982.0,312099
312099,GS7134,2022,8308.0,312100
312100,GS7135,2022,5423.0,312101
312101,GS7136,2022,5060.0,312102
312103,GS7138,2022,95410.0,312104
312107,GS7147,2022,7772.0,312108
312108,GS7148,2022,9404.0,312109
312109,GS7149,2022,9609.0,312110
312110,GS7150,2022,9500.0,312111
312112,GS7152,2022,613425.0,312113
312113,GS7153,2022,9575.0,312114
312114,GS7154,2022,60874.0,312115
312116,GS7287,2022,1990.0,312117
312117,GS7288,2022,1990.0,312118
312118,GS7289,2022,1990.0,312119
312119,GS7290,2022,1990.0,312120
312120,GS7291,2022,1990.0,312121
312121,GS7292,2022,1990.0,312122
312122,GS7293,2022,10000.0,312123
312124,GS7311,2022,1613.0,312125
312125,GS7312,2022,1312595.0,312126
312126,GS7317,2022,7078.0,312127
312127,GS7318,2022,10000.0,312128
312128,GS7330,2022,4834.0,312129
312129,GS7331,2022,4019.0,312130
312130,GS7332,2022,5289.0,312131
312131,GS7333,2022,5277.0,312132
312132,GS7334,2022,4434.0,312133
312133,GS7335,2022,4347.0,312134
312134,GS7336,2022,4054.0,312135
312135,GS7343,2022,4659.0,312136
312136,GS7345,2022,6695.0,312137
312138,GS7356,2022,7741.0,312139
312140,GS7362,2022,3268.0,312141
312141,GS7363,2022,3249.0,312142
312142,GS7364,2022,2870.0,312143
312143,GS7365,2022,3213.0,312144
312144,GS7366,2022,3190.0,312145
312151,GS7391,2022,10000.0,312152
312154,GS7394,2022,4083.0,312155
312155,GS7395,2022,8923.0,312156
312156,GS7396,2022,10000.0,312157
312157,GS7397,2022,9409.0,312158
312158,GS7398,2022,9692.0,312159
312159,GS7399,2022,9950.0,312160
312160,GS7400,2022,10000.0,312161
312161,GS7401,2022,10000.0,312162
312162,GS7433,2022,79903.0,312163
312163,GS7434,2022,79032.0,312164
312164,GS7435,2022,268.0,312165
312165,GS7436,2022,5894.0,312166
312166,GS7437,2022,10000.0,312167
312170,GS7444,2022,10000.0,312171
312171,GS7448,2022,5667.0,312172
312172,GS7449,2022,8865.0,312173
312173,GS7450,2022,8483.0,312174
312174,GS7451,2022,8836.0,312175
312175,GS7452,2022,5383.0,312176
312176,GS7453,2022,8970.0,312177
312177,GS7454,2022,8702.0,312178
312178,GS7456,2022,2207.0,312179
312179,GS7457,2022,2018.0,312180
312180,GS7458,2022,2230.0,312181
312181,GS7459,2022,2195.0,312182
312182,GS7460,2022,1851.0,312183
312187,GS7465,2022,4982.0,312188
312188,GS7466,2022,38931.0,312189
312189,GS7467,2022,27810.0,312190
312190,GS7468,2022,682599.0,312191
312191,GS7469,2022,127598.0,312192
312192,GS7470,2022,4934.0,312193
312193,GS7471,2022,4766.0,312194
312194,GS7472,2022,4794.0,312195
312195,GS7473,2022,4542.0,312196
312196,GS7474,2022,4801.0,312197
312197,GS7475,2022,5698.0,312198
312198,GS7476,2022,6108.0,312199
312199,GS7477,2022,5536.0,312200
312200,GS7478,2022,5456.0,312201
312201,GS7479,2022,6142.0,312202
312202,GS7480,2022,5782.0,312203
312203,GS7481,2022,5862.0,312204
312204,GS7482,2022,6515.0,312205
312205,GS7483,2022,6614.0,312206
312206,GS7484,2022,6614.0,312207
312213,GS7491,2022,47283.0,312214
312215,GS7493,2022,12626.0,312216
312216,GS7495,2022,216438.0,312217
312218,GS7497,2022,65898.0,312219
312226,GS7506,2022,14552.0,312227
312227,GS7507,2022,14606.0,312228
312230,GS7510,2022,44070.0,312231
312231,GS7512,2022,3482.0,312232
312232,GS7513,2022,13654.0,312233
312243,GS7524,2022,7821.0,312244
312244,GS7525,2022,521926.0,312245
312245,GS7526,2022,33823.0,312246
312246,GS7527,2022,177833.0,312247
312247,GS7528,2022,325.0,312248
312251,GS7532,2022,421244.0,312252
312252,GS7533,2022,203508.0,312253
312253,GS7534,2022,486103.0,312254
312257,GS7539,2022,4599.0,312258
312258,GS7540,2022,4191.0,312259
312259,GS7541,2022,4180.0,312260
312262,GS7544,2022,23880.0,312263
312266,GS7548,2022,44445.0,312267
312267,GS7549,2022,50873.0,312268
312268,GS7550,2022,6778.0,312269
312269,GS7551,2022,50900.0,312270
312272,GS7554,2022,1668.0,312273
312274,GS7556,2022,9572.0,312275
312275,GS7557,2022,58304.0,312276
312284,GS7566,2022,7781.0,312285
312285,GS7567,2022,7758.0,312286
312290,GS7572,2022,282772.0,312291
312291,GS7574,2022,3377.0,312292
312292,GS7575,2022,111361.0,312293
312293,GS7576,2022,43427.0,312294
312297,GS7580,2022,6230.0,312298
312298,GS7581,2022,6733.0,312299
312299,GS7582,2022,5396.0,312300
312300,GS7583,2022,5638.0,312301
312301,GS7584,2022,5463.0,312302
312302,GS7585,2022,5745.0,312303
312309,GS7592,2022,58048.0,312310
312310,GS7593,2022,57253.0,312311
312311,GS7594,2022,45563.0,312312
312312,GS7595,2022,2157.0,312313
312319,GS7602,2022,18303.0,312320
312321,GS7604,2022,99113.0,312322
312322,GS7605,2022,97045.0,312323
312323,GS7606,2022,98073.0,312324
312333,GS7616,2022,173468.0,312334
312335,GS7620,2022,141870.0,312336
312337,GS7622,2022,60113.0,312338
312338,GS7623,2022,581.0,312339
312340,GS7625,2022,458895.0,312341
312341,GS7626,2022,304645.0,312342
312342,GS7627,2022,103353.0,312343
312343,GS7628,2022,72421.0,312344
312344,GS7629,2022,66945.0,312345
312345,GS7630,2022,58621.0,312346
312346,GS7631,2022,58140.0,312347
312347,GS7632,2022,94313.0,312348
312348,GS7633,2022,125896.0,312349
312350,GS7635,2022,55021.0,312351
312352,GS7637,2022,53346.0,312353
312353,GS7638,2022,54182.0,312354
312354,GS7639,2022,51970.0,312355
312355,GS7640,2022,51513.0,312356
312356,GS7641,2022,53226.0,312357
312357,GS7642,2022,53448.0,312358
312358,GS7643,2022,55699.0,312359
312359,GS7644,2022,56058.0,312360
312360,GS7645,2022,27125.0,312361
312361,GS7646,2022,18105.0,312362
312362,GS7647,2022,7130.0,312363
312363,GS7648,2022,956.0,312364
312367,GS7652,2022,84673.0,312368
312369,GS7664,2022,579626.0,312370
312370,GS7666,2022,43330.0,312371
312373,GS7671,2022,4423.0,312374
312374,GS7672,2022,4140.0,312375
312378,GS7676,2022,7383.0,312379
312379,GS7677,2022,32020.0,312380
312380,GS7678,2022,153144.0,312381
312389,GS7687,2022,45793.0,312390
312390,GS7688,2022,42243.0,312391
312391,GS7689,2022,31696.0,312392
312392,GS7690,2022,82.0,312393
312394,GS7692,2022,43606.0,312395
312422,GS7720,2022,90217.0,312423
312423,GS7721,2022,302271.0,312424
312425,GS7723,2022,174749.0,312426
312426,GS7724,2022,292142.0,312427
312428,GS7726,2022,667255.0,312429
312429,GS7727,2022,370921.0,312430
312430,GS7731,2022,21463.0,312431
312432,GS7733,2022,85926.0,312433
312433,GS7734,2022,19213.0,312434
312434,GS7735,2022,40350.0,312435
312435,GS7736,2022,47511.0,312436
312436,GS7737,2022,19063.0,312437
312438,GS7739,2022,490601.0,312439
312439,GS7740,2022,51149.0,312440
312440,GS7741,2022,71483.0,312441
312441,GS7742,2022,70779.0,312442
312443,GS7744,2022,78801.0,312444
312444,GS7745,2022,744221.0,312445
312449,GS7750,2022,141388.0,312450
312457,GS7760,2022,1255386.0,312458
312458,GS7761,2022,392466.0,312459
312459,GS7762,2022,35574.0,312460
312463,GS7775,2022,47663.0,312464
312466,GS7783,2022,31582.0,312467
312467,GS7784,2022,4928.0,312468
312470,GS7788,2022,3877.0,312471
312471,GS7789,2022,50373.0,312472
312474,GS7792,2022,14251.0,312475
312476,GS7794,2022,3238.0,312477
312482,GS7800,2022,21209.0,312483
312483,GS7801,2022,328297.0,312484
312495,GS10457,2022,39431.0,312496
312498,GS10466,2022,6025.0,312499
312499,GS10529,2022,66002.0,312500
312504,GS10657,2022,7879.0,312505
312505,GS10658,2022,6529.0,312506
312506,GS10659,2022,7760.0,312507
312509,GS10663,2022,5957.0,312510
312510,GS10664,2022,4697.0,312511
312511,GS10665,2022,2986.0,312512
312523,GS10710,2022,79572.0,312524
312525,GS10712,2022,42643.0,312526
312529,GS10716,2022,653829.0,312530
312531,GS10718,2022,6841.0,312532
312536,GS10725,2022,7486.0,312537
312537,GS10726,2022,8507.0,312538
312546,GS10735,2022,9098.0,312547
312547,GS10736,2022,9188.0,312548
312548,GS10737,2022,5316.0,312549
312549,GS10738,2022,41107.0,312550
312551,GS10740,2022,9912.0,312552
312552,GS10741,2022,9912.0,312553
312553,GS10742,2022,9771.0,312554
312554,GS10776,2022,1276.0,312555
312555,GS10777,2022,3906.0,312556
312556,GS10778,2022,10000.0,312557
312557,GS10779,2022,10000.0,312558
312558,GS10780,2022,10000.0,312559
312559,GS10781,2022,10000.0,312560
312560,GS10782,2022,41816.0,312561
312561,GS10783,2022,8704.0,312562
312562,GS10784,2022,7950.0,312563
312565,GS10788,2022,11854.0,312566
312567,GS10790,2022,770823.0,312568
312568,GS10791,2022,322351.0,312569
312569,GS10792,2022,90850.0,312570
312571,GS10794,2022,105173.0,312572
312573,GS10796,2022,205.0,312574
312574,GS10797,2022,10680.0,312575
312575,GS10798,2022,64128.0,312576
312576,GS10799,2022,8683.0,312577
312577,GS10800,2022,8253.0,312578
312578,GS10801,2022,7857.0,312579
312579,GS10802,2022,7804.0,312580
312580,GS10803,2022,7561.0,312581
312581,GS10804,2022,7732.0,312582
312582,GS10805,2022,7574.0,312583
312583,GS10806,2022,7556.0,312584
312584,GS10807,2022,5451.0,312585
312585,GS10808,2022,30140.0,312586
312586,GS10809,2022,29054.0,312587
312589,GS10812,2022,71865.0,312590
312590,GS10813,2022,64950.0,312591
312593,GS10821,2022,36757.0,312594
312595,GS10823,2022,2057.0,312596
312597,GS10825,2022,36756.0,312598
312598,GS10826,2022,9493.0,312599
312599,GS10827,2022,9494.0,312600
312600,GS10828,2022,9494.0,312601
312604,GS10832,2022,928.0,312605
312606,GS10866,2022,3122.0,312607
312609,GS10869,2022,2458.0,312610
312610,GS10872,2022,9308.0,312611
312611,GS10873,2022,9582.0,312612
312616,GS10878,2022,44289.0,312617
312617,GS10879,2022,78679.0,312618
312619,GS10885,2022,129542.0,312620
312620,GS10886,2022,56905.0,312621
312621,GS10887,2022,30123.0,312622
312622,GS10888,2022,29707.0,312623
312623,GS10889,2022,33357.0,312624
312624,GS10890,2022,40085.0,312625
312626,GS10897,2022,2933.0,312627
312629,GS10900,2022,20793.0,312630
312630,GS10901,2022,25647.0,312631
312631,GS10902,2022,34406.0,312632
312632,GS10903,2022,52276.0,312633
312633,GS10904,2022,47742.0,312634
312634,GS10905,2022,50013.0,312635
312635,GS10906,2022,48744.0,312636
312636,GS10907,2022,35936.0,312637
312637,GS10908,2022,37504.0,312638
312638,GS10909,2022,39072.0,312639
312639,GS10910,2022,40205.0,312640
312640,GS10911,2022,42640.0,312641
312641,GS10912,2022,42640.0,312642
312642,GS10913,2022,42640.0,312643
312643,GS10914,2022,42640.0,312644
312644,GS10915,2022,32800.0,312645
312645,GS10916,2022,32800.0,312646
312646,GS10917,2022,32800.0,312647
312647,GS10918,2022,32800.0,312648
312648,GS10919,2022,15306.0,312649
312649,GS10920,2022,15306.0,312650
312650,GS10921,2022,14955.0,312651
312651,GS10922,2022,10000.0,312652
312652,GS10923,2022,10000.0,312653
312653,GS10924,2022,9040.0,312654
312654,GS10925,2022,8147.0,312655
312655,GS10926,2022,8363.0,312656
312665,GS10967,2022,592292.0,312666
312666,GS10968,2022,8354.0,312667
312668,GS10970,2022,20889.0,312669
312671,GS10974,2022,54042.0,312672
312672,GS10975,2022,101144.0,312673
312673,GS10976,2022,53369.0,312674
312674,GS10977,2022,53419.0,312675
312675,GS10978,2022,53634.0,312676
312676,GS10979,2022,53512.0,312677
312677,GS10980,2022,54098.0,312678
312678,GS10981,2022,55107.0,312679
312679,GS10982,2022,51845.0,312680
312683,GS10987,2022,15917.0,312684
312684,GS10988,2022,9038.0,312685
312685,GS10989,2022,9045.0,312686
312686,GS10990,2022,8689.0,312687
312687,GS10991,2022,8388.0,312688
312688,GS10992,2022,7203.0,312689
312689,GS10993,2022,5965.0,312690
312690,GS10994,2022,3477.0,312691
312691,GS10995,2022,836.0,312692
312703,GS11007,2022,29021.0,312704
312706,GS11010,2022,47943.0,312707
312707,GS11011,2022,1053.0,312708
312708,GS11012,2022,8526.0,312709
312709,GS11013,2022,7666.0,312710
312710,GS11014,2022,5323.0,312711
312711,GS11015,2022,3801.0,312712
312712,GS11016,2022,3850.0,312713
312713,GS11017,2022,1577.0,312714
312714,GS11018,2022,1152.0,312715
312715,GS11019,2022,236.0,312716
312725,GS11029,2022,10000.0,312726
312733,GS11041,2022,6566.0,312734
312734,GS11042,2022,6242.0,312735
312735,GS11043,2022,6887.0,312736
312736,GS11044,2022,1390.0,312737
312737,GS11046,2022,4420.0,312738
312738,GS11047,2022,2949.0,312739
312739,GS11048,2022,566.0,312740
312740,GS11049,2022,26.0,312741
312759,GS11068,2022,41598.0,312760
312760,GS11070,2022,10000.0,312761
312761,GS11071,2022,10000.0,312762
312762,GS11072,2022,9134.0,312763
312763,GS11073,2022,824.0,312764
312764,GS11074,2022,9827.0,312765
312765,GS11075,2022,36282.0,312766
312787,GS11098,2022,52177.0,312788
312789,GS11133,2022,54005.0,312790
312790,GS11134,2022,54795.0,312791
312791,GS11135,2022,48778.0,312792
312792,GS11136,2022,56548.0,312793
312793,GS11137,2022,47894.0,312794
312794,GS11138,2022,265.0,312795
312796,GS11140,2022,378335.0,312797
312801,GS11145,2022,406815.0,312802
312803,GS11147,2022,34705.0,312804
312804,GS11148,2022,33055.0,312805
312805,GS11149,2022,32765.0,312806
312806,GS11150,2022,23791.0,312807
312807,GS11151,2022,23053.0,312808
312808,GS11152,2022,25854.0,312809
312809,GS11153,2022,20915.0,312810
312811,GS11155,2022,5132.0,312812
312816,GS11166,2022,123.0,312817
312817,GS11167,2022,140176.0,312818
312818,GS11169,2022,12015.0,312819
312819,GS11170,2022,16418.0,312820
312827,GS11179,2022,928.0,312828
312828,GS11180,2022,1456.0,312829
312829,GS11181,2022,1424.0,312830
312830,GS11182,2022,247.0,312831
312834,GS11188,2022,680.0,312835
312836,GS11190,2022,12566.0,312837
312838,GS11192,2022,24113.0,312839
312839,GS11193,2022,36194.0,312840
312840,GS11194,2022,46139.0,312841
312841,GS11195,2022,904.0,312842
312842,GS11196,2022,29680.0,312843
312843,GS11197,2022,23236.0,312844
312844,GS11198,2022,50090.0,312845
312845,GS11199,2022,50321.0,312846
312846,GS11200,2022,47187.0,312847
312848,GS11202,2022,180443.0,312849
312851,GS11205,2022,49854.0,312852
312852,GS11206,2022,21759.0,312853
312853,GS11207,2022,373234.0,312854
312855,GS11209,2022,74116.0,312856
312857,GS11211,2022,4312.0,312858
312858,GS11212,2022,7123.0,312859
312859,GS11213,2022,6439.0,312860
312864,GS11218,2022,36756.0,312865
312867,GS11222,2022,232754.0,312868
312868,GS11223,2022,183968.0,312869
312870,GS11226,2022,188840.0,312871
312871,GS11227,2022,27962.0,312872
312872,GS11228,2022,27132.0,312873
312873,GS11229,2022,24144.0,312874
312874,GS11230,2022,24893.0,312875
312875,GS11231,2022,26690.0,312876
312876,GS11232,2022,23594.0,312877
312877,GS11233,2022,2716.0,312878
312878,GS11234,2022,2614.0,312879
312879,GS11235,2022,2773.0,312880
312880,GS11236,2022,22793.0,312881
312881,GS11237,2022,110494.0,312882
312882,GS11238,2022,208146.0,312883
312883,GS11239,2022,194813.0,312884
312884,GS11240,2022,71528.0,312885
312885,GS11241,2022,12597.0,312886
312889,GS11245,2022,3103.0,312890
312890,GS11246,2022,4601.0,312891
312891,GS11247,2022,5473.0,312892
312895,GS11251,2022,157975.0,312896
312898,GS11255,2022,267250.0,312899
312899,GS11256,2022,369582.0,312900
312900,GS11259,2022,54283.0,312901
312901,GS11260,2022,55145.0,312902
312902,GS11261,2022,56148.0,312903
312903,GS11262,2022,52477.0,312904
312904,GS11263,2022,57881.0,312905
312905,GS11264,2022,46003.0,312906
312906,GS11265,2022,57721.0,312907
312907,GS11266,2022,54631.0,312908
312908,GS11267,2022,51973.0,312909
312909,GS11268,2022,51190.0,312910
312910,GS11269,2022,51595.0,312911
312911,GS11270,2022,53572.0,312912
312912,GS11271,2022,41524.0,312913
312913,GS11272,2022,45724.0,312914
312914,GS11273,2022,49284.0,312915
312915,GS11274,2022,45412.0,312916
312916,GS11275,2022,49791.0,312917
312917,GS11276,2022,49351.0,312918
312918,GS11277,2022,51095.0,312919
312919,GS11278,2022,51373.0,312920
312920,GS11279,2022,57512.0,312921
312921,GS11280,2022,52837.0,312922
312922,GS11281,2022,48369.0,312923
312923,GS11282,2022,45599.0,312924
312924,GS11283,2022,53293.0,312925
312925,GS11284,2022,50100.0,312926
312926,GS11285,2022,50352.0,312927
312927,GS11286,2022,42081.0,312928
312928,GS11287,2022,32004.0,312929
312929,GS11288,2022,53256.0,312930
312930,GS11289,2022,41243.0,312931
312931,GS11290,2022,45735.0,312932
312932,GS11291,2022,47729.0,312933
312933,GS11292,2022,49131.0,312934
312934,GS11293,2022,48653.0,312935
312935,GS11294,2022,49662.0,312936
312936,GS11295,2022,49934.0,312937
312937,GS11296,2022,49128.0,312938
312938,GS11297,2022,49958.0,312939
312939,GS11298,2022,46709.0,312940
312940,GS11299,2022,50477.0,312941
312941,GS11300,2022,48497.0,312942
312942,GS11301,2022,40298.0,312943
312943,GS11302,2022,44455.0,312944
312944,GS11303,2022,45793.0,312945
312945,GS11304,2022,18853.0,312946
312946,GS11305,2022,14896.0,312947
312947,GS11306,2022,53022.0,312948
312948,GS11307,2022,51327.0,312949
312949,GS11308,2022,7232.0,312950
312950,GS11309,2022,36756.0,312951
312951,GS11310,2022,36756.0,312952
312952,GS11311,2022,36756.0,312953
312953,GS11312,2022,36756.0,312954
312954,GS11313,2022,36756.0,312955
312955,GS11314,2022,93941.0,312956
312959,GS11319,2022,2913.0,312960
312962,GS11322,2022,566.0,312963
312965,GS11325,2022,34455.0,312966
312966,GS11326,2022,35891.0,312967
312967,GS11327,2022,34455.0,312968
312971,GS11331,2022,696276.0,312972
312973,GS11334,2022,432051.0,312974
312974,GS11335,2022,51474.0,312975
312975,GS11336,2022,53875.0,312976
312976,GS11337,2022,469036.0,312977
312977,GS11338,2022,73804.0,312978
312979,GS11341,2022,33902.0,312980
312981,GS11344,2022,75074.0,312982
312984,GS11351,2022,39257.0,312985
312985,GS11352,2022,1689.0,312986
312991,GS11358,2022,19772.0,312992
312995,GS11394,2022,16368.0,312996
312997,GS11397,2022,4945.0,312998
312999,GS11400,2022,416968.0,313000
313000,GS11401,2022,165988.0,313001
313001,GS11402,2022,54674.0,313002
313002,GS11403,2022,30138.0,313003
313003,GS11404,2022,80899.0,313004
313004,GS11405,2022,96478.0,313005
313007,GS11409,2022,13337.0,313008
313012,GS11414,2022,130139.0,313013
313013,GS11415,2022,147294.0,313014
313015,GS11417,2022,14426.0,313016
313016,GS11418,2022,14951.0,313017
313017,GS11419,2022,14004.0,313018
313018,GS11420,2022,14122.0,313019
313019,GS11421,2022,351918.0,313020
313022,GS11424,2022,76875.0,313023
313024,GS11426,2022,32540.0,313025
313025,GS11427,2022,46101.0,313026
313026,GS11432,2022,44139.0,313027
313027,GS11433,2022,91650.0,313028
313028,GS11434,2022,44286.0,313029
313031,GS11437,2022,36299.0,313032
313034,GS11440,2022,2616633.0,313035
313035,GS11441,2022,24112.0,313036
313037,GS11447,2022,16375.0,313038
313038,GS11448,2022,7098.0,313039
313040,GS11451,2022,65578.0,313041
313043,GS11455,2022,15930.0,313044
313045,GS11466,2022,4542.0,313046
313050,GS11474,2022,37111.0,313051
313051,GS11475,2022,32023.0,313052
313052,GS11476,2022,43096.0,313053
313053,GS11477,2022,52198.0,313054
313054,GS11478,2022,35858.0,313055
313055,GS11479,2022,39635.0,313056
313056,GS11480,2022,30875.0,313057
313057,GS11481,2022,34020.0,313058
313058,GS11482,2022,341696.0,313059
313062,GS11486,2022,59418.0,313063
313063,GS11488,2022,1181432.0,313064
313064,GS11489,2022,34320.0,313065
313065,GS11490,2022,75890.0,313066
313071,GS11496,2022,52737.0,313072
313079,GS11504,2022,27969.0,313080
313080,GS11505,2022,39116.0,313081
313082,GS11507,2022,1554.0,313083
313108,GS11537,2022,43344.0,313109
313109,GS11538,2022,65671.0,313110
313110,GS11539,2022,35294.0,313111
313116,GS11547,2022,2576.0,313117
313117,GS11548,2022,1624.0,313118
313118,GS11549,2022,1422.0,313119
313120,GS11551,2022,463407.0,313121
313123,GS11557,2022,648497.0,313124
313124,GS11558,2022,233623.0,313125
313125,GS11559,2022,55130.0,313126
313126,GS11560,2022,53811.0,313127
313127,GS11561,2022,173371.0,313128
313129,GS11564,2022,83745.0,313130
313133,GS11568,2022,28346.0,313134
313136,GS11571,2022,677123.0,313137
313137,GS11572,2022,677123.0,313138
313150,GS11593,2022,202986.0,313151
313151,GS11594,2022,10.0,313152
313152,GS11595,2022,282331.0,313153
313153,GS11596,2022,317580.0,313154
313156,GS11603,2022,21779.0,313157
313157,GS11604,2022,4661.0,313158
313159,GS11606,2022,21423.0,313160
313161,GS11608,2022,32626.0,313162
313162,GS11609,2022,32855.0,313163
313163,GS11610,2022,32581.0,313164
313164,GS11611,2022,32485.0,313165
313165,GS11612,2022,32969.0,313166
313166,GS11613,2022,23218.0,313167
313167,GS11614,2022,116803.0,313168
313169,GS11617,2022,36877.0,313170
313170,GS11618,2022,36640.0,313171
313171,GS11619,2022,1640.0,313172
313175,GS11624,2022,100812.0,313176
313176,GS11627,2022,51.0,313177
313177,GS11628,2022,36756.0,313178
313178,GS11629,2022,36756.0,313179
313179,GS11630,2022,36756.0,313180
313180,GS11631,2022,36756.0,313181
313181,GS11632,2022,36152.0,313182
313182,GS11633,2022,32573.0,313183
313183,GS11634,2022,27283.0,313184
313187,GS11640,2022,34800.0,313188
313189,GS11644,2022,6393.0,313190
313190,GS11645,2022,7677.0,313191
313191,GS11646,2022,7000.0,313192
313192,GS11647,2022,1082.0,313193
313197,GS11655,2022,52517.0,313198
313198,GS11656,2022,53755.0,313199
313203,GS11662,2022,408612.0,313204
313205,GS11664,2022,1.0,313206
313209,GS11671,2022,396603.0,313210
313210,GS11672,2022,15864.0,313211
313211,GS11673,2022,29632.0,313212
313212,GS11674,2022,354508.0,313213
313222,GS11691,2022,46023.0,313223
313223,GS11692,2022,13392.0,313224
313224,GS11693,2022,105681.0,313225
313225,GS11694,2022,6434.0,313226
313240,GS11709,2022,10867.0,313241
313247,GS11722,2022,53969.0,313248
313252,GS11728,2022,251890.0,313253
313255,GS11731,2022,17313.0,313256
313256,GS11732,2022,23159.0,313257
313262,GS11744,2022,9783.0,313263
313263,GS11745,2022,9784.0,313264
313264,GS11747,2022,9785.0,313265
313265,GS11748,2022,9783.0,313266
313266,GS11749,2022,9783.0,313267
313267,GS11750,2022,9785.0,313268
313268,GS11751,2022,9785.0,313269
313269,GS11752,2022,9783.0,313270
313270,GS11753,2022,9468.0,313271
313271,GS11754,2022,9410.0,313272
313272,GS11755,2022,9407.0,313273
313273,GS11756,2022,9408.0,313274
313274,GS11757,2022,9409.0,313275
313275,GS11758,2022,9411.0,313276
313276,GS11759,2022,9408.0,313277
313277,GS11760,2022,8838.0,313278
313278,GS11761,2022,8576.0,313279
313279,GS11762,2022,8576.0,313280
313280,GS11763,2022,8576.0,313281
313281,GS11764,2022,8576.0,313282
313282,GS11765,2022,8577.0,313283
313283,GS11766,2022,8577.0,313284
313284,GS11767,2022,8311.0,313285
313285,GS11768,2022,7825.0,313286
313286,GS11769,2022,7825.0,313287
313287,GS11770,2022,7825.0,313288
313288,GS11771,2022,7825.0,313289
313289,GS11772,2022,7827.0,313290
313290,GS11773,2022,7825.0,313291
313291,GS11774,2022,7825.0,313292
313292,GS11775,2022,7359.0,313293
313293,GS11776,2022,6992.0,313294
313294,GS11777,2022,6992.0,313295
313295,GS11778,2022,6992.0,313296
313296,GS11779,2022,6994.0,313297
313297,GS11780,2022,6993.0,313298
313298,GS11781,2022,6993.0,313299
313299,GS11782,2022,6344.0,313300
313300,GS11783,2022,6187.0,313301
313301,GS11784,2022,6186.0,313302
313302,GS11785,2022,4592.0,313303
313313,GS11802,2022,660.0,313314
313314,GS11807,2022,9784.0,313315
313316,GS11809,2022,5363.0,313317
313317,GS11810,2022,5958.0,313318
313318,GS11811,2022,6524.0,313319
313319,GS11812,2022,4354.0,313320
313320,GS11813,2022,787.0,313321
313322,GS11816,2022,258.0,313323
313323,GS11817,2022,608.0,313324
313325,GS11835,2022,6188.0,313326
313326,GS11836,2022,6188.0,313327
313327,GS11837,2022,5957.0,313328
313328,GS11838,2022,5355.0,313329
313329,GS11839,2022,5355.0,313330
313330,GS11840,2022,5354.0,313331
313331,GS11841,2022,5355.0,313332
313332,GS11842,2022,5356.0,313333
313333,GS11843,2022,5355.0,313334
313334,GS11844,2022,4648.0,313335
313335,GS11845,2022,4549.0,313336
313336,GS11846,2022,4550.0,313337
313337,GS11847,2022,4550.0,313338
313338,GS11848,2022,60.0,313339
313339,GS11849,2022,36.0,313340
313340,GS11850,2022,36.0,313341
313341,GS11851,2022,36.0,313342
313342,GS11852,2022,36.0,313343
313343,GS11853,2022,36.0,313344
313345,GS11855,2022,27630.0,313346
313349,GS11861,2022,18677.0,313350
313350,GS11863,2022,2912.0,313351
313360,GS11877,2022,3872.0,313361
313361,GS11878,2022,5055.0,313362
313362,GS11879,2022,38658.0,313363
313363,GS11880,2022,29973.0,313364
313364,GS11881,2022,12197.0,313365
313365,GS11882,2022,26.0,313366
313374,GS11891,2022,53349.0,313375
313375,GS11892,2022,57456.0,313376
313377,GS11894,2022,22182.0,313378
313378,GS11895,2022,51766.0,313379
313379,GS11896,2022,50619.0,313380
313380,GS11897,2022,33183.0,313381
313381,GS11898,2022,7624.0,313382
313388,GS11906,2022,1560.0,313389
313389,GS11907,2022,3859.0,313390
313390,GS11908,2022,2184.0,313391
313391,GS11909,2022,6534.0,313392
313392,GS11910,2022,12597.0,313393
313393,GS11911,2022,15244.0,313394
313394,GS11912,2022,19480.0,313395
313395,GS11913,2022,22473.0,313396
313396,GS11914,2022,20474.0,313397
313397,GS11915,2022,31061.0,313398
313398,GS11916,2022,30911.0,313399
313399,GS11917,2022,24412.0,313400
313400,GS11918,2022,26515.0,313401
313401,GS11919,2022,29253.0,313402
313402,GS11920,2022,30535.0,313403
313403,GS11921,2022,19512.0,313404
313404,GS11922,2022,29441.0,313405
313405,GS11923,2022,30724.0,313406
313406,GS11924,2022,33906.0,313407
313407,GS11925,2022,2619.0,313408
313408,GS11926,2022,32541.0,313409
313409,GS11927,2022,22314.0,313410
313410,GS11928,2022,6069.0,313411
313411,GS11929,2022,13878.0,313412
313412,GS11930,2022,32879.0,313413
313413,GS11931,2022,32165.0,313414
313414,GS11932,2022,30396.0,313415
313415,GS11933,2022,24005.0,313416
313417,GS11935,2022,1605.0,313418
313424,GS11947,2022,16728.0,313425
313427,GS11950,2022,10000.0,313428
313428,GS11951,2022,10000.0,313429
313429,GS11952,2022,1834.0,313430
313435,GS11968,2022,153650.0,313436
313438,GS11972,2022,179284.0,313439
313443,GS11983,2022,340.0,313444
313446,GS11986,2022,36.0,313447
313448,GS11988,2022,10950.0,313449
313454,GS11994,2022,719.0,313455
313456,GS11996,2022,17029.0,313457
313457,GS11998,2022,11308.0,313458
313458,GS11999,2022,11221.0,313459
313459,GS12000,2022,11180.0,313460
313460,GS12001,2022,9874.0,313461
313461,GS12002,2022,11750.0,313462
313462,GS12003,2022,10739.0,313463
313463,GS12004,2022,5829.0,313464
313464,GS12005,2022,3589.0,313465
313465,GS12006,2022,4346.0,313466
313466,GS12007,2022,4346.0,313467
313467,GS12008,2022,4149.0,313468
313468,GS12009,2022,4654.0,313469
313469,GS12010,2022,1525.0,313470
313470,GS12011,2022,9142.0,313471
313472,GS12015,2022,36905.0,313473
313474,GS12017,2022,17189.0,313475
313475,GS12018,2022,17574.0,313476
313476,GS12019,2022,12119.0,313477
313477,GS12020,2022,15317.0,313478
313479,GS12023,2022,908.0,313480
313486,GS12031,2022,7354.0,313487
313500,GS12045,2022,195203.0,313501
313502,GS12047,2022,766754.0,313503
313503,GS12048,2022,6154.0,313504
313505,GS12050,2022,3226.0,313506
313509,GS12054,2022,8793.0,313510
313513,GS12062,2022,724378.0,313514
313515,GS12064,2022,3238.0,313516
313516,GS12065,2022,221806.0,313517
313518,GS12067,2022,54554.0,313519
313523,GS12073,2022,37406.0,313524
313534,GS12084,2022,1629.0,313535
313551,GS12111,2022,5928.0,313552
313552,GS12112,2022,519334.0,313553
313554,GS12114,2022,11186.0,313555
313559,GS12119,2022,163503.0,313560
313563,GS12123,2022,21152.0,313564
313564,GS12124,2022,18718.0,313565
313565,GS12125,2022,16713.0,313566
313566,GS12126,2022,14897.0,313567
313567,GS12127,2022,12008.0,313568
313568,GS12128,2022,10519.0,313569
313569,GS12129,2022,8805.0,313570
313570,GS12130,2022,6228.0,313571
313571,GS12131,2022,3121.0,313572
313572,GS12132,2022,254.0,313573
313577,GS12137,2022,1619.0,313578
313584,GS12146,2022,21.0,313585
313585,GS12147,2022,62800.0,313586
313595,GS12161,2022,211.0,313596
313625,GS12197,2022,473.0,313626
313652,GS12227,2022,11775.0,313653
313665,GS12241,2022,2229.0,313666
313666,GS12242,2022,1042.0,313667
313667,GS12243,2022,17101.0,313668
313698,GS12277,2022,5935.0,313699
313699,GS12278,2022,5364.0,313700
313700,GS12279,2022,4032.0,313701
313704,GS12285,2022,52906.0,313705
313706,GS12287,2022,542.0,313707
313716,GS12302,2022,4087.0,313717
313717,GS12303,2022,2961.0,313718
313721,GS12307,2022,616.0,313722
313731,GS12317,2022,2659.0,313732
313747,GS12339,2022,82444.0,313748
313764,GS12360,2022,69.0,313765
313853,GS12460,2022,11334.0,313854
313854,GS12461,2022,7739.0,313855
313871,GS12482,2022,84226.0,313872
313995,GS12670,2022,320746.0,313996
314015,GS12701,2022,382.0,314016
314016,GS12702,2022,306.0,314017
314017,GS12703,2022,179.0,314018
314156,GS12875,2022,128964.0,314157
314831,VCS5,2022,22864.0,314832
314857,VCS33,2022,7326.0,314858
314889,VCS65,2022,3092.0,314890
314915,VCS92,2022,1256982.0,314916
314916,VCS93,2022,236245.0,314917
314959,VCS138,2022,137028.0,314960
314964,VCS143,2022,4323.0,314965
315110,VCS292,2022,203336.0,315111
315135,VCS318,2022,77728.0,315136
315152,VCS335,2022,17873.0,315153
315153,VCS336,2022,15201.0,315154
315154,VCS337,2022,21119.0,315155
315197,VCS380,2022,17631.0,315198
315198,VCS381,2022,12693.0,315199
315208,VCS391,2022,14926.0,315209
315231,VCS414,2022,40077.0,315232
315232,VCS415,2022,3853.0,315233
315233,VCS416,2022,38379.0,315234
315244,VCS427,2022,58253.0,315245
315245,VCS428,2022,3626.0,315246
315258,VCS441,2022,36758.0,315259
315265,VCS448,2022,34158.0,315266
315272,VCS455,2022,9800.0,315273
315306,VCS489,2022,52883.0,315307
315327,VCS510,2022,6046.0,315328
315331,VCS514,2022,13098.0,315332
315375,VCS558,2022,9405.0,315376
315379,VCS562,2022,195918.0,315380
315420,VCS603,2022,7436.0,315421
315429,VCS612,2022,1642971.0,315430
315435,VCS618,2022,111276.0,315436
315455,VCS638,2022,8788.0,315456
315457,VCS640,2022,35333.0,315458
315489,VCS672,2022,72730.0,315490
315490,VCS673,2022,34935.0,315491
315499,VCS682,2022,3280.0,315500
315517,VCS700,2022,29618.0,315518
315518,VCS701,2022,20297.0,315519
315523,VCS706,2022,9723.0,315524
315567,VCS752,2022,211.0,315568
315568,VCS753,2022,140675.0,315569
315570,VCS755,2022,52006.0,315571
315573,VCS758,2022,16633.0,315574
315574,VCS759,2022,9626.0,315575
315611,VCS796,2022,3628.0,315612
315629,VCS814,2022,41123.0,315630
315634,VCS819,2022,11874.0,315635
315648,VCS833,2022,33036.0,315649
315649,VCS834,2022,44595.0,315650
315655,VCS840,2022,18172.0,315656
315687,VCS872,2022,45132.0,315688
315690,VCS875,2022,205497.0,315691
315694,VCS879,2022,2717.0,315695
315720,VCS905,2022,69659.0,315721
315724,VCS909,2022,39756.0,315725
315725,VCS910,2022,83155.0,315726
315726,VCS911,2022,73020.0,315727
315732,VCS917,2022,70058.0,315733
315740,VCS925,2022,1879.0,315741
315741,VCS926,2022,2868.0,315742
315742,VCS927,2022,3696.0,315743
315743,VCS928,2022,39876.0,315744
315744,VCS929,2022,745534.0,315745
315749,VCS934,2022,2604452.0,315750
315762,VCS947,2022,65494.0,315763
315789,VCS974,2022,1720.0,315790
315802,VCS987,2022,185931.0,315803
315809,VCS994,2022,4771.0,315810
315816,VCS1001,2022,68356.0,315817
315826,VCS1012,2022,5950.0,315827
315829,VCS1015,2022,1402.0,315830
315834,VCS1020,2022,3949.0,315835
315835,VCS1021,2022,1233.0,315836
315836,VCS1022,2022,1207.0,315837
315837,VCS1023,2022,3703.0,315838
315838,VCS1024,2022,1722.0,315839
315840,VCS1026,2022,7197.0,315841
315859,VCS1045,2022,39158.0,315860
315864,VCS1050,2022,20978.0,315865
315895,VCS1081,2022,8873.0,315896
315914,VCS1100,2022,346536.0,315915
315923,VCS1109,2022,2115.0,315924
315941,VCS1127,2022,4997.0,315942
315942,VCS1128,2022,49973.0,315943
315947,VCS1133,2022,84.0,315948
315955,VCS1141,2022,25990.0,315956
315967,VCS1153,2022,1077.0,315968
315987,VCS1174,2022,22241.0,315988
315997,VCS1184,2022,100132.0,315998
315998,VCS1185,2022,6559.0,315999
316004,VCS1191,2022,11274.0,316005
316007,VCS1194,2022,7045.0,316008
316015,VCS1202,2022,260011.0,316016
316020,VCS1207,2022,2496.0,316021
316023,VCS1210,2022,39235.0,316024
316024,VCS1211,2022,5745.0,316025
316027,VCS1214,2022,10351.0,316028
316029,VCS1216,2022,82784.0,316030
316044,VCS1231,2022,30871.0,316045
316045,VCS1232,2022,25336.0,316046
316053,VCS1240,2022,196280.0,316054
316054,VCS1241,2022,5630.0,316055
316067,VCS1254,2022,4825.0,316068
316070,VCS1257,2022,281855.0,316071
316071,VCS1258,2022,228628.0,316072
316102,VCS1289,2022,88922.0,316103
316112,VCS1300,2022,39543.0,316113
316120,VCS1308,2022,87787.0,316121
316131,VCS1319,2022,44917.0,316132
316134,VCS1322,2022,73500.0,316135
316140,VCS1328,2022,37768.0,316141
316142,VCS1330,2022,25605.0,316143
316157,VCS1345,2022,146413.0,316158
316160,VCS1348,2022,55703.0,316161
316161,VCS1349,2022,69496.0,316162
316166,VCS1354,2022,36616.0,316167
316174,VCS1362,2022,69025.0,316175
316176,VCS1364,2022,80522.0,316177
316189,VCS1377,2022,10071.0,316190
316192,VCS1380,2022,162941.0,316193
316198,VCS1386,2022,46576.0,316199
316216,VCS1404,2022,79328.0,316217
316225,VCS1413,2022,1750.0,316226
316248,VCS1437,2022,30816.0,316249
316249,VCS1438,2022,23644.0,316250
316250,VCS1439,2022,28850.0,316251
316255,VCS1444,2022,84396.0,316256
316275,VCS1465,2022,88832.0,316276
316284,VCS1477,2022,2400000.0,316285
316286,VCS1479,2022,91208.0,316287
316287,VCS1480,2022,94700.0,316288
316288,VCS1481,2022,91840.0,316289
316289,VCS1482,2022,73246.0,316290
316290,VCS1483,2022,21304.0,316291
316300,VCS1495,2022,26085.0,316301
316301,VCS1496,2022,38366.0,316302
316302,VCS1497,2022,237566.0,316303
316305,VCS1500,2022,13576.0,316306
316323,VCS1519,2022,60375.0,316324
316324,VCS1520,2022,96492.0,316325
316325,VCS1521,2022,283336.0,316326
316326,VCS1522,2022,818203.0,316327
316327,VCS1523,2022,75646.0,316328
316338,VCS1535,2022,23082.0,316339
316351,VCS1549,2022,20808.0,316352
316360,VCS1560,2022,393167.0,316361
316368,VCS1569,2022,59055.0,316369
316370,VCS1571,2022,214558.0,316371
316371,VCS1572,2022,70289.0,316372
316375,VCS1579,2022,21784.0,316376
316377,VCS1582,2022,179823.0,316378
316382,VCS1622,2022,689651.0,316383
316395,VCS1660,2022,68466.0,316396
316400,VCS1665,2022,13806.0,316401
316403,VCS1669,2022,30512.0,316404
316404,VCS1670,2022,26052.0,316405
316405,VCS1671,2022,94949.0,316406
316413,VCS1679,2022,22423.0,316414
316417,VCS1683,2022,18642.0,316418
316418,VCS1684,2022,3894.0,316419
316439,VCS1709,2022,271888.0,316440
316443,VCS1716,2022,55332.0,316444
316446,VCS1720,2022,54766.0,316447
316447,VCS1721,2022,67525.0,316448
316448,VCS1723,2022,112832.0,316449
316450,VCS1728,2022,701584.0,316451
316453,VCS1732,2022,43968.0,316454
316454,VCS1733,2022,70358.0,316455
316455,VCS1734,2022,36513.0,316456
316457,VCS1736,2022,215693.0,316458
316460,VCS1740,2022,144871.0,316461
316462,VCS1742,2022,3010154.0,316463
316465,VCS1745,2022,71309.0,316466
316471,VCS1753,2022,753030.0,316472
316472,VCS1754,2022,478595.0,316473
316474,VCS1759,2022,42489.0,316475
316476,VCS1762,2022,218429.0,316477
316477,VCS1764,2022,48439.0,316478
316479,VCS1766,2022,11140.0,316480
316480,VCS1767,2022,125301.0,316481
316483,VCS1770,2022,194719.0,316484
316486,VCS1774,2022,28130.0,316487
316487,VCS1775,2022,1385414.0,316488
316488,VCS1776,2022,72186.0,316489
316493,VCS1784,2022,544516.0,316494
316494,VCS1786,2022,277289.0,316495
316495,VCS1787,2022,152383.0,316496
316496,VCS1788,2022,177534.0,316497
316497,VCS1789,2022,94029.0,316498
316498,VCS1790,2022,224191.0,316499
316499,VCS1791,2022,146403.0,316500
316500,VCS1792,2022,951968.0,316501
316501,VCS1793,2022,234076.0,316502
316502,VCS1794,2022,8109.0,316503
316507,VCS1800,2022,32128.0,316508
316509,VCS1803,2022,28626.0,316510
316510,VCS1804,2022,15003.0,316511
316511,VCS1805,2022,2514594.0,316512
316517,VCS1812,2022,409442.0,316518
316521,VCS1817,2022,46791.0,316522
316523,VCS1820,2022,261415.0,316524
316525,VCS1822,2022,27140.0,316526
316526,VCS1823,2022,38520.0,316527
316533,VCS1830,2022,16570.0,316534
316534,VCS1831,2022,37277.0,316535
316552,VCS1851,2022,1731715.0,316553
316553,VCS1852,2022,10466.0,316554
316554,VCS1853,2022,22074.0,316555
316555,VCS1854,2022,26363.0,316556
316557,VCS1856,2022,181568.0,316558
316567,VCS1867,2022,746296.0,316568
316576,VCS1878,2022,8154.0,316577
316581,VCS1884,2022,1015.0,316582
316582,VCS1885,2022,24869.0,316583
316586,VCS1890,2022,426456.0,316587
316592,VCS1897,2022,386228.0,316593
316593,VCS1898,2022,151735.0,316594
316595,VCS1900,2022,224483.0,316596
316598,VCS1903,2022,249042.0,316599
316599,VCS1904,2022,633136.0,316600
316600,VCS1905,2022,64932.0,316601
316601,VCS1906,2022,78314.0,316602
316602,VCS1907,2022,200988.0,316603
316603,VCS1908,2022,113294.0,316604
316606,VCS1911,2022,29029.0,316607
316608,VCS1913,2022,7691.0,316609
316609,VCS1914,2022,299795.0,316610
316610,VCS1915,2022,21598.0,316611
316611,VCS1916,2022,6813.0,316612
316616,VCS1921,2022,35919.0,316617
316618,VCS1923,2022,21773.0,316619
316620,VCS1925,2022,10472.0,316621
316621,VCS1926,2022,11341.0,316622
316624,VCS1931,2022,916208.0,316625
316625,VCS1933,2022,15717.0,316626
316636,VCS1945,2022,9417.0,316637
316637,VCS1946,2022,57431.0,316638
316638,VCS1947,2022,102757.0,316639
316640,VCS1949,2022,251421.0,316641
316641,VCS1950,2022,409302.0,316642
316645,VCS1954,2022,82821.0,316646
316648,VCS1958,2022,60755.0,316649
316649,VCS1959,2022,14332.0,316650
316650,VCS1960,2022,3515.0,316651
316654,VCS1964,2022,57552.0,316655
316655,VCS1965,2022,55299.0,316656
316660,VCS1970,2022,75505.0,316661
316661,VCS1971,2022,23110.0,316662
316664,VCS1974,2022,58189.0,316665
316665,VCS1975,2022,76071.0,316666
316672,VCS1982,2022,73047.0,316673
316675,VCS1985,2022,76818.0,316676
316677,VCS1987,2022,430346.0,316678
316679,VCS1989,2022,33346.0,316680
316680,VCS1990,2022,79054.0,316681
316683,VCS1993,2022,240536.0,316684
316686,VCS1996,2022,93910.0,316687
316687,VCS1997,2022,137345.0,316688
316688,VCS1998,2022,160485.0,316689
316689,VCS1999,2022,115929.0,316690
316690,VCS2000,2022,130849.0,316691
316691,VCS2001,2022,61071.0,316692
316692,VCS2002,2022,136284.0,316693
316693,VCS2003,2022,58447.0,316694
316697,VCS2007,2022,56641.0,316698
316698,VCS2008,2022,23938.0,316699
316709,VCS2019,2022,316741.0,316710
316710,VCS2020,2022,439993.0,316711
316723,VCS2033,2022,6116.0,316724
316729,VCS2039,2022,137752.0,316730
316730,VCS2040,2022,57936.0,316731
316732,VCS2042,2022,329047.0,316733
316742,VCS2052,2022,196036.0,316743
316747,VCS2057,2022,94965.0,316748
316748,VCS2058,2022,36605.0,316749
316749,VCS2059,2022,172477.0,316750
316755,VCS2065,2022,300189.0,316756
316759,VCS2069,2022,568147.0,316760
316762,VCS2072,2022,2221.0,316763
316763,VCS2073,2022,157533.0,316764
316779,VCS2093,2022,1527.0,316780
316780,VCS2094,2022,47090.0,316781
316783,VCS2097,2022,67904.0,316784
316802,VCS2250,2022,1241414.0,316803
316806,VCS2259,2022,39174.0,316807
316808,VCS2261,2022,30334.0,316809
316820,VCS2299,2022,55239.0,316821
316824,VCS2303,2022,18281.0,316825
316828,VCS2307,2022,23126.0,316829
316829,VCS2308,2022,23557.0,316830
316830,VCS2309,2022,26741.0,316831
316832,VCS2311,2022,33768.0,316833
316833,VCS2312,2022,34225.0,316834
316834,VCS2313,2022,34893.0,316835
316835,VCS2314,2022,35112.0,316836
316836,VCS2315,2022,36608.0,316837
316840,VCS2319,2022,17888.0,316841
316843,VCS2322,2022,8824.0,316844
316853,VCS2335,2022,89035.0,316854
316854,VCS2336,2022,9985.0,316855
316855,VCS2337,2022,46083.0,316856
316858,VCS2340,2022,393480.0,316859
316859,VCS2341,2022,814907.0,316860
316860,VCS2342,2022,1771121.0,316861
316862,VCS2345,2022,303235.0,316863
316865,VCS2348,2022,20241.0,316866
316866,VCS2349,2022,331705.0,316867
316867,VCS2350,2022,31450.0,316868
316868,VCS2351,2022,130939.0,316869
316869,VCS2352,2022,160405.0,316870
316870,VCS2353,2022,145516.0,316871
316871,VCS2354,2022,55188.0,316872
316872,VCS2355,2022,141117.0,316873
316874,VCS2357,2022,21991.0,316875
316875,VCS2358,2022,56190.0,316876
316878,VCS2361,2022,149657.0,316879
316881,VCS2365,2022,13703.0,316882
316882,VCS2366,2022,627628.0,316883
316883,VCS2367,2022,58520.0,316884
316884,VCS2369,2022,38621.0,316885
316886,VCS2371,2022,582471.0,316887
316887,VCS2372,2022,2955081.0,316888
316898,VCS2383,2022,35379.0,316899
316899,VCS2384,2022,184298.0,316900
316905,VCS2390,2022,11047.0,316906
316916,VCS2401,2022,95374.0,316917
316917,VCS2402,2022,400216.0,316918
316924,VCS2409,2022,146182.0,316925
316925,VCS2410,2022,84361.0,316926
316927,VCS2412,2022,11334.0,316928
316929,VCS2414,2022,60886.0,316930
316948,VCS2434,2022,17964.0,316949
316966,VCS2452,2022,55913.0,316967
316967,VCS2455,2022,75212.0,316968
316968,VCS2457,2022,30918.0,316969
316974,VCS2464,2022,266529.0,316975
316978,VCS2468,2022,133506.0,316979
316979,VCS2469,2022,29347.0,316980
316982,VCS2473,2022,51230.0,316983
316988,VCS2479,2022,1045.0,316989
316995,VCS2487,2022,35746.0,316996
316996,VCS2489,2022,37643.0,316997
316997,VCS2490,2022,38931.0,316998
316998,VCS2491,2022,39759.0,316999
316999,VCS2492,2022,38045.0,317000
317000,VCS2493,2022,36423.0,317001
317006,VCS2499,2022,25228.0,317007
317009,VCS2502,2022,527068.0,317010
317010,VCS2503,2022,38933.0,317011
317012,VCS2505,2022,805990.0,317013
317015,VCS2508,2022,332154.0,317016
317019,VCS2512,2022,52598.0,317020
317022,VCS2516,2022,15825.0,317023
317027,VCS2521,2022,94224.0,317028
317028,VCS2522,2022,207077.0,317029
317029,VCS2523,2022,203231.0,317030
317030,VCS2525,2022,10875.0,317031
317036,VCS2532,2022,247971.0,317037
317037,VCS2533,2022,338883.0,317038
317039,VCS2535,2022,10579.0,317040
317041,VCS2537,2022,11279.0,317042
317047,VCS2548,2022,264041.0,317048
317049,VCS2551,2022,2198904.0,317050
317055,VCS2557,2022,138378.0,317056
317056,VCS2558,2022,445886.0,317057
317066,VCS2573,2022,34833.0,317067
317071,VCS2581,2022,838539.0,317072
317072,VCS2582,2022,19625.0,317073
317077,VCS2588,2022,225897.0,317078
317078,VCS2590,2022,11579.0,317079
317079,VCS2591,2022,30292.0,317080
317080,VCS2592,2022,23121.0,317081
317081,VCS2593,2022,12828.0,317082
317082,VCS2594,2022,36750.0,317083
317083,VCS2595,2022,36925.0,317084
317089,VCS2601,2022,46383.0,317090
317090,VCS2603,2022,696819.0,317091
317092,VCS2605,2022,849138.0,317093
317095,VCS2608,2022,207309.0,317096
317096,VCS2609,2022,788266.0,317097
317098,VCS2611,2022,1119766.0,317099
317101,VCS2614,2022,55289.0,317102
317120,VCS2635,2022,425332.0,317121
317121,VCS2636,2022,422148.0,317122
317127,VCS2647,2022,75.0,317128
317128,VCS2649,2022,1481.0,317129
317135,VCS2657,2022,491554.0,317136
317137,VCS2659,2022,263791.0,317138
317141,VCS2664,2022,215035.0,317142
317146,VCS2671,2022,46743.0,317147
317147,VCS2672,2022,47209.0,317148
317148,VCS2673,2022,4812.0,317149
317151,VCS2676,2022,130529.0,317152
317155,VCS2680,2022,11322.0,317156
317160,VCS2685,2022,36130.0,317161
317161,VCS2687,2022,36995.0,317162
317162,VCS2688,2022,35391.0,317163
317163,VCS2689,2022,36558.0,317164
317164,VCS2690,2022,36206.0,317165
317165,VCS2691,2022,268112.0,317166
317166,VCS2692,2022,367.0,317167
317167,VCS2693,2022,29746.0,317168
317169,VCS2695,2022,331101.0,317170
317170,VCS2696,2022,167962.0,317171
317174,VCS2700,2022,384096.0,317175
317175,VCS2701,2022,38339.0,317176
317180,VCS2706,2022,118757.0,317181
317181,VCS2707,2022,15996.0,317182
317182,VCS2708,2022,1151.0,317183
317184,VCS2710,2022,179609.0,317185
317185,VCS2711,2022,320723.0,317186
317186,VCS2712,2022,877513.0,317187
317187,VCS2713,2022,837995.0,317188
317200,VCS2728,2022,29501.0,317201
317203,VCS2731,2022,105582.0,317204
317206,VCS2734,2022,50016.0,317207
317207,VCS2735,2022,225828.0,317208
317208,VCS2736,2022,1479035.0,317209
317209,VCS2737,2022,1124521.0,317210
317210,VCS2738,2022,873809.0,317211
317211,VCS2739,2022,371861.0,317212
317216,VCS2744,2022,3294.0,317217
317218,VCS2746,2022,312451.0,317219
317221,VCS2750,2022,1057.0,317222
317222,VCS2751,2022,6763.0,317223
317233,VCS2762,2022,305501.0,317234
317238,VCS2768,2022,293038.0,317239
317242,VCS2772,2022,34117.0,317243
317243,VCS2773,2022,34170.0,317244
317244,VCS2774,2022,34448.0,317245
317245,VCS2775,2022,33530.0,317246
317246,VCS2776,2022,25959.0,317247
317247,VCS2777,2022,35109.0,317248
317248,VCS2778,2022,18665.0,317249
317249,VCS2779,2022,33850.0,317250
317250,VCS2780,2022,8233.0,317251
317258,VCS2789,2022,74774.0,317259
317262,VCS2794,2022,238264.0,317263
317292,VCS2825,2022,34124.0,317293
317293,VCS2826,2022,34454.0,317294
317294,VCS2827,2022,36510.0,317295
317295,VCS2828,2022,583465.0,317296
317299,VCS2833,2022,670.0,317300
317301,VCS2835,2022,54387.0,317302
317302,VCS2836,2022,53703.0,317303
317303,VCS2837,2022,59275.0,317304
317304,VCS2838,2022,11747.0,317305
317305,VCS2839,2022,10212.0,317306
317306,VCS2840,2022,73802.0,317307
317312,VCS2846,2022,155627.0,317313
317314,VCS2848,2022,31603.0,317315
317327,VCS2861,2022,33484.0,317328
317328,VCS2862,2022,36965.0,317329
317329,VCS2863,2022,87537.0,317330
317330,VCS2864,2022,43027.0,317331
317332,VCS2866,2022,44825.0,317333
317334,VCS2868,2022,73667.0,317335
317344,VCS2878,2022,495805.0,317345
317345,VCS2879,2022,18019.0,317346
317346,VCS2880,2022,8451.0,317347
317352,VCS2886,2022,45551.0,317353
317353,VCS2887,2022,2186791.0,317354
317354,VCS2888,2022,49272.0,317355
317356,VCS2890,2022,196545.0,317357
317362,VCS2897,2022,165789.0,317363
317383,VCS2922,2022,45117.0,317384
317384,VCS2923,2022,1256971.0,317385
317386,VCS2925,2022,356611.0,317387
317390,VCS2930,2022,4135618.0,317391
317391,VCS2931,2022,97440.0,317392
317398,VCS2938,2022,33118.0,317399
317399,VCS2939,2022,179140.0,317400
317401,VCS2941,2022,214471.0,317402
317402,VCS2942,2022,148546.0,317403
317403,VCS2943,2022,24175.0,317404
317404,VCS2944,2022,164300.0,317405
317411,VCS2951,2022,45116.0,317412
317416,VCS2957,2022,25274.0,317417
317426,VCS2971,2022,4393.0,317427
317434,VCS2981,2022,124606.0,317435
317437,VCS2984,2022,21536.0,317438
317441,VCS2989,2022,33475.0,317442
317448,VCS2998,2022,101570.0,317449
317450,VCS3000,2022,161752.0,317451
317452,VCS3002,2022,60866.0,317453
317455,VCS3005,2022,100897.0,317456
317456,VCS3006,2022,25287.0,317457
317457,VCS3007,2022,1905.0,317458
317461,VCS3011,2022,57293.0,317462
317466,VCS3016,2022,62113.0,317467
317467,VCS3017,2022,7826.0,317468
317469,VCS3019,2022,853.0,317470
317470,VCS3020,2022,50855.0,317471
317471,VCS3021,2022,310380.0,317472
317474,VCS3025,2022,91620.0,317475
317487,VCS3041,2022,35.0,317488
317490,VCS3046,2022,59759.0,317491
317491,VCS3047,2022,36533.0,317492
317495,VCS3052,2022,33462.0,317496
317499,VCS3056,2022,51856.0,317500
317502,VCS3059,2022,23890.0,317503
317505,VCS3063,2022,36464.0,317506
317511,VCS3069,2022,21229.0,317512
317520,VCS3078,2022,18825.0,317521
317534,VCS3092,2022,20806.0,317535
317538,VCS3096,2022,23088.0,317539
317540,VCS3099,2022,2887.0,317541
317542,VCS3101,2022,10000.0,317543
317550,VCS3109,2022,6849.0,317551
317555,VCS3115,2022,298712.0,317556
317556,VCS3116,2022,22090.0,317557
317592,VCS3154,2022,19194.0,317593
317596,VCS3158,2022,145710.0,317597
317598,VCS3160,2022,50118.0,317599
317599,VCS3161,2022,50352.0,317600
317643,VCS3207,2022,21689.0,317644
317655,VCS3220,2022,3540.0,317656
317660,VCS3225,2022,137722.0,317661
317674,VCS3239,2022,28949.0,317675
317675,VCS3240,2022,47007.0,317676
317679,VCS3244,2022,60786.0,317680
317680,VCS3245,2022,24487.0,317681
317695,VCS3262,2022,100959.0,317696
317715,VCS3282,2022,20084.0,317716
317719,VCS3286,2022,645.0,317720
317729,VCS3298,2022,46567.0,317730
317739,VCS3308,2022,56564.0,317740
317772,VCS3342,2022,11308.0,317773
317775,VCS3346,2022,46050.0,317776
317777,VCS3348,2022,321601.0,317778
317778,VCS3350,2022,67135.0,317779
317780,VCS3352,2022,186665.0,317781
317790,VCS3363,2022,4818.0,317791
317795,VCS3368,2022,32216.0,317796
317796,VCS3369,2022,184837.0,317797
317817,VCS3393,2022,23199.0,317818
317855,VCS3432,2022,86777.0,317856
317871,VCS3448,2022,128835.0,317872
317941,VCS3534,2022,8153.0,317942
317949,VCS3544,2022,41020.0,317950
317950,VCS3545,2022,36116.0,317951
317957,VCS3556,2022,14140.0,317958
317963,VCS3562,2022,6576.0,317964
317971,VCS3570,2022,30508.0,317972
317999,VCS3599,2022,5.0,318000
318001,VCS3601,2022,21119.0,318002
318003,VCS3603,2022,48668.0,318004
318004,VCS3604,2022,16115.0,318005
318012,VCS3613,2022,3049.0,318013
318014,VCS3616,2022,23950.0,318015
318023,VCS3625,2022,126417.0,318024
318024,VCS3626,2022,109156.0,318025
318028,VCS3630,2022,128034.0,318029
318044,VCS3649,2022,43083.0,318045
318046,VCS3651,2022,38986.0,318047
318048,VCS3654,2022,10828.0,318049
318051,VCS3657,2022,65.0,318052
318056,VCS3662,2022,32659.0,318057
318063,VCS3669,2022,7478.0,318064
318070,VCS3677,2022,69.0,318071
318071,VCS3678,2022,100832.0,318072
318080,VCS3688,2022,50818.0,318081
318081,VCS3689,2022,2933.0,318082
318088,VCS3696,2022,42672.0,318089
318091,VCS3699,2022,59473.0,318092
318103,VCS3715,2022,3499.0,318104
318108,VCS3720,2022,22638.0,318109
318126,VCS3739,2022,135466.0,318127
318132,VCS3746,2022,2129.0,318133
318153,VCS3767,2022,44536.0,318154
318154,VCS3769,2022,9773.0,318155
318173,VCS3788,2022,2803.0,318174
318181,VCS3797,2022,51431.0,318182
318189,VCS3814,2022,1464.0,318190
318195,VCS3820,2022,19932.0,318196
318211,VCS3839,2022,10584.0,318212
318220,VCS3851,2022,57596.0,318221
318230,VCS3861,2022,40509.0,318231
318235,VCS3866,2022,114085.0,318236
318240,VCS3871,2022,38535.0,318241
318241,VCS3872,2022,105846.0,318242
318248,VCS3880,2022,64215.0,318249
318256,VCS3889,2022,23252.0,318257
318264,VCS3898,2022,304169.0,318265
318267,VCS3901,2022,46985.0,318268
318280,VCS3916,2022,5814.0,318281
318281,VCS3917,2022,1395.0,318282
318286,VCS3922,2022,4867.0,318287
318293,VCS3929,2022,12070.0,318294
318298,VCS3935,2022,43.0,318299
318303,VCS3940,2022,73537.0,318304
318306,VCS3944,2022,26978.0,318307
318311,VCS3949,2022,16129.0,318312
318312,VCS3950,2022,35097.0,318313
318315,VCS3954,2022,3444.0,318316
318352,VCS3996,2022,12296.0,318353
318353,VCS3997,2022,517018.0,318354
318368,VCS4014,2022,24519.0,318369
318369,VCS4015,2022,8825.0,318370
318371,VCS4018,2022,24468.0,318372
318372,VCS4019,2022,8750.0,318373
318373,VCS4020,2022,2057.0,318374
318375,VCS4022,2022,501297.0,318376
318387,VCS4036,2022,20393.0,318388
318391,VCS4043,2022,7599.0,318392
318396,VCS4048,2022,13100.0,318397
318398,VCS4050,2022,81829.0,318399
318434,VCS4090,2022,49563.0,318435
318440,VCS4097,2022,14895.0,318441
318477,VCS4138,2022,28971.0,318478
318478,VCS4139,2022,24328.0,318479
318481,VCS4143,2022,78468.0,318482
318482,VCS4144,2022,34364.0,318483
318483,VCS4145,2022,40.0,318484
318488,VCS4150,2022,1274805.0,318489
318489,VCS4151,2022,22102.0,318490
318494,VCS4157,2022,78376.0,318495
318516,VCS4180,2022,1802.0,318517
318517,VCS4182,2022,28186.0,318518
318522,VCS4187,2022,30848.0,318523
318523,VCS4188,2022,3116.0,318524
318530,VCS4196,2022,28283.0,318531
318533,VCS4201,2022,39812.0,318534
318537,VCS4205,2022,27854.0,318538
318538,VCS4206,2022,63968.0,318539
318542,VCS4216,2022,24047.0,318543
318549,VCS4223,2022,964.0,318550
318557,VCS4231,2022,86078.0,318558
318564,VCS4238,2022,49092.0,318565
318574,VCS4249,2022,32021.0,318575
318575,VCS4250,2022,1211.0,318576
318591,VCS4268,2022,24801.0,318592
318611,VCS4288,2022,54112.0,318612
318612,VCS4289,2022,52007.0,318613
318641,VCS4324,2022,10261.0,318642
318651,VCS4334,2022,7916.0,318652
318652,VCS4335,2022,14613.0,318653
318655,VCS4338,2022,21420.0,318656
318684,VCS4367,2022,24662.0,318685
318699,VCS4382,2022,7147.0,318700
318700,VCS4383,2022,32926.0,318701
318727,VCS4412,2022,67602.0,318728
318728,VCS4413,2022,7753.0,318729
318737,VCS4423,2022,120893.0,318738
318749,VCS4443,2022,29783.0,318750
318761,VCS4456,2022,19175.0,318762
318772,VCS4469,2022,74938.0,318773
318773,VCS4472,2022,29544.0,318774
318776,VCS4475,2022,259.0,318777
318791,VCS4493,2022,991.0,318792
318796,VCS4499,2022,374911.0,318797
318808,VCS4511,2022,42135.0,318809
318836,VCS4544,2022,32825.0,318837
318838,VCS4546,2022,4356.0,318839
318839,VCS4547,2022,47221.0,318840
318842,VCS4550,2022,28670.0,318843
318849,VCS4558,2022,30282.0,318850
318850,VCS4559,2022,71186.0,318851
318877,VCS4587,2022,28425.0,318878
318896,VCS4612,2022,48260.0,318897
318932,VCS4654,2022,57433.0,318933
318945,VCS4667,2022,373.0,318946
318952,VCS4675,2022,49370.0,318953
319004,VCS4745,2022,14814.0,319005
319035,VCS4784,2022,252983.0,319036
319060,VCS4816,2022,11595.0,319061
319062,VCS4818,2022,27939.0,319063
319067,VCS4824,2022,3651.0,319068
319070,VCS4830,2022,12037.0,319071
319074,VCS4835,2022,14928.0,319075
319123,VCS4888,2022,94600.0,319124
319164,VCS4950,2022,88.0,319165
319166,VCS4952,2022,15661.0,319167
319187,VCS4982,2022,135.0,319188
319200,VCS5003,2022,9688.0,319201
319202,VCS5005,2022,12186.0,319203
319206,VCS5011,2022,30602.0,319207
319260,VCS5082,2022,9587.0,319261
319286,VCS5114,2022,22619.0,319287
319287,VCS5115,2022,12653.0,319288
319307,VCS5138,2022,22359.0,319308
319405,VCS5275,2022,189.0,319406
319601,VCS5511,2022,30637.0,319602
320191,ACR0189,2023,4621.0,320192
320194,ACR0192,2023,303.0,320195
320200,ACR0200,2023,8940.0,320201
320215,ACR0222,2023,9988.0,320216
320234,ACR0242,2023,32529.0,320235
320240,ACR0248,2023,137459.0,320241
320248,ACR0256,2023,8556.0,320249
320251,ACR0259,2023,12401.0,320252
320254,ACR0262,2023,57296.0,320255
320257,ACR0265,2023,22464.0,320258
320258,ACR0266,2023,19056.0,320259
320259,ACR0267,2023,116812.0,320260
320260,ACR0268,2023,3231263.0,320261
320261,ACR0269,2023,11353.0,320262
320266,ACR0274,2023,119544.0,320267
320268,ACR0276,2023,38493.0,320269
320272,ACR0280,2023,81653.0,320273
320273,ACR0281,2023,3865.0,320274
320274,ACR0282,2023,93564.0,320275
320276,ACR0284,2023,4642.0,320277
320279,ACR0287,2023,4437.0,320280
320293,ACR0303,2023,22929.0,320294
320303,ACR0313,2023,19520.0,320304
320319,ACR0355,2023,8207.0,320320
320330,ACR0367,2023,30946.0,320331
320336,ACR0373,2023,10172.0,320337
320344,ACR0382,2023,40895.0,320345
320349,ACR0388,2023,170540.0,320350
320357,ACR0398,2023,4144.0,320358
320361,ACR0403,2023,13140.0,320362
320364,ACR0407,2023,255190.0,320365
320367,ACR0411,2023,66070.0,320368
320375,ACR0422,2023,91333.0,320376
320377,ACR0424,2023,18984.0,320378
320381,ACR0428,2023,6445.0,320382
320391,ACR0439,2023,31045.0,320392
320408,ACR0458,2023,22007.0,320409
320409,ACR0459,2023,54592.0,320410
320419,ACR0470,2023,6917.0,320420
320431,ACR0483,2023,11728.0,320432
320438,ACR0493,2023,89244.0,320439
320443,ACR0499,2023,159808.0,320444
320448,ACR0505,2023,18873.0,320449
320449,ACR0506,2023,83915.0,320450
320458,ACR0518,2023,18759.0,320459
320459,ACR0519,2023,58546.0,320460
320472,ACR0534,2023,2469.0,320473
320475,ACR0537,2023,5562.0,320476
320479,ACR0542,2023,26817.0,320480
320481,ACR0544,2023,57053.0,320482
320483,ACR0546,2023,18875.0,320484
320491,ACR0554,2023,20458.0,320492
320495,ACR0558,2023,25168.0,320496
320496,ACR0560,2023,113598.0,320497
320498,ACR0562,2023,31029.0,320499
320502,ACR0569,2023,49173.0,320503
320504,ACR0571,2023,216307.0,320505
320505,ACR0572,2023,30181.0,320506
320507,ACR0574,2023,45401.0,320508
320508,ACR0576,2023,15993.0,320509
320510,ACR0578,2023,68914.0,320511
320518,ACR0586,2023,110776.0,320519
320524,ACR0592,2023,226355.0,320525
320525,ACR0593,2023,10096.0,320526
320526,ACR0594,2023,77.0,320527
320527,ACR0595,2023,95254.0,320528
320528,ACR0596,2023,123875.0,320529
320538,ACR0607,2023,51262.0,320539
320540,ACR0609,2023,54435.0,320541
320541,ACR0610,2023,31288.0,320542
320542,ACR0611,2023,40159.0,320543
320544,ACR0614,2023,186437.0,320545
320546,ACR0616,2023,76057.0,320547
320547,ACR0617,2023,18988.0,320548
320548,ACR0618,2023,5414.0,320549
320557,ACR0628,2023,48584.0,320558
320559,ACR0630,2023,44401.0,320560
320561,ACR0632,2023,11087.0,320562
320562,ACR0633,2023,64372.0,320563
320563,ACR0634,2023,48787.0,320564
320565,ACR0637,2023,145694.0,320566
320566,ACR0638,2023,274534.0,320567
320572,ACR0644,2023,97223.0,320573
320578,ACR0650,2023,29960.0,320579
320579,ACR0651,2023,17950.0,320580
320595,ACR0669,2023,49560.0,320596
320598,ACR0672,2023,9416.0,320599
320600,ACR0674,2023,32075.0,320601
320601,ACR0675,2023,66930.0,320602
320606,ACR0680,2023,74701.0,320607
320607,ACR0681,2023,56878.0,320608
320608,ACR0682,2023,26209.0,320609
320614,ACR0690,2023,231011.0,320615
320618,ACR0694,2023,10202.0,320619
320619,ACR0695,2023,14186.0,320620
320621,ACR0699,2023,40918.0,320622
320622,ACR0701,2023,741377.0,320623
320624,ACR0704,2023,53882.0,320625
320625,ACR0705,2023,269519.0,320626
320629,ACR0709,2023,76479.0,320630
320631,ACR0716,2023,82740.0,320632
320633,ACR0720,2023,36253.0,320634
320634,ACR0721,2023,35404.0,320635
320637,ACR0729,2023,39434.0,320638
320639,ACR0731,2023,63520.0,320640
320640,ACR0732,2023,35774.0,320641
320641,ACR0733,2023,68044.0,320642
320642,ACR0734,2023,31612.0,320643
320643,ACR0735,2023,64119.0,320644
320649,ACR0741,2023,35700.0,320650
320651,ACR0743,2023,9378.0,320652
320653,ACR0745,2023,30118.0,320654
320654,ACR0746,2023,77370.0,320655
320656,ACR0751,2023,408552.0,320657
320657,ACR0752,2023,39057.0,320658
320658,ACR0753,2023,3326.0,320659
320659,ACR0754,2023,56479.0,320660
320665,ACR0761,2023,321388.0,320666
320672,ACR0771,2023,59230.0,320673
320679,ACR0778,2023,119282.0,320680
320682,ACR0782,2023,132227.0,320683
320683,ACR0783,2023,438471.0,320684
320684,ACR0785,2023,128314.0,320685
320686,ACR0790,2023,68555.0,320687
320688,ACR0792,2023,43469.0,320689
320695,ACR0800,2023,20777.0,320696
320696,ACR0801,2023,69648.0,320697
320697,ACR0802,2023,195071.0,320698
320701,ACR0806,2023,57293.0,320702
320702,ACR0807,2023,65859.0,320703
320703,ACR0808,2023,112376.0,320704
320704,ACR0809,2023,63688.0,320705
320706,ACR0811,2023,134887.0,320707
320707,ACR0812,2023,2154.0,320708
320709,ACR0814,2023,113973.0,320710
320716,ACR0821,2023,139881.0,320717
320717,ACR0822,2023,78715.0,320718
320720,ACR0826,2023,132823.0,320721
320722,ACR0828,2023,53834.0,320723
320725,ACR0831,2023,3219.0,320726
320732,ACR0839,2023,193364.0,320733
320734,ACR0841,2023,113844.0,320735
320737,ACR0844,2023,192051.0,320738
320738,ACR0845,2023,68393.0,320739
320741,ACR0848,2023,313225.0,320742
320742,ACR0849,2023,15943.0,320743
320744,ACR0851,2023,421356.0,320745
320745,ACR0852,2023,196828.0,320746
320747,ACR0855,2023,95234.0,320748
320748,ACR0856,2023,34444.0,320749
320751,ACR0860,2023,29139.0,320752
320754,ACR0863,2023,36507.0,320755
320755,ACR0864,2023,21300.0,320756
320756,ACR0865,2023,501762.0,320757
320757,ACR0866,2023,677436.0,320758
320758,ACR0867,2023,76037.0,320759
320761,ACR0872,2023,86994.0,320762
320762,ACR0873,2023,180417.0,320763
320763,ACR0874,2023,58135.0,320764
320764,ACR0875,2023,67967.0,320765
320765,ACR0876,2023,12503.0,320766
320766,ACR0877,2023,71350.0,320767
320767,ACR0878,2023,67124.0,320768
320768,ACR0879,2023,161286.0,320769
320769,ACR0880,2023,23620.0,320770
320771,ACR0882,2023,74831.0,320772
320772,ACR0883,2023,20928.0,320773
320773,ACR0884,2023,42364.0,320774
320774,ACR0885,2023,169305.0,320775
320777,ACR0888,2023,196038.0,320778
320779,ACR0890,2023,80782.0,320780
320781,ACR0892,2023,139956.0,320782
320783,ACR0894,2023,271190.0,320784
320784,ACR0895,2023,55003.0,320785
320785,ACR0896,2023,79292.0,320786
320786,ACR0897,2023,390666.0,320787
320787,ACR0899,2023,52625.0,320788
320788,ACR0900,2023,422381.0,320789
320790,ACR0902,2023,109180.0,320791
320791,ACR0903,2023,189561.0,320792
320793,ACR0905,2023,2220554.0,320794
320795,ACR0908,2023,264861.0,320796
320797,ACR0910,2023,212143.0,320798
320798,ACR0911,2023,23653.0,320799
320804,ACR0918,2023,61130.0,320805
320806,ACR0920,2023,45218.0,320807
320807,ACR0921,2023,41444.0,320808
320808,ACR0922,2023,776865.0,320809
320809,ACR0923,2023,105785.0,320810
320810,ACR0924,2023,191104.0,320811
320811,ACR0925,2023,278358.0,320812
320814,ACR0928,2023,1219.0,320815
320815,ACR0929,2023,20124.0,320816
320818,ACR0933,2023,21498.0,320819
320820,ACR0935,2023,867204.0,320821
320821,ACR0936,2023,27780.0,320822
320822,ACR0937,2023,157691.0,320823
320826,ACR0941,2023,70323.0,320827
320827,ACR0942,2023,88278.0,320828
320829,ACR0947,2023,29969.0,320830
320831,ACR0949,2023,32691.0,320832
320836,ACR0956,2023,97076.0,320837
320837,ACR0958,2023,29232.0,320838
320843,ACR0966,2023,1694196.0,320844
320844,ACR0967,2023,18683.0,320845
320847,ACR0973,2023,1538940.0,320848
320848,ACR0974,2023,932934.0,320849
320849,ACR0975,2023,2047598.0,320850
320850,ACR0976,2023,1304139.0,320851
320851,ACR0977,2023,131409.0,320852
320857,ACR0984,2023,109072.0,320858
320858,ACR0988,2023,226475.0,320859
320859,ACR0989,2023,554724.0,320860
320861,ACR0992,2023,1198824.0,320862
320862,ACR0993,2023,144031.0,320863
320867,ACR0998,2023,731785.0,320868
320868,ACR0999,2023,230632.0,320869
320869,ACR1000,2023,1090133.0,320870
320870,ACR1001,2023,1568319.0,320871
320875,ACR1006,2023,18362.0,320876
320884,ACR1015,2023,572627.0,320885
320888,ACR1021,2023,235900.0,320889
320890,ACR1023,2023,12974.0,320891
320896,ACR1029,2023,34193.0,320897
320899,ACR1032,2023,65398.0,320900
320900,ACR1033,2023,50614.0,320901
320901,ACR1034,2023,5820.0,320902
320904,ACR1037,2023,46997.0,320905
320910,ACR1045,2023,2450.0,320911
320912,ACR1047,2023,44559.0,320913
320915,ACR1050,2023,42234.0,320916
320918,ACR1054,2023,75440.0,320919
320919,ACR1055,2023,35842.0,320920
320920,ACR1056,2023,24802.0,320921
320921,ACR1057,2023,23353.0,320922
320923,ACR1060,2023,100268.0,320924
320925,ACR1063,2023,71186.0,320926
320927,ACR1065,2023,30298.0,320928
320934,ACR1074,2023,31044.0,320935
320937,ACR1078,2023,300953.0,320938
320941,ACR1088,2023,87393.0,320942
320942,ACR1089,2023,109143.0,320943
320948,ACR1097,2023,38162.0,320949
320949,ACR1098,2023,164752.0,320950
320954,ACR1104,2023,9604.0,320955
320955,ACR1106,2023,33727.0,320956
320962,ACR1114,2023,30956.0,320963
320974,ACR1128,2023,26915.0,320975
320979,ACR1133,2023,77286.0,320980
321000,ACR1154,2023,2428.0,321001
321002,ACR1157,2023,4635.0,321003
321003,ACR1158,2023,4213.0,321004
321009,ACR1164,2023,35871.0,321010
321023,ACR1179,2023,148248.0,321024
321034,ACR1190,2023,46869.0,321035
321111,ART0102,2023,9085923.0,321112
321137,ART0130,2023,259796.0,321138
321145,CAR398,2023,118964.0,321146
321147,CAR400,2023,218257.0,321148
321149,CAR403,2023,47946.0,321150
321150,CAR406,2023,37920.0,321151
321158,CAR422,2023,45731.0,321159
321162,CAR429,2023,25601.0,321163
321167,CAR436,2023,72019.0,321168
321172,CAR443,2023,142978.0,321173
321173,CAR444,2023,65945.0,321174
321188,CAR465,2023,30825.0,321189
321189,CAR466,2023,39393.0,321190
321194,CAR473,2023,114348.0,321195
321196,CAR475,2023,104701.0,321197
321211,CAR491,2023,60610.0,321212
321212,CAR495,2023,12689.0,321213
321223,CAR509,2023,11398.0,321224
321224,CAR512,2023,90076.0,321225
321226,CAR514,2023,50977.0,321227
321227,CAR515,2023,21336.0,321228
321228,CAR516,2023,30967.0,321229
321229,CAR517,2023,105018.0,321230
321230,CAR521,2023,96510.0,321231
321231,CAR522,2023,36428.0,321232
321232,CAR531,2023,14511.0,321233
321241,CAR558,2023,108736.0,321242
321242,CAR560,2023,65241.0,321243
321244,CAR574,2023,7682.0,321245
321254,CAR592,2023,77527.0,321255
321273,CAR635,2023,124678.0,321274
321274,CAR639,2023,647490.0,321275
321286,CAR674,2023,241632.0,321287
321287,CAR676,2023,1416.0,321288
321289,CAR683,2023,11873.0,321290
321302,CAR768,2023,233186.0,321303
321315,CAR790,2023,73561.0,321316
321327,CAR811,2023,151521.0,321328
321336,CAR825,2023,15266.0,321337
321338,CAR829,2023,9333.0,321339
321345,CAR838,2023,75219.0,321346
321350,CAR866,2023,43433.0,321351
321353,CAR880,2023,23371.0,321354
321354,CAR881,2023,27102.0,321355
321357,CAR886,2023,3449.0,321358
321358,CAR887,2023,16160.0,321359
321359,CAR888,2023,33213.0,321360
321366,CAR911,2023,26550.0,321367
321367,CAR917,2023,15528.0,321368
321386,CAR969,2023,54037.0,321387
321396,CAR988,2023,5976.0,321397
321403,CAR996,2023,15312.0,321404
321413,CAR1008,2023,33085.0,321414
321420,CAR1015,2023,4385.0,321421
321429,CAR1027,2023,113765.0,321430
321443,CAR1050,2023,40063.0,321444
321458,CAR1070,2023,116044.0,321459
321472,CAR1086,2023,19919.0,321473
321482,CAR1096,2023,21388.0,321483
321484,CAR1098,2023,110724.0,321485
321485,CAR1099,2023,57516.0,321486
321489,CAR1103,2023,2163.0,321490
321491,CAR1105,2023,329027.0,321492
321494,CAR1109,2023,2462.0,321495
321495,CAR1110,2023,48997.0,321496
321522,CAR1138,2023,41616.0,321523
321523,CAR1139,2023,105634.0,321524
321529,CAR1145,2023,13075.0,321530
321533,CAR1152,2023,17909.0,321534
321542,CAR1161,2023,695.0,321543
321543,CAR1162,2023,1243.0,321544
321555,CAR1175,2023,117794.0,321556
321560,CAR1180,2023,25712.0,321561
321570,CAR1190,2023,93471.0,321571
321576,CAR1197,2023,21185.0,321577
321582,CAR1204,2023,996.0,321583
321586,CAR1208,2023,45526.0,321587
321587,CAR1209,2023,2714.0,321588
321600,CAR1233,2023,5078.0,321601
321604,CAR1237,2023,881.0,321605
321605,CAR1238,2023,2979.0,321606
321613,CAR1246,2023,15718.0,321614
321614,CAR1247,2023,9999.0,321615
321624,CAR1259,2023,4455.0,321625
321625,CAR1260,2023,1523.0,321626
321626,CAR1261,2023,8887.0,321627
321629,CAR1264,2023,85225.0,321630
321630,CAR1265,2023,60487.0,321631
321638,CAR1275,2023,6529.0,321639
321644,CAR1281,2023,15366.0,321645
321647,CAR1284,2023,4830.0,321648
321648,CAR1285,2023,2687.0,321649
321661,CAR1298,2023,4526.0,321662
321662,CAR1299,2023,1164.0,321663
321676,CAR1315,2023,27016.0,321677
321677,CAR1316,2023,23301.0,321678
321678,CAR1317,2023,27792.0,321679
321681,CAR1321,2023,5022.0,321682
321683,CAR1324,2023,3209.0,321684
321684,CAR1325,2023,9813.0,321685
321687,CAR1328,2023,344.0,321688
321691,CAR1332,2023,9763.0,321692
321694,CAR1335,2023,288891.0,321695
321695,CAR1336,2023,30027.0,321696
321696,CAR1337,2023,13335.0,321697
321697,CAR1339,2023,63098.0,321698
321698,CAR1340,2023,16311.0,321699
321701,CAR1344,2023,5588.0,321702
321723,CAR1368,2023,35130.0,321724
321724,CAR1372,2023,97786.0,321725
321733,CAR1381,2023,295094.0,321734
321734,CAR1382,2023,28549.0,321735
321735,CAR1384,2023,72248.0,321736
321745,CAR1398,2023,5861.0,321746
321746,CAR1399,2023,139.0,321747
321754,CAR1408,2023,246575.0,321755
321755,CAR1409,2023,367241.0,321756
321756,CAR1411,2023,225.0,321757
321759,CAR1415,2023,180.0,321760
321762,CAR1425,2023,2103.0,321763
321763,CAR1428,2023,14629.0,321764
321764,CAR1429,2023,934.0,321765
321769,CAR1436,2023,12596.0,321770
321774,CAR1442,2023,145217.0,321775
321775,CAR1443,2023,279.0,321776
321776,CAR1445,2023,229.0,321777
321777,CAR1446,2023,930.0,321778
321778,CAR1447,2023,583.0,321779
321779,CAR1448,2023,2430.0,321780
321780,CAR1449,2023,673.0,321781
321781,CAR1450,2023,2076.0,321782
321782,CAR1451,2023,1341.0,321783
321783,CAR1452,2023,82.0,321784
321784,CAR1453,2023,1386.0,321785
321785,CAR1454,2023,1669.0,321786
321789,CAR1459,2023,676059.0,321790
321791,CAR1461,2023,1149.0,321792
321792,CAR1462,2023,162.0,321793
321793,CAR1463,2023,957.0,321794
321794,CAR1464,2023,1121.0,321795
321802,CAR1480,2023,4993130.0,321803
321814,CAR1494,2023,13594.0,321815
321815,CAR1495,2023,15284.0,321816
321816,CAR1496,2023,11465.0,321817
321817,CAR1497,2023,29013.0,321818
321821,CAR1505,2023,929.0,321822
321822,CAR1506,2023,405.0,321823
321823,CAR1507,2023,119335.0,321824
321824,CAR1508,2023,4601.0,321825
321825,CAR1509,2023,6527.0,321826
321826,CAR1510,2023,4898.0,321827
321827,CAR1511,2023,369.0,321828
321828,CAR1513,2023,14859.0,321829
321829,CAR1514,2023,14126.0,321830
321831,CAR1517,2023,14332.0,321832
321832,CAR1521,2023,18317.0,321833
321833,CAR1522,2023,10839.0,321834
321834,CAR1523,2023,9393.0,321835
321835,CAR1524,2023,6702.0,321836
321836,CAR1525,2023,1371.0,321837
321837,CAR1526,2023,643.0,321838
321838,CAR1527,2023,1049.0,321839
321839,CAR1528,2023,617.0,321840
321840,CAR1529,2023,692.0,321841
321841,CAR1531,2023,115.0,321842
321842,CAR1532,2023,886.0,321843
321843,CAR1535,2023,226.0,321844
321844,CAR1536,2023,407.0,321845
321845,CAR1537,2023,3112.0,321846
321846,CAR1538,2023,154.0,321847
321848,CAR1540,2023,68.0,321849
321849,CAR1542,2023,4894.0,321850
321850,CAR1543,2023,873.0,321851
321851,CAR1544,2023,4090.0,321852
321852,CAR1545,2023,8001.0,321853
321861,CAR1554,2023,38333.0,321862
321867,CAR1562,2023,11614.0,321868
321870,CAR1566,2023,97065.0,321871
321871,CAR1567,2023,42078.0,321872
321872,CAR1568,2023,324636.0,321873
321873,CAR1569,2023,517.0,321874
321876,CAR1572,2023,2747.0,321877
321877,CAR1573,2023,509.0,321878
321879,CAR1576,2023,4912.0,321880
321882,CAR1579,2023,248672.0,321883
321883,CAR1580,2023,3413.0,321884
321885,CAR1584,2023,219030.0,321886
321886,CAR1585,2023,20292.0,321887
321888,CAR1587,2023,60.0,321889
321889,CAR1588,2023,528.0,321890
321890,CAR1589,2023,57.0,321891
321891,CAR1590,2023,1076.0,321892
321892,CAR1591,2023,30.0,321893
321893,CAR1593,2023,43006.0,321894
321894,CAR1594,2023,41690.0,321895
321895,CAR1595,2023,12231.0,321896
321896,CAR1596,2023,7377.0,321897
321897,CAR1597,2023,1596.0,321898
321904,CAR1606,2023,14424.0,321905
321905,CAR1607,2023,7631.0,321906
321906,CAR1608,2023,14411.0,321907
321912,CAR1614,2023,315950.0,321913
321918,CAR1620,2023,26729.0,321919
321919,CAR1621,2023,10384.0,321920
321920,CAR1622,2023,31325.0,321921
321921,CAR1623,2023,23519.0,321922
321922,CAR1624,2023,278569.0,321923
321926,CAR1629,2023,4799.0,321927
321928,CAR1632,2023,2434.0,321929
321929,CAR1633,2023,3072.0,321930
321930,CAR1635,2023,10450.0,321931
321931,CAR1636,2023,8432.0,321932
321932,CAR1637,2023,11862.0,321933
321933,CAR1638,2023,34599.0,321934
321935,CAR1642,2023,17276.0,321936
321936,CAR1643,2023,1481.0,321937
321938,CAR1645,2023,9416.0,321939
321939,CAR1648,2023,101558.0,321940
321940,CAR1649,2023,3668.0,321941
321941,CAR1650,2023,1543.0,321942
321942,CAR1651,2023,8159.0,321943
321943,CAR1652,2023,4901.0,321944
321944,CAR1653,2023,6988.0,321945
321947,CAR1657,2023,18976.0,321948
321948,CAR1658,2023,36675.0,321949
321949,CAR1659,2023,26528.0,321950
321950,CAR1660,2023,73045.0,321951
321951,CAR1661,2023,25363.0,321952
321953,CAR1663,2023,248321.0,321954
321954,CAR1664,2023,25961.0,321955
321959,CAR1674,2023,380460.0,321960
321960,CAR1675,2023,11797.0,321961
321970,CAR1690,2023,5009.0,321971
321971,CAR1693,2023,2022.0,321972
321972,CAR1694,2023,2597.0,321973
321973,CAR1696,2023,102567.0,321974
321974,CAR1704,2023,28458.0,321975
321975,CAR1710,2023,62491.0,321976
321991,CAR1728,2023,13230.0,321992
321993,CAR1731,2023,3345.0,321994
321995,CAR1735,2023,13926.0,321996
321996,CAR1736,2023,2370.0,321997
321997,CAR1737,2023,2594.0,321998
321998,CAR1739,2023,140900.0,321999
322001,CAR1744,2023,33910.0,322002
322002,CAR1745,2023,18898.0,322003
322003,CAR1746,2023,15849.0,322004
322004,CAR1747,2023,24756.0,322005
322005,CAR1748,2023,27075.0,322006
322006,CAR1749,2023,13959.0,322007
322007,CAR1767,2023,15027.0,322008
322024,CAR1789,2023,5718.0,322025
322025,CAR1790,2023,11357.0,322026
322026,CAR1792,2023,1801.0,322027
322027,CAR1793,2023,3328.0,322028
322028,CAR1794,2023,803.0,322029
322029,CAR1797,2023,5569.0,322030
322030,CAR1798,2023,1075.0,322031
322031,CAR1799,2023,925.0,322032
322033,CAR1801,2023,3892.0,322034
322034,CAR1802,2023,2204.0,322035
322035,CAR1804,2023,41195.0,322036
322044,CAR1817,2023,7877.0,322045
322046,CAR1819,2023,24007.0,322047
322047,CAR1820,2023,83128.0,322048
322049,CAR1823,2023,4090.0,322050
322050,CAR1824,2023,4189.0,322051
322051,CAR1825,2023,25106.0,322052
322052,CAR1826,2023,11568.0,322053
322053,CAR1827,2023,13784.0,322054
322055,CAR1829,2023,110847.0,322056
322056,CAR1830,2023,12831.0,322057
322057,CAR1831,2023,9245.0,322058
322059,CAR1834,2023,7712.0,322060
322061,CAR1842,2023,5137.0,322062
322062,CAR1843,2023,46613.0,322063
322063,CAR1844,2023,903.0,322064
322064,CAR1847,2023,44598.0,322065
322066,CAR1850,2023,106247.0,322067
322067,CAR1851,2023,44958.0,322068
322068,CAR1852,2023,16858.0,322069
322069,CAR1853,2023,37028.0,322070
322070,CAR1854,2023,2821.0,322071
322071,CAR1855,2023,737.0,322072
322072,CAR1856,2023,5235.0,322073
322074,CAR1858,2023,16724.0,322075
322075,CAR1859,2023,102428.0,322076
322076,CAR1860,2023,45265.0,322077
322079,CAR1863,2023,194139.0,322080
322080,CAR1864,2023,182786.0,322081
322081,CAR1865,2023,201669.0,322082
322083,CAR1868,2023,7198.0,322084
322084,CAR1869,2023,19797.0,322085
322085,CAR1870,2023,9277.0,322086
322086,CAR1871,2023,17551.0,322087
322088,CAR1873,2023,3203.0,322089
322090,CAR1875,2023,17287.0,322091
322091,CAR1876,2023,31531.0,322092
322092,CAR1877,2023,10298.0,322093
322093,CAR1883,2023,3322.0,322094
322094,CAR1884,2023,7652.0,322095
322095,CAR1888,2023,9469.0,322096
322096,CAR1889,2023,19498.0,322097
322097,CAR1893,2023,18180.0,322098
322098,CAR1894,2023,23022.0,322099
322100,CAR1896,2023,13194.0,322101
322101,CAR1897,2023,32333.0,322102
322103,CAR1899,2023,10942.0,322104
322105,CAR1906,2023,2586.0,322106
322106,CAR1907,2023,9962.0,322107
322107,CAR1908,2023,782.0,322108
322110,CAR1915,2023,4569.0,322111
322111,CAR1921,2023,10806.0,322112
322112,CAR1922,2023,12047.0,322113
322113,CAR1924,2023,20741.0,322114
322114,CAR1925,2023,7283.0,322115
322115,CAR1926,2023,3273.0,322116
322116,CAR1927,2023,7933.0,322117
322117,CAR1928,2023,14500.0,322118
322118,CAR1929,2023,7681.0,322119
322119,CAR1931,2023,3627.0,322120
322120,CAR1932,2023,2690.0,322121
322121,CAR1933,2023,5385.0,322122
322122,CAR1934,2023,1582.0,322123
322123,CAR1935,2023,1529.0,322124
322124,CAR1936,2023,789.0,322125
322125,CAR1937,2023,2328.0,322126
322126,CAR1938,2023,446.0,322127
322127,CAR1939,2023,5700.0,322128
322128,CAR1941,2023,186548.0,322129
322129,CAR1942,2023,28894.0,322130
322131,CAR1944,2023,51365.0,322132
322133,CAR1946,2023,119285.0,322134
322134,CAR1948,2023,53825.0,322135
322135,CAR1949,2023,733.0,322136
322137,CAR1951,2023,8814.0,322138
322138,CAR1952,2023,15804.0,322139
322141,CAR1955,2023,5766.0,322142
322142,CAR1956,2023,10364.0,322143
322145,CAR1959,2023,163476.0,322146
322146,CAR1960,2023,8407.0,322147
322148,CAR1962,2023,9770.0,322149
322149,CAR1963,2023,94219.0,322150
322150,CAR1964,2023,19679.0,322151
322161,CAR1979,2023,1252.0,322162
322163,CAR1982,2023,49.0,322164
322164,CAR1983,2023,2169.0,322165
322165,CAR1984,2023,6980.0,322166
322167,CAR1986,2023,302.0,322168
322169,CAR1990,2023,38340.0,322170
322170,CAR1991,2023,1189.0,322171
322171,CAR1995,2023,37760.0,322172
322172,CAR1998,2023,4951.0,322173
322173,CAR1999,2023,4227.0,322174
322174,CAR2000,2023,2636.0,322175
322175,CAR2001,2023,2468.0,322176
322176,CAR2002,2023,715.0,322177
322177,CAR2004,2023,1177.0,322178
322178,CAR2005,2023,779.0,322179
322179,CAR2006,2023,875.0,322180
322206,CAR2036,2023,860.0,322207
322208,CAR2040,2023,1627.0,322209
322215,CAR2047,2023,5441.0,322216
322272,CAR2108,2023,19750.0,322273
322274,CAR2110,2023,9141.0,322275
322279,CAR2115,2023,10527.0,322280
322293,CAR2131,2023,4109.0,322294
322428,GS347,2023,53811.0,322429
322429,GS351,2023,80775.0,322430
322430,GS352,2023,112482.0,322431
322431,GS353,2023,8821.0,322432
322433,GS367,2023,175582.0,322434
322434,GS368,2023,62750.0,322435
322435,GS369,2023,46231.0,322436
322439,GS388,2023,55565.0,322440
322440,GS390,2023,64913.0,322441
322444,GS398,2023,98726.0,322445
322445,GS399,2023,14642.0,322446
322459,GS436,2023,41001.0,322460
322460,GS437,2023,18707.0,322461
322462,GS439,2023,25297.0,322463
322463,GS440,2023,228452.0,322464
322466,GS447,2023,1053423.0,322467
322474,GS464,2023,356975.0,322475
322478,GS474,2023,175174.0,322479
322503,GS567,2023,38291.0,322504
322506,GS574,2023,22009.0,322507
322507,GS575,2023,76131.0,322508
322508,GS576,2023,44022.0,322509
322509,GS577,2023,37115.0,322510
322510,GS578,2023,35032.0,322511
322511,GS579,2023,48409.0,322512
322512,GS580,2023,50383.0,322513
322515,GS601,2023,36609.0,322516
322518,GS608,2023,135454.0,322519
322526,GS617,2023,140457.0,322527
322545,GS655,2023,184981.0,322546
322553,GS672,2023,73347.0,322554
322554,GS675,2023,130203.0,322555
322556,GS683,2023,70085.0,322557
322557,GS685,2023,17469.0,322558
322564,GS702,2023,32481.0,322565
322565,GS707,2023,351650.0,322566
322569,GS715,2023,23397.0,322570
322573,GS726,2023,24470.0,322574
322574,GS729,2023,5633.0,322575
322577,GS735,2023,159514.0,322578
322580,GS744,2023,126725.0,322581
322586,GS751,2023,51739.0,322587
322587,GS753,2023,107233.0,322588
322590,GS764,2023,12392.0,322591
322593,GS769,2023,293902.0,322594
322623,GS828,2023,51026.0,322624
322627,GS835,2023,4747.0,322628
322632,GS845,2023,56366.0,322633
322639,GS854,2023,22092.0,322640
322651,GS872,2023,10754.0,322652
322656,GS879,2023,289372.0,322657
322666,GS905,2023,177356.0,322667
322667,GS906,2023,3868.0,322668
322683,GS935,2023,46823.0,322684
322687,GS947,2023,14426.0,322688
322689,GS950,2023,16718.0,322690
322696,GS963,2023,20337.0,322697
322700,GS971,2023,61639.0,322701
322707,GS980,2023,5438.0,322708
322726,GS1013,2023,31503.0,322727
322728,GS1015,2023,49094.0,322729
322730,GS1017,2023,4044.0,322731
322731,GS1018,2023,32374.0,322732
322732,GS1020,2023,101103.0,322733
322733,GS1021,2023,33752.0,322734
322746,GS1034,2023,11979.0,322747
322754,GS1044,2023,86814.0,322755
322758,GS1049,2023,32673.0,322759
322760,GS1054,2023,39468.0,322761
322764,GS1060,2023,17422.0,322765
322769,GS1067,2023,52634.0,322770
322770,GS1068,2023,148384.0,322771
322772,GS1072,2023,36788.0,322773
322782,GS1090,2023,45826.0,322783
322783,GS1091,2023,81879.0,322784
322790,GS1098,2023,3035.0,322791
322791,GS1100,2023,2505.0,322792
322792,GS1101,2023,2891.0,322793
322794,GS1103,2023,2736.0,322795
322795,GS1104,2023,2502.0,322796
322803,GS1117,2023,29724.0,322804
322806,GS1124,2023,1145.0,322807
322808,GS1128,2023,47352.0,322809
322810,GS1138,2023,227258.0,322811
322827,GS1173,2023,14358.0,322828
322828,GS1174,2023,45098.0,322829
322830,GS1178,2023,30332.0,322831
322837,GS1190,2023,9251.0,322838
322838,GS1191,2023,8500.0,322839
322843,GS1199,2023,8036.0,322844
322851,GS1207,2023,34347.0,322852
322852,GS1208,2023,25921.0,322853
322857,GS1223,2023,52553.0,322858
322866,GS1235,2023,97720.0,322867
322868,GS1237,2023,82482.0,322869
322894,GS1296,2023,10000.0,322895
322899,GS1303,2023,19419.0,322900
322913,GS1318,2023,91008.0,322914
322915,GS1321,2023,237168.0,322916
322916,GS1322,2023,117726.0,322917
322924,GS1333,2023,20636.0,322925
322934,GS1347,2023,52373.0,322935
322935,GS1348,2023,88369.0,322936
322942,GS1359,2023,2431.0,322943
322944,GS1363,2023,24999.0,322945
322945,GS1364,2023,69226.0,322946
322949,GS1368,2023,102186.0,322950
322959,GS1382,2023,56761.0,322960
322960,GS1383,2023,65514.0,322961
322966,GS1688,2023,25001.0,322967
322970,GS1693,2023,2375.0,322971
322971,GS1694,2023,2375.0,322972
322972,GS1695,2023,2375.0,322973
322973,GS1696,2023,2375.0,322974
322974,GS1697,2023,2375.0,322975
322975,GS1698,2023,2375.0,322976
322976,GS1699,2023,2375.0,322977
322977,GS1700,2023,2375.0,322978
322978,GS1701,2023,2375.0,322979
322979,GS1702,2023,2375.0,322980
322980,GS1703,2023,2375.0,322981
322981,GS1704,2023,2375.0,322982
322982,GS1705,2023,2375.0,322983
322983,GS1706,2023,2375.0,322984
322984,GS1707,2023,2375.0,322985
322985,GS1708,2023,2375.0,322986
322986,GS1709,2023,2375.0,322987
322987,GS1710,2023,2375.0,322988
322988,GS1711,2023,2375.0,322989
322989,GS1712,2023,2375.0,322990
322990,GS1713,2023,2375.0,322991
322991,GS1714,2023,2375.0,322992
322992,GS1715,2023,2375.0,322993
322993,GS1716,2023,2375.0,322994
322994,GS1717,2023,2375.0,322995
322995,GS1718,2023,2375.0,322996
322996,GS1719,2023,2375.0,322997
322997,GS1720,2023,2375.0,322998
322998,GS1721,2023,2375.0,322999
322999,GS1722,2023,2375.0,323000
323000,GS1723,2023,2375.0,323001
323001,GS1724,2023,2375.0,323002
323002,GS1725,2023,2375.0,323003
323003,GS1726,2023,2472.0,323004
323004,GS1727,2023,2375.0,323005
323005,GS1728,2023,2375.0,323006
323007,GS1730,2023,2375.0,323008
323008,GS1731,2023,2375.0,323009
323009,GS1732,2023,2375.0,323010
323010,GS1733,2023,2375.0,323011
323011,GS1734,2023,2375.0,323012
323012,GS1735,2023,2375.0,323013
323013,GS1736,2023,2375.0,323014
323014,GS1737,2023,2375.0,323015
323015,GS1738,2023,2375.0,323016
323016,GS1739,2023,2472.0,323017
323017,GS1740,2023,2472.0,323018
323018,GS1741,2023,2472.0,323019
323019,GS1742,2023,2472.0,323020
323020,GS1743,2023,2472.0,323021
323021,GS1744,2023,1799.0,323022
323022,GS1745,2023,2415.0,323023
323026,GS1890,2023,160268.0,323027
323028,GS2088,2023,30754.0,323029
323033,GS2094,2023,733759.0,323034
323034,GS2095,2023,60000.0,323035
323044,GS2296,2023,626468.0,323045
323075,GS2429,2023,3526.0,323076
323079,GS2435,2023,47707.0,323080
323080,GS2437,2023,2475.0,323081
323082,GS2439,2023,730.0,323083
323083,GS2440,2023,79.0,323084
323084,GS2441,2023,7058.0,323085
323094,GS2457,2023,31728.0,323095
323098,GS2464,2023,37654.0,323099
323100,GS2468,2023,23122.0,323101
323103,GS2475,2023,91446.0,323104
323107,GS2479,2023,1961.0,323108
323108,GS2480,2023,1922.0,323109
323109,GS2481,2023,2118.0,323110
323140,GS2525,2023,3312.0,323141
323152,GS2543,2023,47758.0,323153
323153,GS2544,2023,121039.0,323154
323154,GS2545,2023,93999.0,323155
323155,GS2546,2023,91602.0,323156
323163,GS2566,2023,9026.0,323164
323164,GS2567,2023,8671.0,323165
323165,GS2568,2023,8671.0,323166
323166,GS2569,2023,8671.0,323167
323167,GS2570,2023,8671.0,323168
323168,GS2571,2023,8671.0,323169
323169,GS2572,2023,8671.0,323170
323170,GS2573,2023,8671.0,323171
323171,GS2574,2023,8671.0,323172
323172,GS2575,2023,8671.0,323173
323173,GS2576,2023,8671.0,323174
323174,GS2577,2023,9026.0,323175
323175,GS2578,2023,8671.0,323176
323176,GS2579,2023,8671.0,323177
323177,GS2580,2023,8698.0,323178
323178,GS2581,2023,8671.0,323179
323179,GS2582,2023,8671.0,323180
323180,GS2583,2023,8671.0,323181
323181,GS2584,2023,8671.0,323182
323182,GS2585,2023,6428.0,323183
323210,GS2682,2023,94392.0,323211
323211,GS2683,2023,121736.0,323212
323212,GS2684,2023,48801.0,323213
323213,GS2685,2023,42046.0,323214
323214,GS2686,2023,46388.0,323215
323215,GS2687,2023,50503.0,323216
323223,GS2707,2023,9188.0,323224
323236,GS2750,2023,10145.0,323237
323238,GS2758,2023,181050.0,323239
323252,GS2898,2023,71984.0,323253
323255,GS2913,2023,9133.0,323256
323256,GS2940,2023,191385.0,323257
323267,GS3024,2023,10000.0,323268
323273,GS3031,2023,1659.0,323274
323275,GS3041,2023,41322.0,323276
323278,GS3077,2023,47399.0,323279
323283,GS3105,2023,7704.0,323284
323284,GS3106,2023,9860.0,323285
323285,GS3107,2023,8476.0,323286
323286,GS3108,2023,8628.0,323287
323298,GS3253,2023,124804.0,323299
323304,GS3262,2023,6529.0,323305
323336,GS3405,2023,8837.0,323337
323337,GS3407,2023,6982.0,323338
323339,GS3410,2023,17541.0,323340
323351,GS3434,2023,207705.0,323352
323352,GS3443,2023,3784.0,323353
323354,GS3445,2023,10000.0,323355
323367,GS3493,2023,94332.0,323368
323369,GS3509,2023,6559.0,323370
323371,GS3511,2023,18908.0,323372
323372,GS3512,2023,89293.0,323373
323374,GS3514,2023,53004.0,323375
323389,GS3551,2023,110137.0,323390
323391,GS3556,2023,6306.0,323392
323393,GS3560,2023,9143.0,323394
323394,GS3561,2023,8770.0,323395
323399,GS3567,2023,121621.0,323400
323401,GS3588,2023,8671.0,323402
323402,GS3589,2023,8671.0,323403
323403,GS3590,2023,9026.0,323404
323404,GS3591,2023,8671.0,323405
323405,GS3592,2023,8671.0,323406
323406,GS3593,2023,8671.0,323407
323407,GS3594,2023,8671.0,323408
323408,GS3595,2023,9026.0,323409
323409,GS3596,2023,6944.0,323410
323410,GS3597,2023,8692.0,323411
323411,GS3598,2023,9026.0,323412
323412,GS3599,2023,8754.0,323413
323413,GS3600,2023,8671.0,323414
323414,GS3601,2023,8703.0,323415
323421,GS3626,2023,9649.0,323422
323430,GS3852,2023,34577.0,323431
323434,GS3906,2023,14085.0,323435
323451,GS3966,2023,8896.0,323452
323453,GS3971,2023,17318.0,323454
323456,GS3976,2023,244191.0,323457
323461,GS4036,2023,6569.0,323462
323474,GS4210,2023,34331.0,323475
323477,GS4221,2023,140765.0,323478
323478,GS4233,2023,79137.0,323479
323479,GS4236,2023,16148.0,323480
323480,GS4238,2023,74610.0,323481
323485,GS4259,2023,17746.0,323486
323486,GS4260,2023,1317.0,323487
323487,GS4261,2023,18784.0,323488
323496,GS4288,2023,17578.0,323497
323498,GS4290,2023,31827.0,323499
323502,GS4364,2023,12540.0,323503
323543,GS4442,2023,43042.0,323544
323545,GS4446,2023,13788.0,323546
323549,GS4519,2023,263.0,323550
323553,GS4533,2023,17065.0,323554
323562,GS4557,2023,21369.0,323563
323567,GS4593,2023,2873.0,323568
323574,GS4613,2023,7338.0,323575
323575,GS4614,2023,7288.0,323576
323576,GS4615,2023,7361.0,323577
323583,GS4702,2023,8583.0,323584
323589,GS4799,2023,28301.0,323590
323596,GS4824,2023,6118.0,323597
323598,GS4875,2023,11601.0,323599
323608,GS4922,2023,53019.0,323609
323609,GS4962,2023,26232.0,323610
323629,GS5038,2023,2375.0,323630
323630,GS5039,2023,2364.0,323631
323631,GS5040,2023,2400.0,323632
323632,GS5041,2023,2319.0,323633
323633,GS5042,2023,2161.0,323634
323634,GS5043,2023,2419.0,323635
323643,GS5099,2023,34165.0,323644
323644,GS5106,2023,870.0,323645
323648,GS5125,2023,64758.0,323649
323649,GS5186,2023,915.0,323650
323650,GS5187,2023,738.0,323651
323651,GS5188,2023,813.0,323652
323652,GS5189,2023,511.0,323653
323653,GS5190,2023,464.0,323654
323654,GS5191,2023,786.0,323655
323655,GS5192,2023,1039.0,323656
323656,GS5193,2023,982.0,323657
323657,GS5194,2023,348.0,323658
323658,GS5195,2023,260.0,323659
323659,GS5196,2023,647.0,323660
323660,GS5197,2023,608.0,323661
323664,GS5228,2023,28542.0,323665
323665,GS5229,2023,112357.0,323666
323667,GS5244,2023,346.0,323668
323672,GS5303,2023,10955.0,323673
323677,GS5312,2023,7112.0,323678
323679,GS5314,2023,20146.0,323680
323680,GS5315,2023,4790.0,323681
323682,GS5317,2023,56017.0,323683
323683,GS5322,2023,1884.0,323684
323684,GS5323,2023,1870.0,323685
323685,GS5324,2023,1884.0,323686
323686,GS5325,2023,9326.0,323687
323687,GS5326,2023,9500.0,323688
323688,GS5329,2023,3543.0,323689
323689,GS5330,2023,4750.0,323690
323690,GS5331,2023,3562.0,323691
323691,GS5332,2023,3208.0,323692
323692,GS5335,2023,4216.0,323693
323693,GS5336,2023,4771.0,323694
323694,GS5337,2023,4639.0,323695
323695,GS5338,2023,1634.0,323696
323696,GS5339,2023,638.0,323697
323697,GS5340,2023,693.0,323698
323698,GS5341,2023,1923.0,323699
323699,GS5342,2023,1520.0,323700
323700,GS5343,2023,1877.0,323701
323701,GS5344,2023,1945.0,323702
323703,GS5377,2023,20728.0,323704
323716,GS5434,2023,5923.0,323717
323717,GS5437,2023,1568.0,323718
323718,GS5438,2023,1472.0,323719
323719,GS5439,2023,1638.0,323720
323720,GS5440,2023,1457.0,323721
323721,GS5441,2023,1671.0,323722
323724,GS5444,2023,9151.0,323725
323727,GS5519,2023,102514.0,323728
323728,GS5523,2023,188907.0,323729
323732,GS5574,2023,7711.0,323733
323746,GS5642,2023,355898.0,323747
323747,GS5643,2023,15291.0,323748
323757,GS5699,2023,47459.0,323758
323760,GS5781,2023,6511.0,323761
323761,GS5782,2023,6508.0,323762
323762,GS5783,2023,7108.0,323763
323766,GS5801,2023,11953.0,323767
323767,GS5802,2023,5604.0,323768
323769,GS5825,2023,4000.0,323770
323770,GS5826,2023,3892.0,323771
323771,GS5827,2023,3487.0,323772
323784,GS5889,2023,7231.0,323785
323785,GS5890,2023,6235.0,323786
323786,GS5891,2023,6973.0,323787
323787,GS5892,2023,7349.0,323788
323789,GS5920,2023,68932.0,323790
323793,GS5951,2023,4240.0,323794
323794,GS5952,2023,3693.0,323795
323795,GS5953,2023,3451.0,323796
323796,GS5954,2023,3745.0,323797
323797,GS5955,2023,3193.0,323798
323799,GS5988,2023,1047.0,323800
323803,GS6008,2023,6774.0,323804
323808,GS6037,2023,1807.0,323809
323809,GS6038,2023,1884.0,323810
323810,GS6041,2023,7412.0,323811
323811,GS6042,2023,6566.0,323812
323841,GS6139,2023,8751.0,323842
323843,GS6152,2023,4529.0,323844
323844,GS6155,2023,1959.0,323845
323845,GS6189,2023,3965.0,323846
323846,GS6193,2023,181409.0,323847
323848,GS6235,2023,10000.0,323849
323852,GS6256,2023,106895.0,323853
323856,GS6275,2023,3487.0,323857
323859,GS6289,2023,11398.0,323860
323861,GS6301,2023,46581.0,323862
323864,GS6344,2023,5710.0,323865
323865,GS6349,2023,4841.0,323866
323866,GS6350,2023,4806.0,323867
323867,GS6351,2023,5010.0,323868
323868,GS6356,2023,9338.0,323869
323871,GS6395,2023,66489.0,323872
323875,GS6419,2023,9850.0,323876
323876,GS6420,2023,9858.0,323877
323877,GS6443,2023,986.0,323878
323880,GS6460,2023,605.0,323881
323883,GS6503,2023,30305.0,323884
323892,GS6566,2023,8866.0,323893
323894,GS6588,2023,27422.0,323895
323896,GS6598,2023,79141.0,323897
323898,GS6600,2023,259.0,323899
323900,GS6607,2023,38657.0,323901
323904,GS6749,2023,1113.0,323905
323907,GS6752,2023,1739.0,323908
323910,GS6760,2023,147970.0,323911
323911,GS6783,2023,2409.0,323912
323912,GS6784,2023,3306.0,323913
323918,GS6793,2023,97956.0,323919
323919,GS6830,2023,1345.0,323920
323922,GS6836,2023,3777.0,323923
323935,GS6887,2023,12099.0,323936
323937,GS6998,2023,4178.0,323938
323938,GS6999,2023,7658.0,323939
323939,GS7002,2023,41995.0,323940
323941,GS7071,2023,868307.0,323942
323944,GS7080,2023,100303.0,323945
323946,GS7091,2023,16765.0,323947
323947,GS7105,2023,52031.0,323948
323948,GS7112,2023,4691.0,323949
323949,GS7128,2023,17336.0,323950
323953,GS7132,2023,9764.0,323954
323954,GS7133,2023,9376.0,323955
323955,GS7134,2023,9954.0,323956
323956,GS7135,2023,9930.0,323957
323957,GS7136,2023,9985.0,323958
323959,GS7138,2023,89301.0,323960
323963,GS7147,2023,3277.0,323964
323964,GS7148,2023,4090.0,323965
323965,GS7149,2023,3538.0,323966
323966,GS7150,2023,3437.0,323967
323967,GS7151,2023,16247.0,323968
323968,GS7152,2023,650436.0,323969
323969,GS7153,2023,5531.0,323970
323972,GS7287,2023,456.0,323973
323973,GS7288,2023,1884.0,323974
323974,GS7289,2023,1884.0,323975
323975,GS7290,2023,456.0,323976
323976,GS7291,2023,456.0,323977
323977,GS7292,2023,456.0,323978
323978,GS7293,2023,10236.0,323979
323980,GS7311,2023,1411.0,323981
323982,GS7317,2023,4088.0,323983
323983,GS7318,2023,5954.0,323984
323984,GS7330,2023,2717.0,323985
323985,GS7331,2023,2871.0,323986
323986,GS7332,2023,3883.0,323987
323987,GS7333,2023,3862.0,323988
323988,GS7334,2023,3285.0,323989
323989,GS7335,2023,2558.0,323990
323990,GS7336,2023,2903.0,323991
323992,GS7345,2023,4570.0,323993
323994,GS7356,2023,8357.0,323995
323996,GS7362,2023,4879.0,323997
323997,GS7363,2023,5372.0,323998
323998,GS7364,2023,5737.0,323999
323999,GS7365,2023,6143.0,324000
324000,GS7366,2023,5585.0,324001
324007,GS7391,2023,9883.0,324008
324011,GS7395,2023,3007.0,324012
324012,GS7396,2023,3459.0,324013
324013,GS7397,2023,4101.0,324014
324014,GS7398,2023,3326.0,324015
324015,GS7399,2023,3303.0,324016
324016,GS7400,2023,3838.0,324017
324017,GS7401,2023,4289.0,324018
324020,GS7435,2023,115.0,324021
324021,GS7436,2023,1122.0,324022
324022,GS7437,2023,10000.0,324023
324026,GS7444,2023,10000.0,324027
324027,GS7448,2023,5629.0,324028
324028,GS7449,2023,8779.0,324029
324029,GS7450,2023,8423.0,324030
324030,GS7451,2023,8762.0,324031
324031,GS7452,2023,5346.0,324032
324032,GS7453,2023,8905.0,324033
324033,GS7454,2023,8653.0,324034
324044,GS7466,2023,9095.0,324045
324045,GS7467,2023,11062.0,324046
324046,GS7468,2023,787284.0,324047
324047,GS7469,2023,134641.0,324048
324048,GS7470,2023,9517.0,324049
324049,GS7471,2023,9297.0,324050
324050,GS7472,2023,12078.0,324051
324051,GS7473,2023,12709.0,324052
324052,GS7474,2023,12467.0,324053
324053,GS7475,2023,2178.0,324054
324054,GS7476,2023,2429.0,324055
324055,GS7477,2023,2080.0,324056
324056,GS7478,2023,2130.0,324057
324057,GS7479,2023,2451.0,324058
324058,GS7480,2023,2231.0,324059
324059,GS7481,2023,2278.0,324060
324060,GS7482,2023,2578.0,324061
324061,GS7483,2023,2640.0,324062
324062,GS7484,2023,2762.0,324063
324071,GS7493,2023,11756.0,324072
324072,GS7495,2023,239056.0,324073
324074,GS7497,2023,39181.0,324075
324082,GS7506,2023,14049.0,324083
324083,GS7507,2023,14051.0,324084
324086,GS7510,2023,17597.0,324087
324087,GS7512,2023,259.0,324088
324088,GS7513,2023,14188.0,324089
324099,GS7524,2023,9987.0,324100
324100,GS7525,2023,78271.0,324101
324101,GS7526,2023,4416.0,324102
324103,GS7528,2023,7042.0,324104
324107,GS7532,2023,447877.0,324108
324108,GS7533,2023,200865.0,324109
324109,GS7534,2023,339577.0,324110
324113,GS7539,2023,625.0,324114
324114,GS7540,2023,2090.0,324115
324115,GS7541,2023,3338.0,324116
324118,GS7544,2023,2028.0,324119
324125,GS7551,2023,6217.0,324126
324128,GS7554,2023,3673.0,324129
324130,GS7556,2023,6295.0,324131
324131,GS7557,2023,51446.0,324132
324140,GS7566,2023,7441.0,324141
324141,GS7567,2023,7135.0,324142
324146,GS7572,2023,273534.0,324147
324147,GS7574,2023,3211.0,324148
324149,GS7576,2023,38446.0,324150
324153,GS7580,2023,4821.0,324154
324154,GS7581,2023,5294.0,324155
324155,GS7582,2023,4387.0,324156
324156,GS7583,2023,4652.0,324157
324157,GS7584,2023,4471.0,324158
324158,GS7585,2023,4346.0,324159
324165,GS7592,2023,48752.0,324166
324166,GS7593,2023,44388.0,324167
324167,GS7594,2023,49086.0,324168
324168,GS7595,2023,44161.0,324169
324169,GS7596,2023,27272.0,324170
324175,GS7602,2023,4513.0,324176
324177,GS7604,2023,14531.0,324178
324178,GS7605,2023,14229.0,324179
324179,GS7606,2023,14304.0,324180
324189,GS7616,2023,108441.0,324190
324191,GS7620,2023,147078.0,324192
324192,GS7621,2023,132445.0,324193
324193,GS7622,2023,11889.0,324194
324194,GS7623,2023,352.0,324195
324198,GS7627,2023,310700.0,324199
324206,GS7635,2023,52871.0,324207
324208,GS7637,2023,59435.0,324209
324209,GS7638,2023,59830.0,324210
324210,GS7639,2023,58682.0,324211
324211,GS7640,2023,53402.0,324212
324212,GS7641,2023,59767.0,324213
324213,GS7642,2023,59832.0,324214
324214,GS7643,2023,50206.0,324215
324215,GS7644,2023,50804.0,324216
324216,GS7645,2023,55003.0,324217
324217,GS7646,2023,59719.0,324218
324218,GS7647,2023,60000.0,324219
324219,GS7648,2023,53353.0,324220
324220,GS7649,2023,41498.0,324221
324221,GS7650,2023,29697.0,324222
324222,GS7651,2023,10458.0,324223
324223,GS7652,2023,92646.0,324224
324226,GS7666,2023,11829.0,324227
324229,GS7671,2023,4605.0,324230
324230,GS7672,2023,4882.0,324231
324236,GS7678,2023,846024.0,324237
324245,GS7687,2023,52961.0,324246
324246,GS7688,2023,53000.0,324247
324247,GS7689,2023,53948.0,324248
324248,GS7690,2023,40037.0,324249
324249,GS7691,2023,18736.0,324250
324250,GS7692,2023,42227.0,324251
324278,GS7720,2023,1335077.0,324279
324279,GS7721,2023,208615.0,324280
324281,GS7723,2023,656555.0,324282
324284,GS7726,2023,708966.0,324285
324285,GS7727,2023,572469.0,324286
324286,GS7731,2023,26596.0,324287
324288,GS7733,2023,22380.0,324289
324289,GS7734,2023,283.0,324290
324290,GS7735,2023,533.0,324291
324291,GS7736,2023,65351.0,324292
324292,GS7737,2023,13930.0,324293
324294,GS7739,2023,464178.0,324295
324295,GS7740,2023,102716.0,324296
324296,GS7741,2023,127268.0,324297
324297,GS7742,2023,118447.0,324298
324299,GS7744,2023,98151.0,324300
324300,GS7745,2023,740974.0,324301
324313,GS7760,2023,1279235.0,324314
324314,GS7761,2023,553948.0,324315
324315,GS7762,2023,35356.0,324316
324319,GS7775,2023,73039.0,324320
324322,GS7783,2023,50156.0,324323
324323,GS7784,2023,6736.0,324324
324327,GS7789,2023,54923.0,324328
324338,GS7800,2023,34871.0,324339
324339,GS7801,2023,307758.0,324340
324351,GS10457,2023,58260.0,324352
324354,GS10466,2023,4646.0,324355
324355,GS10529,2023,42196.0,324356
324360,GS10657,2023,7326.0,324361
324361,GS10658,2023,6134.0,324362
324362,GS10659,2023,7364.0,324363
324365,GS10663,2023,3541.0,324366
324366,GS10664,2023,3536.0,324367
324367,GS10665,2023,3546.0,324368
324379,GS10710,2023,73828.0,324380
324381,GS10712,2023,54935.0,324382
324385,GS10716,2023,642578.0,324386
324387,GS10718,2023,6265.0,324388
324392,GS10725,2023,9221.0,324393
324393,GS10726,2023,9259.0,324394
324402,GS10735,2023,8302.0,324403
324403,GS10736,2023,8134.0,324404
324404,GS10737,2023,5647.0,324405
324407,GS10740,2023,9913.0,324408
324408,GS10741,2023,9910.0,324409
324409,GS10742,2023,9891.0,324410
324411,GS10777,2023,2943.0,324412
324412,GS10778,2023,10000.0,324413
324413,GS10779,2023,10000.0,324414
324414,GS10780,2023,10000.0,324415
324415,GS10781,2023,10000.0,324416
324416,GS10782,2023,41926.0,324417
324417,GS10783,2023,7697.0,324418
324418,GS10784,2023,7165.0,324419
324421,GS10788,2023,6135.0,324422
324423,GS10790,2023,860576.0,324424
324424,GS10791,2023,445966.0,324425
324425,GS10792,2023,169754.0,324426
324426,GS10793,2023,23541.0,324427
324429,GS10796,2023,1578.0,324430
324430,GS10797,2023,30065.0,324431
324431,GS10798,2023,79062.0,324432
324432,GS10799,2023,9175.0,324433
324433,GS10800,2023,9306.0,324434
324434,GS10801,2023,8644.0,324435
324435,GS10802,2023,8878.0,324436
324436,GS10803,2023,9009.0,324437
324437,GS10804,2023,9454.0,324438
324438,GS10805,2023,8180.0,324439
324439,GS10806,2023,10374.0,324440
324440,GS10807,2023,9486.0,324441
324441,GS10808,2023,24727.0,324442
324442,GS10809,2023,24459.0,324443
324445,GS10812,2023,57570.0,324446
324446,GS10813,2023,56112.0,324447
324449,GS10821,2023,34928.0,324450
324451,GS10823,2023,2352.0,324452
324453,GS10825,2023,34928.0,324454
324454,GS10826,2023,806.0,324455
324455,GS10827,2023,806.0,324456
324456,GS10828,2023,806.0,324457
324460,GS10832,2023,900.0,324461
324465,GS10869,2023,27897.0,324466
324466,GS10872,2023,5477.0,324467
324467,GS10873,2023,6155.0,324468
324472,GS10878,2023,57053.0,324473
324473,GS10879,2023,113812.0,324474
324476,GS10886,2023,42199.0,324477
324477,GS10887,2023,24801.0,324478
324478,GS10888,2023,20582.0,324479
324479,GS10889,2023,33188.0,324480
324480,GS10890,2023,36947.0,324481
324482,GS10897,2023,2749.0,324483
324485,GS10900,2023,22656.0,324486
324486,GS10901,2023,26781.0,324487
324487,GS10902,2023,29662.0,324488
324488,GS10903,2023,75762.0,324489
324489,GS10904,2023,67676.0,324490
324490,GS10905,2023,64324.0,324491
324491,GS10906,2023,60204.0,324492
324492,GS10907,2023,37281.0,324493
324493,GS10908,2023,40900.0,324494
324494,GS10909,2023,40913.0,324495
324495,GS10910,2023,40717.0,324496
324496,GS10911,2023,41501.0,324497
324497,GS10912,2023,41501.0,324498
324498,GS10913,2023,41501.0,324499
324499,GS10914,2023,41501.0,324500
324500,GS10915,2023,31924.0,324501
324501,GS10916,2023,31924.0,324502
324502,GS10917,2023,31924.0,324503
324503,GS10918,2023,31924.0,324504
324504,GS10919,2023,14897.0,324505
324505,GS10920,2023,14897.0,324506
324506,GS10921,2023,14554.0,324507
324507,GS10922,2023,10000.0,324508
324508,GS10923,2023,10000.0,324509
324509,GS10924,2023,10000.0,324510
324510,GS10925,2023,10000.0,324511
324511,GS10926,2023,10000.0,324512
324512,GS10927,2023,4836.0,324513
324513,GS10928,2023,3754.0,324514
324521,GS10967,2023,616492.0,324522
324522,GS10968,2023,45128.0,324523
324524,GS10970,2023,58957.0,324525
324527,GS10974,2023,1775.0,324528
324529,GS10976,2023,1753.0,324530
324530,GS10977,2023,1754.0,324531
324531,GS10978,2023,1762.0,324532
324532,GS10979,2023,1758.0,324533
324533,GS10980,2023,1776.0,324534
324534,GS10981,2023,1810.0,324535
324535,GS10982,2023,1704.0,324536
324539,GS10987,2023,26982.0,324540
324540,GS10988,2023,7549.0,324541
324541,GS10989,2023,7549.0,324542
324542,GS10990,2023,738.0,324543
324543,GS10991,2023,738.0,324544
324544,GS10992,2023,738.0,324545
324545,GS10993,2023,738.0,324546
324546,GS10994,2023,738.0,324547
324547,GS10995,2023,521.0,324548
324559,GS11007,2023,37996.0,324560
324562,GS11010,2023,60000.0,324563
324563,GS11011,2023,42379.0,324564
324564,GS11012,2023,9913.0,324565
324565,GS11013,2023,9913.0,324566
324566,GS11014,2023,9913.0,324567
324567,GS11015,2023,9913.0,324568
324568,GS11016,2023,9913.0,324569
324569,GS11017,2023,9913.0,324570
324570,GS11018,2023,9913.0,324571
324571,GS11019,2023,8886.0,324572
324572,GS11020,2023,8749.0,324573
324573,GS11021,2023,6094.0,324574
324574,GS11022,2023,5756.0,324575
324575,GS11023,2023,4538.0,324576
324576,GS11024,2023,3987.0,324577
324577,GS11025,2023,2314.0,324578
324578,GS11026,2023,420.0,324579
324581,GS11029,2023,3600.0,324582
324589,GS11041,2023,6801.0,324590
324590,GS11042,2023,6341.0,324591
324591,GS11043,2023,9585.0,324592
324592,GS11044,2023,8141.0,324593
324593,GS11046,2023,5312.0,324594
324594,GS11047,2023,4941.0,324595
324595,GS11048,2023,7390.0,324596
324596,GS11049,2023,7556.0,324597
324597,GS11050,2023,4959.0,324598
324598,GS11051,2023,3481.0,324599
324615,GS11068,2023,38054.0,324616
324616,GS11070,2023,10000.0,324617
324617,GS11071,2023,10000.0,324618
324618,GS11072,2023,10000.0,324619
324619,GS11073,2023,10000.0,324620
324620,GS11074,2023,10000.0,324621
324621,GS11075,2023,252570.0,324622
324629,GS11083,2023,1591.0,324630
324643,GS11098,2023,59057.0,324644
324645,GS11133,2023,55294.0,324646
324646,GS11134,2023,56439.0,324647
324647,GS11135,2023,59176.0,324648
324648,GS11136,2023,58878.0,324649
324649,GS11137,2023,56788.0,324650
324650,GS11138,2023,524.0,324651
324652,GS11140,2023,613671.0,324653
324657,GS11145,2023,429333.0,324658
324659,GS11147,2023,29069.0,324660
324660,GS11148,2023,34954.0,324661
324661,GS11149,2023,34898.0,324662
324662,GS11150,2023,36595.0,324663
324663,GS11151,2023,35764.0,324664
324664,GS11152,2023,37936.0,324665
324665,GS11153,2023,35982.0,324666
324667,GS11155,2023,7397.0,324668
324672,GS11166,2023,258.0,324673
324673,GS11167,2023,138632.0,324674
324674,GS11169,2023,21431.0,324675
324677,GS11173,2023,19645.0,324678
324680,GS11176,2023,4236.0,324681
324681,GS11177,2023,2800.0,324682
324682,GS11178,2023,1803.0,324683
324683,GS11179,2023,6927.0,324684
324684,GS11180,2023,6647.0,324685
324685,GS11181,2023,6842.0,324686
324686,GS11182,2023,6903.0,324687
324687,GS11183,2023,4805.0,324688
324690,GS11188,2023,271.0,324691
324692,GS11190,2023,13406.0,324693
324694,GS11192,2023,21399.0,324695
324695,GS11193,2023,38868.0,324696
324696,GS11194,2023,39049.0,324697
324697,GS11195,2023,993.0,324698
324698,GS11196,2023,24475.0,324699
324699,GS11197,2023,19120.0,324700
324700,GS11198,2023,41617.0,324701
324701,GS11199,2023,43865.0,324702
324702,GS11200,2023,41588.0,324703
324703,GS11201,2023,1358.0,324704
324704,GS11202,2023,195347.0,324705
324707,GS11205,2023,57314.0,324708
324709,GS11207,2023,360983.0,324710
324711,GS11209,2023,50351.0,324712
324713,GS11211,2023,46496.0,324714
324720,GS11218,2023,34928.0,324721
324724,GS11223,2023,199524.0,324725
324726,GS11226,2023,200448.0,324727
324727,GS11227,2023,27282.0,324728
324728,GS11228,2023,26416.0,324729
324729,GS11229,2023,23302.0,324730
324730,GS11230,2023,24058.0,324731
324731,GS11231,2023,25939.0,324732
324732,GS11232,2023,22746.0,324733
324733,GS11233,2023,2807.0,324734
324734,GS11234,2023,2717.0,324735
324735,GS11235,2023,2872.0,324736
324736,GS11236,2023,22014.0,324737
324737,GS11237,2023,117519.0,324738
324740,GS11240,2023,78603.0,324741
324745,GS11245,2023,10392.0,324746
324746,GS11246,2023,9342.0,324747
324751,GS11251,2023,91324.0,324752
324755,GS11256,2023,367003.0,324756
324756,GS11259,2023,43858.0,324757
324757,GS11260,2023,44158.0,324758
324758,GS11261,2023,42812.0,324759
324759,GS11262,2023,41778.0,324760
324760,GS11263,2023,50718.0,324761
324761,GS11264,2023,37673.0,324762
324762,GS11265,2023,57781.0,324763
324763,GS11266,2023,46336.0,324764
324764,GS11267,2023,43322.0,324765
324765,GS11268,2023,45173.0,324766
324766,GS11269,2023,43185.0,324767
324767,GS11270,2023,46915.0,324768
324768,GS11271,2023,38334.0,324769
324769,GS11272,2023,42975.0,324770
324770,GS11273,2023,47242.0,324771
324771,GS11274,2023,43558.0,324772
324772,GS11275,2023,43972.0,324773
324773,GS11276,2023,45303.0,324774
324774,GS11277,2023,44742.0,324775
324775,GS11278,2023,46197.0,324776
324776,GS11279,2023,53941.0,324777
324777,GS11280,2023,47085.0,324778
324778,GS11281,2023,43167.0,324779
324779,GS11282,2023,40809.0,324780
324780,GS11283,2023,42251.0,324781
324781,GS11284,2023,40099.0,324782
324782,GS11285,2023,42097.0,324783
324783,GS11286,2023,36049.0,324784
324784,GS11287,2023,28812.0,324785
324785,GS11288,2023,40929.0,324786
324786,GS11289,2023,38203.0,324787
324787,GS11290,2023,43488.0,324788
324788,GS11291,2023,47295.0,324789
324789,GS11292,2023,51197.0,324790
324790,GS11293,2023,44924.0,324791
324791,GS11294,2023,47567.0,324792
324792,GS11295,2023,49857.0,324793
324793,GS11296,2023,49734.0,324794
324794,GS11297,2023,49253.0,324795
324795,GS11298,2023,46533.0,324796
324796,GS11299,2023,47137.0,324797
324797,GS11300,2023,49287.0,324798
324798,GS11301,2023,41532.0,324799
324799,GS11302,2023,41620.0,324800
324800,GS11303,2023,40275.0,324801
324801,GS11304,2023,18850.0,324802
324802,GS11305,2023,15312.0,324803
324803,GS11306,2023,151285.0,324804
324805,GS11308,2023,8251.0,324806
324806,GS11309,2023,34928.0,324807
324807,GS11310,2023,34928.0,324808
324808,GS11311,2023,34928.0,324809
324809,GS11312,2023,34928.0,324810
324810,GS11313,2023,34928.0,324811
324815,GS11319,2023,10939.0,324816
324818,GS11322,2023,27439.0,324819
324821,GS11325,2023,28490.0,324822
324822,GS11326,2023,29677.0,324823
324823,GS11327,2023,28490.0,324824
324827,GS11331,2023,542068.0,324828
324829,GS11334,2023,105784.0,324830
324832,GS11337,2023,115449.0,324833
324834,GS11339,2023,9183.0,324835
324835,GS11341,2023,45258.0,324836
324837,GS11344,2023,207470.0,324838
324840,GS11351,2023,44373.0,324841
324841,GS11352,2023,3341.0,324842
324847,GS11358,2023,23134.0,324848
324851,GS11394,2023,140936.0,324852
324853,GS11397,2023,5891.0,324854
324855,GS11400,2023,409799.0,324856
324856,GS11401,2023,168542.0,324857
324857,GS11402,2023,52598.0,324858
324858,GS11403,2023,31385.0,324859
324859,GS11404,2023,84236.0,324860
324860,GS11405,2023,100918.0,324861
324863,GS11409,2023,3289.0,324864
324868,GS11414,2023,128597.0,324869
324869,GS11415,2023,142942.0,324870
324875,GS11421,2023,555454.0,324876
324878,GS11424,2023,75282.0,324879
324880,GS11426,2023,31932.0,324881
324881,GS11427,2023,45729.0,324882
324882,GS11432,2023,49969.0,324883
324883,GS11433,2023,96357.0,324884
324884,GS11434,2023,67578.0,324885
324887,GS11437,2023,35545.0,324888
324890,GS11440,2023,4594551.0,324891
324891,GS11441,2023,24045.0,324892
324893,GS11447,2023,42312.0,324894
324894,GS11448,2023,18757.0,324895
324896,GS11451,2023,60278.0,324897
324901,GS11466,2023,6284.0,324902
324918,GS11486,2023,56065.0,324919
324921,GS11490,2023,21928.0,324922
324927,GS11496,2023,49816.0,324928
324938,GS11507,2023,5768.0,324939
324964,GS11537,2023,21963.0,324965
324965,GS11538,2023,34193.0,324966
324966,GS11539,2023,35118.0,324967
324969,GS11544,2023,416.0,324970
324972,GS11547,2023,5751.0,324973
324973,GS11548,2023,2943.0,324974
324974,GS11549,2023,2057.0,324975
324976,GS11551,2023,1053774.0,324977
324979,GS11557,2023,573124.0,324980
324980,GS11558,2023,91798.0,324981
324981,GS11559,2023,22905.0,324982
324982,GS11560,2023,23464.0,324983
324983,GS11561,2023,180437.0,324984
324985,GS11564,2023,164105.0,324986
324989,GS11568,2023,51442.0,324990
324998,GS11579,2023,475.0,324999
325007,GS11594,2023,652.0,325008
325009,GS11596,2023,891027.0,325010
325012,GS11603,2023,30567.0,325013
325013,GS11604,2023,4750.0,325014
325014,GS11605,2023,45113.0,325015
325015,GS11606,2023,43069.0,325016
325017,GS11608,2023,26988.0,325018
325018,GS11609,2023,27175.0,325019
325019,GS11610,2023,26948.0,325020
325020,GS11611,2023,26870.0,325021
325021,GS11612,2023,27271.0,325022
325022,GS11613,2023,20334.0,325023
325023,GS11614,2023,102595.0,325024
325031,GS11624,2023,160631.0,325032
325032,GS11627,2023,121.0,325033
325033,GS11628,2023,34928.0,325034
325034,GS11629,2023,34928.0,325035
325035,GS11630,2023,34928.0,325036
325036,GS11631,2023,34928.0,325037
325037,GS11632,2023,38007.0,325038
325038,GS11633,2023,34928.0,325039
325039,GS11634,2023,38007.0,325040
325042,GS11639,2023,20657.0,325043
325043,GS11640,2023,51432.0,325044
325048,GS11647,2023,6650.0,325049
325053,GS11655,2023,52498.0,325054
325054,GS11656,2023,53561.0,325055
325059,GS11662,2023,130373.0,325060
325060,GS11663,2023,28.0,325061
325061,GS11664,2023,50.0,325062
325063,GS11667,2023,11411.0,325064
325065,GS11671,2023,950887.0,325066
325066,GS11672,2023,8301.0,325067
325067,GS11673,2023,17211.0,325068
325068,GS11674,2023,287850.0,325069
325078,GS11691,2023,4547.0,325079
325079,GS11692,2023,1323.0,325080
325080,GS11693,2023,24534.0,325081
325081,GS11694,2023,13742.0,325082
325083,GS11696,2023,3665.0,325084
325096,GS11709,2023,35847.0,325097
325103,GS11722,2023,68793.0,325104
325108,GS11728,2023,344736.0,325109
325109,GS11729,2023,12339.0,325110
325111,GS11731,2023,39996.0,325112
325112,GS11732,2023,135068.0,325113
325116,GS11741,2023,58796.0,325117
325118,GS11744,2023,8438.0,325119
325119,GS11745,2023,8438.0,325120
325120,GS11747,2023,8439.0,325121
325121,GS11748,2023,8438.0,325122
325122,GS11749,2023,8438.0,325123
325123,GS11750,2023,8439.0,325124
325124,GS11751,2023,8439.0,325125
325125,GS11752,2023,8438.0,325126
325126,GS11753,2023,8439.0,325127
325127,GS11754,2023,8440.0,325128
325128,GS11755,2023,8438.0,325129
325129,GS11756,2023,8438.0,325130
325130,GS11757,2023,8439.0,325131
325131,GS11758,2023,8440.0,325132
325132,GS11759,2023,8439.0,325133
325133,GS11760,2023,8439.0,325134
325134,GS11761,2023,8439.0,325135
325135,GS11762,2023,8439.0,325136
325136,GS11763,2023,8438.0,325137
325137,GS11764,2023,8439.0,325138
325138,GS11765,2023,8439.0,325139
325139,GS11766,2023,8439.0,325140
325140,GS11767,2023,8439.0,325141
325141,GS11768,2023,8439.0,325142
325142,GS11769,2023,8439.0,325143
325143,GS11770,2023,8439.0,325144
325144,GS11771,2023,8439.0,325145
325145,GS11772,2023,8440.0,325146
325146,GS11773,2023,8439.0,325147
325147,GS11774,2023,8439.0,325148
325148,GS11775,2023,8440.0,325149
325149,GS11776,2023,8439.0,325150
325150,GS11777,2023,8439.0,325151
325151,GS11778,2023,8438.0,325152
325152,GS11779,2023,8440.0,325153
325153,GS11780,2023,8440.0,325154
325154,GS11781,2023,8440.0,325155
325155,GS11782,2023,8440.0,325156
325156,GS11783,2023,8439.0,325157
325157,GS11784,2023,8438.0,325158
325158,GS11785,2023,8733.0,325159
325159,GS11786,2023,10007.0,325160
325160,GS11787,2023,10007.0,325161
325161,GS11788,2023,10007.0,325162
325162,GS11789,2023,10007.0,325163
325170,GS11807,2023,8438.0,325171
325176,GS11813,2023,5897.0,325177
325178,GS11816,2023,702.0,325179
325179,GS11817,2023,1944.0,325180
325181,GS11835,2023,8440.0,325182
325182,GS11836,2023,8440.0,325183
325183,GS11837,2023,8440.0,325184
325184,GS11838,2023,8440.0,325185
325185,GS11839,2023,8439.0,325186
325186,GS11840,2023,8438.0,325187
325187,GS11841,2023,8439.0,325188
325188,GS11842,2023,8441.0,325189
325189,GS11843,2023,8440.0,325190
325190,GS11844,2023,8440.0,325191
325191,GS11845,2023,8439.0,325192
325192,GS11846,2023,8440.0,325193
325193,GS11847,2023,8441.0,325194
325194,GS11848,2023,114.0,325195
325195,GS11849,2023,68.0,325196
325196,GS11850,2023,68.0,325197
325197,GS11851,2023,68.0,325198
325198,GS11852,2023,68.0,325199
325199,GS11853,2023,68.0,325200
325201,GS11855,2023,38990.0,325202
325205,GS11861,2023,34817.0,325206
325216,GS11877,2023,4220.0,325217
325217,GS11878,2023,5409.0,325218
325218,GS11879,2023,40853.0,325219
325219,GS11880,2023,39906.0,325220
325220,GS11881,2023,46643.0,325221
325221,GS11882,2023,34658.0,325222
325222,GS11883,2023,18216.0,325223
325223,GS11884,2023,1214.0,325224
325239,GS11901,2023,65207.0,325240
325254,GS11916,2023,5119.0,325255
325257,GS11919,2023,8599.0,325258
325258,GS11920,2023,11898.0,325259
325259,GS11921,2023,9091.0,325260
325260,GS11922,2023,14852.0,325261
325261,GS11923,2023,17430.0,325262
325262,GS11924,2023,21073.0,325263
325263,GS11925,2023,1129.0,325264
325264,GS11926,2023,22671.0,325265
325265,GS11927,2023,14111.0,325266
325266,GS11928,2023,3826.0,325267
325267,GS11929,2023,9817.0,325268
325268,GS11930,2023,23315.0,325269
325269,GS11931,2023,22810.0,325270
325270,GS11932,2023,21554.0,325271
325271,GS11933,2023,37360.0,325272
325273,GS11935,2023,9601.0,325274
325279,GS11945,2023,17550.0,325280
325280,GS11947,2023,31009.0,325281
325281,GS11948,2023,6888.0,325282
325283,GS11950,2023,10000.0,325284
325284,GS11951,2023,10000.0,325285
325285,GS11952,2023,10000.0,325286
325286,GS11953,2023,10000.0,325287
325287,GS11954,2023,9088.0,325288
325291,GS11968,2023,294908.0,325292
325294,GS11972,2023,278237.0,325295
325296,GS11980,2023,1441.0,325297
325299,GS11983,2023,66473.0,325300
325303,GS11987,2023,16.0,325304
325304,GS11988,2023,36222.0,325305
325305,GS11989,2023,2199.0,325306
325310,GS11994,2023,6231.0,325311
325312,GS11996,2023,12569.0,325313
325313,GS11998,2023,10788.0,325314
325314,GS11999,2023,11601.0,325315
325315,GS12000,2023,9159.0,325316
325316,GS12001,2023,10107.0,325317
325317,GS12002,2023,12873.0,325318
325318,GS12003,2023,13155.0,325319
325319,GS12004,2023,16195.0,325320
325320,GS12005,2023,9556.0,325321
325321,GS12006,2023,15423.0,325322
325322,GS12007,2023,13919.0,325323
325323,GS12008,2023,15210.0,325324
325324,GS12009,2023,14352.0,325325
325325,GS12010,2023,6455.0,325326
325326,GS12011,2023,10000.0,325327
325330,GS12017,2023,33221.0,325331
325331,GS12018,2023,34528.0,325332
325332,GS12019,2023,35302.0,325333
325333,GS12020,2023,43070.0,325334
325335,GS12023,2023,55225.0,325336
325342,GS12031,2023,40944.0,325343
325344,GS12033,2023,41918.0,325345
325356,GS12045,2023,211395.0,325357
325358,GS12047,2023,788236.0,325359
325359,GS12048,2023,4017.0,325360
325361,GS12050,2023,50726.0,325362
325363,GS12052,2023,33952.0,325364
325365,GS12054,2023,6720.0,325366
325369,GS12062,2023,835677.0,325370
325371,GS12064,2023,13273.0,325372
325372,GS12065,2023,199952.0,325373
325374,GS12067,2023,30756.0,325375
325376,GS12069,2023,3477.0,325377
325379,GS12073,2023,118394.0,325380
325388,GS12082,2023,984.0,325389
325390,GS12084,2023,8516.0,325391
325392,GS12088,2023,3601.0,325393
325407,GS12111,2023,93829.0,325408
325408,GS12112,2023,498317.0,325409
325410,GS12114,2023,295552.0,325411
325411,GS12115,2023,1023.0,325412
325415,GS12119,2023,621700.0,325416
325416,GS12120,2023,130342.0,325417
325419,GS12123,2023,38007.0,325420
325420,GS12124,2023,38007.0,325421
325421,GS12125,2023,34928.0,325422
325422,GS12126,2023,34928.0,325423
325423,GS12127,2023,34928.0,325424
325424,GS12128,2023,34928.0,325425
325425,GS12129,2023,34928.0,325426
325426,GS12130,2023,34928.0,325427
325427,GS12131,2023,34928.0,325428
325428,GS12132,2023,40129.0,325429
325433,GS12137,2023,12357.0,325434
325436,GS12141,2023,28380.0,325437
325438,GS12143,2023,55000.0,325439
325439,GS12144,2023,241709.0,325440
325440,GS12146,2023,236.0,325441
325441,GS12147,2023,42678.0,325442
325446,GS12155,2023,6487.0,325447
325447,GS12156,2023,6530.0,325448
325448,GS12157,2023,5956.0,325449
325449,GS12158,2023,4481.0,325450
325450,GS12160,2023,3579.0,325451
325451,GS12161,2023,8683.0,325452
325473,GS12188,2023,357.0,325474
325477,GS12193,2023,191.0,325478
325481,GS12197,2023,2341.0,325482
325483,GS12199,2023,3229.0,325484
325489,GS12205,2023,21663.0,325490
325494,GS12212,2023,36064.0,325495
325495,GS12213,2023,326.0,325496
325498,GS12216,2023,6123.0,325499
325499,GS12217,2023,2046.0,325500
325502,GS12220,2023,2718.0,325503
325508,GS12227,2023,57301.0,325509
325509,GS12228,2023,47297.0,325510
325514,GS12233,2023,40415.0,325515
325520,GS12240,2023,2284.0,325521
325521,GS12241,2023,255441.0,325522
325522,GS12242,2023,125146.0,325523
325526,GS12247,2023,829.0,325527
325528,GS12251,2023,37828.0,325529
325529,GS12252,2023,31810.0,325530
325530,GS12253,2023,34723.0,325531
325531,GS12254,2023,32199.0,325532
325532,GS12255,2023,31857.0,325533
325533,GS12256,2023,32759.0,325534
325534,GS12257,2023,25710.0,325535
325535,GS12258,2023,16029.0,325536
325536,GS12259,2023,14584.0,325537
325537,GS12260,2023,15706.0,325538
325538,GS12261,2023,11822.0,325539
325539,GS12262,2023,10729.0,325540
325540,GS12263,2023,5344.0,325541
325553,GS12276,2023,10421.0,325554
325554,GS12277,2023,736.0,325555
325555,GS12278,2023,685.0,325556
325556,GS12279,2023,3515.0,325557
325560,GS12285,2023,199080.0,325561
325562,GS12287,2023,28826.0,325563
325563,GS12289,2023,17178.0,325564
325567,GS12293,2023,100701.0,325568
325572,GS12302,2023,463146.0,325573
325573,GS12303,2023,17640.0,325574
325577,GS12307,2023,80143.0,325578
325578,GS12308,2023,9935.0,325579
325581,GS12311,2023,114253.0,325582
325587,GS12317,2023,19144.0,325588
325594,GS12327,2023,62.0,325595
325595,GS12329,2023,24.0,325596
325596,GS12330,2023,215.0,325597
325597,GS12331,2023,4.0,325598
325598,GS12332,2023,203.0,325599
325603,GS12339,2023,121616.0,325604
325610,GS12347,2023,43793.0,325611
325612,GS12350,2023,65875.0,325613
325618,GS12357,2023,31157.0,325619
325619,GS12358,2023,28894.0,325620
325620,GS12360,2023,15128.0,325621
325624,GS12364,2023,19432.0,325625
325625,GS12365,2023,16167.0,325626
325626,GS12366,2023,13954.0,325627
325627,GS12367,2023,11515.0,325628
325628,GS12368,2023,9193.0,325629
325629,GS12369,2023,6809.0,325630
325630,GS12370,2023,3183.0,325631
325631,GS12371,2023,9.0,325632
325635,GS12377,2023,17526.0,325636
325639,GS12383,2023,18053.0,325640
325695,GS12441,2023,124247.0,325696
325709,GS12460,2023,13661.0,325710
325710,GS12461,2023,9421.0,325711
325711,GS12462,2023,1186.0,325712
325715,GS12467,2023,5444.0,325716
325716,GS12468,2023,1436.0,325717
325718,GS12470,2023,29155.0,325719
325723,GS12476,2023,5136.0,325724
325727,GS12482,2023,75391.0,325728
325730,GS12486,2023,14674.0,325731
325738,GS12495,2023,1078.0,325739
325758,GS12533,2023,7177.0,325759
325783,GS12570,2023,15996.0,325784
325806,GS12615,2023,1978.0,325807
325807,GS12616,2023,26091.0,325808
325808,GS12617,2023,8101.0,325809
325809,GS12618,2023,106.0,325810
325815,GS12626,2023,224899.0,325816
325816,GS12627,2023,207274.0,325817
325824,GS12638,2023,8.0,325825
325851,GS12670,2023,410613.0,325852
325871,GS12701,2023,9309.0,325872
325872,GS12702,2023,9309.0,325873
325873,GS12703,2023,9309.0,325874
325874,GS12704,2023,9284.0,325875
325875,GS12705,2023,9209.0,325876
325876,GS12706,2023,9081.0,325877
325877,GS12707,2023,8417.0,325878
325878,GS12708,2023,7850.0,325879
325879,GS12709,2023,7282.0,325880
325880,GS12710,2023,6995.0,325881
325881,GS12711,2023,7043.0,325882
325882,GS12712,2023,6811.0,325883
325883,GS12713,2023,6505.0,325884
325884,GS12714,2023,6376.0,325885
325885,GS12715,2023,6165.0,325886
325886,GS12716,2023,6022.0,325887
325887,GS12717,2023,5602.0,325888
325888,GS12718,2023,5575.0,325889
325889,GS12719,2023,4983.0,325890
325891,GS12721,2023,5174.0,325892
325892,GS12722,2023,5261.0,325893
325893,GS12723,2023,5132.0,325894
325894,GS12724,2023,5058.0,325895
325895,GS12725,2023,4797.0,325896
325896,GS12726,2023,4694.0,325897
325897,GS12727,2023,4665.0,325898
325898,GS12728,2023,4461.0,325899
325899,GS12729,2023,4152.0,325900
325900,GS12730,2023,3919.0,325901
325901,GS12731,2023,3639.0,325902
325902,GS12732,2023,3457.0,325903
325903,GS12733,2023,3364.0,325904
325904,GS12734,2023,3137.0,325905
325905,GS12735,2023,3061.0,325906
325906,GS12736,2023,2963.0,325907
325907,GS12737,2023,2766.0,325908
325908,GS12738,2023,2663.0,325909
325909,GS12739,2023,2501.0,325910
325910,GS12740,2023,2502.0,325911
325911,GS12741,2023,2422.0,325912
325912,GS12742,2023,2349.0,325913
325913,GS12743,2023,2298.0,325914
325914,GS12744,2023,2272.0,325915
325915,GS12745,2023,2196.0,325916
325916,GS12746,2023,2144.0,325917
325917,GS12747,2023,2119.0,325918
325918,GS12748,2023,2017.0,325919
325919,GS12749,2023,1889.0,325920
325920,GS12750,2023,1738.0,325921
325921,GS12751,2023,1134.0,325922
325922,GS12752,2023,1031.0,325923
325923,GS12753,2023,928.0,325924
325924,GS12754,2023,747.0,325925
325925,GS12755,2023,696.0,325926
325926,GS12756,2023,515.0,325927
325927,GS12757,2023,352.0,325928
325928,GS12758,2023,262.0,325929
325929,GS12759,2023,52.0,325930
325942,GS12779,2023,25177.0,325943
325946,GS12786,2023,10745.0,325947
325977,GS12829,2023,28102.0,325978
325978,GS12830,2023,9409.0,325979
326012,GS12875,2023,250382.0,326013
326080,GS12979,2023,6916.0,326081
326305,GS23254,2023,60677.0,326306
326614,ISOprj_1HHYZFVGW1S044ZY,2023,2094.471,326615
326665,ISOprj_1KA95092G1S093EM,2023,3087.9,326666
326670,ISOprj_1KESD32TS1S0ZHGV,2023,2765.471,326671
326687,VCS5,2023,22199.0,326688
326745,VCS65,2023,1751.0,326746
326771,VCS92,2023,1079354.0,326772
326815,VCS138,2023,130647.0,326816
326966,VCS292,2023,78074.0,326967
326991,VCS318,2023,108688.0,326992
327054,VCS381,2023,9322.0,327055
327078,VCS405,2023,24813.0,327079
327121,VCS448,2023,31783.0,327122
327128,VCS455,2023,5553.0,327129
327162,VCS489,2023,9572.0,327163
327231,VCS558,2023,5805.0,327232
327276,VCS603,2023,3271.0,327277
327311,VCS638,2023,17722.0,327312
327313,VCS640,2023,38819.0,327314
327345,VCS672,2023,72729.0,327346
327346,VCS673,2023,5822.0,327347
327373,VCS700,2023,7694.0,327374
327379,VCS706,2023,10000.0,327380
327424,VCS753,2023,94936.0,327425
327467,VCS796,2023,5157.0,327468
327490,VCS819,2023,9602.0,327491
327504,VCS833,2023,19874.0,327505
327505,VCS834,2023,38969.0,327506
327550,VCS879,2023,2717.0,327551
327576,VCS905,2023,44915.0,327577
327580,VCS909,2023,40308.0,327581
327581,VCS910,2023,87673.0,327582
327582,VCS911,2023,75849.0,327583
327599,VCS928,2023,5078.0,327600
327600,VCS929,2023,635357.0,327601
327614,VCS943,2023,6113.0,327615
327658,VCS987,2023,108459.0,327659
327665,VCS994,2023,3761.0,327666
327696,VCS1026,2023,5718.0,327697
327715,VCS1045,2023,37843.0,327716
327720,VCS1050,2023,26165.0,327721
327770,VCS1100,2023,254735.0,327771
327774,VCS1104,2023,1496.0,327775
327823,VCS1153,2023,1077.0,327824
327843,VCS1174,2023,9005.0,327844
327871,VCS1202,2023,190633.0,327872
327885,VCS1216,2023,7031.0,327886
327900,VCS1231,2023,24762.0,327901
327901,VCS1232,2023,20257.0,327902
327909,VCS1240,2023,165620.0,327910
327926,VCS1257,2023,285053.0,327927
327958,VCS1289,2023,14443.0,327959
327976,VCS1308,2023,89701.0,327977
327987,VCS1319,2023,54333.0,327988
328016,VCS1348,2023,25996.0,328017
328017,VCS1349,2023,11156.0,328018
328022,VCS1354,2023,35063.0,328023
328030,VCS1362,2023,66594.0,328031
328032,VCS1364,2023,65144.0,328033
328054,VCS1386,2023,11799.0,328055
328072,VCS1404,2023,10999.0,328073
328104,VCS1437,2023,25593.0,328105
328105,VCS1438,2023,20341.0,328106
328106,VCS1439,2023,24977.0,328107
328131,VCS1465,2023,16698.0,328132
328140,VCS1477,2023,5718000.0,328141
328142,VCS1479,2023,97400.0,328143
328143,VCS1480,2023,100398.0,328144
328144,VCS1481,2023,97888.0,328145
328145,VCS1482,2023,81629.0,328146
328146,VCS1483,2023,19029.0,328147
328157,VCS1496,2023,26254.0,328158
328158,VCS1497,2023,207448.0,328159
328161,VCS1500,2023,14858.0,328162
328181,VCS1521,2023,123120.0,328182
328182,VCS1522,2023,449676.0,328183
328207,VCS1549,2023,10331.0,328208
328216,VCS1560,2023,142858.0,328217
328224,VCS1569,2023,8360.0,328225
328226,VCS1571,2023,50000.0,328227
328227,VCS1572,2023,72130.0,328228
328231,VCS1579,2023,23030.0,328232
328232,VCS1580,2023,56350.0,328233
328233,VCS1582,2023,145176.0,328234
328242,VCS1644,2023,201848.0,328243
328273,VCS1683,2023,18773.0,328274
328299,VCS1716,2023,59906.0,328300
328304,VCS1723,2023,67065.0,328305
328306,VCS1728,2023,396894.0,328307
328310,VCS1733,2023,58021.0,328311
328311,VCS1734,2023,34705.0,328312
328321,VCS1745,2023,71541.0,328322
328328,VCS1754,2023,424503.0,328329
328332,VCS1762,2023,181405.0,328333
328333,VCS1764,2023,50641.0,328334
328335,VCS1766,2023,10797.0,328336
328339,VCS1770,2023,188501.0,328340
328342,VCS1774,2023,28372.0,328343
328343,VCS1775,2023,2468500.0,328344
328344,VCS1776,2023,80580.0,328345
328349,VCS1784,2023,343292.0,328350
328350,VCS1786,2023,82274.0,328351
328361,VCS1798,2023,103390.0,328362
328363,VCS1800,2023,34893.0,328364
328365,VCS1803,2023,2456.0,328366
328367,VCS1805,2023,1576896.0,328368
328373,VCS1812,2023,382112.0,328374
328377,VCS1817,2023,46942.0,328378
328389,VCS1830,2023,5294.0,328390
328408,VCS1851,2023,1763858.0,328409
328409,VCS1852,2023,16746.0,328410
328410,VCS1853,2023,23270.0,328411
328413,VCS1856,2023,190914.0,328414
328423,VCS1867,2023,100000.0,328424
328436,VCS1883,2023,24801.0,328437
328438,VCS1885,2023,24861.0,328439
328442,VCS1890,2023,99991.0,328443
328448,VCS1897,2023,340907.0,328449
328449,VCS1898,2023,34322.0,328450
328451,VCS1900,2023,246269.0,328452
328454,VCS1903,2023,221062.0,328455
328455,VCS1904,2023,528875.0,328456
328456,VCS1905,2023,63714.0,328457
328457,VCS1906,2023,72881.0,328458
328458,VCS1907,2023,192428.0,328459
328459,VCS1908,2023,110545.0,328460
328464,VCS1913,2023,7729.0,328465
328466,VCS1915,2023,22404.0,328467
328472,VCS1921,2023,36480.0,328473
328474,VCS1923,2023,22621.0,328475
328476,VCS1925,2023,10715.0,328477
328477,VCS1926,2023,11432.0,328478
328480,VCS1931,2023,900407.0,328481
328492,VCS1945,2023,5491.0,328493
328496,VCS1949,2023,304155.0,328497
328497,VCS1950,2023,490954.0,328498
328504,VCS1958,2023,62485.0,328505
328505,VCS1959,2023,14424.0,328506
328510,VCS1964,2023,55620.0,328511
328511,VCS1965,2023,55756.0,328512
328514,VCS1968,2023,254468.0,328515
328516,VCS1970,2023,93291.0,328517
328517,VCS1971,2023,23956.0,328518
328520,VCS1974,2023,56887.0,328521
328521,VCS1975,2023,72618.0,328522
328528,VCS1982,2023,60506.0,328529
328533,VCS1987,2023,402681.0,328534
328535,VCS1989,2023,32882.0,328536
328542,VCS1996,2023,91398.0,328543
328543,VCS1997,2023,64504.0,328544
328544,VCS1998,2023,74078.0,328545
328545,VCS1999,2023,49939.0,328546
328546,VCS2000,2023,62000.0,328547
328548,VCS2002,2023,59903.0,328549
328550,VCS2004,2023,338175.0,328551
328565,VCS2019,2023,60561.0,328566
328566,VCS2020,2023,186713.0,328567
328585,VCS2039,2023,127946.0,328586
328586,VCS2040,2023,24300.0,328587
328588,VCS2042,2023,327482.0,328589
328603,VCS2057,2023,75135.0,328604
328615,VCS2069,2023,548937.0,328616
328635,VCS2093,2023,12097.0,328636
328636,VCS2094,2023,43155.0,328637
328639,VCS2097,2023,81505.0,328640
328658,VCS2250,2023,206902.0,328659
328662,VCS2259,2023,52788.0,328663
328664,VCS2261,2023,20107.0,328665
328684,VCS2307,2023,35268.0,328685
328685,VCS2308,2023,21847.0,328686
328686,VCS2309,2023,20737.0,328687
328688,VCS2311,2023,30703.0,328689
328689,VCS2312,2023,33466.0,328690
328690,VCS2313,2023,32298.0,328691
328691,VCS2314,2023,32885.0,328692
328692,VCS2315,2023,35868.0,328693
328696,VCS2319,2023,16463.0,328697
328699,VCS2322,2023,9635.0,328700
328709,VCS2335,2023,26979.0,328710
328714,VCS2340,2023,185617.0,328715
328715,VCS2341,2023,195456.0,328716
328716,VCS2342,2023,380185.0,328717
328718,VCS2345,2023,27160.0,328719
328721,VCS2348,2023,54061.0,328722
328722,VCS2349,2023,113463.0,328723
328724,VCS2351,2023,31493.0,328725
328725,VCS2352,2023,62520.0,328726
328726,VCS2353,2023,129744.0,328727
328727,VCS2354,2023,64023.0,328728
328728,VCS2355,2023,91557.0,328729
328737,VCS2365,2023,13595.0,328738
328738,VCS2366,2023,291296.0,328739
328742,VCS2371,2023,195205.0,328743
328743,VCS2372,2023,798535.0,328744
328755,VCS2384,2023,192274.0,328756
328773,VCS2402,2023,71477.0,328774
328780,VCS2409,2023,70488.0,328781
328783,VCS2412,2023,11334.0,328784
328785,VCS2414,2023,58596.0,328786
328804,VCS2434,2023,18047.0,328805
328822,VCS2452,2023,18138.0,328823
328830,VCS2464,2023,195547.0,328831
328834,VCS2468,2023,110628.0,328835
328856,VCS2493,2023,36279.0,328857
328868,VCS2505,2023,2575966.0,328869
328883,VCS2521,2023,77960.0,328884
328892,VCS2532,2023,247971.0,328893
328893,VCS2533,2023,1144947.0,328894
328895,VCS2535,2023,11232.0,328896
328903,VCS2548,2023,166452.0,328904
328905,VCS2551,2023,2012831.0,328906
328911,VCS2557,2023,560248.0,328912
328912,VCS2558,2023,254198.0,328913
328922,VCS2573,2023,70515.0,328923
328927,VCS2581,2023,1255146.0,328928
328933,VCS2588,2023,217807.0,328934
328935,VCS2591,2023,15605.0,328936
328938,VCS2594,2023,34951.0,328939
328939,VCS2595,2023,34778.0,328940
328945,VCS2601,2023,53364.0,328946
328952,VCS2609,2023,786547.0,328953
328957,VCS2614,2023,53178.0,328958
328977,VCS2636,2023,661779.0,328978
328984,VCS2649,2023,30756.0,328985
328990,VCS2656,2023,44516.0,328991
329004,VCS2673,2023,20067.0,329005
329007,VCS2676,2023,345995.0,329008
329016,VCS2685,2023,33884.0,329017
329017,VCS2687,2023,36354.0,329018
329018,VCS2688,2023,33491.0,329019
329019,VCS2689,2023,36191.0,329020
329020,VCS2690,2023,34157.0,329021
329023,VCS2693,2023,6798.0,329024
329037,VCS2707,2023,61180.0,329038
329038,VCS2708,2023,1757.0,329039
329059,VCS2731,2023,28590.0,329060
329072,VCS2744,2023,1460.0,329073
329078,VCS2751,2023,8037.0,329079
329094,VCS2768,2023,95573.0,329095
329098,VCS2772,2023,34117.0,329099
329099,VCS2773,2023,34170.0,329100
329100,VCS2774,2023,34448.0,329101
329101,VCS2775,2023,33530.0,329102
329102,VCS2776,2023,34455.0,329103
329103,VCS2777,2023,35109.0,329104
329104,VCS2778,2023,32911.0,329105
329105,VCS2779,2023,33850.0,329106
329106,VCS2780,2023,33023.0,329107
329114,VCS2789,2023,184854.0,329115
329118,VCS2794,2023,341044.0,329119
329148,VCS2825,2023,34124.0,329149
329149,VCS2826,2023,34454.0,329150
329150,VCS2827,2023,36510.0,329151
329151,VCS2828,2023,632566.0,329152
329157,VCS2835,2023,53211.0,329158
329158,VCS2836,2023,52022.0,329159
329159,VCS2837,2023,55878.0,329160
329160,VCS2838,2023,11580.0,329161
329161,VCS2839,2023,14645.0,329162
329162,VCS2840,2023,70075.0,329163
329183,VCS2861,2023,33850.0,329184
329184,VCS2862,2023,39240.0,329185
329185,VCS2863,2023,98428.0,329186
329186,VCS2864,2023,40508.0,329187
329188,VCS2866,2023,43528.0,329189
329190,VCS2868,2023,474625.0,329191
329200,VCS2878,2023,782437.0,329201
329202,VCS2880,2023,5065.0,329203
329208,VCS2886,2023,28009.0,329209
329218,VCS2897,2023,197022.0,329219
329239,VCS2922,2023,623.0,329240
329240,VCS2923,2023,3259472.0,329241
329241,VCS2924,2023,337703.0,329242
329242,VCS2925,2023,1395404.0,329243
329246,VCS2930,2023,4111740.0,329247
329247,VCS2931,2023,164064.0,329248
329255,VCS2939,2023,196002.0,329256
329257,VCS2941,2023,49574.0,329258
329259,VCS2943,2023,532379.0,329260
329260,VCS2944,2023,705715.0,329261
329275,VCS2960,2023,27830.0,329276
329282,VCS2971,2023,3669.0,329283
329293,VCS2984,2023,216397.0,329294
329297,VCS2989,2023,39225.0,329298
329304,VCS2998,2023,53143.0,329305
329306,VCS3000,2023,174742.0,329307
329308,VCS3002,2023,58515.0,329309
329311,VCS3005,2023,116897.0,329312
329312,VCS3006,2023,24432.0,329313
329313,VCS3007,2023,12702.0,329314
329317,VCS3011,2023,61361.0,329318
329322,VCS3016,2023,49139.0,329323
329325,VCS3019,2023,944.0,329326
329327,VCS3021,2023,1384018.0,329328
329333,VCS3031,2023,15754.0,329334
329343,VCS3041,2023,983.0,329344
329351,VCS3052,2023,212125.0,329352
329355,VCS3056,2023,51765.0,329356
329358,VCS3059,2023,48404.0,329359
329366,VCS3068,2023,22229.0,329367
329367,VCS3069,2023,31535.0,329368
329376,VCS3078,2023,16038.0,329377
329390,VCS3092,2023,41681.0,329391
329394,VCS3096,2023,61649.0,329395
329406,VCS3109,2023,1674.0,329407
329412,VCS3116,2023,65122.0,329413
329455,VCS3161,2023,29167.0,329456
329496,VCS3204,2023,23867.0,329497
329499,VCS3207,2023,32027.0,329500
329511,VCS3220,2023,3713.0,329512
329513,VCS3222,2023,29652.0,329514
329516,VCS3225,2023,186277.0,329517
329530,VCS3239,2023,79142.0,329531
329531,VCS3240,2023,263755.0,329532
329535,VCS3244,2023,224177.0,329536
329575,VCS3286,2023,861.0,329576
329585,VCS3298,2023,44551.0,329586
329634,VCS3350,2023,101735.0,329635
329636,VCS3352,2023,251894.0,329637
329640,VCS3356,2023,53802.0,329641
329646,VCS3363,2023,4625.0,329647
329705,VCS3425,2023,12418.0,329706
329711,VCS3432,2023,43426.0,329712
329727,VCS3448,2023,147956.0,329728
329813,VCS3556,2023,27119.0,329814
329819,VCS3562,2023,6576.0,329820
329827,VCS3570,2023,30508.0,329828
329855,VCS3599,2023,231416.0,329856
329870,VCS3616,2023,36769.0,329871
329879,VCS3625,2023,38629.0,329880
329880,VCS3626,2023,39705.0,329881
329904,VCS3654,2023,287973.0,329905
329926,VCS3677,2023,12140.0,329927
329939,VCS3691,2023,43884.0,329940
329947,VCS3699,2023,927283.0,329948
329964,VCS3720,2023,9385.0,329965
329986,VCS3743,2023,8742.0,329987
329988,VCS3746,2023,705.0,329989
330009,VCS3767,2023,78952.0,330010
330010,VCS3769,2023,37596.0,330011
330013,VCS3772,2023,13166.0,330014
330029,VCS3788,2023,5088.0,330030
330041,VCS3801,2023,485134.0,330042
330045,VCS3814,2023,400.0,330046
330051,VCS3820,2023,93145.0,330052
330064,VCS3835,2023,8356.0,330065
330066,VCS3837,2023,117989.0,330067
330076,VCS3851,2023,66026.0,330077
330086,VCS3861,2023,13382.0,330087
330091,VCS3866,2023,48057.0,330092
330105,VCS3881,2023,2129.0,330106
330112,VCS3889,2023,17865.0,330113
330120,VCS3898,2023,71492.0,330121
330123,VCS3901,2023,12523.0,330124
330136,VCS3916,2023,15192.0,330137
330137,VCS3917,2023,58280.0,330138
330142,VCS3922,2023,5427.0,330143
330149,VCS3929,2023,43163.0,330150
330154,VCS3935,2023,17223.0,330155
330155,VCS3936,2023,4751.0,330156
330159,VCS3940,2023,24166.0,330160
330168,VCS3950,2023,2882.0,330169
330211,VCS4000,2023,210672.0,330212
330224,VCS4014,2023,27754.0,330225
330225,VCS4015,2023,17413.0,330226
330227,VCS4018,2023,27300.0,330228
330228,VCS4019,2023,21818.0,330229
330229,VCS4020,2023,6090.0,330230
330231,VCS4022,2023,1803830.0,330232
330243,VCS4036,2023,21913.0,330244
330247,VCS4043,2023,11105.0,330248
330252,VCS4048,2023,23985.0,330253
330261,VCS4058,2023,26122.0,330262
330262,VCS4059,2023,49811.0,330263
330290,VCS4090,2023,56110.0,330291
330333,VCS4138,2023,94584.0,330334
330337,VCS4143,2023,32575.0,330338
330338,VCS4144,2023,5332.0,330339
330339,VCS4145,2023,927.0,330340
330344,VCS4150,2023,3255069.0,330345
330345,VCS4151,2023,192696.0,330346
330350,VCS4157,2023,38777.0,330351
330372,VCS4180,2023,7393.0,330373
330373,VCS4182,2023,13339.0,330374
330378,VCS4187,2023,5326.0,330379
330379,VCS4188,2023,2539.0,330380
330386,VCS4196,2023,6974.0,330387
330389,VCS4201,2023,24466.0,330390
330393,VCS4205,2023,6995.0,330394
330398,VCS4216,2023,27873.0,330399
330405,VCS4223,2023,68645.0,330406
330407,VCS4225,2023,19950.0,330408
330408,VCS4226,2023,22277.0,330409
330411,VCS4229,2023,114100.0,330412
330431,VCS4250,2023,10165.0,330432
330439,VCS4260,2023,88958.0,330440
330447,VCS4268,2023,56783.0,330448
330458,VCS4279,2023,26448.0,330459
330467,VCS4288,2023,51514.0,330468
330468,VCS4289,2023,52511.0,330469
330497,VCS4324,2023,10710.0,330498
330507,VCS4334,2023,5101.0,330508
330508,VCS4335,2023,10293.0,330509
330556,VCS4383,2023,23340.0,330557
330562,VCS4389,2023,4487.0,330563
330583,VCS4412,2023,34503.0,330584
330584,VCS4413,2023,652.0,330585
330593,VCS4423,2023,124597.0,330594
330617,VCS4456,2023,19175.0,330618
330618,VCS4457,2023,128650.0,330619
330628,VCS4469,2023,88096.0,330629
330629,VCS4472,2023,17303.0,330630
330647,VCS4493,2023,1745.0,330648
330652,VCS4499,2023,141855.0,330653
330671,VCS4519,2023,11016.0,330672
330680,VCS4531,2023,275254.0,330681
330692,VCS4544,2023,31853.0,330693
330694,VCS4546,2023,31676.0,330695
330695,VCS4547,2023,51475.0,330696
330698,VCS4550,2023,33459.0,330699
330706,VCS4559,2023,34683.0,330707
330725,VCS4578,2023,10.0,330726
330733,VCS4587,2023,88411.0,330734
330742,VCS4600,2023,6335.0,330743
330801,VCS4667,2023,4002.0,330802
330808,VCS4675,2023,52898.0,330809
330811,VCS4679,2023,39909.0,330812
330860,VCS4745,2023,16751.0,330861
330875,VCS4763,2023,678.0,330876
330916,VCS4816,2023,18424.0,330917
330923,VCS4824,2023,21767.0,330924
330926,VCS4830,2023,10790.0,330927
330930,VCS4835,2023,10330.0,330931
330969,VCS4878,2023,2610.0,330970
330976,VCS4885,2023,14676.0,330977
330979,VCS4888,2023,192144.0,330980
331020,VCS4950,2023,892.0,331021
331022,VCS4952,2023,26374.0,331023
331032,VCS4970,2023,47428.0,331033
331043,VCS4982,2023,1520.0,331044
331054,VCS4997,2023,119833.0,331055
331056,VCS5003,2023,29264.0,331057
331058,VCS5005,2023,14360.0,331059
331062,VCS5011,2023,557171.0,331063
331116,VCS5082,2023,10644.0,331117
331166,VCS5141,2023,161555.0,331167
331221,VCS5210,2023,26959.0,331222
331240,VCS5237,2023,8918.0,331241
331261,VCS5275,2023,1921.0,331262
331269,VCS5286,2023,8246.0,331270
331334,VCS5362,2023,14645.0,331335
331338,VCS5366,2023,35043.0,331339
331389,VCS5424,2023,54.0,331390
331443,VCS5488,2023,76226.0,331444
331457,VCS5511,2023,82607.0,331458
331486,VCS5542,2023,19169.0,331487
331513,VCS5574,2023,6132.0,331514
331519,VCS5582,2023,9016.0,331520
332047,ACR0189,2024,4769.0,332048
332050,ACR0192,2024,4968.0,332051
332056,ACR0200,2024,8540.0,332057
332071,ACR0222,2024,9252.0,332072
332096,ACR0248,2024,118067.0,332097
332107,ACR0259,2024,7908.0,332108
332113,ACR0265,2024,8921.0,332114
332116,ACR0268,2024,128847.0,332117
332117,ACR0269,2024,221529.0,332118
332122,ACR0274,2024,204023.0,332123
332129,ACR0281,2024,11228.0,332130
332132,ACR0284,2024,4642.0,332133
332135,ACR0287,2024,159584.0,332136
332149,ACR0303,2024,25778.0,332150
332159,ACR0313,2024,9150.0,332160
332175,ACR0355,2024,6083.0,332176
332186,ACR0367,2024,58544.0,332187
332192,ACR0373,2024,25578.0,332193
332200,ACR0382,2024,43989.0,332201
332217,ACR0403,2024,8731.0,332218
332220,ACR0407,2024,237504.0,332221
332223,ACR0411,2024,10433.0,332224
332237,ACR0428,2024,6458.0,332238
332264,ACR0458,2024,22007.0,332265
332265,ACR0459,2024,31109.0,332266
332275,ACR0470,2024,6928.0,332276
332294,ACR0493,2024,79369.0,332295
332299,ACR0499,2024,98512.0,332300
332304,ACR0505,2024,10516.0,332305
332305,ACR0506,2024,56573.0,332306
332315,ACR0519,2024,27485.0,332316
332331,ACR0537,2024,146099.0,332332
332335,ACR0542,2024,16130.0,332336
332337,ACR0544,2024,56919.0,332338
332338,ACR0545,2024,19973.0,332339
332339,ACR0546,2024,24652.0,332340
332347,ACR0554,2024,19828.0,332348
332348,ACR0555,2024,4373651.0,332349
332351,ACR0558,2024,13768.0,332352
332352,ACR0560,2024,122991.0,332353
332354,ACR0562,2024,18329.0,332355
332358,ACR0569,2024,40216.0,332359
332360,ACR0571,2024,33625.0,332361
332361,ACR0572,2024,67054.0,332362
332363,ACR0574,2024,49675.0,332364
332366,ACR0578,2024,220262.0,332367
332381,ACR0593,2024,13640.0,332382
332382,ACR0594,2024,1942.0,332383
332383,ACR0595,2024,13636.0,332384
332384,ACR0596,2024,11036.0,332385
332394,ACR0607,2024,109696.0,332395
332396,ACR0609,2024,53060.0,332397
332397,ACR0610,2024,30703.0,332398
332398,ACR0611,2024,40356.0,332399
332400,ACR0614,2024,125683.0,332401
332402,ACR0616,2024,43759.0,332403
332415,ACR0630,2024,70862.0,332416
332419,ACR0634,2024,1069.0,332420
332421,ACR0637,2024,17164.0,332422
332422,ACR0638,2024,277079.0,332423
332428,ACR0644,2024,71960.0,332429
332434,ACR0650,2024,35259.0,332435
332435,ACR0651,2024,40664.0,332436
332451,ACR0669,2024,62542.0,332452
332454,ACR0672,2024,9442.0,332455
332456,ACR0674,2024,22981.0,332457
332457,ACR0675,2024,87803.0,332458
332463,ACR0681,2024,31789.0,332464
332464,ACR0682,2024,32222.0,332465
332474,ACR0694,2024,11103.0,332475
332477,ACR0699,2024,25135.0,332478
332478,ACR0701,2024,449828.0,332479
332480,ACR0704,2024,52517.0,332481
332481,ACR0705,2024,207107.0,332482
332487,ACR0716,2024,94398.0,332488
332489,ACR0720,2024,36352.0,332490
332490,ACR0721,2024,54245.0,332491
332493,ACR0729,2024,72947.0,332494
332495,ACR0731,2024,58991.0,332496
332499,ACR0735,2024,58878.0,332500
332505,ACR0741,2024,40141.0,332506
332507,ACR0743,2024,8807.0,332508
332509,ACR0745,2024,3713.0,332510
332512,ACR0751,2024,372735.0,332513
332513,ACR0752,2024,36038.0,332514
332514,ACR0753,2024,819.0,332515
332515,ACR0754,2024,4183.0,332516
332521,ACR0761,2024,331363.0,332522
332528,ACR0771,2024,53297.0,332529
332535,ACR0778,2024,126652.0,332536
332538,ACR0782,2024,104949.0,332539
332539,ACR0783,2024,152080.0,332540
332542,ACR0790,2024,22556.0,332543
332545,ACR0793,2024,161712.0,332546
332551,ACR0800,2024,25279.0,332552
332552,ACR0801,2024,93652.0,332553
332553,ACR0802,2024,195606.0,332554
332557,ACR0806,2024,74391.0,332558
332558,ACR0807,2024,54307.0,332559
332559,ACR0808,2024,40053.0,332560
332562,ACR0811,2024,121261.0,332563
332563,ACR0812,2024,732.0,332564
332581,ACR0831,2024,30565.0,332582
332590,ACR0841,2024,179435.0,332591
332591,ACR0842,2024,72468.0,332592
332594,ACR0845,2024,64444.0,332595
332597,ACR0848,2024,315400.0,332598
332599,ACR0850,2024,116527.0,332600
332600,ACR0851,2024,373459.0,332601
332601,ACR0852,2024,160227.0,332602
332612,ACR0865,2024,497158.0,332613
332613,ACR0866,2024,670689.0,332614
332614,ACR0867,2024,18957.0,332615
332618,ACR0873,2024,156604.0,332619
332623,ACR0878,2024,90216.0,332624
332624,ACR0879,2024,192977.0,332625
332628,ACR0883,2024,70766.0,332629
332630,ACR0885,2024,171476.0,332631
332633,ACR0888,2024,172964.0,332634
332634,ACR0889,2024,71037.0,332635
332638,ACR0893,2024,40402.0,332639
332639,ACR0894,2024,186535.0,332640
332640,ACR0895,2024,113969.0,332641
332642,ACR0897,2024,163002.0,332643
332643,ACR0899,2024,87294.0,332644
332644,ACR0900,2024,250846.0,332645
332650,ACR0906,2024,64336.0,332651
332651,ACR0908,2024,91778.0,332652
332658,ACR0915,2024,813632.0,332659
332659,ACR0917,2024,14106.0,332660
332662,ACR0920,2024,35318.0,332663
332665,ACR0923,2024,13062.0,332666
332672,ACR0930,2024,78007.0,332673
332673,ACR0931,2024,118530.0,332674
332675,ACR0934,2024,59517.0,332676
332683,ACR0942,2024,145231.0,332684
332692,ACR0956,2024,10622.0,332693
332693,ACR0958,2024,159319.0,332694
332696,ACR0963,2024,558048.0,332697
332698,ACR0965,2024,8962.0,332699
332699,ACR0966,2024,197227.0,332700
332700,ACR0967,2024,15611.0,332701
332708,ACR0978,2024,85145.0,332709
332709,ACR0979,2024,74143.0,332710
332710,ACR0981,2024,113401.0,332711
332713,ACR0984,2024,31493.0,332714
332715,ACR0989,2024,12431.0,332716
332731,ACR1006,2024,4578.0,332732
332732,ACR1007,2024,79565.0,332733
332734,ACR1009,2024,31850.0,332735
332736,ACR1011,2024,6631.0,332737
332738,ACR1013,2024,92445.0,332739
332740,ACR1015,2024,718990.0,332741
332743,ACR1020,2024,83176.0,332744
332744,ACR1021,2024,218739.0,332745
332745,ACR1022,2024,78611.0,332746
332746,ACR1023,2024,976761.0,332747
332747,ACR1024,2024,78857.0,332748
332752,ACR1029,2024,9573.0,332753
332754,ACR1031,2024,74618.0,332755
332757,ACR1034,2024,23299.0,332758
332758,ACR1035,2024,25306.0,332759
332759,ACR1036,2024,43156.0,332760
332761,ACR1039,2024,46631.0,332762
332762,ACR1040,2024,130298.0,332763
332763,ACR1041,2024,30485.0,332764
332764,ACR1042,2024,92278.0,332765
332766,ACR1045,2024,23060.0,332767
332768,ACR1047,2024,73100.0,332769
332771,ACR1050,2024,452.0,332772
332772,ACR1051,2024,6045.0,332773
332773,ACR1053,2024,386234.0,332774
332774,ACR1054,2024,77950.0,332775
332775,ACR1055,2024,29950.0,332776
332776,ACR1056,2024,20725.0,332777
332777,ACR1057,2024,33811.0,332778
332781,ACR1063,2024,342313.0,332782
332782,ACR1064,2024,1977.0,332783
332783,ACR1065,2024,1551.0,332784
332784,ACR1066,2024,1785534.0,332785
332785,ACR1067,2024,63169.0,332786
332790,ACR1074,2024,577762.0,332791
332791,ACR1076,2024,120685.0,332792
332799,ACR1090,2024,67943.0,332800
332800,ACR1092,2024,14210.0,332801
332806,ACR1099,2024,168770.0,332807
332808,ACR1102,2024,518943.0,332809
332809,ACR1103,2024,67978.0,332810
332810,ACR1104,2024,35314.0,332811
332812,ACR1107,2024,68178.0,332813
332813,ACR1108,2024,52353.0,332814
332814,ACR1109,2024,45693.0,332815
332815,ACR1110,2024,53346.0,332816
332816,ACR1111,2024,832441.0,332817
332817,ACR1113,2024,85269.0,332818
332818,ACR1114,2024,159983.0,332819
332820,ACR1116,2024,37975.0,332821
332826,ACR1123,2024,75540.0,332827
332828,ACR1125,2024,2538235.0,332829
332832,ACR1130,2024,55715.0,332833
332853,ACR1151,2024,122026.0,332854
332854,ACR1152,2024,881920.0,332855
332856,ACR1154,2024,96177.0,332857
332858,ACR1157,2024,894.0,332859
332859,ACR1158,2024,19599.0,332860
332866,ACR1165,2024,161985.0,332867
332870,ACR1169,2024,137508.0,332871
332871,ACR1171,2024,49062.0,332872
332872,ACR1172,2024,11714.0,332873
332874,ACR1174,2024,5476.0,332875
332882,ACR1182,2024,53066.0,332883
332884,ACR1184,2024,43305.0,332885
332887,ACR1187,2024,30429.0,332888
332890,ACR1190,2024,168300.0,332891
332901,ACR1202,2024,8959.0,332902
332904,ACR1205,2024,158013.0,332905
332909,ACR1210,2024,83227.0,332910
332948,ACR1253,2024,44494.0,332949
333001,CAR398,2024,137039.0,333002
333003,CAR400,2024,42726.0,333004
333005,CAR403,2024,65612.0,333006
333006,CAR406,2024,43952.0,333007
333011,CAR416,2024,3509.0,333012
333014,CAR422,2024,27162.0,333015
333023,CAR436,2024,86699.0,333024
333028,CAR443,2024,186679.0,333029
333029,CAR444,2024,57888.0,333030
333044,CAR465,2024,29636.0,333045
333045,CAR466,2024,18324.0,333046
333050,CAR473,2024,120522.0,333051
333052,CAR475,2024,98907.0,333053
333067,CAR491,2024,9194.0,333068
333068,CAR495,2024,9000.0,333069
333079,CAR509,2024,7363.0,333080
333080,CAR512,2024,88872.0,333081
333082,CAR514,2024,48697.0,333083
333083,CAR515,2024,8445.0,333084
333084,CAR516,2024,26591.0,333085
333085,CAR517,2024,75523.0,333086
333086,CAR521,2024,102278.0,333087
333087,CAR522,2024,41706.0,333088
333088,CAR531,2024,22848.0,333089
333097,CAR558,2024,54533.0,333098
333098,CAR560,2024,43657.0,333099
333110,CAR592,2024,101578.0,333111
333129,CAR635,2024,119365.0,333130
333130,CAR639,2024,557801.0,333131
333142,CAR674,2024,228485.0,333143
333145,CAR683,2024,8071.0,333146
333158,CAR768,2024,110435.0,333159
333183,CAR811,2024,127858.0,333184
333192,CAR825,2024,15817.0,333193
333194,CAR829,2024,9227.0,333195
333201,CAR838,2024,79677.0,333202
333206,CAR866,2024,29667.0,333207
333209,CAR880,2024,36140.0,333210
333210,CAR881,2024,958.0,333211
333215,CAR888,2024,28994.0,333216
333222,CAR911,2024,33212.0,333223
333223,CAR917,2024,1891.0,333224
333238,CAR957,2024,9745.0,333239
333252,CAR988,2024,9310.0,333253
333259,CAR996,2024,16499.0,333260
333269,CAR1008,2024,22770.0,333270
333276,CAR1015,2024,4484.0,333277
333285,CAR1027,2024,128077.0,333286
333299,CAR1050,2024,16304.0,333300
333328,CAR1086,2024,9244.0,333329
333337,CAR1095,2024,79478.0,333338
333338,CAR1096,2024,13261.0,333339
333340,CAR1098,2024,101728.0,333341
333341,CAR1099,2024,78266.0,333342
333342,CAR1100,2024,64989.0,333343
333345,CAR1103,2024,28050.0,333346
333347,CAR1105,2024,301169.0,333348
333351,CAR1110,2024,48632.0,333352
333376,CAR1136,2024,53508.0,333377
333379,CAR1139,2024,169679.0,333380
333385,CAR1145,2024,12757.0,333386
333389,CAR1152,2024,18101.0,333390
333410,CAR1174,2024,638.0,333411
333411,CAR1175,2024,92781.0,333412
333416,CAR1180,2024,46733.0,333417
333442,CAR1208,2024,46463.0,333443
333443,CAR1209,2024,18337.0,333444
333469,CAR1246,2024,9911.0,333470
333470,CAR1247,2024,4589.0,333471
333480,CAR1259,2024,4221.0,333481
333481,CAR1260,2024,1460.0,333482
333482,CAR1261,2024,3853.0,333483
333486,CAR1265,2024,56997.0,333487
333494,CAR1275,2024,6247.0,333495
333500,CAR1281,2024,8980.0,333501
333503,CAR1284,2024,4701.0,333504
333504,CAR1285,2024,6116.0,333505
333532,CAR1315,2024,33512.0,333533
333533,CAR1316,2024,26033.0,333534
333534,CAR1317,2024,31359.0,333535
333537,CAR1321,2024,3876.0,333538
333540,CAR1325,2024,10364.0,333541
333550,CAR1335,2024,296116.0,333551
333551,CAR1336,2024,55260.0,333552
333554,CAR1340,2024,16827.0,333555
333557,CAR1344,2024,7867.0,333558
333579,CAR1368,2024,41023.0,333580
333580,CAR1372,2024,88666.0,333581
333589,CAR1381,2024,178602.0,333590
333591,CAR1384,2024,99544.0,333592
333611,CAR1409,2024,220915.0,333612
333619,CAR1428,2024,7720.0,333620
333630,CAR1442,2024,221914.0,333631
333642,CAR1455,2024,119602.0,333643
333645,CAR1459,2024,578368.0,333646
333658,CAR1480,2024,5778413.0,333659
333670,CAR1494,2024,10205.0,333671
333671,CAR1495,2024,14599.0,333672
333672,CAR1496,2024,9777.0,333673
333673,CAR1497,2024,36086.0,333674
333679,CAR1507,2024,41960.0,333680
333684,CAR1513,2024,33307.0,333685
333685,CAR1514,2024,9889.0,333686
333687,CAR1517,2024,3.0,333688
333688,CAR1521,2024,14214.0,333689
333689,CAR1522,2024,10254.0,333690
333690,CAR1523,2024,7160.0,333691
333691,CAR1524,2024,7095.0,333692
333692,CAR1525,2024,2221.0,333693
333693,CAR1526,2024,666.0,333694
333694,CAR1527,2024,1297.0,333695
333695,CAR1528,2024,642.0,333696
333696,CAR1529,2024,726.0,333697
333699,CAR1535,2024,183.0,333700
333700,CAR1536,2024,263.0,333701
333701,CAR1537,2024,2171.0,333702
333702,CAR1538,2024,141.0,333703
333704,CAR1540,2024,47.0,333705
333705,CAR1542,2024,4622.0,333706
333707,CAR1544,2024,5509.0,333708
333708,CAR1545,2024,52092.0,333709
333717,CAR1554,2024,41700.0,333718
333723,CAR1562,2024,18015.0,333724
333726,CAR1566,2024,53313.0,333727
333727,CAR1567,2024,28644.0,333728
333728,CAR1568,2024,209032.0,333729
333741,CAR1584,2024,158541.0,333742
333742,CAR1585,2024,18429.0,333743
333744,CAR1587,2024,203.0,333745
333745,CAR1588,2024,2235.0,333746
333746,CAR1589,2024,467.0,333747
333747,CAR1590,2024,1697.0,333748
333748,CAR1591,2024,483.0,333749
333750,CAR1594,2024,33593.0,333751
333751,CAR1595,2024,9817.0,333752
333752,CAR1596,2024,6678.0,333753
333753,CAR1597,2024,388.0,333754
333760,CAR1606,2024,12021.0,333761
333762,CAR1608,2024,12427.0,333763
333768,CAR1614,2024,189478.0,333769
333774,CAR1620,2024,33439.0,333775
333775,CAR1621,2024,4462.0,333776
333776,CAR1622,2024,12118.0,333777
333777,CAR1623,2024,7988.0,333778
333778,CAR1624,2024,133468.0,333779
333781,CAR1627,2024,102080.0,333782
333782,CAR1629,2024,4897.0,333783
333784,CAR1632,2024,2958.0,333785
333785,CAR1633,2024,3142.0,333786
333786,CAR1635,2024,10614.0,333787
333787,CAR1636,2024,9502.0,333788
333788,CAR1637,2024,12439.0,333789
333789,CAR1638,2024,45343.0,333790
333791,CAR1642,2024,7764.0,333792
333792,CAR1643,2024,665.0,333793
333793,CAR1644,2024,9417.0,333794
333794,CAR1645,2024,4231.0,333795
333798,CAR1651,2024,5668.0,333799
333800,CAR1653,2024,4853.0,333801
333802,CAR1655,2024,491996.0,333803
333803,CAR1657,2024,16420.0,333804
333805,CAR1659,2024,24284.0,333806
333806,CAR1660,2024,73603.0,333807
333807,CAR1661,2024,23814.0,333808
333809,CAR1663,2024,228084.0,333810
333810,CAR1664,2024,23130.0,333811
333815,CAR1674,2024,153704.0,333816
333816,CAR1675,2024,8163.0,333817
333822,CAR1686,2024,7823.0,333823
333823,CAR1687,2024,6964.0,333824
333824,CAR1688,2024,8306.0,333825
333825,CAR1689,2024,8614.0,333826
333826,CAR1690,2024,2322.0,333827
333829,CAR1696,2024,102609.0,333830
333830,CAR1704,2024,22626.0,333831
333831,CAR1710,2024,57746.0,333832
333849,CAR1731,2024,889.0,333850
333851,CAR1735,2024,8084.0,333852
333852,CAR1736,2024,3737.0,333853
333853,CAR1737,2024,2896.0,333854
333854,CAR1739,2024,170930.0,333855
333857,CAR1744,2024,26104.0,333858
333858,CAR1745,2024,21526.0,333859
333859,CAR1746,2024,24643.0,333860
333860,CAR1747,2024,27772.0,333861
333861,CAR1748,2024,31898.0,333862
333862,CAR1749,2024,15699.0,333863
333863,CAR1767,2024,15890.0,333864
333880,CAR1789,2024,1439.0,333881
333881,CAR1790,2024,18969.0,333882
333882,CAR1792,2024,457.0,333883
333883,CAR1793,2024,845.0,333884
333884,CAR1794,2024,202.0,333885
333885,CAR1797,2024,1357.0,333886
333886,CAR1798,2024,265.0,333887
333887,CAR1799,2024,234.0,333888
333888,CAR1800,2024,32747.0,333889
333889,CAR1801,2024,1984.0,333890
333890,CAR1802,2024,1116.0,333891
333902,CAR1819,2024,46338.0,333903
333903,CAR1820,2024,84716.0,333904
333904,CAR1822,2024,382584.0,333905
333905,CAR1823,2024,3261.0,333906
333906,CAR1824,2024,3286.0,333907
333907,CAR1825,2024,19702.0,333908
333908,CAR1826,2024,9109.0,333909
333909,CAR1827,2024,10832.0,333910
333911,CAR1829,2024,90182.0,333912
333912,CAR1830,2024,12270.0,333913
333913,CAR1831,2024,9286.0,333914
333915,CAR1834,2024,842.0,333916
333917,CAR1842,2024,670.0,333918
333918,CAR1843,2024,106650.0,333919
333919,CAR1844,2024,14248.0,333920
333920,CAR1847,2024,44002.0,333921
333922,CAR1850,2024,121982.0,333923
333923,CAR1851,2024,30623.0,333924
333924,CAR1852,2024,10748.0,333925
333925,CAR1853,2024,18815.0,333926
333926,CAR1854,2024,100.0,333927
333927,CAR1855,2024,26.0,333928
333928,CAR1856,2024,188.0,333929
333930,CAR1858,2024,5662.0,333931
333931,CAR1859,2024,67079.0,333932
333933,CAR1861,2024,2921.0,333934
333935,CAR1863,2024,204479.0,333936
333936,CAR1864,2024,188204.0,333937
333937,CAR1865,2024,207504.0,333938
333939,CAR1868,2024,4828.0,333940
333940,CAR1869,2024,14973.0,333941
333941,CAR1870,2024,11308.0,333942
333942,CAR1871,2024,33334.0,333943
333944,CAR1873,2024,1618.0,333945
333946,CAR1875,2024,17782.0,333947
333947,CAR1876,2024,32369.0,333948
333948,CAR1877,2024,10327.0,333949
333949,CAR1883,2024,4369.0,333950
333951,CAR1888,2024,9710.0,333952
333952,CAR1889,2024,12982.0,333953
333953,CAR1893,2024,20673.0,333954
333954,CAR1894,2024,24498.0,333955
333956,CAR1896,2024,37972.0,333957
333957,CAR1897,2024,37497.0,333958
333959,CAR1899,2024,25712.0,333960
333961,CAR1906,2024,657.0,333962
333962,CAR1907,2024,8099.0,333963
333963,CAR1908,2024,386.0,333964
333965,CAR1913,2024,428848.0,333966
333966,CAR1915,2024,4336.0,333967
333967,CAR1921,2024,16180.0,333968
333968,CAR1922,2024,18253.0,333969
333969,CAR1924,2024,40618.0,333970
333970,CAR1925,2024,11974.0,333971
333971,CAR1926,2024,4746.0,333972
333972,CAR1927,2024,15943.0,333973
333973,CAR1928,2024,14930.0,333974
333974,CAR1929,2024,8292.0,333975
333975,CAR1931,2024,3707.0,333976
333976,CAR1932,2024,2924.0,333977
333977,CAR1933,2024,5540.0,333978
333978,CAR1934,2024,1622.0,333979
333979,CAR1935,2024,2281.0,333980
333980,CAR1936,2024,1103.0,333981
333981,CAR1937,2024,2484.0,333982
333982,CAR1938,2024,1403.0,333983
333983,CAR1939,2024,6312.0,333984
333984,CAR1941,2024,206341.0,333985
333985,CAR1942,2024,32864.0,333986
333989,CAR1946,2024,99772.0,333990
333990,CAR1948,2024,10129.0,333991
333991,CAR1949,2024,748.0,333992
333993,CAR1951,2024,937.0,333994
333994,CAR1952,2024,2006.0,333995
333997,CAR1955,2024,203.0,333998
333998,CAR1956,2024,373.0,333999
334001,CAR1959,2024,80746.0,334002
334002,CAR1960,2024,10051.0,334003
334004,CAR1962,2024,17991.0,334005
334005,CAR1963,2024,197499.0,334006
334017,CAR1979,2024,3003.0,334018
334019,CAR1982,2024,1135.0,334020
334020,CAR1983,2024,3859.0,334021
334021,CAR1984,2024,10855.0,334022
334022,CAR1985,2024,4543.0,334023
334023,CAR1986,2024,2161.0,334024
334024,CAR1989,2024,64464.0,334025
334025,CAR1990,2024,28277.0,334026
334026,CAR1991,2024,2571.0,334027
334027,CAR1995,2024,22689.0,334028
334028,CAR1998,2024,6654.0,334029
334029,CAR1999,2024,6418.0,334030
334030,CAR2000,2024,4904.0,334031
334031,CAR2001,2024,3513.0,334032
334032,CAR2002,2024,1205.0,334033
334033,CAR2004,2024,15549.0,334034
334034,CAR2005,2024,10284.0,334035
334035,CAR2006,2024,11574.0,334036
334057,CAR2029,2024,105246.0,334058
334062,CAR2036,2024,1962.0,334063
334063,CAR2039,2024,198475.0,334064
334064,CAR2040,2024,3087.0,334065
334065,CAR2041,2024,8541.0,334066
334066,CAR2042,2024,5777.0,334067
334069,CAR2045,2024,800.0,334070
334070,CAR2046,2024,1882.0,334071
334075,CAR2051,2024,3792.0,334076
334076,CAR2052,2024,2803.0,334077
334080,CAR2057,2024,67365.0,334081
334083,CAR2060,2024,44386.0,334084
334101,CAR2080,2024,66.0,334102
334105,CAR2084,2024,6332.0,334106
334128,CAR2108,2024,17246.0,334129
334130,CAR2110,2024,36562.0,334131
334135,CAR2115,2024,43924.0,334136
334140,CAR2121,2024,33028.0,334141
334149,CAR2131,2024,9798.0,334150
334156,CAR2139,2024,772.0,334157
334284,GS347,2024,61743.0,334285
334286,GS352,2024,149347.0,334287
334287,GS353,2024,523.0,334288
334289,GS367,2024,162953.0,334290
334290,GS368,2024,73982.0,334291
334291,GS369,2024,8506.0,334292
334295,GS388,2024,64087.0,334296
334296,GS390,2024,69702.0,334297
334315,GS436,2024,53429.0,334316
334318,GS439,2024,5739.0,334319
334322,GS447,2024,1083453.0,334323
334334,GS474,2024,174370.0,334335
334359,GS567,2024,15368.0,334360
334362,GS574,2024,5079.0,334363
334363,GS575,2024,100715.0,334364
334364,GS576,2024,43516.0,334365
334366,GS578,2024,56265.0,334367
334367,GS579,2024,12642.0,334368
334368,GS580,2024,13220.0,334369
334371,GS601,2024,51331.0,334372
334382,GS617,2024,63245.0,334383
334401,GS655,2024,205698.0,334402
334409,GS672,2024,86550.0,334410
334412,GS683,2024,68190.0,334413
334420,GS702,2024,11049.0,334421
334421,GS707,2024,13487.0,334422
334430,GS729,2024,11934.0,334431
334433,GS735,2024,192745.0,334434
334442,GS751,2024,29396.0,334443
334443,GS753,2024,121764.0,334444
334479,GS828,2024,17305.0,334480
334507,GS872,2024,5111.0,334508
334512,GS879,2024,306908.0,334513
334522,GS905,2024,180177.0,334523
334563,GS980,2024,5267.0,334564
334582,GS1013,2024,124660.0,334583
334584,GS1015,2024,46729.0,334585
334587,GS1018,2024,42648.0,334588
334588,GS1020,2024,35018.0,334589
334589,GS1021,2024,35575.0,334590
334610,GS1044,2024,63938.0,334611
334625,GS1067,2024,48551.0,334626
334626,GS1068,2024,101132.0,334627
334638,GS1090,2024,7533.0,334639
334639,GS1091,2024,37347.0,334640
334646,GS1098,2024,3160.0,334647
334647,GS1100,2024,2554.0,334648
334648,GS1101,2024,3080.0,334649
334650,GS1103,2024,2751.0,334651
334651,GS1104,2024,2612.0,334652
334664,GS1128,2024,7796.0,334665
334666,GS1138,2024,237920.0,334667
334686,GS1178,2024,22375.0,334687
334699,GS1199,2024,8602.0,334700
334708,GS1208,2024,15795.0,334709
334713,GS1223,2024,19787.0,334714
334722,GS1235,2024,62863.0,334723
334724,GS1237,2024,71242.0,334725
334769,GS1318,2024,79244.0,334770
334780,GS1333,2024,19006.0,334781
334790,GS1347,2024,36939.0,334791
334791,GS1348,2024,91682.0,334792
334798,GS1359,2024,1254.0,334799
334800,GS1363,2024,29338.0,334801
334801,GS1364,2024,77015.0,334802
334815,GS1382,2024,46409.0,334816
334816,GS1383,2024,54129.0,334817
334822,GS1688,2024,2849.0,334823
334882,GS1890,2024,87516.0,334883
334889,GS2094,2024,736170.0,334890
334890,GS2095,2024,60000.0,334891
334900,GS2296,2024,806459.0,334901
334935,GS2435,2024,11678.0,334936
334954,GS2464,2024,16308.0,334955
334956,GS2468,2024,1361.0,334957
334959,GS2475,2024,78344.0,334960
334963,GS2479,2024,875.0,334964
334964,GS2480,2024,1019.0,334965
334965,GS2481,2024,1373.0,334966
335019,GS2566,2024,1739.0,335020
335020,GS2567,2024,1671.0,335021
335021,GS2568,2024,1671.0,335022
335022,GS2569,2024,1671.0,335023
335023,GS2570,2024,1671.0,335024
335024,GS2571,2024,1671.0,335025
335025,GS2572,2024,1671.0,335026
335026,GS2573,2024,1671.0,335027
335027,GS2574,2024,1671.0,335028
335028,GS2575,2024,1671.0,335029
335029,GS2576,2024,1739.0,335030
335030,GS2577,2024,1739.0,335031
335031,GS2578,2024,1671.0,335032
335032,GS2579,2024,1671.0,335033
335033,GS2580,2024,1657.0,335034
335034,GS2581,2024,1671.0,335035
335035,GS2582,2024,1702.0,335036
335036,GS2583,2024,1677.0,335037
335037,GS2584,2024,1708.0,335038
335038,GS2585,2024,1266.0,335039
335067,GS2683,2024,148204.0,335068
335068,GS2684,2024,11973.0,335069
335069,GS2685,2024,10316.0,335070
335070,GS2686,2024,11411.0,335071
335071,GS2687,2024,12281.0,335072
335092,GS2750,2024,2884.0,335093
335094,GS2758,2024,124527.0,335095
335111,GS2913,2024,10992.0,335112
335112,GS2940,2024,81150.0,335113
335134,GS3077,2024,49379.0,335135
335139,GS3105,2024,10000.0,335140
335140,GS3106,2024,9593.0,335141
335141,GS3107,2024,8970.0,335142
335142,GS3108,2024,8922.0,335143
335160,GS3262,2024,3715.0,335161
335192,GS3405,2024,4150.0,335193
335207,GS3434,2024,198985.0,335208
335208,GS3443,2024,4041.0,335209
335210,GS3445,2024,6137.0,335211
335223,GS3493,2024,101340.0,335224
335225,GS3509,2024,6833.0,335226
335228,GS3512,2024,46013.0,335229
335245,GS3551,2024,58690.0,335246
335249,GS3560,2024,9743.0,335250
335250,GS3561,2024,9577.0,335251
335257,GS3588,2024,7372.0,335258
335258,GS3589,2024,7372.0,335259
335259,GS3590,2024,7372.0,335260
335260,GS3591,2024,7674.0,335261
335261,GS3592,2024,7674.0,335262
335262,GS3593,2024,7372.0,335263
335263,GS3594,2024,7674.0,335264
335264,GS3595,2024,7674.0,335265
335265,GS3596,2024,5788.0,335266
335266,GS3597,2024,7389.0,335267
335267,GS3598,2024,7674.0,335268
335268,GS3599,2024,7442.0,335269
335269,GS3600,2024,7544.0,335270
335270,GS3601,2024,7512.0,335271
335286,GS3852,2024,40719.0,335287
335309,GS3971,2024,16968.0,335310
335312,GS3976,2024,178952.0,335313
335317,GS4036,2024,3762.0,335318
335333,GS4221,2024,94100.0,335334
335335,GS4236,2024,3779.0,335336
335336,GS4238,2024,15595.0,335337
335342,GS4260,2024,784.0,335343
335352,GS4288,2024,5821.0,335353
335354,GS4290,2024,5300.0,335355
335358,GS4364,2024,13235.0,335359
335399,GS4442,2024,21866.0,335400
335401,GS4446,2024,10218.0,335402
335409,GS4533,2024,11069.0,335410
335423,GS4593,2024,2451.0,335424
335439,GS4702,2024,5650.0,335440
335445,GS4799,2024,17108.0,335446
335454,GS4875,2024,4364.0,335455
335464,GS4922,2024,23995.0,335465
335499,GS5099,2024,50618.0,335500
335520,GS5228,2024,17241.0,335521
335521,GS5229,2024,147875.0,335522
335533,GS5312,2024,2662.0,335534
335535,GS5314,2024,17282.0,335536
335536,GS5315,2024,4536.0,335537
335538,GS5317,2024,55964.0,335539
335539,GS5322,2024,801.0,335540
335540,GS5323,2024,810.0,335541
335541,GS5324,2024,838.0,335542
335542,GS5325,2024,838.0,335543
335543,GS5326,2024,2485.0,335544
335544,GS5329,2024,6009.0,335545
335545,GS5330,2024,8151.0,335546
335546,GS5331,2024,5797.0,335547
335547,GS5332,2024,5826.0,335548
335548,GS5335,2024,4819.0,335549
335549,GS5336,2024,5171.0,335550
335550,GS5337,2024,4614.0,335551
335559,GS5377,2024,5983.0,335560
335572,GS5434,2024,3215.0,335573
335588,GS5574,2024,1456.0,335589
335602,GS5642,2024,91948.0,335603
335603,GS5643,2024,7391.0,335604
335613,GS5699,2024,23693.0,335614
335616,GS5781,2024,2519.0,335617
335617,GS5782,2024,3011.0,335618
335618,GS5783,2024,4422.0,335619
335622,GS5801,2024,2137.0,335623
335623,GS5802,2024,5620.0,335624
335625,GS5825,2024,185.0,335626
335626,GS5826,2024,179.0,335627
335627,GS5827,2024,160.0,335628
335640,GS5889,2024,5602.0,335641
335641,GS5890,2024,4831.0,335642
335642,GS5891,2024,5402.0,335643
335643,GS5892,2024,5693.0,335644
335645,GS5920,2024,29666.0,335646
335649,GS5951,2024,3688.0,335650
335650,GS5952,2024,3215.0,335651
335651,GS5953,2024,3011.0,335652
335652,GS5954,2024,3248.0,335653
335653,GS5955,2024,2773.0,335654
335664,GS6037,2024,843.0,335665
335665,GS6038,2024,838.0,335666
335666,GS6041,2024,6191.0,335667
335667,GS6042,2024,5612.0,335668
335701,GS6189,2024,2066.0,335702
335704,GS6235,2024,10000.0,335705
335708,GS6256,2024,98689.0,335709
335715,GS6289,2024,7609.0,335716
335717,GS6301,2024,15546.0,335718
335721,GS6349,2024,1736.0,335722
335722,GS6350,2024,1637.0,335723
335723,GS6351,2024,1711.0,335724
335727,GS6395,2024,72685.0,335728
335736,GS6460,2024,609.0,335737
335748,GS6566,2024,1539.0,335749
335752,GS6598,2024,13492.0,335753
335767,GS6783,2024,1845.0,335768
335768,GS6784,2024,2156.0,335769
335775,GS6830,2024,3482.0,335776
335778,GS6836,2024,2935.0,335779
335791,GS6887,2024,13568.0,335792
335795,GS7002,2024,53972.0,335796
335809,GS7132,2024,4560.0,335810
335810,GS7133,2024,6614.0,335811
335811,GS7134,2024,3692.0,335812
335812,GS7135,2024,2727.0,335813
335813,GS7136,2024,6603.0,335814
335819,GS7147,2024,1830.0,335820
335820,GS7148,2024,2131.0,335821
335821,GS7149,2024,1919.0,335822
335822,GS7150,2024,1924.0,335823
335823,GS7151,2024,57252.0,335824
335824,GS7152,2024,555682.0,335825
335829,GS7288,2024,511.0,335830
335830,GS7289,2024,379.0,335831
335834,GS7293,2024,1191.0,335835
335841,GS7331,2024,21.0,335842
335842,GS7332,2024,179.0,335843
335843,GS7333,2024,177.0,335844
335844,GS7334,2024,277.0,335845
335850,GS7356,2024,7075.0,335851
335852,GS7362,2024,1846.0,335853
335853,GS7363,2024,2089.0,335854
335854,GS7364,2024,2063.0,335855
335855,GS7365,2024,2152.0,335856
335856,GS7366,2024,2027.0,335857
335863,GS7391,2024,3405.0,335864
335867,GS7395,2024,1503.0,335868
335868,GS7396,2024,2105.0,335869
335869,GS7397,2024,2198.0,335870
335870,GS7398,2024,1894.0,335871
335871,GS7399,2024,1906.0,335872
335872,GS7400,2024,1815.0,335873
335873,GS7401,2024,1926.0,335874
335878,GS7437,2024,1151.0,335879
335882,GS7444,2024,395.0,335883
335883,GS7448,2024,3880.0,335884
335884,GS7449,2024,8013.0,335885
335885,GS7450,2024,4966.0,335886
335886,GS7451,2024,8423.0,335887
335887,GS7452,2024,4518.0,335888
335888,GS7453,2024,8926.0,335889
335889,GS7454,2024,8683.0,335890
335902,GS7468,2024,615058.0,335903
335903,GS7469,2024,123751.0,335904
335904,GS7470,2024,4017.0,335905
335905,GS7471,2024,3857.0,335906
335906,GS7472,2024,4372.0,335907
335907,GS7473,2024,6824.0,335908
335908,GS7474,2024,7094.0,335909
335927,GS7493,2024,11169.0,335928
335928,GS7495,2024,253958.0,335929
335938,GS7506,2024,6652.0,335939
335939,GS7507,2024,6618.0,335940
335944,GS7513,2024,7035.0,335945
335955,GS7524,2024,4158.0,335956
335959,GS7528,2024,10538.0,335960
335964,GS7533,2024,198496.0,335965
335987,GS7557,2024,56608.0,335988
335996,GS7566,2024,5110.0,335997
335997,GS7567,2024,4932.0,335998
336002,GS7572,2024,267855.0,336003
336003,GS7574,2024,2778.0,336004
336021,GS7592,2024,44849.0,336022
336022,GS7593,2024,41417.0,336023
336023,GS7594,2024,41097.0,336024
336024,GS7595,2024,41471.0,336025
336025,GS7596,2024,29344.0,336026
336045,GS7616,2024,22048.0,336046
336047,GS7620,2024,135095.0,336048
336048,GS7621,2024,129856.0,336049
336054,GS7627,2024,309019.0,336055
336064,GS7637,2024,60000.0,336065
336065,GS7638,2024,60000.0,336066
336066,GS7639,2024,60000.0,336067
336067,GS7640,2024,60000.0,336068
336068,GS7641,2024,60000.0,336069
336069,GS7642,2024,60000.0,336070
336070,GS7643,2024,60000.0,336071
336071,GS7644,2024,60000.0,336072
336072,GS7645,2024,60000.0,336073
336073,GS7646,2024,60000.0,336074
336074,GS7647,2024,60000.0,336075
336075,GS7648,2024,60000.0,336076
336076,GS7649,2024,60000.0,336077
336077,GS7650,2024,60000.0,336078
336078,GS7651,2024,60000.0,336079
336079,GS7652,2024,79970.0,336080
336085,GS7671,2024,5102.0,336086
336086,GS7672,2024,5903.0,336087
336101,GS7687,2024,55015.0,336102
336102,GS7688,2024,48345.0,336103
336103,GS7689,2024,50448.0,336104
336104,GS7690,2024,48608.0,336105
336105,GS7691,2024,50768.0,336106
336106,GS7692,2024,22351.0,336107
336140,GS7726,2024,640409.0,336141
336141,GS7727,2024,144032.0,336142
336142,GS7731,2024,23271.0,336143
336147,GS7736,2024,23185.0,336148
336150,GS7739,2024,421567.0,336151
336151,GS7740,2024,48034.0,336152
336152,GS7741,2024,52714.0,336153
336153,GS7742,2024,47590.0,336154
336169,GS7760,2024,290903.0,336170
336170,GS7761,2024,136221.0,336171
336171,GS7762,2024,17990.0,336172
336175,GS7775,2024,25003.0,336176
336178,GS7783,2024,14805.0,336179
336183,GS7789,2024,42351.0,336184
336194,GS7800,2024,12619.0,336195
336195,GS7801,2024,121739.0,336196
336210,GS10466,2024,3850.0,336211
336216,GS10657,2024,5423.0,336217
336217,GS10658,2024,4095.0,336218
336218,GS10659,2024,5512.0,336219
336235,GS10710,2024,79706.0,336236
336237,GS10712,2024,61438.0,336238
336243,GS10718,2024,5019.0,336244
336248,GS10725,2024,7288.0,336249
336249,GS10726,2024,7442.0,336250
336258,GS10735,2024,4847.0,336259
336259,GS10736,2024,5491.0,336260
336260,GS10737,2024,2279.0,336261
336263,GS10740,2024,10000.0,336264
336264,GS10741,2024,10000.0,336265
336265,GS10742,2024,10000.0,336266
336267,GS10777,2024,2815.0,336268
336268,GS10778,2024,10000.0,336269
336269,GS10779,2024,10000.0,336270
336270,GS10780,2024,10000.0,336271
336271,GS10781,2024,10000.0,336272
336272,GS10782,2024,16770.0,336273
336273,GS10783,2024,5323.0,336274
336274,GS10784,2024,4968.0,336275
336279,GS10790,2024,363881.0,336280
336280,GS10791,2024,303600.0,336281
336281,GS10792,2024,109628.0,336282
336282,GS10793,2024,37279.0,336283
336286,GS10797,2024,18693.0,336287
336287,GS10798,2024,60147.0,336288
336288,GS10799,2024,6374.0,336289
336289,GS10800,2024,6105.0,336290
336290,GS10801,2024,6481.0,336291
336291,GS10802,2024,6191.0,336292
336292,GS10803,2024,6404.0,336293
336293,GS10804,2024,6518.0,336294
336294,GS10805,2024,5943.0,336295
336295,GS10806,2024,5781.0,336296
336296,GS10807,2024,5781.0,336297
336297,GS10808,2024,37110.0,336298
336298,GS10809,2024,30164.0,336299
336305,GS10821,2024,14234.0,336306
336309,GS10825,2024,14234.0,336310
336321,GS10869,2024,14523.0,336322
336328,GS10878,2024,59837.0,336329
336329,GS10879,2024,71950.0,336330
336333,GS10887,2024,11685.0,336334
336334,GS10888,2024,11178.0,336335
336335,GS10889,2024,15579.0,336336
336336,GS10890,2024,17152.0,336337
336338,GS10897,2024,2940.0,336339
336341,GS10900,2024,17639.0,336342
336342,GS10901,2024,14880.0,336343
336343,GS10902,2024,16668.0,336344
336344,GS10903,2024,50677.0,336345
336345,GS10904,2024,54850.0,336346
336346,GS10905,2024,59859.0,336347
336347,GS10906,2024,55856.0,336348
336348,GS10907,2024,38167.0,336349
336349,GS10908,2024,38167.0,336350
336350,GS10909,2024,38279.0,336351
336351,GS10910,2024,40399.0,336352
336352,GS10911,2024,35598.0,336353
336353,GS10912,2024,35598.0,336354
336354,GS10913,2024,35972.0,336355
336355,GS10914,2024,37031.0,336356
336356,GS10915,2024,28485.0,336357
336357,GS10916,2024,28485.0,336358
336358,GS10917,2024,28485.0,336359
336359,GS10918,2024,28485.0,336360
336360,GS10919,2024,13293.0,336361
336361,GS10920,2024,13293.0,336362
336362,GS10921,2024,12987.0,336363
336377,GS10967,2024,587040.0,336378
336378,GS10968,2024,55175.0,336379
336380,GS10970,2024,60883.0,336381
336395,GS10987,2024,7951.0,336396
336396,GS10988,2024,592.0,336397
336397,GS10989,2024,592.0,336398
336415,GS11007,2024,56957.0,336416
336418,GS11010,2024,55402.0,336419
336419,GS11011,2024,60000.0,336420
336420,GS11012,2024,10000.0,336421
336421,GS11013,2024,10000.0,336422
336422,GS11014,2024,10000.0,336423
336423,GS11015,2024,10000.0,336424
336424,GS11016,2024,10000.0,336425
336425,GS11017,2024,10000.0,336426
336426,GS11018,2024,10000.0,336427
336427,GS11019,2024,10000.0,336428
336428,GS11020,2024,10000.0,336429
336429,GS11021,2024,10000.0,336430
336430,GS11022,2024,10000.0,336431
336431,GS11023,2024,10000.0,336432
336432,GS11024,2024,10000.0,336433
336433,GS11025,2024,10000.0,336434
336434,GS11026,2024,5677.0,336435
336445,GS11041,2024,1189.0,336446
336446,GS11042,2024,1097.0,336447
336447,GS11043,2024,1448.0,336448
336448,GS11044,2024,1191.0,336449
336449,GS11046,2024,2483.0,336450
336450,GS11047,2024,2694.0,336451
336451,GS11048,2024,3558.0,336452
336452,GS11049,2024,3585.0,336453
336453,GS11050,2024,3401.0,336454
336454,GS11051,2024,3087.0,336455
336476,GS11074,2024,10000.0,336477
336477,GS11075,2024,199662.0,336478
336485,GS11083,2024,3153.0,336486
336499,GS11098,2024,58136.0,336500
336501,GS11133,2024,54078.0,336502
336502,GS11134,2024,55276.0,336503
336503,GS11135,2024,59230.0,336504
336504,GS11136,2024,57695.0,336505
336505,GS11137,2024,55806.0,336506
336506,GS11138,2024,29287.0,336507
336508,GS11140,2024,683124.0,336509
336513,GS11145,2024,443702.0,336514
336518,GS11150,2024,29538.0,336519
336519,GS11151,2024,29900.0,336520
336520,GS11152,2024,30721.0,336521
336521,GS11153,2024,29138.0,336522
336528,GS11166,2024,308.0,336529
336529,GS11167,2024,81710.0,336530
336530,GS11169,2024,24687.0,336531
336533,GS11173,2024,32944.0,336534
336536,GS11176,2024,4550.0,336537
336537,GS11177,2024,4775.0,336538
336538,GS11178,2024,4936.0,336539
336539,GS11179,2024,3794.0,336540
336540,GS11180,2024,3917.0,336541
336541,GS11181,2024,4455.0,336542
336542,GS11182,2024,4166.0,336543
336543,GS11183,2024,4317.0,336544
336548,GS11190,2024,7718.0,336549
336559,GS11201,2024,2074.0,336560
336563,GS11205,2024,36476.0,336564
336565,GS11207,2024,195672.0,336566
336567,GS11209,2024,36860.0,336568
336568,GS11210,2024,6687.0,336569
336569,GS11211,2024,61059.0,336570
336576,GS11218,2024,14234.0,336577
336580,GS11223,2024,14213.0,336581
336582,GS11226,2024,6618.0,336583
336583,GS11227,2024,23767.0,336584
336584,GS11228,2024,23006.0,336585
336585,GS11229,2024,20269.0,336586
336586,GS11230,2024,20931.0,336587
336587,GS11231,2024,22585.0,336588
336588,GS11232,2024,19783.0,336589
336589,GS11233,2024,2440.0,336590
336590,GS11234,2024,2362.0,336591
336591,GS11235,2024,2497.0,336592
336592,GS11236,2024,19149.0,336593
336593,GS11237,2024,123713.0,336594
336596,GS11240,2024,5717.0,336597
336601,GS11245,2024,13857.0,336602
336602,GS11246,2024,2396.0,336603
336611,GS11256,2024,218774.0,336612
336612,GS11259,2024,37509.0,336613
336613,GS11260,2024,40400.0,336614
336614,GS11261,2024,39408.0,336615
336615,GS11262,2024,36127.0,336616
336616,GS11263,2024,47058.0,336617
336617,GS11264,2024,35692.0,336618
336618,GS11265,2024,52355.0,336619
336619,GS11266,2024,42455.0,336620
336620,GS11267,2024,43743.0,336621
336621,GS11268,2024,41937.0,336622
336622,GS11269,2024,38103.0,336623
336623,GS11270,2024,42501.0,336624
336624,GS11271,2024,41373.0,336625
336625,GS11272,2024,43781.0,336626
336626,GS11273,2024,46947.0,336627
336627,GS11274,2024,42598.0,336628
336628,GS11275,2024,44259.0,336629
336629,GS11276,2024,45936.0,336630
336630,GS11277,2024,45140.0,336631
336631,GS11278,2024,42670.0,336632
336632,GS11279,2024,49410.0,336633
336633,GS11280,2024,45272.0,336634
336634,GS11281,2024,40174.0,336635
336635,GS11282,2024,43221.0,336636
336636,GS11283,2024,37178.0,336637
336637,GS11284,2024,37231.0,336638
336638,GS11285,2024,38469.0,336639
336639,GS11286,2024,39637.0,336640
336640,GS11287,2024,25175.0,336641
336641,GS11288,2024,36524.0,336642
336642,GS11289,2024,53060.0,336643
336643,GS11290,2024,53605.0,336644
336644,GS11291,2024,53349.0,336645
336645,GS11292,2024,59059.0,336646
336646,GS11293,2024,56267.0,336647
336647,GS11294,2024,59686.0,336648
336648,GS11295,2024,56853.0,336649
336649,GS11296,2024,53930.0,336650
336650,GS11297,2024,52854.0,336651
336651,GS11298,2024,53044.0,336652
336652,GS11299,2024,46889.0,336653
336653,GS11300,2024,58371.0,336654
336654,GS11301,2024,59753.0,336655
336655,GS11302,2024,54257.0,336656
336656,GS11303,2024,49428.0,336657
336657,GS11304,2024,22355.0,336658
336658,GS11305,2024,16666.0,336659
336659,GS11306,2024,116093.0,336660
336662,GS11309,2024,14234.0,336663
336663,GS11310,2024,14234.0,336664
336664,GS11311,2024,14234.0,336665
336665,GS11312,2024,14234.0,336666
336666,GS11313,2024,14234.0,336667
336671,GS11319,2024,33115.0,336672
336677,GS11325,2024,14206.0,336678
336678,GS11326,2024,14798.0,336679
336679,GS11327,2024,14206.0,336680
336683,GS11331,2024,113154.0,336684
336690,GS11339,2024,21404.0,336691
336691,GS11341,2024,8731.0,336692
336693,GS11344,2024,132783.0,336694
336696,GS11351,2024,42158.0,336697
336703,GS11358,2024,25838.0,336704
336707,GS11394,2024,125920.0,336708
336711,GS11400,2024,250670.0,336712
336712,GS11401,2024,105806.0,336713
336713,GS11402,2024,21060.0,336714
336714,GS11403,2024,19934.0,336715
336715,GS11404,2024,13077.0,336716
336716,GS11405,2024,87882.0,336717
336724,GS11414,2024,131764.0,336725
336725,GS11415,2024,146144.0,336726
336731,GS11421,2024,599889.0,336732
336734,GS11424,2024,78144.0,336735
336736,GS11426,2024,32021.0,336737
336737,GS11427,2024,45704.0,336738
336738,GS11432,2024,45960.0,336739
336739,GS11433,2024,33054.0,336740
336740,GS11434,2024,50535.0,336741
336743,GS11437,2024,35582.0,336744
336746,GS11440,2024,5965023.0,336747
336747,GS11441,2024,24045.0,336748
336794,GS11507,2024,6039.0,336795
336822,GS11539,2024,34840.0,336823
336825,GS11544,2024,4568.0,336826
336832,GS11551,2024,558486.0,336833
336835,GS11557,2024,575819.0,336836
336839,GS11561,2024,110451.0,336840
336841,GS11564,2024,165331.0,336842
336845,GS11568,2024,54436.0,336846
336854,GS11579,2024,162.0,336855
336865,GS11596,2024,496823.0,336866
336868,GS11603,2024,30022.0,336869
336869,GS11604,2024,2493.0,336870
336871,GS11606,2024,35694.0,336872
336873,GS11608,2024,14823.0,336874
336874,GS11609,2024,14927.0,336875
336875,GS11610,2024,14803.0,336876
336876,GS11611,2024,14759.0,336877
336877,GS11612,2024,14979.0,336878
336878,GS11613,2024,13999.0,336879
336879,GS11614,2024,71016.0,336880
336887,GS11624,2024,144653.0,336888
336888,GS11627,2024,293.0,336889
336889,GS11628,2024,14234.0,336890
336890,GS11629,2024,14234.0,336891
336891,GS11630,2024,14234.0,336892
336892,GS11631,2024,14234.0,336893
336893,GS11632,2024,14234.0,336894
336894,GS11633,2024,14234.0,336895
336895,GS11634,2024,14234.0,336896
336898,GS11639,2024,43584.0,336899
336899,GS11640,2024,47914.0,336900
336909,GS11655,2024,52459.0,336910
336910,GS11656,2024,53745.0,336911
336916,GS11663,2024,27.0,336917
336917,GS11664,2024,33.0,336918
336919,GS11667,2024,14231.0,336920
336921,GS11671,2024,1351117.0,336922
336928,GS11682,2024,5290.0,336929
336939,GS11696,2024,19865.0,336940
336958,GS11721,2024,1720.0,336959
336959,GS11722,2024,86518.0,336960
336964,GS11728,2024,362350.0,336965
336965,GS11729,2024,25844.0,336966
336967,GS11731,2024,7780.0,336968
336968,GS11732,2024,26273.0,336969
336972,GS11741,2024,11104.0,336973
337015,GS11786,2024,12141.0,337016
337016,GS11787,2024,12141.0,337017
337017,GS11788,2024,12141.0,337018
337018,GS11789,2024,12141.0,337019
337035,GS11817,2024,1060.0,337036
337057,GS11855,2024,40086.0,337058
337061,GS11861,2024,34278.0,337062
337095,GS11901,2024,289830.0,337096
337120,GS11926,2024,1335.0,337121
337123,GS11929,2024,1648.0,337124
337124,GS11930,2024,4911.0,337125
337125,GS11931,2024,5507.0,337126
337126,GS11932,2024,5024.0,337127
337129,GS11935,2024,2394.0,337130
337135,GS11945,2024,13005.0,337136
337136,GS11947,2024,27219.0,337137
337147,GS11968,2024,52345.0,337148
337150,GS11972,2024,48488.0,337151
337155,GS11983,2024,173711.0,337156
337159,GS11987,2024,18.0,337160
337160,GS11988,2024,36247.0,337161
337168,GS11996,2024,11282.0,337169
337169,GS11998,2024,9212.0,337170
337170,GS11999,2024,9249.0,337171
337171,GS12000,2024,8584.0,337172
337172,GS12001,2024,8774.0,337173
337173,GS12002,2024,10884.0,337174
337174,GS12003,2024,10441.0,337175
337175,GS12004,2024,12390.0,337176
337176,GS12005,2024,6293.0,337177
337177,GS12006,2024,13523.0,337178
337178,GS12007,2024,11086.0,337179
337179,GS12008,2024,14170.0,337180
337180,GS12009,2024,11708.0,337181
337181,GS12010,2024,7711.0,337182
337182,GS12011,2024,10000.0,337183
337186,GS12017,2024,31817.0,337187
337187,GS12018,2024,33202.0,337188
337188,GS12019,2024,34135.0,337189
337189,GS12020,2024,37081.0,337190
337191,GS12023,2024,44393.0,337192
337198,GS12031,2024,24100.0,337199
337200,GS12033,2024,123409.0,337201
337214,GS12047,2024,748078.0,337215
337217,GS12050,2024,49625.0,337218
337219,GS12052,2024,35905.0,337220
337225,GS12062,2024,215540.0,337226
337227,GS12064,2024,24028.0,337228
337228,GS12065,2024,82229.0,337229
337232,GS12069,2024,2919.0,337233
337244,GS12082,2024,6906.0,337245
337246,GS12084,2024,14390.0,337247
337248,GS12088,2024,6409.0,337249
337264,GS12112,2024,292681.0,337265
337266,GS12114,2024,216816.0,337267
337267,GS12115,2024,53966.0,337268
337271,GS12119,2024,614606.0,337272
337272,GS12120,2024,48453.0,337273
337275,GS12123,2024,14234.0,337276
337276,GS12124,2024,14234.0,337277
337277,GS12125,2024,14234.0,337278
337278,GS12126,2024,14234.0,337279
337279,GS12127,2024,14234.0,337280
337280,GS12128,2024,14234.0,337281
337281,GS12129,2024,14234.0,337282
337282,GS12130,2024,14234.0,337283
337283,GS12131,2024,14234.0,337284
337284,GS12132,2024,14234.0,337285
337289,GS12137,2024,14698.0,337290
337292,GS12141,2024,14234.0,337293
337295,GS12144,2024,426637.0,337296
337296,GS12146,2024,385.0,337297
337297,GS12147,2024,7225.0,337298
337302,GS12155,2024,5294.0,337303
337303,GS12156,2024,5819.0,337304
337304,GS12157,2024,8333.0,337305
337305,GS12158,2024,8333.0,337306
337306,GS12160,2024,8333.0,337307
337307,GS12161,2024,2375.0,337308
337333,GS12193,2024,825.0,337334
337337,GS12197,2024,2398.0,337338
337339,GS12199,2024,219062.0,337340
337345,GS12205,2024,301298.0,337346
337350,GS12212,2024,33266.0,337351
337351,GS12213,2024,3569.0,337352
337354,GS12216,2024,1880.0,337355
337355,GS12217,2024,6561.0,337356
337358,GS12220,2024,437.0,337359
337364,GS12227,2024,36476.0,337365
337365,GS12228,2024,36476.0,337366
337370,GS12233,2024,188604.0,337371
337376,GS12240,2024,19588.0,337377
337382,GS12247,2024,2894.0,337383
337384,GS12251,2024,41919.0,337385
337385,GS12252,2024,37790.0,337386
337386,GS12253,2024,49793.0,337387
337387,GS12254,2024,49795.0,337388
337388,GS12255,2024,51515.0,337389
337389,GS12256,2024,58348.0,337390
337390,GS12257,2024,53528.0,337391
337391,GS12258,2024,37036.0,337392
337392,GS12259,2024,42940.0,337393
337393,GS12260,2024,47685.0,337394
337394,GS12261,2024,43273.0,337395
337395,GS12262,2024,45799.0,337396
337396,GS12263,2024,43430.0,337397
337409,GS12276,2024,48240.0,337410
337414,GS12282,2024,119441.0,337415
337416,GS12285,2024,349235.0,337417
337419,GS12289,2024,60052.0,337420
337424,GS12295,2024,96138.0,337425
337426,GS12299,2024,14302.0,337427
337428,GS12302,2024,43875.0,337429
337433,GS12307,2024,391874.0,337434
337434,GS12308,2024,44892.0,337435
337443,GS12317,2024,5140.0,337444
337450,GS12327,2024,484.0,337451
337451,GS12329,2024,10.0,337452
337452,GS12330,2024,156.0,337453
337453,GS12331,2024,4.0,337454
337454,GS12332,2024,541.0,337455
337455,GS12333,2024,10.0,337456
337457,GS12335,2024,99.0,337458
337461,GS12342,2024,2095.0,337462
337468,GS12350,2024,80674.0,337469
337474,GS12357,2024,59053.0,337475
337475,GS12358,2024,58939.0,337476
337476,GS12360,2024,50766.0,337477
337480,GS12364,2024,14234.0,337481
337481,GS12365,2024,14234.0,337482
337482,GS12366,2024,14234.0,337483
337483,GS12367,2024,14234.0,337484
337484,GS12368,2024,14234.0,337485
337485,GS12369,2024,14234.0,337486
337486,GS12370,2024,14234.0,337487
337487,GS12371,2024,5784.0,337488
337491,GS12377,2024,52367.0,337492
337501,GS12390,2024,49665.0,337502
337502,GS12391,2024,47760.0,337503
337503,GS12392,2024,45564.0,337504
337504,GS12393,2024,46018.0,337505
337505,GS12394,2024,43809.0,337506
337506,GS12395,2024,37892.0,337507
337507,GS12396,2024,38276.0,337508
337508,GS12397,2024,33752.0,337509
337509,GS12398,2024,31394.0,337510
337510,GS12399,2024,30693.0,337511
337511,GS12400,2024,30396.0,337512
337512,GS12401,2024,31746.0,337513
337513,GS12402,2024,30482.0,337514
337514,GS12403,2024,29475.0,337515
337515,GS12404,2024,31036.0,337516
337516,GS12405,2024,31192.0,337517
337517,GS12406,2024,28855.0,337518
337518,GS12407,2024,28530.0,337519
337519,GS12408,2024,25920.0,337520
337520,GS12409,2024,23389.0,337521
337521,GS12410,2024,21623.0,337522
337522,GS12411,2024,22114.0,337523
337523,GS12412,2024,21153.0,337524
337524,GS12413,2024,21305.0,337525
337525,GS12414,2024,19876.0,337526
337526,GS12415,2024,18084.0,337527
337527,GS12416,2024,17908.0,337528
337528,GS12417,2024,17444.0,337529
337529,GS12418,2024,12576.0,337530
337551,GS12441,2024,124629.0,337552
337558,GS12448,2024,23451.0,337559
337565,GS12460,2024,13698.0,337566
337566,GS12461,2024,9447.0,337567
337567,GS12462,2024,100149.0,337568
337571,GS12467,2024,2047.0,337572
337572,GS12468,2024,2143.0,337573
337574,GS12470,2024,30271.0,337575
337578,GS12474,2024,40984.0,337579
337579,GS12476,2024,35063.0,337580
337583,GS12482,2024,28851.0,337584
337586,GS12486,2024,28721.0,337587
337594,GS12495,2024,12899.0,337595
337599,GS12505,2024,135388.0,337600
337614,GS12533,2024,40508.0,337615
337639,GS12570,2024,12007.0,337640
337662,GS12615,2024,278.0,337663
337663,GS12616,2024,36476.0,337664
337664,GS12617,2024,36476.0,337665
337665,GS12618,2024,5754.0,337666
337669,GS12624,2024,4873.0,337670
337671,GS12626,2024,53331.0,337672
337672,GS12627,2024,50637.0,337673
337680,GS12638,2024,35636.0,337681
337690,GS12653,2024,15891.0,337691
337691,GS12654,2024,12370.0,337692
337702,GS12665,2024,4886.0,337703
337705,GS12668,2024,11337.0,337706
337707,GS12670,2024,379035.0,337708
337727,GS12701,2024,2321.0,337728
337728,GS12702,2024,2321.0,337729
337729,GS12703,2024,2321.0,337730
337730,GS12704,2024,2321.0,337731
337731,GS12705,2024,2321.0,337732
337732,GS12706,2024,2321.0,337733
337733,GS12707,2024,2321.0,337734
337734,GS12708,2024,2357.0,337735
337735,GS12709,2024,2333.0,337736
337736,GS12710,2024,2349.0,337737
337737,GS12711,2024,2382.0,337738
337738,GS12712,2024,2375.0,337739
337739,GS12713,2024,2349.0,337740
337740,GS12714,2024,2349.0,337741
337741,GS12715,2024,2348.0,337742
337742,GS12716,2024,2382.0,337743
337743,GS12717,2024,2349.0,337744
337744,GS12718,2024,2349.0,337745
337745,GS12719,2024,2170.0,337746
337747,GS12721,2024,2297.0,337748
337748,GS12722,2024,2347.0,337749
337749,GS12723,2024,2347.0,337750
337750,GS12724,2024,2336.0,337751
337751,GS12725,2024,2347.0,337752
337752,GS12726,2024,2347.0,337753
337753,GS12727,2024,2346.0,337754
337754,GS12728,2024,2347.0,337755
337755,GS12729,2024,2347.0,337756
337756,GS12730,2024,2331.0,337757
337757,GS12731,2024,2349.0,337758
337758,GS12732,2024,2331.0,337759
337759,GS12733,2024,2373.0,337760
337760,GS12734,2024,2284.0,337761
337761,GS12735,2024,2322.0,337762
337762,GS12736,2024,2407.0,337763
337763,GS12737,2024,2330.0,337764
337764,GS12738,2024,2331.0,337765
337765,GS12739,2024,2254.0,337766
337766,GS12740,2024,2324.0,337767
337767,GS12741,2024,2320.0,337768
337768,GS12742,2024,2323.0,337769
337769,GS12743,2024,2323.0,337770
337770,GS12744,2024,2324.0,337771
337771,GS12745,2024,2323.0,337772
337772,GS12746,2024,2323.0,337773
337773,GS12747,2024,2323.0,337774
337774,GS12748,2024,2323.0,337775
337775,GS12749,2024,2323.0,337776
337776,GS12750,2024,2396.0,337777
337777,GS12751,2024,2344.0,337778
337778,GS12752,2024,2344.0,337779
337779,GS12753,2024,2413.0,337780
337780,GS12754,2024,2345.0,337781
337781,GS12755,2024,2344.0,337782
337782,GS12756,2024,2345.0,337783
337783,GS12757,2024,2285.0,337784
337784,GS12758,2024,2383.0,337785
337785,GS12759,2024,2343.0,337786
337798,GS12779,2024,16900.0,337799
337802,GS12786,2024,24673.0,337803
337807,GS12794,2024,11484.0,337808
337810,GS12798,2024,5751.0,337811
337813,GS12801,2024,21215.0,337814
337833,GS12829,2024,27663.0,337834
337834,GS12830,2024,25813.0,337835
337868,GS12875,2024,41158.0,337869
337917,GS12954,2024,19035.0,337918
337936,GS12979,2024,22546.0,337937
337957,GS13020,2024,12333.0,337958
337958,GS13021,2024,10467.0,337959
337971,GS13045,2024,11113.0,337972
338002,GS13107,2024,65746.0,338003
338003,GS13108,2024,5074.0,338004
338005,GS13110,2024,77609.0,338006
338013,GS13120,2024,28239.0,338014
338023,GS13130,2024,25919.0,338024
338027,GS13135,2024,114.0,338028
338093,GS23170,2024,10714.0,338094
338107,GS23186,2024,658.0,338108
338108,GS23187,2024,13447.0,338109
338161,GS23254,2024,182964.0,338162
338173,GS23271,2024,8570.0,338174
338201,GS23309,2024,5696.0,338202
338222,GS23339,2024,13603.0,338223
338470,ISOprj_1HHYZFVGW1S044ZY,2024,9669.316,338471
338471,ISOprj_1HZSSWBQM1S08H83,2024,438.956,338472
338472,ISOprj_1J4P33N6W1S0RKE2,2024,1582.238,338473
338473,ISOprj_1J7NQMR9V1S04P0D,2024,230.819,338474
338476,ISOprj_1JFA3YY9P1S0YVKR,2024,19.717,338477
338491,ISOprj_1JY1YXDBS1S01Y05,2024,76.753,338492
338521,ISOprj_1KA95092G1S093EM,2024,8555.6,338522
338627,VCS92,2024,693362.0,338628
338671,VCS138,2024,110197.0,338672
338847,VCS318,2024,33896.0,338848
339169,VCS640,2024,62780.0,339170
339201,VCS672,2024,35126.0,339202
339361,VCS834,2024,48232.0,339362
339399,VCS872,2024,25860.0,339400
339406,VCS879,2024,2717.0,339407
339436,VCS909,2024,43501.0,339437
339437,VCS910,2024,80769.0,339438
339456,VCS929,2024,578457.0,339457
339679,VCS1153,2024,194.0,339680
339727,VCS1202,2024,192361.0,339728
339756,VCS1231,2024,5681.0,339757
339757,VCS1232,2024,5496.0,339758
339765,VCS1240,2024,234103.0,339766
339782,VCS1257,2024,229568.0,339783
339832,VCS1308,2024,20640.0,339833
339888,VCS1364,2024,6740.0,339889
339942,VCS1418,2024,18977.0,339943
339960,VCS1437,2024,6090.0,339961
339961,VCS1438,2024,4774.0,339962
339962,VCS1439,2024,5596.0,339963
339999,VCS1480,2024,78988.0,340000
340000,VCS1481,2024,90250.0,340001
340001,VCS1482,2024,67436.0,340002
340002,VCS1483,2024,2163.0,340003
340017,VCS1500,2024,9177.0,340018
340063,VCS1549,2024,14051.0,340064
340072,VCS1560,2024,300372.0,340073
340082,VCS1571,2024,50000.0,340083
340083,VCS1572,2024,71631.0,340084
340129,VCS1683,2024,18316.0,340130
340155,VCS1716,2024,29200.0,340156
340160,VCS1723,2024,62098.0,340161
340162,VCS1728,2024,188688.0,340163
340166,VCS1733,2024,45909.0,340167
340167,VCS1734,2024,37018.0,340168
340177,VCS1745,2024,71085.0,340178
340184,VCS1754,2024,456149.0,340185
340191,VCS1766,2024,11363.0,340192
340195,VCS1770,2024,185692.0,340196
340200,VCS1776,2024,62639.0,340201
340217,VCS1798,2024,167580.0,340218
340229,VCS1812,2024,215791.0,340230
340233,VCS1817,2024,46104.0,340234
340264,VCS1851,2024,1637081.0,340265
340266,VCS1853,2024,5943.0,340267
340269,VCS1856,2024,181709.0,340270
340279,VCS1867,2024,493731.0,340280
340292,VCS1883,2024,33233.0,340293
340294,VCS1885,2024,23430.0,340295
340304,VCS1897,2024,116420.0,340305
340307,VCS1900,2024,83748.0,340308
340310,VCS1903,2024,279596.0,340311
340311,VCS1904,2024,675012.0,340312
340312,VCS1905,2024,62784.0,340313
340313,VCS1906,2024,75042.0,340314
340314,VCS1907,2024,189127.0,340315
340315,VCS1908,2024,103639.0,340316
340320,VCS1913,2024,7944.0,340321
340322,VCS1915,2024,21767.0,340323
340328,VCS1921,2024,6940.0,340329
340330,VCS1923,2024,4463.0,340331
340332,VCS1925,2024,1915.0,340333
340333,VCS1926,2024,1952.0,340334
340336,VCS1931,2024,242194.0,340337
340360,VCS1958,2024,24627.0,340361
340361,VCS1959,2024,14628.0,340362
340366,VCS1964,2024,59384.0,340367
340370,VCS1968,2024,649828.0,340371
340372,VCS1970,2024,81639.0,340373
340376,VCS1974,2024,24030.0,340377
340377,VCS1975,2024,35734.0,340378
340389,VCS1987,2024,391812.0,340390
340398,VCS1996,2024,91674.0,340399
340471,VCS2069,2024,541785.0,340472
340518,VCS2259,2024,49673.0,340519
340540,VCS2307,2024,37907.0,340541
340542,VCS2309,2024,6394.0,340543
340544,VCS2311,2024,32846.0,340545
340545,VCS2312,2024,29958.0,340546
340546,VCS2313,2024,29976.0,340547
340547,VCS2314,2024,30606.0,340548
340548,VCS2315,2024,35392.0,340549
340578,VCS2349,2024,8777.0,340579
340583,VCS2354,2024,34680.0,340584
340587,VCS2358,2024,35208.0,340588
340593,VCS2365,2024,9063.0,340594
340611,VCS2384,2024,193113.0,340612
340636,VCS2409,2024,121321.0,340637
340641,VCS2414,2024,51238.0,340642
340660,VCS2434,2024,15723.0,340661
340690,VCS2468,2024,17962.0,340691
340709,VCS2490,2024,9206.0,340710
340724,VCS2505,2024,3569698.0,340725
340739,VCS2521,2024,159381.0,340740
340751,VCS2535,2024,7838.0,340752
340759,VCS2548,2024,53632.0,340760
340767,VCS2557,2024,274174.0,340768
340778,VCS2573,2024,106258.0,340779
340783,VCS2581,2024,1798359.0,340784
340784,VCS2582,2024,17952.0,340785
340789,VCS2588,2024,212837.0,340790
340801,VCS2601,2024,78525.0,340802
340813,VCS2614,2024,54567.0,340814
340840,VCS2649,2024,30000.0,340841
340860,VCS2673,2024,16768.0,340861
340863,VCS2676,2024,364119.0,340864
340872,VCS2685,2024,29897.0,340873
340873,VCS2687,2024,35854.0,340874
340874,VCS2688,2024,31966.0,340875
340875,VCS2689,2024,36043.0,340876
340876,VCS2690,2024,32404.0,340877
340893,VCS2707,2024,41479.0,340894
340894,VCS2708,2024,295.0,340895
340934,VCS2751,2024,7648.0,340935
340954,VCS2772,2024,35186.0,340955
340955,VCS2773,2024,33327.0,340956
340956,VCS2774,2024,35161.0,340957
340957,VCS2775,2024,33344.0,340958
340958,VCS2776,2024,35489.0,340959
340959,VCS2777,2024,34528.0,340960
340960,VCS2778,2024,34830.0,340961
340961,VCS2779,2024,34076.0,340962
340962,VCS2780,2024,34935.0,340963
340970,VCS2789,2024,123573.0,340971
340974,VCS2794,2024,449406.0,340975
341004,VCS2825,2024,31891.0,341005
341005,VCS2826,2024,32314.0,341006
341006,VCS2827,2024,35996.0,341007
341013,VCS2835,2024,51596.0,341014
341014,VCS2836,2024,50824.0,341015
341015,VCS2837,2024,54526.0,341016
341016,VCS2838,2024,11318.0,341017
341017,VCS2839,2024,23119.0,341018
341018,VCS2840,2024,11811.0,341019
341040,VCS2862,2024,13177.0,341041
341041,VCS2863,2024,54322.0,341042
341042,VCS2864,2024,17068.0,341043
341044,VCS2866,2024,21860.0,341045
341046,VCS2868,2024,266335.0,341047
341056,VCS2878,2024,581681.0,341057
341095,VCS2922,2024,885.0,341096
341096,VCS2923,2024,2871420.0,341097
341097,VCS2924,2024,763839.0,341098
341098,VCS2925,2024,1364814.0,341099
341131,VCS2960,2024,241816.0,341132
341149,VCS2984,2024,246793.0,341150
341153,VCS2989,2024,63629.0,341154
341181,VCS3019,2024,21.0,341182
341199,VCS3041,2024,817.0,341200
341207,VCS3052,2024,380322.0,341208
341214,VCS3059,2024,22523.0,341215
341216,VCS3061,2024,20010.0,341217
341223,VCS3069,2024,16709.0,341224
341250,VCS3096,2024,63909.0,341251
341268,VCS3116,2024,101114.0,341269
341352,VCS3204,2024,150896.0,341353
341355,VCS3207,2024,29483.0,341356
341367,VCS3220,2024,4257.0,341368
341372,VCS3225,2024,56535.0,341373
341386,VCS3239,2024,54053.0,341387
341391,VCS3244,2024,97357.0,341392
341492,VCS3352,2024,235604.0,341493
341496,VCS3356,2024,434997.0,341497
341502,VCS3363,2024,4785.0,341503
341583,VCS3448,2024,36575.0,341584
341669,VCS3556,2024,2003.0,341670
341675,VCS3562,2024,1369.0,341676
341683,VCS3570,2024,29338.0,341684
341711,VCS3599,2024,303694.0,341712
341726,VCS3616,2024,28887.0,341727
341782,VCS3677,2024,13268.0,341783
341803,VCS3699,2024,984099.0,341804
341842,VCS3743,2024,19376.0,341843
341865,VCS3767,2024,113593.0,341866
341869,VCS3772,2024,51124.0,341870
341885,VCS3788,2024,5599.0,341886
341897,VCS3801,2024,64855.0,341898
341907,VCS3820,2024,108496.0,341908
341920,VCS3835,2024,33872.0,341921
341922,VCS3837,2024,191565.0,341923
341961,VCS3881,2024,1542.0,341962
341979,VCS3901,2024,14387.0,341980
341992,VCS3916,2024,40406.0,341993
341993,VCS3917,2024,38861.0,341994
342005,VCS3929,2024,73202.0,342006
342011,VCS3936,2024,8814.0,342012
342035,VCS3963,2024,7000.0,342036
342067,VCS4000,2024,372431.0,342068
342080,VCS4014,2024,20140.0,342081
342081,VCS4015,2024,6723.0,342082
342083,VCS4018,2024,29464.0,342084
342084,VCS4019,2024,39181.0,342085
342085,VCS4020,2024,9172.0,342086
342099,VCS4036,2024,20924.0,342100
342103,VCS4043,2024,4517.0,342104
342104,VCS4044,2024,24386.0,342105
342108,VCS4048,2024,38489.0,342109
342117,VCS4058,2024,35960.0,342118
342118,VCS4059,2024,58606.0,342119
342146,VCS4090,2024,74657.0,342147
342189,VCS4138,2024,65023.0,342190
342200,VCS4150,2024,2812257.0,342201
342201,VCS4151,2024,375294.0,342202
342254,VCS4216,2024,9785.0,342255
342261,VCS4223,2024,105266.0,342262
342263,VCS4225,2024,110978.0,342264
342264,VCS4226,2024,109763.0,342265
342267,VCS4229,2024,91669.0,342268
342295,VCS4260,2024,8127.0,342296
342303,VCS4268,2024,157239.0,342304
342314,VCS4279,2024,10103.0,342315
342367,VCS4338,2024,50000.0,342368
342418,VCS4389,2024,22610.0,342419
342442,VCS4416,2024,13443.0,342443
342449,VCS4423,2024,51033.0,342450
342473,VCS4456,2024,5964.0,342474
342474,VCS4457,2024,135270.0,342475
342484,VCS4469,2024,86352.0,342485
342508,VCS4499,2024,241135.0,342509
342536,VCS4531,2024,5701293.0,342537
342548,VCS4544,2024,36958.0,342549
342550,VCS4546,2024,5280.0,342551
342554,VCS4550,2024,28890.0,342555
342581,VCS4578,2024,215.0,342582
342598,VCS4600,2024,11088.0,342599
342667,VCS4679,2024,75194.0,342668
342772,VCS4816,2024,12253.0,342773
342820,VCS4873,2024,6064.0,342821
342821,VCS4874,2024,1414.0,342822
342822,VCS4875,2024,2489.0,342823
342825,VCS4878,2024,39390.0,342826
342826,VCS4879,2024,18029.0,342827
342832,VCS4885,2024,4892.0,342833
342835,VCS4888,2024,17463.0,342836
342878,VCS4952,2024,4309.0,342879
342899,VCS4982,2024,1233.0,342900
342912,VCS5003,2024,603.0,342913
342922,VCS5016,2024,35465.0,342923
342977,VCS5089,2024,163156.0,342978
343022,VCS5141,2024,152895.0,343023
343057,VCS5186,2024,39375.0,343058
343069,VCS5199,2024,35.0,343070
343077,VCS5210,2024,10834.0,343078
343096,VCS5237,2024,17542.0,343097
343117,VCS5275,2024,1783.0,343118
343125,VCS5286,2024,13314.0,343126
343190,VCS5362,2024,19753.0,343191
343245,VCS5424,2024,3583.0,343246
343270,VCS5454,2024,2260.0,343271
343299,VCS5488,2024,794745.0,343300
343313,VCS5511,2024,82834.0,343314
343342,VCS5542,2024,196150.0,343343
343369,VCS5574,2024,45231.0,343370
343375,VCS5582,2024,82002.0,343376
343906,ACR0192,2025,49701.0,343907
343952,ACR0248,2025,3221.0,343953
343963,ACR0259,2025,11662.0,343964
343969,ACR0265,2025,15439.0,343970
343973,ACR0269,2025,66415.0,343974
343978,ACR0274,2025,103242.0,343979
343983,ACR0279,2025,15707.0,343984
343985,ACR0281,2025,12666.0,343986
344005,ACR0303,2025,222230.0,344006
344015,ACR0313,2025,1577.0,344016
344042,ACR0367,2025,45467.0,344043
344061,ACR0388,2025,238331.0,344062
344073,ACR0403,2025,11585.0,344074
344076,ACR0407,2025,179663.0,344077
344084,ACR0418,2025,6472.0,344085
344093,ACR0428,2025,4590.0,344094
344120,ACR0458,2025,108640.0,344121
344131,ACR0470,2025,3683.0,344132
344150,ACR0493,2025,68494.0,344151
344160,ACR0505,2025,3266.0,344161
344161,ACR0506,2025,15457.0,344162
344193,ACR0544,2025,42571.0,344194
344194,ACR0545,2025,37914.0,344195
344203,ACR0554,2025,20681.0,344204
344210,ACR0562,2025,2662.0,344211
344214,ACR0569,2025,16292.0,344215
344238,ACR0594,2025,19733.0,344239
344252,ACR0609,2025,54063.0,344253
344253,ACR0610,2025,26571.0,344254
344254,ACR0611,2025,7493.0,344255
344271,ACR0630,2025,66491.0,344272
344275,ACR0634,2025,16281.0,344276
344290,ACR0650,2025,37778.0,344291
344291,ACR0651,2025,64866.0,344292
344310,ACR0672,2025,1805.0,344311
344334,ACR0701,2025,63985.0,344335
344336,ACR0704,2025,24447.0,344337
344351,ACR0731,2025,67734.0,344352
344355,ACR0735,2025,18549.0,344356
344361,ACR0741,2025,41121.0,344362
344368,ACR0751,2025,201040.0,344369
344369,ACR0752,2025,37201.0,344370
344391,ACR0778,2025,228670.0,344392
344407,ACR0800,2025,54736.0,344408
344408,ACR0801,2025,13695.0,344409
344409,ACR0802,2025,60926.0,344410
344418,ACR0811,2025,99196.0,344419
344447,ACR0842,2025,67192.0,344448
344450,ACR0845,2025,66074.0,344451
344455,ACR0850,2025,107916.0,344456
344456,ACR0851,2025,91834.0,344457
344457,ACR0852,2025,39401.0,344458
344468,ACR0865,2025,122252.0,344469
344469,ACR0866,2025,164923.0,344470
344474,ACR0873,2025,72271.0,344475
344480,ACR0879,2025,126984.0,344481
344484,ACR0883,2025,49196.0,344485
344486,ACR0885,2025,14524.0,344487
344489,ACR0888,2025,215172.0,344490
344499,ACR0899,2025,74377.0,344500
344506,ACR0906,2025,62269.0,344507
344507,ACR0908,2025,288730.0,344508
344515,ACR0917,2025,29602.0,344516
344529,ACR0931,2025,147508.0,344530
344537,ACR0940,2025,81569.0,344538
344550,ACR0959,2025,92956.0,344551
344558,ACR0972,2025,68038.0,344559
344596,ACR1015,2025,55640.0,344597
344610,ACR1031,2025,14051.0,344611
344621,ACR1043,2025,271319.0,344622
344628,ACR1051,2025,14653.0,344629
344629,ACR1053,2025,18470.0,344630
344637,ACR1063,2025,147594.0,344638
344644,ACR1072,2025,1368286.0,344645
344646,ACR1074,2025,334540.0,344647
344656,ACR1092,2025,1454.0,344657
344657,ACR1093,2025,77942.0,344658
344658,ACR1094,2025,65523.0,344659
344659,ACR1095,2025,44793.0,344660
344663,ACR1100,2025,153201.0,344664
344669,ACR1108,2025,131622.0,344670
344677,ACR1117,2025,133280.0,344678
344678,ACR1118,2025,14773.0,344679
344682,ACR1123,2025,129908.0,344683
344683,ACR1124,2025,198196.0,344684
344687,ACR1129,2025,261826.0,344688
344696,ACR1138,2025,29038.0,344697
344698,ACR1140,2025,82296.0,344699
344705,ACR1147,2025,59104.0,344706
344706,ACR1148,2025,38309.0,344707
344707,ACR1149,2025,82618.0,344708
344708,ACR1150,2025,33705.0,344709
344712,ACR1154,2025,28347.0,344713
344713,ACR1156,2025,39684.0,344714
344714,ACR1157,2025,49153.0,344715
344720,ACR1163,2025,61040.0,344721
344724,ACR1167,2025,49757.0,344725
344726,ACR1169,2025,146569.0,344727
344727,ACR1171,2025,4077.0,344728
344728,ACR1172,2025,36972.0,344729
344729,ACR1173,2025,87275.0,344730
344730,ACR1174,2025,52354.0,344731
344731,ACR1175,2025,348666.0,344732
344732,ACR1176,2025,53739.0,344733
344734,ACR1178,2025,77915.0,344735
344737,ACR1181,2025,30942.0,344738
344738,ACR1182,2025,49660.0,344739
344739,ACR1183,2025,193401.0,344740
344741,ACR1185,2025,85847.0,344742
344743,ACR1187,2025,16820.0,344744
344744,ACR1188,2025,44902.0,344745
344750,ACR1194,2025,161385.0,344751
344752,ACR1196,2025,35413.0,344753
344754,ACR1199,2025,541151.0,344755
344755,ACR1200,2025,1690094.0,344756
344756,ACR1201,2025,151077.0,344757
344758,ACR1203,2025,39047.0,344759
344759,ACR1204,2025,43779.0,344760
344760,ACR1205,2025,142621.0,344761
344770,ACR1215,2025,154904.0,344771
344771,ACR1216,2025,30791.0,344772
344772,ACR1217,2025,70432.0,344773
344773,ACR1218,2025,28062.0,344774
344774,ACR1219,2025,19376.0,344775
344776,ACR1221,2025,81276.0,344777
344779,ACR1224,2025,27431.0,344780
344857,CAR398,2025,134130.0,344858
344870,CAR422,2025,12742.0,344871
344879,CAR436,2025,51271.0,344880
344884,CAR443,2025,38669.0,344885
344885,CAR444,2025,22533.0,344886
344906,CAR473,2025,126378.0,344907
344936,CAR512,2025,73948.0,344937
344938,CAR514,2025,44163.0,344939
344939,CAR515,2025,16342.0,344940
344940,CAR516,2025,28580.0,344941
344944,CAR531,2025,506.0,344945
344953,CAR558,2025,7585.0,344954
344985,CAR635,2025,103158.0,344986
344986,CAR639,2025,673281.0,344987
344998,CAR674,2025,112180.0,344999
345039,CAR811,2025,29019.0,345040
345048,CAR825,2025,11910.0,345049
345050,CAR829,2025,12858.0,345051
345057,CAR838,2025,11147.0,345058
345062,CAR866,2025,23827.0,345063
345066,CAR881,2025,16280.0,345067
345071,CAR888,2025,1617.0,345072
345079,CAR917,2025,4070.0,345080
345094,CAR957,2025,10470.0,345095
345109,CAR989,2025,16463.0,345110
345125,CAR1008,2025,3000.0,345126
345132,CAR1015,2025,10326.0,345133
345141,CAR1027,2025,79332.0,345142
345155,CAR1050,2025,6148.0,345156
345194,CAR1096,2025,11463.0,345195
345196,CAR1098,2025,27818.0,345197
345197,CAR1099,2025,18962.0,345198
345203,CAR1105,2025,348037.0,345204
345232,CAR1136,2025,35594.0,345233
345235,CAR1139,2025,106050.0,345236
345241,CAR1145,2025,13749.0,345242
345245,CAR1152,2025,20580.0,345246
345266,CAR1174,2025,19395.0,345267
345267,CAR1175,2025,92544.0,345268
345305,CAR1215,2025,110233.0,345306
345342,CAR1265,2025,53648.0,345343
345350,CAR1275,2025,7778.0,345351
345356,CAR1281,2025,7482.0,345357
345360,CAR1285,2025,7201.0,345361
345388,CAR1315,2025,31754.0,345389
345389,CAR1316,2025,25412.0,345390
345390,CAR1317,2025,32624.0,345391
345393,CAR1321,2025,4932.0,345394
345396,CAR1325,2025,5309.0,345397
345406,CAR1335,2025,211965.0,345407
345407,CAR1336,2025,41291.0,345408
345408,CAR1337,2025,12124.0,345409
345410,CAR1340,2025,15827.0,345411
345413,CAR1344,2025,3546.0,345414
345435,CAR1368,2025,48578.0,345436
345447,CAR1384,2025,70163.0,345448
345467,CAR1409,2025,125287.0,345468
345475,CAR1428,2025,2631.0,345476
345514,CAR1480,2025,5076930.0,345515
345526,CAR1494,2025,3567.0,345527
345527,CAR1495,2025,9632.0,345528
345528,CAR1496,2025,2664.0,345529
345529,CAR1497,2025,15137.0,345530
345540,CAR1513,2025,86612.0,345541
345544,CAR1521,2025,7268.0,345545
345545,CAR1522,2025,5390.0,345546
345546,CAR1523,2025,3608.0,345547
345547,CAR1524,2025,3612.0,345548
345548,CAR1525,2025,848.0,345549
345549,CAR1526,2025,337.0,345550
345550,CAR1527,2025,742.0,345551
345551,CAR1528,2025,324.0,345552
345552,CAR1529,2025,371.0,345553
345561,CAR1542,2025,2975.0,345562
345563,CAR1544,2025,3393.0,345564
345564,CAR1545,2025,17346.0,345565
345579,CAR1562,2025,3427.0,345580
345582,CAR1566,2025,16187.0,345583
345583,CAR1567,2025,14025.0,345584
345584,CAR1568,2025,99460.0,345585
345597,CAR1584,2025,136726.0,345598
345598,CAR1585,2025,4355.0,345599
345600,CAR1587,2025,5.0,345601
345601,CAR1588,2025,56.0,345602
345602,CAR1589,2025,11.0,345603
345603,CAR1590,2025,42.0,345604
345604,CAR1591,2025,12.0,345605
345606,CAR1594,2025,7719.0,345607
345607,CAR1595,2025,2278.0,345608
345608,CAR1596,2025,1597.0,345609
345634,CAR1624,2025,167660.0,345635
345638,CAR1629,2025,456.0,345639
345640,CAR1632,2025,280.0,345641
345641,CAR1633,2025,293.0,345642
345642,CAR1635,2025,5144.0,345643
345643,CAR1636,2025,4861.0,345644
345644,CAR1637,2025,6300.0,345645
345645,CAR1638,2025,24197.0,345646
345649,CAR1644,2025,512.0,345650
345658,CAR1655,2025,40176.0,345659
345665,CAR1663,2025,242258.0,345666
345671,CAR1674,2025,276775.0,345672
345672,CAR1675,2025,63658.0,345673
345678,CAR1686,2025,407.0,345679
345679,CAR1687,2025,363.0,345680
345680,CAR1688,2025,430.0,345681
345681,CAR1689,2025,449.0,345682
345685,CAR1696,2025,113887.0,345686
345686,CAR1704,2025,103127.0,345687
345710,CAR1739,2025,77913.0,345711
345713,CAR1744,2025,13811.0,345714
345714,CAR1745,2025,4933.0,345715
345715,CAR1746,2025,6014.0,345716
345716,CAR1747,2025,6267.0,345717
345717,CAR1748,2025,7372.0,345718
345718,CAR1749,2025,3563.0,345719
345719,CAR1767,2025,3577.0,345720
345737,CAR1790,2025,15963.0,345738
345758,CAR1819,2025,39791.0,345759
345759,CAR1820,2025,45067.0,345760
345766,CAR1828,2025,1320.0,345767
345767,CAR1829,2025,62262.0,345768
345774,CAR1843,2025,1130.0,345775
345776,CAR1847,2025,26252.0,345777
345778,CAR1850,2025,74315.0,345779
345787,CAR1859,2025,79286.0,345788
345789,CAR1861,2025,1106.0,345790
345791,CAR1863,2025,42006.0,345792
345792,CAR1864,2025,37847.0,345793
345793,CAR1865,2025,41134.0,345794
345798,CAR1871,2025,15600.0,345799
345807,CAR1888,2025,79.0,345808
345812,CAR1896,2025,8504.0,345813
345823,CAR1921,2025,13828.0,345824
345824,CAR1922,2025,23326.0,345825
345825,CAR1924,2025,37417.0,345826
345826,CAR1925,2025,9753.0,345827
345827,CAR1926,2025,5899.0,345828
345828,CAR1927,2025,15712.0,345829
345840,CAR1941,2025,23114.0,345841
345841,CAR1942,2025,2530.0,345842
345845,CAR1946,2025,73491.0,345846
345857,CAR1959,2025,185216.0,345858
345858,CAR1960,2025,1670.0,345859
345860,CAR1962,2025,7673.0,345861
345861,CAR1963,2025,102888.0,345862
345873,CAR1979,2025,1604.0,345874
345880,CAR1989,2025,56652.0,345881
345882,CAR1991,2025,1287.0,345883
345884,CAR1998,2025,1804.0,345885
345885,CAR1999,2025,1867.0,345886
345886,CAR2000,2025,1554.0,345887
345887,CAR2001,2025,982.0,345888
345888,CAR2002,2025,365.0,345889
345889,CAR2004,2025,6581.0,345890
345890,CAR2005,2025,4351.0,345891
345891,CAR2006,2025,4896.0,345892
345918,CAR2036,2025,809.0,345919
345919,CAR2039,2025,158921.0,345920
345923,CAR2043,2025,1003385.0,345924
345925,CAR2045,2025,417.0,345926
345926,CAR2046,2025,7424.0,345927
345931,CAR2051,2025,302.0,345932
345932,CAR2052,2025,223.0,345933
345933,CAR2054,2025,183994.0,345934
345934,CAR2055,2025,5937.0,345935
345935,CAR2056,2025,260294.0,345936
345936,CAR2057,2025,43934.0,345937
345937,CAR2058,2025,71264.0,345938
345939,CAR2060,2025,554823.0,345940
345940,CAR2061,2025,73504.0,345941
345957,CAR2080,2025,1497.0,345958
345961,CAR2084,2025,9247.0,345962
345964,CAR2087,2025,10055.0,345965
345965,CAR2088,2025,36220.0,345966
345966,CAR2089,2025,27227.0,345967
345967,CAR2090,2025,29696.0,345968
345968,CAR2091,2025,337485.0,345969
345969,CAR2092,2025,220149.0,345970
345986,CAR2110,2025,18276.0,345987
345987,CAR2111,2025,159383.0,345988
345988,CAR2112,2025,147508.0,345989
345989,CAR2113,2025,73186.0,345990
345990,CAR2114,2025,286753.0,345991
345991,CAR2115,2025,22620.0,345992
345994,CAR2119,2025,36319.0,345995
345996,CAR2121,2025,14303.0,345997
346003,CAR2129,2025,64379.0,346004
346005,CAR2131,2025,5686.0,346006
346009,CAR2135,2025,32794.0,346010
346012,CAR2139,2025,734.0,346013
346020,CAR2152,2025,138000.0,346021
346021,CAR2153,2025,315246.0,346022
346025,CAR2157,2025,51771.0,346026
346032,CAR2167,2025,86782.0,346033
346036,CAR2171,2025,27792.0,346037
346068,CAR2211,2025,39953.0,346069
346074,CAR2217,2025,32223.0,346075
346075,CAR2218,2025,11452.0,346076
346091,CAR2251,2025,78861.0,346092
346093,CAR2253,2025,93013.0,346094
346094,CAR2254,2025,54283.0,346095
346095,CAR2255,2025,78357.0,346096
346097,CAR2257,2025,87092.0,346098
346142,GS352,2025,24925.0,346143
346145,GS367,2025,49853.0,346146
346151,GS388,2025,9178.0,346152
346152,GS390,2025,22132.0,346153
346171,GS436,2025,14154.0,346172
346178,GS447,2025,629560.0,346179
346227,GS601,2025,47199.0,346228
346257,GS655,2025,137840.0,346258
346265,GS672,2025,47971.0,346266
346268,GS683,2025,49346.0,346269
346289,GS735,2025,119902.0,346290
346299,GS753,2025,109928.0,346300
346335,GS828,2025,11112.0,346336
346378,GS905,2025,154324.0,346379
346419,GS980,2025,2902.0,346420
346438,GS1013,2025,37951.0,346439
346443,GS1018,2025,10160.0,346444
346445,GS1021,2025,34813.0,346446
346482,GS1068,2025,57046.0,346483
346522,GS1138,2025,103194.0,346523
346555,GS1199,2025,4322.0,346556
346580,GS1237,2025,36901.0,346581
346636,GS1333,2025,18497.0,346637
346646,GS1347,2025,5404.0,346647
346647,GS1348,2025,37100.0,346648
346656,GS1363,2025,5896.0,346657
346657,GS1364,2025,19459.0,346658
346746,GS2095,2025,15000.0,346747
346756,GS2296,2025,485655.0,346757
346967,GS2913,2025,13365.0,346968
346990,GS3077,2025,9419.0,346991
347079,GS3493,2025,59172.0,347080
347081,GS3509,2025,3995.0,347082
347113,GS3588,2025,374.0,347114
347114,GS3589,2025,374.0,347115
347115,GS3590,2025,374.0,347116
347116,GS3591,2025,374.0,347117
347117,GS3592,2025,374.0,347118
347118,GS3593,2025,374.0,347119
347119,GS3594,2025,374.0,347120
347120,GS3595,2025,374.0,347121
347121,GS3596,2025,374.0,347122
347122,GS3597,2025,374.0,347123
347123,GS3598,2025,374.0,347124
347124,GS3599,2025,374.0,347125
347125,GS3600,2025,374.0,347126
347126,GS3601,2025,374.0,347127
347142,GS3852,2025,7044.0,347143
347165,GS3971,2025,12209.0,347166
347214,GS4364,2025,13658.0,347215
347355,GS5099,2025,8854.0,347356
347377,GS5229,2025,40174.0,347378
347458,GS5642,2025,52405.0,347459
347479,GS5802,2025,1319.0,347480
347647,GS6887,2025,7141.0,347648
347651,GS7002,2025,32248.0,347652
347679,GS7151,2025,50221.0,347680
347680,GS7152,2025,586993.0,347681
347758,GS7468,2025,661546.0,347759
347783,GS7493,2025,3967.0,347784
347784,GS7495,2025,30350.0,347785
347815,GS7528,2025,7577.0,347816
347838,GS7552,2025,21516.0,347839
347843,GS7557,2025,19233.0,347844
347910,GS7627,2025,303160.0,347911
347920,GS7637,2025,5753.0,347921
347921,GS7638,2025,5753.0,347922
347922,GS7639,2025,5753.0,347923
347923,GS7640,2025,5753.0,347924
347924,GS7641,2025,5753.0,347925
347925,GS7642,2025,5753.0,347926
347926,GS7643,2025,5753.0,347927
347927,GS7644,2025,5753.0,347928
347928,GS7645,2025,5753.0,347929
347929,GS7646,2025,5753.0,347930
347930,GS7647,2025,5753.0,347931
347931,GS7648,2025,5753.0,347932
347932,GS7649,2025,5753.0,347933
347933,GS7650,2025,5753.0,347934
347934,GS7651,2025,5753.0,347935
347935,GS7652,2025,7434.0,347936
347941,GS7671,2025,849.0,347942
347942,GS7672,2025,1738.0,347943
347957,GS7687,2025,10937.0,347958
347958,GS7688,2025,11806.0,347959
347959,GS7689,2025,12008.0,347960
347960,GS7690,2025,12649.0,347961
347961,GS7691,2025,11246.0,347962
348123,GS10777,2025,770.0,348124
348136,GS10791,2025,86929.0,348137
348137,GS10792,2025,28040.0,348138
348138,GS10793,2025,14016.0,348139
348143,GS10798,2025,4770.0,348144
348184,GS10878,2025,59480.0,348185
348236,GS10970,2025,5167.0,348237
348271,GS11007,2025,16598.0,348272
348274,GS11010,2025,20015.0,348275
348275,GS11011,2025,21534.0,348276
348355,GS11098,2025,59701.0,348356
348357,GS11133,2025,55296.0,348358
348358,GS11134,2025,56346.0,348359
348359,GS11135,2025,60518.0,348360
348360,GS11136,2025,59072.0,348361
348361,GS11137,2025,57101.0,348362
348362,GS11138,2025,30924.0,348363
348364,GS11140,2025,351190.0,348365
348369,GS11145,2025,71199.0,348370
348386,GS11169,2025,3456.0,348387
348389,GS11173,2025,8387.0,348390
348424,GS11210,2025,25282.0,348425
348425,GS11211,2025,9793.0,348426
348449,GS11237,2025,47379.0,348450
348457,GS11245,2025,1201.0,348458
348468,GS11259,2025,33222.0,348469
348469,GS11260,2025,39162.0,348470
348470,GS11261,2025,35543.0,348471
348471,GS11262,2025,31983.0,348472
348472,GS11263,2025,43117.0,348473
348473,GS11264,2025,32671.0,348474
348474,GS11265,2025,48757.0,348475
348475,GS11266,2025,35900.0,348476
348476,GS11267,2025,35774.0,348477
348477,GS11268,2025,42267.0,348478
348478,GS11269,2025,36166.0,348479
348479,GS11270,2025,40320.0,348480
348480,GS11271,2025,41279.0,348481
348481,GS11272,2025,44274.0,348482
348482,GS11273,2025,48783.0,348483
348483,GS11274,2025,42775.0,348484
348484,GS11275,2025,43742.0,348485
348485,GS11276,2025,45350.0,348486
348486,GS11277,2025,47662.0,348487
348487,GS11278,2025,41421.0,348488
348488,GS11279,2025,46411.0,348489
348489,GS11280,2025,44498.0,348490
348490,GS11281,2025,40495.0,348491
348491,GS11282,2025,44173.0,348492
348492,GS11283,2025,36800.0,348493
348493,GS11284,2025,35297.0,348494
348494,GS11285,2025,35384.0,348495
348495,GS11286,2025,37756.0,348496
348496,GS11287,2025,26044.0,348497
348497,GS11288,2025,32249.0,348498
348498,GS11289,2025,52216.0,348499
348499,GS11290,2025,54612.0,348500
348500,GS11291,2025,49062.0,348501
348501,GS11292,2025,55509.0,348502
348502,GS11293,2025,53097.0,348503
348503,GS11294,2025,57996.0,348504
348504,GS11295,2025,53279.0,348505
348505,GS11296,2025,51117.0,348506
348506,GS11297,2025,49764.0,348507
348507,GS11298,2025,48754.0,348508
348508,GS11299,2025,45869.0,348509
348509,GS11300,2025,55060.0,348510
348510,GS11301,2025,52149.0,348511
348511,GS11302,2025,49934.0,348512
348512,GS11303,2025,47677.0,348513
348513,GS11304,2025,20567.0,348514
348514,GS11305,2025,15971.0,348515
348527,GS11319,2025,9074.0,348528
348546,GS11339,2025,14495.0,348547
348559,GS11358,2025,10736.0,348560
348580,GS11414,2025,74879.0,348581
348581,GS11415,2025,81009.0,348582
348587,GS11421,2025,242881.0,348588
348590,GS11424,2025,31582.0,348591
348592,GS11426,2025,18776.0,348593
348593,GS11427,2025,26473.0,348594
348594,GS11432,2025,18067.0,348595
348599,GS11437,2025,20842.0,348600
348602,GS11440,2025,974938.0,348603
348678,GS11539,2025,20017.0,348679
348681,GS11544,2025,3312.0,348682
348691,GS11557,2025,316511.0,348692
348724,GS11603,2025,5485.0,348725
348727,GS11606,2025,5461.0,348728
348744,GS11627,2025,727.0,348745
348754,GS11639,2025,21600.0,348755
348755,GS11640,2025,14830.0,348756
348765,GS11655,2025,30450.0,348766
348766,GS11656,2025,31001.0,348767
348777,GS11671,2025,665073.0,348778
348784,GS11682,2025,1241.0,348785
348814,GS11721,2025,8729.0,348815
348820,GS11728,2025,156551.0,348821
348917,GS11861,2025,10609.0,348918
349011,GS11983,2025,48485.0,349012
349016,GS11988,2025,21109.0,349017
349042,GS12017,2025,17353.0,349043
349043,GS12018,2025,18154.0,349044
349044,GS12019,2025,18890.0,349045
349045,GS12020,2025,20570.0,349046
349056,GS12033,2025,32519.0,349057
349070,GS12047,2025,395081.0,349071
349073,GS12050,2025,15534.0,349074
349075,GS12052,2025,11239.0,349076
349083,GS12064,2025,44525.0,349084
349100,GS12082,2025,4496.0,349101
349195,GS12199,2025,248430.0,349196
349201,GS12205,2025,284472.0,349202
349232,GS12240,2025,1946.0,349233
349240,GS12251,2025,41197.0,349241
349241,GS12252,2025,38062.0,349242
349242,GS12253,2025,46940.0,349243
349243,GS12254,2025,48396.0,349244
349244,GS12255,2025,49131.0,349245
349245,GS12256,2025,55006.0,349246
349246,GS12257,2025,51573.0,349247
349247,GS12258,2025,37514.0,349248
349248,GS12259,2025,42688.0,349249
349249,GS12260,2025,46243.0,349250
349250,GS12261,2025,41017.0,349251
349251,GS12262,2025,44936.0,349252
349252,GS12263,2025,44479.0,349253
349272,GS12285,2025,168870.0,349273
349280,GS12295,2025,15021.0,349281
349290,GS12308,2025,21189.0,349291
349324,GS12350,2025,16616.0,349325
349330,GS12357,2025,5197.0,349331
349331,GS12358,2025,5195.0,349332
349347,GS12377,2025,17393.0,349348
349357,GS12390,2025,45883.0,349358
349358,GS12391,2025,47773.0,349359
349359,GS12392,2025,47417.0,349360
349360,GS12393,2025,48468.0,349361
349361,GS12394,2025,46150.0,349362
349362,GS12395,2025,45602.0,349363
349363,GS12396,2025,44733.0,349364
349364,GS12397,2025,44445.0,349365
349365,GS12398,2025,49214.0,349366
349366,GS12399,2025,50862.0,349367
349367,GS12400,2025,50168.0,349368
349368,GS12401,2025,51901.0,349369
349369,GS12402,2025,52772.0,349370
349370,GS12403,2025,49323.0,349371
349371,GS12404,2025,51777.0,349372
349372,GS12405,2025,52913.0,349373
349373,GS12406,2025,54060.0,349374
349374,GS12407,2025,51742.0,349375
349375,GS12408,2025,47297.0,349376
349376,GS12409,2025,52571.0,349377
349377,GS12410,2025,53370.0,349378
349378,GS12411,2025,52867.0,349379
349379,GS12412,2025,50468.0,349380
349380,GS12413,2025,48670.0,349381
349381,GS12414,2025,51211.0,349382
349382,GS12415,2025,50450.0,349383
349383,GS12416,2025,49968.0,349384
349384,GS12417,2025,49359.0,349385
349385,GS12418,2025,38929.0,349386
349421,GS12460,2025,2139.0,349422
349422,GS12461,2025,1656.0,349423
349430,GS12470,2025,16555.0,349431
349434,GS12474,2025,5201.0,349435
349455,GS12505,2025,50186.0,349456
349470,GS12533,2025,18585.0,349471
349525,GS12624,2025,5872.0,349526
349536,GS12638,2025,8917.0,349537
349546,GS12653,2025,8036.0,349547
349547,GS12654,2025,5885.0,349548
349558,GS12665,2025,2390.0,349559
349563,GS12670,2025,189199.0,349564
349669,GS12801,2025,9257.0,349670
349723,GS12871,2025,1735.0,349724
349773,GS12954,2025,40349.0,349774
349792,GS12979,2025,14661.0,349793
349802,GS12995,2025,392.0,349803
349813,GS13020,2025,4306.0,349814
349814,GS13021,2025,4262.0,349815
349827,GS13045,2025,1271.0,349828
349858,GS13107,2025,168469.0,349859
349859,GS13108,2025,10433.0,349860
349861,GS13110,2025,70779.0,349862
349869,GS13120,2025,12323.0,349870
349879,GS13130,2025,3508.0,349880
349963,GS23186,2025,1241.0,349964
349964,GS23187,2025,4311.0,349965
350017,GS23254,2025,56125.0,350018
350029,GS23271,2025,4772.0,350030
350057,GS23309,2025,35312.0,350058
350078,GS23339,2025,3991.0,350079
350324,ISOprj_1H502CZZH1S0VMYW,2025,3256.804,350325
350326,ISOprj_1HHYZFVGW1S044ZY,2025,25488.955,350327
350327,ISOprj_1HZSSWBQM1S08H83,2025,4047.897,350328
350328,ISOprj_1J4P33N6W1S0RKE2,2025,10609.677,350329
350329,ISOprj_1J7NQMR9V1S04P0D,2025,150.812,350330
350332,ISOprj_1JFA3YY9P1S0YVKR,2025,700.547,350333
350333,ISOprj_1JKR5RQG81S0Y2CZ,2025,209.08,350334
350335,ISOprj_1JN6XNWDQ1S0BSN7,2025,50.217,350336
350338,ISOprj_1JQ775W7D1S0WYSA,2025,313.57,350339
350340,ISOprj_1JQEQKCF91S06HAJ,2025,347.34,350341
350346,ISOprj_1JXCRW5ST1S0EEKH,2025,4317.29,350347
350347,ISOprj_1JY1YXDBS1S01Y05,2025,6086.642,350348
350348,ISOprj_1JYCV03BW1S0RTE5,2025,216.923,350349
350352,ISOprj_1JZ0ZD3JN1S0SHW9,2025,46.001,350353
350353,ISOprj_1JZJY8NY61S0RH07,2025,6448.34,350354
350356,ISOprj_1K10D531D1S0DEV9,2025,200.851,350357
350361,ISOprj_1K39D0N8S1S0TMKX,2025,75.156,350362
350363,ISOprj_1K3S0527T1S0KYXT,2025,48.539,350364
350364,ISOprj_1K3VWSDS61S0QKV7,2025,1.44,350365
350377,ISOprj_1KA95092G1S093EM,2025,10128.03,350378
350383,ISOprj_1KFDNVSDZ1S0QA39,2025,103.467,350384
350399,VCS5,2025,9417.0,350400
351621,VCS1240,2025,184039.0,351622
351985,VCS1683,2025,9686.0,351986
352033,VCS1745,2025,12461.0,352034
352047,VCS1766,2025,2511.0,352048
352051,VCS1770,2025,33864.0,352052
352073,VCS1798,2025,75171.0,352074
352120,VCS1851,2025,786758.0,352121
352125,VCS1856,2025,22269.0,352126
352167,VCS1904,2025,646768.0,352168
352176,VCS1913,2025,2191.0,352177
352178,VCS1915,2025,10997.0,352179
352228,VCS1970,2025,24307.0,352229
352327,VCS2069,2025,320747.0,352328
352396,VCS2307,2025,9129.0,352397
352400,VCS2311,2025,28692.0,352401
352401,VCS2312,2025,24332.0,352402
352402,VCS2313,2025,24382.0,352403
352403,VCS2314,2025,24719.0,352404
352404,VCS2315,2025,29261.0,352405
352434,VCS2349,2025,2164.0,352435
352467,VCS2384,2025,80641.0,352468
352492,VCS2409,2025,32979.0,352493
352516,VCS2434,2025,6390.0,352517
352580,VCS2505,2025,4315597.0,352581
352595,VCS2521,2025,39424.0,352596
352639,VCS2581,2025,290535.0,352640
352645,VCS2588,2025,171414.0,352646
352657,VCS2601,2025,81887.0,352658
352728,VCS2685,2025,23441.0,352729
352729,VCS2687,2025,29668.0,352730
352730,VCS2688,2025,25994.0,352731
352731,VCS2689,2025,29750.0,352732
352732,VCS2690,2025,26508.0,352733
352801,VCS2762,2025,99367.0,352802
352810,VCS2772,2025,30026.0,352811
352811,VCS2773,2025,26913.0,352812
352812,VCS2774,2025,29715.0,352813
352813,VCS2775,2025,27468.0,352814
352814,VCS2776,2025,30251.0,352815
352815,VCS2777,2025,28124.0,352816
352816,VCS2778,2025,30433.0,352817
352817,VCS2779,2025,28415.0,352818
352818,VCS2780,2025,30514.0,352819
352830,VCS2794,2025,502462.0,352831
352860,VCS2825,2025,24578.0,352861
352861,VCS2826,2025,25004.0,352862
352862,VCS2827,2025,29395.0,352863
352953,VCS2924,2025,391023.0,352954
352954,VCS2925,2025,404514.0,352955
352987,VCS2960,2025,130422.0,352988
353063,VCS3052,2025,198312.0,353064
353106,VCS3096,2025,42349.0,353107
353124,VCS3116,2025,42193.0,353125
353208,VCS3204,2025,134200.0,353209
353210,VCS3206,2025,5138.0,353211
353211,VCS3207,2025,9482.0,353212
353223,VCS3220,2025,2342.0,353224
353348,VCS3352,2025,88250.0,353349
353567,VCS3599,2025,283908.0,353568
353659,VCS3699,2025,722111.0,353660
353698,VCS3743,2025,8759.0,353699
353725,VCS3772,2025,984.0,353726
353741,VCS3788,2025,1475.0,353742
353763,VCS3820,2025,53593.0,353764
353776,VCS3835,2025,8166.0,353777
353778,VCS3837,2025,981611.0,353779
353923,VCS4000,2025,195580.0,353924
353937,VCS4015,2025,1502.0,353938
353939,VCS4018,2025,14873.0,353940
353941,VCS4020,2025,5271.0,353942
353960,VCS4044,2025,5964.0,353961
353964,VCS4048,2025,26234.0,353965
354056,VCS4150,2025,1209664.0,354057
354057,VCS4151,2025,332810.0,354058
354119,VCS4225,2025,56296.0,354120
354120,VCS4226,2025,57361.0,354121
354159,VCS4268,2025,13924.0,354160
354392,VCS4531,2025,5812939.0,354393
354437,VCS4578,2025,570.0,354438
354676,VCS4873,2025,21266.0,354677
354677,VCS4874,2025,6809.0,354678
354678,VCS4875,2025,7871.0,354679
354681,VCS4878,2025,7915.0,354682
354682,VCS4879,2025,4195.0,354683
354925,VCS5199,2025,283.0,354926
355046,VCS5362,2025,868.0,355047
355155,VCS5488,2025,395778.0,355156
355160,VCS5498,2025,13563.0,355161
355169,VCS5511,2025,34041.0,355170
355225,VCS5574,2025,18366.0,355226
355231,VCS5582,2025,95540.0,355232
355898,ACR0367,2026,61081.0,355899
355932,ACR0407,2026,105698.0,355933
356049,ACR0544,2026,41560.0,356050
356109,ACR0610,2026,24422.0,356110
356131,ACR0634,2026,332.0,356132
356146,ACR0650,2026,40364.0,356147
356303,ACR0842,2026,30565.0,356304
356306,ACR0845,2026,64394.0,356307
356311,ACR0850,2026,193430.0,356312
356514,ACR1094,2026,299315.0,356515
356601,ACR1189,2026,19194.0,356602
356640,ACR1231,2026,163963.0,356641
356648,ACR1240,2026,52857.0,356649
356653,ACR1245,2026,105672.0,356654
356842,CAR639,2026,200595.0,356843
357216,CAR1285,2026,1802.0,357217
357262,CAR1335,2026,98806.0,357263
357370,CAR1480,2026,969622.0,357371
357679,CAR1921,2026,1838.0,357680
357680,CAR1922,2026,3301.0,357681
357681,CAR1924,2026,5032.0,357682
357682,CAR1925,2026,1283.0,357683
357683,CAR1926,2026,835.0,357684
357684,CAR1927,2026,2146.0,357685
357789,CAR2054,2026,250957.0,357790
357790,CAR2055,2026,6144.0,357791
357791,CAR2056,2026,255867.0,357792
357792,CAR2057,2026,95234.0,357793
357793,CAR2058,2026,120289.0,357794
357796,CAR2061,2026,237792.0,357797
357822,CAR2089,2026,12497.0,357823
357823,CAR2090,2026,16064.0,357824
357943,CAR2245,2026,70202.0,357944
357959,CAR2264,2026,9166.0,357960
357969,CAR2278,2026,126429.0,357970
357973,CAR2283,2026,96054.0,357974
357974,CAR2284,2026,50902.0,357975
357977,CAR2291,2026,59723.0,357978
357978,CAR2294,2026,98854.0,357979
357982,CAR2312,2026,126136.0,357983
362180,ISOprj_1H502CZZH1S0VMYW,2026,1499.721,362181
362181,ISOprj_1HCHT9G2H1S05MYP,2026,2.959,362182
362182,ISOprj_1HHYZFVGW1S044ZY,2026,31572.787,362183
362183,ISOprj_1HZSSWBQM1S08H83,2026,3624.109,362184
362184,ISOprj_1J4P33N6W1S0RKE2,2026,7230.278,362185
362188,ISOprj_1JFA3YY9P1S0YVKR,2026,626.962,362189
362189,ISOprj_1JKR5RQG81S0Y2CZ,2026,283.32,362190
362196,ISOprj_1JQEQKCF91S06HAJ,2026,1041.306,362197
362201,ISOprj_1JWX91R5E1S00PN0,2026,4.87,362202
362202,ISOprj_1JXCRW5ST1S0EEKH,2026,2511.317,362203
362203,ISOprj_1JY1YXDBS1S01Y05,2026,5922.894,362204
362204,ISOprj_1JYCV03BW1S0RTE5,2026,2710.062,362205
362218,ISOprj_1K3MGXD4A1S0S3H8,2026,316.089,362219
362228,ISOprj_1K7HK8Q4S1S0D4W4,2026,418.869,362229
362235,ISOprj_1KC8T0EGS1S0H36R,2026,5.488,362236
362245,ISOprj_1KP390EAC1S0WTMV,2026,6004.706,362246
362248,ISOprj_1KRAVH8Y81S0WQ8Z,2026,2089.21,362249
